2026-10-01T01:24:50-04:00
100 %, 429 MiB, 195 MHz, 405 MHz, 23.05 W, 29
0 %, 17 MiB, 210 MHz, 405 MHz, 21.05 W, 26
 01:24:50 up 7 days,  9:15,  6 users,  load average: 0.46, 0.31, 0.79
2026-10-01T01:24:52-04:00
0 %, 429 MiB, 2152 MHz, 14001 MHz, 44.86 W, 30
0 %, 17 MiB, 210 MHz, 405 MHz, 20.98 W, 26
 01:24:52 up 7 days,  9:15,  6 users,  load average: 0.46, 0.31, 0.79
2026-10-01T01:24:54-04:00
0 %, 429 MiB, 195 MHz, 7001 MHz, 24.14 W, 29
0 %, 17 MiB, 210 MHz, 405 MHz, 23.60 W, 27
 01:24:54 up 7 days,  9:15,  6 users,  load average: 0.46, 0.31, 0.79
2026-10-01T01:24:56-04:00
0 %, 429 MiB, 195 MHz, 810 MHz, 7.75 W, 29
0 %, 17 MiB, 210 MHz, 405 MHz, 22.31 W, 27
 01:24:56 up 7 days,  9:15,  6 users,  load average: 0.51, 0.32, 0.79
2026-10-01T01:24:58-04:00
0 %, 429 MiB, 195 MHz, 405 MHz, 4.81 W, 29
0 %, 17 MiB, 210 MHz, 405 MHz, 20.91 W, 26
 01:24:58 up 7 days,  9:16,  6 users,  load average: 0.51, 0.32, 0.79
2026-10-01T01:25:00-04:00
0 %, 429 MiB, 195 MHz, 405 MHz, 5.25 W, 29
0 %, 17 MiB, 210 MHz, 405 MHz, 20.92 W, 27
 01:25:00 up 7 days,  9:16,  6 users,  load average: 0.55, 0.33, 0.80
2026-10-01T01:25:02-04:00
0 %, 429 MiB, 195 MHz, 405 MHz, 5.01 W, 29
0 %, 17 MiB, 210 MHz, 405 MHz, 22.16 W, 27
 01:25:02 up 7 days,  9:16,  6 users,  load average: 0.55, 0.33, 0.80
2026-10-01T01:25:04-04:00
0 %, 429 MiB, 187 MHz, 405 MHz, 5.04 W, 29
0 %, 17 MiB, 210 MHz, 405 MHz, 20.95 W, 26
 01:25:04 up 7 days,  9:16,  6 users,  load average: 0.58, 0.34, 0.80
2026-10-01T01:25:06-04:00
0 %, 429 MiB, 195 MHz, 405 MHz, 4.88 W, 29
0 %, 17 MiB, 210 MHz, 405 MHz, 21.11 W, 26
 01:25:06 up 7 days,  9:16,  6 users,  load average: 0.58, 0.34, 0.80
2026-10-01T01:25:08-04:00
0 %, 429 MiB, 195 MHz, 405 MHz, 5.36 W, 29
0 %, 17 MiB, 210 MHz, 405 MHz, 24.08 W, 27
 01:25:09 up 7 days,  9:16,  6 users,  load average: 0.58, 0.34, 0.80
2026-10-01T01:25:11-04:00
0 %, 429 MiB, 195 MHz, 405 MHz, 5.34 W, 29
0 %, 17 MiB, 210 MHz, 405 MHz, 21.95 W, 27
 01:25:11 up 7 days,  9:16,  6 users,  load average: 0.62, 0.35, 0.80
2026-10-01T01:25:13-04:00
0 %, 429 MiB, 195 MHz, 405 MHz, 5.44 W, 29
0 %, 17 MiB, 210 MHz, 405 MHz, 20.92 W, 26
 01:25:13 up 7 days,  9:16,  6 users,  load average: 0.62, 0.35, 0.80
2026-10-01T01:25:15-04:00
0 %, 429 MiB, 195 MHz, 405 MHz, 5.60 W, 29
0 %, 17 MiB, 210 MHz, 405 MHz, 21.58 W, 26
 01:25:15 up 7 days,  9:16,  6 users,  load average: 0.65, 0.36, 0.80
2026-10-01T01:25:17-04:00
0 %, 429 MiB, 195 MHz, 405 MHz, 5.23 W, 29
0 %, 17 MiB, 210 MHz, 405 MHz, 21.75 W, 27
 01:25:17 up 7 days,  9:16,  6 users,  load average: 0.65, 0.36, 0.80
2026-10-01T01:25:19-04:00
0 %, 429 MiB, 195 MHz, 405 MHz, 5.46 W, 29
0 %, 17 MiB, 210 MHz, 405 MHz, 21.02 W, 27
 01:25:19 up 7 days,  9:16,  6 users,  load average: 0.65, 0.36, 0.80
2026-10-01T01:25:21-04:00
0 %, 429 MiB, 195 MHz, 405 MHz, 5.74 W, 29
0 %, 17 MiB, 210 MHz, 405 MHz, 21.19 W, 26
 01:25:21 up 7 days,  9:16,  6 users,  load average: 0.68, 0.37, 0.80
2026-10-01T01:25:23-04:00
0 %, 429 MiB, 195 MHz, 405 MHz, 5.28 W, 29
0 %, 17 MiB, 210 MHz, 405 MHz, 27.85 W, 27
 01:25:23 up 7 days,  9:16,  6 users,  load average: 0.68, 0.37, 0.80
2026-10-01T01:25:25-04:00
0 %, 429 MiB, 195 MHz, 405 MHz, 5.56 W, 29
0 %, 17 MiB, 210 MHz, 405 MHz, 21.51 W, 27
 01:25:25 up 7 days,  9:16,  6 users,  load average: 0.70, 0.38, 0.80
2026-10-01T01:25:27-04:00
0 %, 429 MiB, 195 MHz, 405 MHz, 5.50 W, 29
0 %, 17 MiB, 210 MHz, 405 MHz, 21.19 W, 27
 01:25:27 up 7 days,  9:16,  6 users,  load average: 0.70, 0.38, 0.80
2026-10-01T01:25:29-04:00
0 %, 429 MiB, 217 MHz, 405 MHz, 5.48 W, 29
0 %, 17 MiB, 210 MHz, 405 MHz, 22.45 W, 27
 01:25:29 up 7 days,  9:16,  6 users,  load average: 0.70, 0.38, 0.80
2026-10-01T01:25:31-04:00
0 %, 429 MiB, 195 MHz, 405 MHz, 5.26 W, 29
0 %, 17 MiB, 210 MHz, 405 MHz, 22.15 W, 27
 01:25:31 up 7 days,  9:16,  6 users,  load average: 0.73, 0.39, 0.80
2026-10-01T01:25:33-04:00
0 %, 429 MiB, 187 MHz, 405 MHz, 5.45 W, 29
0 %, 17 MiB, 210 MHz, 405 MHz, 21.17 W, 27
 01:25:33 up 7 days,  9:16,  6 users,  load average: 0.73, 0.39, 0.80
2026-10-01T01:25:35-04:00
0 %, 429 MiB, 195 MHz, 405 MHz, 5.41 W, 29
0 %, 17 MiB, 210 MHz, 405 MHz, 21.18 W, 27
 01:25:35 up 7 days,  9:16,  6 users,  load average: 0.75, 0.41, 0.81
2026-10-01T01:25:37-04:00
0 %, 429 MiB, 195 MHz, 405 MHz, 5.39 W, 29
0 %, 17 MiB, 210 MHz, 405 MHz, 27.63 W, 27
 01:25:38 up 7 days,  9:16,  6 users,  load average: 0.75, 0.41, 0.81
2026-10-01T01:25:40-04:00
0 %, 429 MiB, 195 MHz, 405 MHz, 5.37 W, 29
0 %, 17 MiB, 210 MHz, 405 MHz, 21.26 W, 27
 01:25:40 up 7 days,  9:16,  6 users,  load average: 0.77, 0.42, 0.81
2026-10-01T01:25:42-04:00
0 %, 429 MiB, 195 MHz, 405 MHz, 5.24 W, 29
0 %, 17 MiB, 210 MHz, 405 MHz, 21.14 W, 27
 01:25:42 up 7 days,  9:16,  6 users,  load average: 0.77, 0.42, 0.81
2026-10-01T01:25:44-04:00
6 %, 20419 MiB, 2625 MHz, 13801 MHz, 21.66 W, 30
0 %, 20 MiB, 210 MHz, 405 MHz, 24.08 W, 27
1860706, /home/ndizazzo/dev/mesh/issue1393-q4-snapshot-20260930/target/release/xtask, 19982 MiB
 01:25:44 up 7 days,  9:16,  6 users,  load average: 0.77, 0.42, 0.81
2026-10-01T01:25:46-04:00
5 %, 20419 MiB, 2775 MHz, 13801 MHz, 72.36 W, 30
0 %, 20 MiB, 210 MHz, 405 MHz, 22.38 W, 27
1860706, /home/ndizazzo/dev/mesh/issue1393-q4-snapshot-20260930/target/release/xtask, 19982 MiB
 01:25:46 up 7 days,  9:16,  6 users,  load average: 0.79, 0.43, 0.81
2026-10-01T01:25:48-04:00
5 %, 20419 MiB, 2782 MHz, 13801 MHz, 69.77 W, 30
0 %, 20 MiB, 210 MHz, 405 MHz, 21.14 W, 27
1860706, /home/ndizazzo/dev/mesh/issue1393-q4-snapshot-20260930/target/release/xtask, 19982 MiB
 01:25:48 up 7 days,  9:16,  6 users,  load average: 0.79, 0.43, 0.81
2026-10-01T01:25:50-04:00
5 %, 20419 MiB, 2827 MHz, 13801 MHz, 69.87 W, 31
0 %, 20 MiB, 210 MHz, 405 MHz, 21.22 W, 27
1860706, /home/ndizazzo/dev/mesh/issue1393-q4-snapshot-20260930/target/release/xtask, 19982 MiB
 01:25:50 up 7 days,  9:16,  6 users,  load average: 0.80, 0.43, 0.81
2026-10-01T01:25:52-04:00
5 %, 20419 MiB, 2782 MHz, 13801 MHz, 71.04 W, 31
0 %, 20 MiB, 210 MHz, 405 MHz, 27.25 W, 27
1860706, /home/ndizazzo/dev/mesh/issue1393-q4-snapshot-20260930/target/release/xtask, 19982 MiB
 01:25:52 up 7 days,  9:16,  6 users,  load average: 0.80, 0.43, 0.81
2026-10-01T01:25:54-04:00
8 %, 20419 MiB, 2925 MHz, 13801 MHz, 76.04 W, 31
0 %, 20 MiB, 210 MHz, 405 MHz, 21.36 W, 27
1860706, /home/ndizazzo/dev/mesh/issue1393-q4-snapshot-20260930/target/release/xtask, 19982 MiB
 01:25:54 up 7 days,  9:16,  6 users,  load average: 0.80, 0.43, 0.81
2026-10-01T01:25:56-04:00
83 %, 20571 MiB, 2925 MHz, 13801 MHz, 80.34 W, 31
0 %, 20 MiB, 210 MHz, 405 MHz, 21.05 W, 27
1860706, /home/ndizazzo/dev/mesh/issue1393-q4-snapshot-20260930/target/release/xtask, 20134 MiB
 01:25:56 up 7 days,  9:16,  6 users,  load average: 0.82, 0.44, 0.81
2026-10-01T01:25:58-04:00
90 %, 20571 MiB, 2925 MHz, 13801 MHz, 93.03 W, 32
0 %, 20 MiB, 210 MHz, 405 MHz, 21.81 W, 27
1860706, /home/ndizazzo/dev/mesh/issue1393-q4-snapshot-20260930/target/release/xtask, 20134 MiB
 01:25:58 up 7 days,  9:17,  6 users,  load average: 0.82, 0.44, 0.81
2026-10-01T01:26:00-04:00
95 %, 20571 MiB, 2925 MHz, 13801 MHz, 93.05 W, 32
0 %, 20 MiB, 210 MHz, 405 MHz, 22.06 W, 27
1860706, /home/ndizazzo/dev/mesh/issue1393-q4-snapshot-20260930/target/release/xtask, 20134 MiB
 01:26:00 up 7 days,  9:17,  6 users,  load average: 0.83, 0.45, 0.81
2026-10-01T01:26:02-04:00
94 %, 20571 MiB, 2925 MHz, 13801 MHz, 93.50 W, 32
0 %, 20 MiB, 210 MHz, 405 MHz, 21.40 W, 27
1860706, /home/ndizazzo/dev/mesh/issue1393-q4-snapshot-20260930/target/release/xtask, 20134 MiB
 01:26:02 up 7 days,  9:17,  6 users,  load average: 0.83, 0.45, 0.81
2026-10-01T01:26:04-04:00
87 %, 20571 MiB, 2925 MHz, 13801 MHz, 93.39 W, 32
0 %, 20 MiB, 210 MHz, 405 MHz, 21.39 W, 27
1860706, /home/ndizazzo/dev/mesh/issue1393-q4-snapshot-20260930/target/release/xtask, 20134 MiB
 01:26:04 up 7 days,  9:17,  6 users,  load average: 0.93, 0.48, 0.82
2026-10-01T01:26:06-04:00
90 %, 20571 MiB, 2925 MHz, 13801 MHz, 93.64 W, 32
0 %, 20 MiB, 210 MHz, 405 MHz, 27.43 W, 27
1860706, /home/ndizazzo/dev/mesh/issue1393-q4-snapshot-20260930/target/release/xtask, 20134 MiB
 01:26:06 up 7 days,  9:17,  6 users,  load average: 0.93, 0.48, 0.82
2026-10-01T01:26:08-04:00
88 %, 20571 MiB, 2925 MHz, 13801 MHz, 93.72 W, 31
0 %, 20 MiB, 210 MHz, 405 MHz, 21.75 W, 27
1860706, /home/ndizazzo/dev/mesh/issue1393-q4-snapshot-20260930/target/release/xtask, 20134 MiB
 01:26:08 up 7 days,  9:17,  6 users,  load average: 0.93, 0.48, 0.82
2026-10-01T01:26:10-04:00
87 %, 20571 MiB, 2925 MHz, 13801 MHz, 93.53 W, 32
0 %, 20 MiB, 210 MHz, 405 MHz, 21.42 W, 27
1860706, /home/ndizazzo/dev/mesh/issue1393-q4-snapshot-20260930/target/release/xtask, 20134 MiB
 01:26:11 up 7 days,  9:17,  6 users,  load average: 0.93, 0.49, 0.82
2026-10-01T01:26:13-04:00
94 %, 20571 MiB, 2925 MHz, 13801 MHz, 93.20 W, 32
0 %, 20 MiB, 210 MHz, 405 MHz, 22.43 W, 27
1860706, /home/ndizazzo/dev/mesh/issue1393-q4-snapshot-20260930/target/release/xtask, 20134 MiB
 01:26:13 up 7 days,  9:17,  6 users,  load average: 0.93, 0.49, 0.82
2026-10-01T01:26:15-04:00
96 %, 20571 MiB, 2925 MHz, 13801 MHz, 92.92 W, 32
0 %, 20 MiB, 210 MHz, 405 MHz, 22.41 W, 27
1860706, /home/ndizazzo/dev/mesh/issue1393-q4-snapshot-20260930/target/release/xtask, 20134 MiB
 01:26:15 up 7 days,  9:17,  6 users,  load average: 0.94, 0.50, 0.82
2026-10-01T01:26:17-04:00
95 %, 20571 MiB, 2925 MHz, 13801 MHz, 93.13 W, 31
0 %, 20 MiB, 210 MHz, 405 MHz, 21.28 W, 27
1860706, /home/ndizazzo/dev/mesh/issue1393-q4-snapshot-20260930/target/release/xtask, 20134 MiB
 01:26:17 up 7 days,  9:17,  6 users,  load average: 0.94, 0.50, 0.82
2026-10-01T01:26:19-04:00
94 %, 20571 MiB, 2925 MHz, 13801 MHz, 94.31 W, 32
0 %, 20 MiB, 210 MHz, 405 MHz, 21.13 W, 27
1860706, /home/ndizazzo/dev/mesh/issue1393-q4-snapshot-20260930/target/release/xtask, 20134 MiB
 01:26:19 up 7 days,  9:17,  6 users,  load average: 0.94, 0.50, 0.82
2026-10-01T01:26:21-04:00
98 %, 20571 MiB, 2925 MHz, 13801 MHz, 94.18 W, 32
0 %, 20 MiB, 210 MHz, 405 MHz, 27.16 W, 27
1860706, /home/ndizazzo/dev/mesh/issue1393-q4-snapshot-20260930/target/release/xtask, 20134 MiB
 01:26:21 up 7 days,  9:17,  6 users,  load average: 1.02, 0.52, 0.83
2026-10-01T01:26:23-04:00
96 %, 20571 MiB, 2925 MHz, 13801 MHz, 94.17 W, 32
0 %, 20 MiB, 210 MHz, 405 MHz, 21.37 W, 27
1860706, /home/ndizazzo/dev/mesh/issue1393-q4-snapshot-20260930/target/release/xtask, 20134 MiB
 01:26:23 up 7 days,  9:17,  6 users,  load average: 1.02, 0.52, 0.83
2026-10-01T01:26:25-04:00
96 %, 20571 MiB, 2925 MHz, 13801 MHz, 92.69 W, 32
0 %, 20 MiB, 210 MHz, 405 MHz, 21.29 W, 27
1860706, /home/ndizazzo/dev/mesh/issue1393-q4-snapshot-20260930/target/release/xtask, 20134 MiB
 01:26:25 up 7 days,  9:17,  6 users,  load average: 1.10, 0.55, 0.83
2026-10-01T01:26:27-04:00
87 %, 20571 MiB, 2925 MHz, 13801 MHz, 92.92 W, 32
0 %, 20 MiB, 210 MHz, 405 MHz, 23.08 W, 27
1860706, /home/ndizazzo/dev/mesh/issue1393-q4-snapshot-20260930/target/release/xtask, 20134 MiB
 01:26:27 up 7 days,  9:17,  6 users,  load average: 1.10, 0.55, 0.83
2026-10-01T01:26:29-04:00
91 %, 20571 MiB, 2925 MHz, 13801 MHz, 93.32 W, 32
0 %, 20 MiB, 210 MHz, 405 MHz, 22.01 W, 27
1860706, /home/ndizazzo/dev/mesh/issue1393-q4-snapshot-20260930/target/release/xtask, 20134 MiB
 01:26:29 up 7 days,  9:17,  6 users,  load average: 1.10, 0.55, 0.83
2026-10-01T01:26:31-04:00
96 %, 20571 MiB, 2925 MHz, 13801 MHz, 93.05 W, 32
0 %, 20 MiB, 210 MHz, 405 MHz, 21.25 W, 27
1860706, /home/ndizazzo/dev/mesh/issue1393-q4-snapshot-20260930/target/release/xtask, 20134 MiB
 01:26:31 up 7 days,  9:17,  6 users,  load average: 1.09, 0.56, 0.84
2026-10-01T01:26:33-04:00
91 %, 20571 MiB, 2925 MHz, 13801 MHz, 92.80 W, 32
0 %, 20 MiB, 210 MHz, 405 MHz, 21.33 W, 27
1860706, /home/ndizazzo/dev/mesh/issue1393-q4-snapshot-20260930/target/release/xtask, 20134 MiB
 01:26:33 up 7 days,  9:17,  6 users,  load average: 1.09, 0.56, 0.84
2026-10-01T01:26:35-04:00
91 %, 20571 MiB, 2925 MHz, 13801 MHz, 93.22 W, 32
0 %, 20 MiB, 210 MHz, 405 MHz, 27.56 W, 27
1860706, /home/ndizazzo/dev/mesh/issue1393-q4-snapshot-20260930/target/release/xtask, 20134 MiB
 01:26:35 up 7 days,  9:17,  6 users,  load average: 1.09, 0.56, 0.84
2026-10-01T01:26:37-04:00
87 %, 20571 MiB, 2925 MHz, 13801 MHz, 92.83 W, 32
0 %, 20 MiB, 210 MHz, 405 MHz, 21.64 W, 27
1860706, /home/ndizazzo/dev/mesh/issue1393-q4-snapshot-20260930/target/release/xtask, 20134 MiB
 01:26:37 up 7 days,  9:17,  6 users,  load average: 1.09, 0.56, 0.84
2026-10-01T01:26:39-04:00
93 %, 20571 MiB, 2925 MHz, 13801 MHz, 92.93 W, 32
0 %, 20 MiB, 210 MHz, 405 MHz, 20.88 W, 27
1860706, /home/ndizazzo/dev/mesh/issue1393-q4-snapshot-20260930/target/release/xtask, 20134 MiB
 01:26:39 up 7 days,  9:17,  6 users,  load average: 1.08, 0.57, 0.84
2026-10-01T01:26:41-04:00
95 %, 20571 MiB, 2925 MHz, 13801 MHz, 92.39 W, 32
0 %, 20 MiB, 210 MHz, 405 MHz, 23.46 W, 27
1860706, /home/ndizazzo/dev/mesh/issue1393-q4-snapshot-20260930/target/release/xtask, 20134 MiB
 01:26:41 up 7 days,  9:17,  6 users,  load average: 1.08, 0.57, 0.84
2026-10-01T01:26:43-04:00
96 %, 20571 MiB, 2925 MHz, 13801 MHz, 93.03 W, 32
0 %, 20 MiB, 210 MHz, 405 MHz, 22.06 W, 27
1860706, /home/ndizazzo/dev/mesh/issue1393-q4-snapshot-20260930/target/release/xtask, 20134 MiB
 01:26:43 up 7 days,  9:17,  6 users,  load average: 1.08, 0.57, 0.84
2026-10-01T01:26:45-04:00
98 %, 20571 MiB, 2925 MHz, 13801 MHz, 93.72 W, 32
0 %, 20 MiB, 210 MHz, 405 MHz, 21.13 W, 27
1860706, /home/ndizazzo/dev/mesh/issue1393-q4-snapshot-20260930/target/release/xtask, 20134 MiB
 01:26:46 up 7 days,  9:17,  6 users,  load average: 1.15, 0.59, 0.84
2026-10-01T01:26:48-04:00
96 %, 20571 MiB, 2925 MHz, 13801 MHz, 95.34 W, 32
0 %, 20 MiB, 210 MHz, 405 MHz, 21.19 W, 27
1860706, /home/ndizazzo/dev/mesh/issue1393-q4-snapshot-20260930/target/release/xtask, 20134 MiB
 01:26:48 up 7 days,  9:17,  6 users,  load average: 1.15, 0.59, 0.84
2026-10-01T01:26:50-04:00
94 %, 20571 MiB, 2925 MHz, 13801 MHz, 93.09 W, 32
0 %, 20 MiB, 210 MHz, 405 MHz, 27.42 W, 27
1860706, /home/ndizazzo/dev/mesh/issue1393-q4-snapshot-20260930/target/release/xtask, 20134 MiB
 01:26:50 up 7 days,  9:17,  6 users,  load average: 1.22, 0.62, 0.85
2026-10-01T01:26:52-04:00
93 %, 20571 MiB, 2925 MHz, 13801 MHz, 93.39 W, 32
0 %, 20 MiB, 210 MHz, 405 MHz, 21.35 W, 27
1860706, /home/ndizazzo/dev/mesh/issue1393-q4-snapshot-20260930/target/release/xtask, 20134 MiB
 01:26:52 up 7 days,  9:17,  6 users,  load average: 1.22, 0.62, 0.85
2026-10-01T01:26:54-04:00
96 %, 20571 MiB, 2925 MHz, 13801 MHz, 93.27 W, 32
0 %, 20 MiB, 210 MHz, 405 MHz, 21.24 W, 27
1860706, /home/ndizazzo/dev/mesh/issue1393-q4-snapshot-20260930/target/release/xtask, 20134 MiB
 01:26:54 up 7 days,  9:17,  6 users,  load average: 1.22, 0.62, 0.85
2026-10-01T01:26:56-04:00
96 %, 20571 MiB, 2925 MHz, 13801 MHz, 93.03 W, 32
0 %, 20 MiB, 210 MHz, 405 MHz, 24.01 W, 27
1860706, /home/ndizazzo/dev/mesh/issue1393-q4-snapshot-20260930/target/release/xtask, 20134 MiB
 01:26:56 up 7 days,  9:17,  6 users,  load average: 1.20, 0.62, 0.85
2026-10-01T01:26:58-04:00
91 %, 20571 MiB, 2925 MHz, 13801 MHz, 93.02 W, 32
0 %, 20 MiB, 210 MHz, 405 MHz, 22.43 W, 27
1860706, /home/ndizazzo/dev/mesh/issue1393-q4-snapshot-20260930/target/release/xtask, 20134 MiB
 01:26:58 up 7 days,  9:18,  6 users,  load average: 1.20, 0.62, 0.85
2026-10-01T01:27:00-04:00
94 %, 20571 MiB, 2925 MHz, 13801 MHz, 93.11 W, 32
0 %, 20 MiB, 210 MHz, 405 MHz, 21.28 W, 27
1860706, /home/ndizazzo/dev/mesh/issue1393-q4-snapshot-20260930/target/release/xtask, 20134 MiB
 01:27:00 up 7 days,  9:18,  6 users,  load average: 1.27, 0.65, 0.86
2026-10-01T01:27:02-04:00
91 %, 20571 MiB, 2925 MHz, 13801 MHz, 93.97 W, 32
0 %, 20 MiB, 210 MHz, 405 MHz, 21.27 W, 27
1860706, /home/ndizazzo/dev/mesh/issue1393-q4-snapshot-20260930/target/release/xtask, 20134 MiB
 01:27:02 up 7 days,  9:18,  6 users,  load average: 1.27, 0.65, 0.86
2026-10-01T01:27:04-04:00
93 %, 20571 MiB, 2925 MHz, 13801 MHz, 93.49 W, 32
0 %, 20 MiB, 210 MHz, 405 MHz, 26.80 W, 27
1860706, /home/ndizazzo/dev/mesh/issue1393-q4-snapshot-20260930/target/release/xtask, 20134 MiB
 01:27:04 up 7 days,  9:18,  6 users,  load average: 1.27, 0.65, 0.86
2026-10-01T01:27:06-04:00
96 %, 20571 MiB, 2925 MHz, 13801 MHz, 93.74 W, 32
0 %, 20 MiB, 210 MHz, 405 MHz, 21.49 W, 27
1860706, /home/ndizazzo/dev/mesh/issue1393-q4-snapshot-20260930/target/release/xtask, 20134 MiB
 01:27:06 up 7 days,  9:18,  6 users,  load average: 1.25, 0.65, 0.86
2026-10-01T01:27:08-04:00
98 %, 20571 MiB, 2925 MHz, 13801 MHz, 93.05 W, 32
0 %, 20 MiB, 210 MHz, 405 MHz, 21.40 W, 27
1860706, /home/ndizazzo/dev/mesh/issue1393-q4-snapshot-20260930/target/release/xtask, 20134 MiB
 01:27:08 up 7 days,  9:18,  6 users,  load average: 1.25, 0.65, 0.86
2026-10-01T01:27:10-04:00
98 %, 20571 MiB, 2925 MHz, 13801 MHz, 93.29 W, 32
0 %, 20 MiB, 210 MHz, 405 MHz, 27.32 W, 27
1860706, /home/ndizazzo/dev/mesh/issue1393-q4-snapshot-20260930/target/release/xtask, 20134 MiB
 01:27:10 up 7 days,  9:18,  6 users,  load average: 1.31, 0.68, 0.86
2026-10-01T01:27:12-04:00
94 %, 20571 MiB, 2925 MHz, 13801 MHz, 94.44 W, 32
0 %, 20 MiB, 210 MHz, 405 MHz, 21.83 W, 27
1860706, /home/ndizazzo/dev/mesh/issue1393-q4-snapshot-20260930/target/release/xtask, 20134 MiB
 01:27:12 up 7 days,  9:18,  6 users,  load average: 1.31, 0.68, 0.86
2026-10-01T01:27:14-04:00
90 %, 20571 MiB, 2925 MHz, 13801 MHz, 95.53 W, 32
0 %, 20 MiB, 210 MHz, 405 MHz, 21.47 W, 27
1860706, /home/ndizazzo/dev/mesh/issue1393-q4-snapshot-20260930/target/release/xtask, 20134 MiB
 01:27:14 up 7 days,  9:18,  6 users,  load average: 1.36, 0.70, 0.87
2026-10-01T01:27:16-04:00
95 %, 20571 MiB, 2925 MHz, 13801 MHz, 92.91 W, 32
0 %, 20 MiB, 210 MHz, 405 MHz, 21.27 W, 27
1860706, /home/ndizazzo/dev/mesh/issue1393-q4-snapshot-20260930/target/release/xtask, 20134 MiB
 01:27:16 up 7 days,  9:18,  6 users,  load average: 1.36, 0.70, 0.87
2026-10-01T01:27:18-04:00
93 %, 20571 MiB, 2925 MHz, 13801 MHz, 92.95 W, 32
0 %, 20 MiB, 210 MHz, 405 MHz, 27.51 W, 27
1860706, /home/ndizazzo/dev/mesh/issue1393-q4-snapshot-20260930/target/release/xtask, 20134 MiB
 01:27:18 up 7 days,  9:18,  6 users,  load average: 1.36, 0.70, 0.87
2026-10-01T01:27:20-04:00
95 %, 20571 MiB, 2925 MHz, 13801 MHz, 92.80 W, 32
0 %, 20 MiB, 210 MHz, 405 MHz, 21.38 W, 27
1860706, /home/ndizazzo/dev/mesh/issue1393-q4-snapshot-20260930/target/release/xtask, 20134 MiB
 01:27:21 up 7 days,  9:18,  6 users,  load average: 1.41, 0.72, 0.88
2026-10-01T01:27:23-04:00
95 %, 20571 MiB, 2925 MHz, 13801 MHz, 93.41 W, 32
0 %, 20 MiB, 210 MHz, 405 MHz, 21.26 W, 27
1860706, /home/ndizazzo/dev/mesh/issue1393-q4-snapshot-20260930/target/release/xtask, 20134 MiB
 01:27:23 up 7 days,  9:18,  6 users,  load average: 1.41, 0.72, 0.88
2026-10-01T01:27:25-04:00
96 %, 20571 MiB, 2925 MHz, 13801 MHz, 93.45 W, 32
0 %, 20 MiB, 210 MHz, 405 MHz, 23.73 W, 27
1860706, /home/ndizazzo/dev/mesh/issue1393-q4-snapshot-20260930/target/release/xtask, 20134 MiB
 01:27:25 up 7 days,  9:18,  6 users,  load average: 1.46, 0.74, 0.88
2026-10-01T01:27:27-04:00
96 %, 20571 MiB, 2925 MHz, 13801 MHz, 92.84 W, 32
0 %, 20 MiB, 210 MHz, 405 MHz, 21.60 W, 27
1860706, /home/ndizazzo/dev/mesh/issue1393-q4-snapshot-20260930/target/release/xtask, 20134 MiB
 01:27:27 up 7 days,  9:18,  6 users,  load average: 1.46, 0.74, 0.88
2026-10-01T01:27:29-04:00
96 %, 20571 MiB, 2925 MHz, 13801 MHz, 93.15 W, 32
0 %, 20 MiB, 210 MHz, 405 MHz, 21.40 W, 27
1860706, /home/ndizazzo/dev/mesh/issue1393-q4-snapshot-20260930/target/release/xtask, 20134 MiB
 01:27:29 up 7 days,  9:18,  6 users,  load average: 1.46, 0.74, 0.88
2026-10-01T01:27:31-04:00
96 %, 20571 MiB, 2925 MHz, 13801 MHz, 93.89 W, 32
0 %, 20 MiB, 210 MHz, 405 MHz, 21.46 W, 27
1860706, /home/ndizazzo/dev/mesh/issue1393-q4-snapshot-20260930/target/release/xtask, 20134 MiB
 01:27:31 up 7 days,  9:18,  6 users,  load average: 1.42, 0.75, 0.88
2026-10-01T01:27:33-04:00
97 %, 20571 MiB, 2925 MHz, 13801 MHz, 93.11 W, 32
0 %, 20 MiB, 210 MHz, 405 MHz, 26.99 W, 27
1860706, /home/ndizazzo/dev/mesh/issue1393-q4-snapshot-20260930/target/release/xtask, 20134 MiB
 01:27:33 up 7 days,  9:18,  6 users,  load average: 1.42, 0.75, 0.88
2026-10-01T01:27:35-04:00
96 %, 20571 MiB, 2925 MHz, 13801 MHz, 93.12 W, 32
0 %, 20 MiB, 210 MHz, 405 MHz, 21.52 W, 27
1860706, /home/ndizazzo/dev/mesh/issue1393-q4-snapshot-20260930/target/release/xtask, 20134 MiB
 01:27:35 up 7 days,  9:18,  6 users,  load average: 1.39, 0.75, 0.89
2026-10-01T01:27:37-04:00
97 %, 20571 MiB, 2925 MHz, 13801 MHz, 94.48 W, 32
0 %, 20 MiB, 210 MHz, 405 MHz, 21.30 W, 27
1860706, /home/ndizazzo/dev/mesh/issue1393-q4-snapshot-20260930/target/release/xtask, 20134 MiB
 01:27:37 up 7 days,  9:18,  6 users,  load average: 1.39, 0.75, 0.89
2026-10-01T01:27:39-04:00
100 %, 20571 MiB, 2925 MHz, 13801 MHz, 94.14 W, 32
0 %, 20 MiB, 210 MHz, 405 MHz, 23.89 W, 27
1860706, /home/ndizazzo/dev/mesh/issue1393-q4-snapshot-20260930/target/release/xtask, 20134 MiB
 01:27:39 up 7 days,  9:18,  6 users,  load average: 1.39, 0.75, 0.89
2026-10-01T01:27:41-04:00
96 %, 20571 MiB, 2925 MHz, 13801 MHz, 93.18 W, 32
0 %, 20 MiB, 210 MHz, 405 MHz, 21.93 W, 28
1860706, /home/ndizazzo/dev/mesh/issue1393-q4-snapshot-20260930/target/release/xtask, 20134 MiB
 01:27:41 up 7 days,  9:18,  6 users,  load average: 1.44, 0.77, 0.89
2026-10-01T01:27:43-04:00
92 %, 20571 MiB, 2925 MHz, 13801 MHz, 93.13 W, 32
0 %, 20 MiB, 210 MHz, 405 MHz, 21.10 W, 27
1860706, /home/ndizazzo/dev/mesh/issue1393-q4-snapshot-20260930/target/release/xtask, 20134 MiB
 01:27:43 up 7 days,  9:18,  6 users,  load average: 1.44, 0.77, 0.89
2026-10-01T01:27:45-04:00
94 %, 20571 MiB, 2925 MHz, 13801 MHz, 93.51 W, 32
1 %, 20 MiB, 210 MHz, 405 MHz, 21.43 W, 27
1860706, /home/ndizazzo/dev/mesh/issue1393-q4-snapshot-20260930/target/release/xtask, 20134 MiB
 01:27:45 up 7 days,  9:18,  6 users,  load average: 1.40, 0.78, 0.89
2026-10-01T01:27:47-04:00
87 %, 20571 MiB, 2925 MHz, 13801 MHz, 93.25 W, 32
0 %, 20 MiB, 210 MHz, 405 MHz, 22.46 W, 28
1860706, /home/ndizazzo/dev/mesh/issue1393-q4-snapshot-20260930/target/release/xtask, 20134 MiB
 01:27:47 up 7 days,  9:18,  6 users,  load average: 1.40, 0.78, 0.89
2026-10-01T01:27:49-04:00
87 %, 20571 MiB, 2925 MHz, 13801 MHz, 93.37 W, 32
0 %, 20 MiB, 210 MHz, 405 MHz, 21.28 W, 27
1860706, /home/ndizazzo/dev/mesh/issue1393-q4-snapshot-20260930/target/release/xtask, 20134 MiB
 01:27:49 up 7 days,  9:18,  6 users,  load average: 1.53, 0.81, 0.90
2026-10-01T01:27:51-04:00
95 %, 20571 MiB, 2925 MHz, 13801 MHz, 93.04 W, 32
0 %, 20 MiB, 210 MHz, 405 MHz, 21.14 W, 27
1860706, /home/ndizazzo/dev/mesh/issue1393-q4-snapshot-20260930/target/release/xtask, 20134 MiB
 01:27:51 up 7 days,  9:18,  6 users,  load average: 1.53, 0.81, 0.90
2026-10-01T01:27:53-04:00
94 %, 20571 MiB, 2925 MHz, 13801 MHz, 93.40 W, 32
0 %, 20 MiB, 210 MHz, 405 MHz, 27.04 W, 28
1860706, /home/ndizazzo/dev/mesh/issue1393-q4-snapshot-20260930/target/release/xtask, 20134 MiB
 01:27:53 up 7 days,  9:18,  6 users,  load average: 1.53, 0.81, 0.90
2026-10-01T01:27:55-04:00
91 %, 20571 MiB, 2925 MHz, 13801 MHz, 93.37 W, 32
0 %, 20 MiB, 210 MHz, 405 MHz, 22.08 W, 28
1860706, /home/ndizazzo/dev/mesh/issue1393-q4-snapshot-20260930/target/release/xtask, 20134 MiB
 01:27:56 up 7 days,  9:18,  6 users,  load average: 1.57, 0.83, 0.91
2026-10-01T01:27:58-04:00
86 %, 20571 MiB, 2925 MHz, 13801 MHz, 93.30 W, 32
0 %, 20 MiB, 210 MHz, 405 MHz, 21.15 W, 27
1860706, /home/ndizazzo/dev/mesh/issue1393-q4-snapshot-20260930/target/release/xtask, 20134 MiB
 01:27:58 up 7 days,  9:19,  6 users,  load average: 1.57, 0.83, 0.91
2026-10-01T01:28:00-04:00
95 %, 20571 MiB, 2925 MHz, 13801 MHz, 93.56 W, 32
0 %, 20 MiB, 210 MHz, 405 MHz, 21.44 W, 27
1860706, /home/ndizazzo/dev/mesh/issue1393-q4-snapshot-20260930/target/release/xtask, 20134 MiB
 01:28:00 up 7 days,  9:19,  6 users,  load average: 1.52, 0.84, 0.91
2026-10-01T01:28:02-04:00
95 %, 20571 MiB, 2925 MHz, 13801 MHz, 93.81 W, 32
0 %, 20 MiB, 210 MHz, 405 MHz, 22.09 W, 28
1860706, /home/ndizazzo/dev/mesh/issue1393-q4-snapshot-20260930/target/release/xtask, 20134 MiB
 01:28:02 up 7 days,  9:19,  6 users,  load average: 1.52, 0.84, 0.91
2026-10-01T01:28:04-04:00
95 %, 20571 MiB, 2925 MHz, 13801 MHz, 94.17 W, 32
0 %, 20 MiB, 210 MHz, 405 MHz, 21.37 W, 27
1860706, /home/ndizazzo/dev/mesh/issue1393-q4-snapshot-20260930/target/release/xtask, 20134 MiB
 01:28:04 up 7 days,  9:19,  6 users,  load average: 1.52, 0.84, 0.91
2026-10-01T01:28:06-04:00
88 %, 20571 MiB, 2925 MHz, 13801 MHz, 95.59 W, 32
0 %, 20 MiB, 210 MHz, 405 MHz, 21.56 W, 27
1860706, /home/ndizazzo/dev/mesh/issue1393-q4-snapshot-20260930/target/release/xtask, 20134 MiB
 01:28:06 up 7 days,  9:19,  6 users,  load average: 1.56, 0.85, 0.92
2026-10-01T01:28:08-04:00
85 %, 20571 MiB, 2925 MHz, 13801 MHz, 93.97 W, 32
0 %, 20 MiB, 210 MHz, 405 MHz, 27.28 W, 28
1860706, /home/ndizazzo/dev/mesh/issue1393-q4-snapshot-20260930/target/release/xtask, 20134 MiB
 01:28:08 up 7 days,  9:19,  6 users,  load average: 1.56, 0.85, 0.92
2026-10-01T01:28:10-04:00
94 %, 20571 MiB, 2925 MHz, 13801 MHz, 94.44 W, 32
0 %, 20 MiB, 210 MHz, 405 MHz, 21.52 W, 27
1860706, /home/ndizazzo/dev/mesh/issue1393-q4-snapshot-20260930/target/release/xtask, 20134 MiB
 01:28:10 up 7 days,  9:19,  6 users,  load average: 1.60, 0.87, 0.92
2026-10-01T01:28:12-04:00
92 %, 20571 MiB, 2925 MHz, 13801 MHz, 93.45 W, 32
0 %, 20 MiB, 210 MHz, 405 MHz, 21.42 W, 27
1860706, /home/ndizazzo/dev/mesh/issue1393-q4-snapshot-20260930/target/release/xtask, 20134 MiB
 01:28:12 up 7 days,  9:19,  6 users,  load average: 1.60, 0.87, 0.92
2026-10-01T01:28:14-04:00
94 %, 20571 MiB, 2925 MHz, 13801 MHz, 94.03 W, 32
0 %, 20 MiB, 210 MHz, 405 MHz, 21.31 W, 27
1860706, /home/ndizazzo/dev/mesh/issue1393-q4-snapshot-20260930/target/release/xtask, 20134 MiB
 01:28:14 up 7 days,  9:19,  6 users,  load average: 1.60, 0.87, 0.92
2026-10-01T01:28:16-04:00
92 %, 20571 MiB, 2925 MHz, 13801 MHz, 93.13 W, 32
0 %, 20 MiB, 210 MHz, 405 MHz, 22.14 W, 28
1860706, /home/ndizazzo/dev/mesh/issue1393-q4-snapshot-20260930/target/release/xtask, 20134 MiB
 01:28:16 up 7 days,  9:19,  6 users,  load average: 1.63, 0.89, 0.93
2026-10-01T01:28:18-04:00
96 %, 20571 MiB, 2925 MHz, 13801 MHz, 93.82 W, 32
0 %, 20 MiB, 210 MHz, 405 MHz, 21.29 W, 27
1860706, /home/ndizazzo/dev/mesh/issue1393-q4-snapshot-20260930/target/release/xtask, 20134 MiB
 01:28:18 up 7 days,  9:19,  6 users,  load average: 1.63, 0.89, 0.93
2026-10-01T01:28:20-04:00
96 %, 20571 MiB, 2925 MHz, 13801 MHz, 93.62 W, 32
0 %, 20 MiB, 210 MHz, 405 MHz, 21.21 W, 27
1860706, /home/ndizazzo/dev/mesh/issue1393-q4-snapshot-20260930/target/release/xtask, 20134 MiB
 01:28:20 up 7 days,  9:19,  6 users,  load average: 1.66, 0.91, 0.93
2026-10-01T01:28:22-04:00
95 %, 20571 MiB, 2925 MHz, 13801 MHz, 94.04 W, 33
0 %, 20 MiB, 210 MHz, 405 MHz, 27.36 W, 28
1860706, /home/ndizazzo/dev/mesh/issue1393-q4-snapshot-20260930/target/release/xtask, 20134 MiB
 01:28:22 up 7 days,  9:19,  6 users,  load average: 1.66, 0.91, 0.93
2026-10-01T01:28:24-04:00
95 %, 20571 MiB, 2925 MHz, 13801 MHz, 93.18 W, 32
0 %, 20 MiB, 210 MHz, 405 MHz, 21.33 W, 27
1860706, /home/ndizazzo/dev/mesh/issue1393-q4-snapshot-20260930/target/release/xtask, 20134 MiB
 01:28:24 up 7 days,  9:19,  6 users,  load average: 1.69, 0.93, 0.94
2026-10-01T01:28:26-04:00
88 %, 20571 MiB, 2925 MHz, 13801 MHz, 94.04 W, 32
0 %, 20 MiB, 210 MHz, 405 MHz, 21.18 W, 27
1860706, /home/ndizazzo/dev/mesh/issue1393-q4-snapshot-20260930/target/release/xtask, 20134 MiB
 01:28:26 up 7 days,  9:19,  6 users,  load average: 1.69, 0.93, 0.94
2026-10-01T01:28:28-04:00
93 %, 20571 MiB, 2925 MHz, 13801 MHz, 93.87 W, 33
0 %, 20 MiB, 210 MHz, 405 MHz, 21.52 W, 27
1860706, /home/ndizazzo/dev/mesh/issue1393-q4-snapshot-20260930/target/release/xtask, 20134 MiB
 01:28:28 up 7 days,  9:19,  6 users,  load average: 1.69, 0.93, 0.94
2026-10-01T01:28:30-04:00
96 %, 20571 MiB, 2925 MHz, 13801 MHz, 94.70 W, 32
0 %, 20 MiB, 210 MHz, 405 MHz, 21.99 W, 28
1860706, /home/ndizazzo/dev/mesh/issue1393-q4-snapshot-20260930/target/release/xtask, 20134 MiB
 01:28:31 up 7 days,  9:19,  6 users,  load average: 1.71, 0.95, 0.95
2026-10-01T01:28:33-04:00
91 %, 20571 MiB, 2925 MHz, 13801 MHz, 95.50 W, 32
0 %, 20 MiB, 210 MHz, 405 MHz, 21.17 W, 27
1860706, /home/ndizazzo/dev/mesh/issue1393-q4-snapshot-20260930/target/release/xtask, 20134 MiB
 01:28:33 up 7 days,  9:19,  6 users,  load average: 1.71, 0.95, 0.95
2026-10-01T01:28:35-04:00
86 %, 20571 MiB, 2925 MHz, 13801 MHz, 93.84 W, 32
0 %, 20 MiB, 210 MHz, 405 MHz, 21.17 W, 27
1860706, /home/ndizazzo/dev/mesh/issue1393-q4-snapshot-20260930/target/release/xtask, 20134 MiB
 01:28:35 up 7 days,  9:19,  6 users,  load average: 1.74, 0.97, 0.95
2026-10-01T01:28:37-04:00
94 %, 20571 MiB, 2925 MHz, 13801 MHz, 94.13 W, 33
0 %, 20 MiB, 210 MHz, 405 MHz, 27.62 W, 28
1860706, /home/ndizazzo/dev/mesh/issue1393-q4-snapshot-20260930/target/release/xtask, 20134 MiB
 01:28:37 up 7 days,  9:19,  6 users,  load average: 1.74, 0.97, 0.95
2026-10-01T01:28:39-04:00
93 %, 20571 MiB, 2925 MHz, 13801 MHz, 93.77 W, 32
0 %, 20 MiB, 210 MHz, 405 MHz, 21.39 W, 27
1860706, /home/ndizazzo/dev/mesh/issue1393-q4-snapshot-20260930/target/release/xtask, 20134 MiB
 01:28:39 up 7 days,  9:19,  6 users,  load average: 1.74, 0.97, 0.95
2026-10-01T01:28:41-04:00
96 %, 20571 MiB, 2925 MHz, 13801 MHz, 93.69 W, 32
0 %, 20 MiB, 210 MHz, 405 MHz, 21.30 W, 27
1860706, /home/ndizazzo/dev/mesh/issue1393-q4-snapshot-20260930/target/release/xtask, 20134 MiB
 01:28:41 up 7 days,  9:19,  6 users,  load average: 1.76, 0.98, 0.96
2026-10-01T01:28:43-04:00
96 %, 20571 MiB, 2925 MHz, 13801 MHz, 94.25 W, 33
0 %, 20 MiB, 210 MHz, 405 MHz, 22.45 W, 28
1860706, /home/ndizazzo/dev/mesh/issue1393-q4-snapshot-20260930/target/release/xtask, 20134 MiB
 01:28:43 up 7 days,  9:19,  6 users,  load average: 1.76, 0.98, 0.96
2026-10-01T01:28:45-04:00
96 %, 20571 MiB, 2925 MHz, 13801 MHz, 94.30 W, 33
0 %, 20 MiB, 210 MHz, 405 MHz, 22.24 W, 28
1860706, /home/ndizazzo/dev/mesh/issue1393-q4-snapshot-20260930/target/release/xtask, 20134 MiB
 01:28:45 up 7 days,  9:19,  6 users,  load average: 1.78, 1.00, 0.96
2026-10-01T01:28:47-04:00
94 %, 20571 MiB, 2925 MHz, 13801 MHz, 94.41 W, 33
0 %, 20 MiB, 210 MHz, 405 MHz, 21.28 W, 28
1860706, /home/ndizazzo/dev/mesh/issue1393-q4-snapshot-20260930/target/release/xtask, 20134 MiB
 01:28:47 up 7 days,  9:19,  6 users,  load average: 1.78, 1.00, 0.96
2026-10-01T01:28:49-04:00
93 %, 20571 MiB, 2925 MHz, 13801 MHz, 93.82 W, 33
0 %, 20 MiB, 210 MHz, 405 MHz, 20.98 W, 27
1860706, /home/ndizazzo/dev/mesh/issue1393-q4-snapshot-20260930/target/release/xtask, 20134 MiB
 01:28:49 up 7 days,  9:19,  6 users,  load average: 1.78, 1.00, 0.96
2026-10-01T01:28:51-04:00
96 %, 20571 MiB, 2925 MHz, 13801 MHz, 94.75 W, 33
0 %, 20 MiB, 210 MHz, 405 MHz, 27.45 W, 28
1860706, /home/ndizazzo/dev/mesh/issue1393-q4-snapshot-20260930/target/release/xtask, 20134 MiB
 01:28:51 up 7 days,  9:19,  6 users,  load average: 1.71, 1.00, 0.96
2026-10-01T01:28:53-04:00
96 %, 20571 MiB, 2925 MHz, 13801 MHz, 93.90 W, 32
0 %, 20 MiB, 210 MHz, 405 MHz, 21.29 W, 28
1860706, /home/ndizazzo/dev/mesh/issue1393-q4-snapshot-20260930/target/release/xtask, 20134 MiB
 01:28:53 up 7 days,  9:19,  6 users,  load average: 1.71, 1.00, 0.96
2026-10-01T01:28:55-04:00
97 %, 20571 MiB, 2925 MHz, 13801 MHz, 93.95 W, 33
0 %, 20 MiB, 210 MHz, 405 MHz, 21.29 W, 27
1860706, /home/ndizazzo/dev/mesh/issue1393-q4-snapshot-20260930/target/release/xtask, 20134 MiB
 01:28:55 up 7 days,  9:19,  6 users,  load average: 1.66, 1.00, 0.97
2026-10-01T01:28:57-04:00
93 %, 20571 MiB, 2925 MHz, 13801 MHz, 95.03 W, 33
0 %, 20 MiB, 210 MHz, 405 MHz, 23.15 W, 28
1860706, /home/ndizazzo/dev/mesh/issue1393-q4-snapshot-20260930/target/release/xtask, 20134 MiB
 01:28:57 up 7 days,  9:20,  6 users,  load average: 1.66, 1.00, 0.97
2026-10-01T01:28:59-04:00
91 %, 20571 MiB, 2925 MHz, 13801 MHz, 96.82 W, 33
0 %, 20 MiB, 210 MHz, 405 MHz, 22.36 W, 28
1860706, /home/ndizazzo/dev/mesh/issue1393-q4-snapshot-20260930/target/release/xtask, 20134 MiB
 01:28:59 up 7 days,  9:20,  6 users,  load average: 1.68, 1.02, 0.97
2026-10-01T01:29:01-04:00
94 %, 20571 MiB, 2925 MHz, 13801 MHz, 94.00 W, 32
0 %, 20 MiB, 210 MHz, 405 MHz, 21.20 W, 28
1860706, /home/ndizazzo/dev/mesh/issue1393-q4-snapshot-20260930/target/release/xtask, 20134 MiB
 01:29:01 up 7 days,  9:20,  6 users,  load average: 1.68, 1.02, 0.97
2026-10-01T01:29:03-04:00
92 %, 20571 MiB, 2925 MHz, 13801 MHz, 94.87 W, 33
0 %, 20 MiB, 210 MHz, 405 MHz, 20.93 W, 28
1860706, /home/ndizazzo/dev/mesh/issue1393-q4-snapshot-20260930/target/release/xtask, 20134 MiB
 01:29:03 up 7 days,  9:20,  6 users,  load average: 1.68, 1.02, 0.97
2026-10-01T01:29:05-04:00
93 %, 20571 MiB, 2925 MHz, 13801 MHz, 94.29 W, 33
0 %, 20 MiB, 210 MHz, 405 MHz, 27.22 W, 28
1860706, /home/ndizazzo/dev/mesh/issue1393-q4-snapshot-20260930/target/release/xtask, 20134 MiB
 01:29:06 up 7 days,  9:20,  6 users,  load average: 1.71, 1.03, 0.98
2026-10-01T01:29:08-04:00
96 %, 20571 MiB, 2925 MHz, 13801 MHz, 94.14 W, 33
0 %, 20 MiB, 210 MHz, 405 MHz, 21.32 W, 28
1860706, /home/ndizazzo/dev/mesh/issue1393-q4-snapshot-20260930/target/release/xtask, 20134 MiB
 01:29:08 up 7 days,  9:20,  6 users,  load average: 1.71, 1.03, 0.98
2026-10-01T01:29:10-04:00
95 %, 20571 MiB, 2925 MHz, 13801 MHz, 94.68 W, 33
0 %, 20 MiB, 210 MHz, 405 MHz, 21.10 W, 28
1860706, /home/ndizazzo/dev/mesh/issue1393-q4-snapshot-20260930/target/release/xtask, 20134 MiB
 01:29:10 up 7 days,  9:20,  6 users,  load average: 1.65, 1.03, 0.98
2026-10-01T01:29:12-04:00
98 %, 20571 MiB, 2925 MHz, 13801 MHz, 94.29 W, 33
0 %, 20 MiB, 210 MHz, 405 MHz, 23.21 W, 28
1860706, /home/ndizazzo/dev/mesh/issue1393-q4-snapshot-20260930/target/release/xtask, 20134 MiB
 01:29:12 up 7 days,  9:20,  6 users,  load average: 1.65, 1.03, 0.98
2026-10-01T01:29:14-04:00
95 %, 20571 MiB, 2925 MHz, 13801 MHz, 94.01 W, 33
0 %, 20 MiB, 210 MHz, 405 MHz, 21.86 W, 28
1860706, /home/ndizazzo/dev/mesh/issue1393-q4-snapshot-20260930/target/release/xtask, 20134 MiB
 01:29:14 up 7 days,  9:20,  6 users,  load average: 1.65, 1.03, 0.98
2026-10-01T01:29:16-04:00
94 %, 20571 MiB, 2925 MHz, 13801 MHz, 94.44 W, 33
0 %, 20 MiB, 210 MHz, 405 MHz, 20.86 W, 28
1860706, /home/ndizazzo/dev/mesh/issue1393-q4-snapshot-20260930/target/release/xtask, 20134 MiB
 01:29:16 up 7 days,  9:20,  6 users,  load average: 1.68, 1.05, 0.98
2026-10-01T01:29:18-04:00
96 %, 20571 MiB, 2925 MHz, 13801 MHz, 95.02 W, 33
0 %, 20 MiB, 210 MHz, 405 MHz, 21.07 W, 28
1860706, /home/ndizazzo/dev/mesh/issue1393-q4-snapshot-20260930/target/release/xtask, 20134 MiB
 01:29:18 up 7 days,  9:20,  6 users,  load average: 1.68, 1.05, 0.98
2026-10-01T01:29:20-04:00
92 %, 20571 MiB, 2925 MHz, 13801 MHz, 94.81 W, 33
0 %, 20 MiB, 210 MHz, 405 MHz, 27.01 W, 28
1860706, /home/ndizazzo/dev/mesh/issue1393-q4-snapshot-20260930/target/release/xtask, 20134 MiB
 01:29:20 up 7 days,  9:20,  6 users,  load average: 1.71, 1.06, 0.99
2026-10-01T01:29:22-04:00
98 %, 20571 MiB, 2925 MHz, 13801 MHz, 94.06 W, 33
0 %, 20 MiB, 210 MHz, 405 MHz, 21.31 W, 28
1860706, /home/ndizazzo/dev/mesh/issue1393-q4-snapshot-20260930/target/release/xtask, 20134 MiB
 01:29:22 up 7 days,  9:20,  6 users,  load average: 1.71, 1.06, 0.99
2026-10-01T01:29:24-04:00
90 %, 20571 MiB, 2925 MHz, 13801 MHz, 95.28 W, 33
0 %, 20 MiB, 210 MHz, 405 MHz, 21.25 W, 28
1860706, /home/ndizazzo/dev/mesh/issue1393-q4-snapshot-20260930/target/release/xtask, 20134 MiB
 01:29:24 up 7 days,  9:20,  6 users,  load average: 1.71, 1.06, 0.99
2026-10-01T01:29:26-04:00
95 %, 20571 MiB, 2925 MHz, 13801 MHz, 96.85 W, 33
0 %, 20 MiB, 210 MHz, 405 MHz, 22.39 W, 28
1860706, /home/ndizazzo/dev/mesh/issue1393-q4-snapshot-20260930/target/release/xtask, 20134 MiB
 01:29:26 up 7 days,  9:20,  6 users,  load average: 1.65, 1.06, 0.99
2026-10-01T01:29:28-04:00
92 %, 20571 MiB, 2925 MHz, 13801 MHz, 93.59 W, 33
0 %, 20 MiB, 210 MHz, 405 MHz, 22.20 W, 28
1860706, /home/ndizazzo/dev/mesh/issue1393-q4-snapshot-20260930/target/release/xtask, 20134 MiB
 01:29:28 up 7 days,  9:20,  6 users,  load average: 1.65, 1.06, 0.99
2026-10-01T01:29:30-04:00
94 %, 20571 MiB, 2925 MHz, 13801 MHz, 94.32 W, 33
0 %, 20 MiB, 210 MHz, 405 MHz, 20.99 W, 28
1860706, /home/ndizazzo/dev/mesh/issue1393-q4-snapshot-20260930/target/release/xtask, 20134 MiB
 01:29:30 up 7 days,  9:20,  6 users,  load average: 1.60, 1.06, 0.99
2026-10-01T01:29:32-04:00
92 %, 20571 MiB, 2925 MHz, 13801 MHz, 93.79 W, 33
0 %, 20 MiB, 210 MHz, 405 MHz, 21.03 W, 28
1860706, /home/ndizazzo/dev/mesh/issue1393-q4-snapshot-20260930/target/release/xtask, 20134 MiB
 01:29:32 up 7 days,  9:20,  6 users,  load average: 1.60, 1.06, 0.99
2026-10-01T01:29:34-04:00
96 %, 20571 MiB, 2925 MHz, 13801 MHz, 94.29 W, 33
0 %, 20 MiB, 210 MHz, 405 MHz, 27.20 W, 28
1860706, /home/ndizazzo/dev/mesh/issue1393-q4-snapshot-20260930/target/release/xtask, 20134 MiB
 01:29:34 up 7 days,  9:20,  6 users,  load average: 1.71, 1.09, 1.00
2026-10-01T01:29:36-04:00
97 %, 20571 MiB, 2925 MHz, 13801 MHz, 93.79 W, 33
0 %, 20 MiB, 210 MHz, 405 MHz, 21.19 W, 28
1860706, /home/ndizazzo/dev/mesh/issue1393-q4-snapshot-20260930/target/release/xtask, 20134 MiB
 01:29:36 up 7 days,  9:20,  6 users,  load average: 1.71, 1.09, 1.00
2026-10-01T01:29:38-04:00
100 %, 20571 MiB, 2925 MHz, 13801 MHz, 93.68 W, 33
0 %, 20 MiB, 210 MHz, 405 MHz, 21.11 W, 28
1860706, /home/ndizazzo/dev/mesh/issue1393-q4-snapshot-20260930/target/release/xtask, 20134 MiB
 01:29:39 up 7 days,  9:20,  6 users,  load average: 1.71, 1.09, 1.00
2026-10-01T01:29:41-04:00
92 %, 20571 MiB, 2925 MHz, 13801 MHz, 93.88 W, 33
0 %, 20 MiB, 210 MHz, 405 MHz, 23.25 W, 28
1860706, /home/ndizazzo/dev/mesh/issue1393-q4-snapshot-20260930/target/release/xtask, 20134 MiB
 01:29:41 up 7 days,  9:20,  6 users,  load average: 1.65, 1.09, 1.00
2026-10-01T01:29:43-04:00
86 %, 20571 MiB, 2925 MHz, 13801 MHz, 93.89 W, 33
0 %, 20 MiB, 210 MHz, 405 MHz, 22.11 W, 28
1860706, /home/ndizazzo/dev/mesh/issue1393-q4-snapshot-20260930/target/release/xtask, 20134 MiB
 01:29:43 up 7 days,  9:20,  6 users,  load average: 1.65, 1.09, 1.00
2026-10-01T01:29:45-04:00
94 %, 20571 MiB, 2925 MHz, 13801 MHz, 93.59 W, 33
0 %, 20 MiB, 210 MHz, 405 MHz, 21.34 W, 28
1860706, /home/ndizazzo/dev/mesh/issue1393-q4-snapshot-20260930/target/release/xtask, 20134 MiB
 01:29:45 up 7 days,  9:20,  6 users,  load average: 1.68, 1.11, 1.01
2026-10-01T01:29:47-04:00
92 %, 20571 MiB, 2925 MHz, 13801 MHz, 94.11 W, 33
0 %, 20 MiB, 210 MHz, 405 MHz, 21.43 W, 28
1860706, /home/ndizazzo/dev/mesh/issue1393-q4-snapshot-20260930/target/release/xtask, 20134 MiB
 01:29:47 up 7 days,  9:20,  6 users,  load average: 1.68, 1.11, 1.01
2026-10-01T01:29:49-04:00
96 %, 20571 MiB, 2925 MHz, 13801 MHz, 93.60 W, 33
0 %, 20 MiB, 210 MHz, 405 MHz, 27.83 W, 28
1860706, /home/ndizazzo/dev/mesh/issue1393-q4-snapshot-20260930/target/release/xtask, 20134 MiB
 01:29:49 up 7 days,  9:20,  6 users,  load average: 1.68, 1.11, 1.01
2026-10-01T01:29:51-04:00
96 %, 20571 MiB, 2925 MHz, 13801 MHz, 94.57 W, 33
0 %, 20 MiB, 210 MHz, 405 MHz, 21.70 W, 28
1860706, /home/ndizazzo/dev/mesh/issue1393-q4-snapshot-20260930/target/release/xtask, 20134 MiB
 01:29:51 up 7 days,  9:20,  6 users,  load average: 1.71, 1.12, 1.01
2026-10-01T01:29:53-04:00
100 %, 20571 MiB, 2925 MHz, 13801 MHz, 95.67 W, 33
0 %, 20 MiB, 210 MHz, 405 MHz, 21.35 W, 28
1860706, /home/ndizazzo/dev/mesh/issue1393-q4-snapshot-20260930/target/release/xtask, 20134 MiB
 01:29:53 up 7 days,  9:20,  6 users,  load average: 1.71, 1.12, 1.01
2026-10-01T01:29:55-04:00
96 %, 20571 MiB, 2925 MHz, 13801 MHz, 93.24 W, 33
0 %, 20 MiB, 210 MHz, 405 MHz, 23.53 W, 28
1860706, /home/ndizazzo/dev/mesh/issue1393-q4-snapshot-20260930/target/release/xtask, 20134 MiB
 01:29:55 up 7 days,  9:20,  6 users,  load average: 1.73, 1.14, 1.02
2026-10-01T01:29:57-04:00
95 %, 20571 MiB, 2925 MHz, 13801 MHz, 93.76 W, 33
0 %, 20 MiB, 210 MHz, 405 MHz, 22.26 W, 28
1860706, /home/ndizazzo/dev/mesh/issue1393-q4-snapshot-20260930/target/release/xtask, 20134 MiB
 01:29:57 up 7 days,  9:21,  6 users,  load average: 1.73, 1.14, 1.02
2026-10-01T01:29:59-04:00
87 %, 20571 MiB, 2925 MHz, 13801 MHz, 93.72 W, 33
0 %, 20 MiB, 210 MHz, 405 MHz, 21.28 W, 28
1860706, /home/ndizazzo/dev/mesh/issue1393-q4-snapshot-20260930/target/release/xtask, 20134 MiB
 01:29:59 up 7 days,  9:21,  6 users,  load average: 1.73, 1.14, 1.02
2026-10-01T01:30:01-04:00
93 %, 20571 MiB, 2925 MHz, 13801 MHz, 93.73 W, 33
0 %, 20 MiB, 210 MHz, 405 MHz, 21.30 W, 28
1860706, /home/ndizazzo/dev/mesh/issue1393-q4-snapshot-20260930/target/release/xtask, 20134 MiB
 01:30:01 up 7 days,  9:21,  6 users,  load average: 1.75, 1.15, 1.02
2026-10-01T01:30:03-04:00
96 %, 20571 MiB, 2925 MHz, 13801 MHz, 93.89 W, 33
0 %, 20 MiB, 210 MHz, 405 MHz, 27.25 W, 28
1860706, /home/ndizazzo/dev/mesh/issue1393-q4-snapshot-20260930/target/release/xtask, 20134 MiB
 01:30:03 up 7 days,  9:21,  6 users,  load average: 1.75, 1.15, 1.02
2026-10-01T01:30:05-04:00
96 %, 20571 MiB, 2925 MHz, 13801 MHz, 94.29 W, 33
0 %, 20 MiB, 210 MHz, 405 MHz, 21.14 W, 28
1860706, /home/ndizazzo/dev/mesh/issue1393-q4-snapshot-20260930/target/release/xtask, 20134 MiB
 01:30:05 up 7 days,  9:21,  6 users,  load average: 1.77, 1.17, 1.03
2026-10-01T01:30:07-04:00
94 %, 20571 MiB, 2925 MHz, 13801 MHz, 94.69 W, 33
0 %, 20 MiB, 210 MHz, 405 MHz, 21.15 W, 28
1860706, /home/ndizazzo/dev/mesh/issue1393-q4-snapshot-20260930/target/release/xtask, 20134 MiB
 01:30:07 up 7 days,  9:21,  6 users,  load average: 1.77, 1.17, 1.03
2026-10-01T01:30:09-04:00
95 %, 20571 MiB, 2925 MHz, 13801 MHz, 94.97 W, 33
0 %, 20 MiB, 210 MHz, 405 MHz, 24.13 W, 28
1860706, /home/ndizazzo/dev/mesh/issue1393-q4-snapshot-20260930/target/release/xtask, 20134 MiB
 01:30:09 up 7 days,  9:21,  6 users,  load average: 1.79, 1.18, 1.03
2026-10-01T01:30:11-04:00
90 %, 20571 MiB, 2925 MHz, 13801 MHz, 94.25 W, 33
0 %, 20 MiB, 210 MHz, 405 MHz, 22.49 W, 28
1860706, /home/ndizazzo/dev/mesh/issue1393-q4-snapshot-20260930/target/release/xtask, 20134 MiB
 01:30:11 up 7 days,  9:21,  6 users,  load average: 1.79, 1.18, 1.03
2026-10-01T01:30:13-04:00
96 %, 20571 MiB, 2925 MHz, 13801 MHz, 94.41 W, 33
0 %, 20 MiB, 210 MHz, 405 MHz, 21.18 W, 28
1860706, /home/ndizazzo/dev/mesh/issue1393-q4-snapshot-20260930/target/release/xtask, 20134 MiB
 01:30:14 up 7 days,  9:21,  6 users,  load average: 1.79, 1.18, 1.03
2026-10-01T01:30:16-04:00
84 %, 20571 MiB, 2925 MHz, 13801 MHz, 94.18 W, 33
0 %, 20 MiB, 210 MHz, 405 MHz, 21.32 W, 28
1860706, /home/ndizazzo/dev/mesh/issue1393-q4-snapshot-20260930/target/release/xtask, 20134 MiB
 01:30:16 up 7 days,  9:21,  6 users,  load average: 1.81, 1.19, 1.04
2026-10-01T01:30:18-04:00
94 %, 20571 MiB, 2925 MHz, 13801 MHz, 94.73 W, 33
0 %, 20 MiB, 210 MHz, 405 MHz, 27.16 W, 28
1860706, /home/ndizazzo/dev/mesh/issue1393-q4-snapshot-20260930/target/release/xtask, 20134 MiB
 01:30:18 up 7 days,  9:21,  6 users,  load average: 1.81, 1.19, 1.04
2026-10-01T01:30:20-04:00
100 %, 20571 MiB, 2925 MHz, 13801 MHz, 95.76 W, 33
0 %, 20 MiB, 210 MHz, 405 MHz, 21.47 W, 28
1860706, /home/ndizazzo/dev/mesh/issue1393-q4-snapshot-20260930/target/release/xtask, 20134 MiB
 01:30:20 up 7 days,  9:21,  6 users,  load average: 1.82, 1.21, 1.04
2026-10-01T01:30:22-04:00
86 %, 20571 MiB, 2925 MHz, 13801 MHz, 93.84 W, 33
0 %, 20 MiB, 210 MHz, 405 MHz, 21.31 W, 28
1860706, /home/ndizazzo/dev/mesh/issue1393-q4-snapshot-20260930/target/release/xtask, 20134 MiB
 01:30:22 up 7 days,  9:21,  6 users,  load average: 1.82, 1.21, 1.04
2026-10-01T01:30:24-04:00
91 %, 20571 MiB, 2925 MHz, 13801 MHz, 93.83 W, 33
0 %, 20 MiB, 210 MHz, 405 MHz, 27.34 W, 28
1860706, /home/ndizazzo/dev/mesh/issue1393-q4-snapshot-20260930/target/release/xtask, 20134 MiB
 01:30:24 up 7 days,  9:21,  6 users,  load average: 1.82, 1.21, 1.04
2026-10-01T01:30:26-04:00
94 %, 20571 MiB, 2925 MHz, 13801 MHz, 93.92 W, 33
0 %, 20 MiB, 210 MHz, 405 MHz, 22.02 W, 28
1860706, /home/ndizazzo/dev/mesh/issue1393-q4-snapshot-20260930/target/release/xtask, 20134 MiB
 01:30:26 up 7 days,  9:21,  6 users,  load average: 1.76, 1.20, 1.04
2026-10-01T01:30:28-04:00
92 %, 20571 MiB, 2925 MHz, 13801 MHz, 93.72 W, 33
0 %, 20 MiB, 210 MHz, 405 MHz, 21.26 W, 28
1860706, /home/ndizazzo/dev/mesh/issue1393-q4-snapshot-20260930/target/release/xtask, 20134 MiB
 01:30:28 up 7 days,  9:21,  6 users,  load average: 1.76, 1.20, 1.04
2026-10-01T01:30:30-04:00
86 %, 20571 MiB, 2925 MHz, 13801 MHz, 92.70 W, 33
0 %, 20 MiB, 210 MHz, 405 MHz, 21.39 W, 28
1860706, /home/ndizazzo/dev/mesh/issue1393-q4-snapshot-20260930/target/release/xtask, 20134 MiB
 01:30:30 up 7 days,  9:21,  6 users,  load average: 1.78, 1.22, 1.05
2026-10-01T01:30:32-04:00
87 %, 20571 MiB, 2925 MHz, 13801 MHz, 93.37 W, 33
0 %, 20 MiB, 210 MHz, 405 MHz, 27.56 W, 28
1860706, /home/ndizazzo/dev/mesh/issue1393-q4-snapshot-20260930/target/release/xtask, 20134 MiB
 01:30:32 up 7 days,  9:21,  6 users,  load average: 1.78, 1.22, 1.05
2026-10-01T01:30:34-04:00
91 %, 20571 MiB, 2925 MHz, 13801 MHz, 93.73 W, 33
0 %, 20 MiB, 210 MHz, 405 MHz, 21.57 W, 28
1860706, /home/ndizazzo/dev/mesh/issue1393-q4-snapshot-20260930/target/release/xtask, 20134 MiB
 01:30:34 up 7 days,  9:21,  6 users,  load average: 1.78, 1.22, 1.05
2026-10-01T01:30:36-04:00
100 %, 20571 MiB, 2925 MHz, 13801 MHz, 92.71 W, 33
0 %, 20 MiB, 210 MHz, 405 MHz, 21.18 W, 28
1860706, /home/ndizazzo/dev/mesh/issue1393-q4-snapshot-20260930/target/release/xtask, 20134 MiB
 01:30:36 up 7 days,  9:21,  6 users,  load average: 1.71, 1.21, 1.05
2026-10-01T01:30:38-04:00
84 %, 20571 MiB, 2925 MHz, 13801 MHz, 93.11 W, 33
0 %, 20 MiB, 210 MHz, 405 MHz, 27.16 W, 28
1860706, /home/ndizazzo/dev/mesh/issue1393-q4-snapshot-20260930/target/release/xtask, 20134 MiB
 01:30:38 up 7 days,  9:21,  6 users,  load average: 1.71, 1.21, 1.05
2026-10-01T01:30:40-04:00
94 %, 20571 MiB, 2925 MHz, 13801 MHz, 94.57 W, 33
0 %, 20 MiB, 210 MHz, 405 MHz, 21.40 W, 28
1860706, /home/ndizazzo/dev/mesh/issue1393-q4-snapshot-20260930/target/release/xtask, 20134 MiB
 01:30:40 up 7 days,  9:21,  6 users,  load average: 1.74, 1.23, 1.05
2026-10-01T01:30:42-04:00
94 %, 20571 MiB, 2925 MHz, 13801 MHz, 93.68 W, 33
0 %, 20 MiB, 210 MHz, 405 MHz, 20.99 W, 28
1860706, /home/ndizazzo/dev/mesh/issue1393-q4-snapshot-20260930/target/release/xtask, 20134 MiB
 01:30:42 up 7 days,  9:21,  6 users,  load average: 1.74, 1.23, 1.05
2026-10-01T01:30:44-04:00
91 %, 20571 MiB, 2925 MHz, 13801 MHz, 94.64 W, 33
0 %, 20 MiB, 210 MHz, 405 MHz, 21.22 W, 28
1860706, /home/ndizazzo/dev/mesh/issue1393-q4-snapshot-20260930/target/release/xtask, 20134 MiB
 01:30:44 up 7 days,  9:21,  6 users,  load average: 1.84, 1.26, 1.06
2026-10-01T01:30:46-04:00
96 %, 20571 MiB, 2925 MHz, 13801 MHz, 94.88 W, 33
0 %, 20 MiB, 210 MHz, 405 MHz, 27.33 W, 28
1860706, /home/ndizazzo/dev/mesh/issue1393-q4-snapshot-20260930/target/release/xtask, 20134 MiB
 01:30:46 up 7 days,  9:21,  6 users,  load average: 1.84, 1.26, 1.06
2026-10-01T01:30:48-04:00
96 %, 20571 MiB, 2925 MHz, 13801 MHz, 94.01 W, 33
0 %, 20 MiB, 210 MHz, 405 MHz, 21.42 W, 28
1860706, /home/ndizazzo/dev/mesh/issue1393-q4-snapshot-20260930/target/release/xtask, 20134 MiB
 01:30:49 up 7 days,  9:21,  6 users,  load average: 1.84, 1.26, 1.06
2026-10-01T01:30:51-04:00
90 %, 20571 MiB, 2925 MHz, 13801 MHz, 94.41 W, 33
0 %, 20 MiB, 210 MHz, 405 MHz, 21.34 W, 28
1860706, /home/ndizazzo/dev/mesh/issue1393-q4-snapshot-20260930/target/release/xtask, 20134 MiB
 01:30:51 up 7 days,  9:21,  6 users,  load average: 1.77, 1.25, 1.06
2026-10-01T01:30:53-04:00
92 %, 20571 MiB, 2925 MHz, 13801 MHz, 93.85 W, 33
0 %, 20 MiB, 210 MHz, 405 MHz, 24.03 W, 28
1860706, /home/ndizazzo/dev/mesh/issue1393-q4-snapshot-20260930/target/release/xtask, 20134 MiB
 01:30:53 up 7 days,  9:21,  6 users,  load average: 1.77, 1.25, 1.06
2026-10-01T01:30:55-04:00
96 %, 20571 MiB, 2925 MHz, 13801 MHz, 93.72 W, 33
0 %, 20 MiB, 210 MHz, 405 MHz, 21.36 W, 28
1860706, /home/ndizazzo/dev/mesh/issue1393-q4-snapshot-20260930/target/release/xtask, 20134 MiB
 01:30:55 up 7 days,  9:21,  6 users,  load average: 1.79, 1.26, 1.07
2026-10-01T01:30:57-04:00
94 %, 20571 MiB, 2925 MHz, 13801 MHz, 94.70 W, 33
0 %, 20 MiB, 210 MHz, 405 MHz, 21.29 W, 28
1860706, /home/ndizazzo/dev/mesh/issue1393-q4-snapshot-20260930/target/release/xtask, 20134 MiB
 01:30:57 up 7 days,  9:22,  6 users,  load average: 1.79, 1.26, 1.07
2026-10-01T01:30:59-04:00
97 %, 20571 MiB, 2925 MHz, 13801 MHz, 94.64 W, 33
1 %, 20 MiB, 210 MHz, 405 MHz, 21.33 W, 28
1860706, /home/ndizazzo/dev/mesh/issue1393-q4-snapshot-20260930/target/release/xtask, 20134 MiB
 01:30:59 up 7 days,  9:22,  6 users,  load average: 1.79, 1.26, 1.07
2026-10-01T01:31:01-04:00
98 %, 20571 MiB, 2925 MHz, 13801 MHz, 93.27 W, 33
0 %, 20 MiB, 210 MHz, 405 MHz, 22.42 W, 28
1860706, /home/ndizazzo/dev/mesh/issue1393-q4-snapshot-20260930/target/release/xtask, 20134 MiB
 01:31:01 up 7 days,  9:22,  6 users,  load average: 1.81, 1.28, 1.07
2026-10-01T01:31:03-04:00
85 %, 20571 MiB, 2925 MHz, 13801 MHz, 94.22 W, 33
0 %, 20 MiB, 210 MHz, 405 MHz, 21.37 W, 28
1860706, /home/ndizazzo/dev/mesh/issue1393-q4-snapshot-20260930/target/release/xtask, 20134 MiB
 01:31:03 up 7 days,  9:22,  6 users,  load average: 1.81, 1.28, 1.07
2026-10-01T01:31:05-04:00
94 %, 20571 MiB, 2925 MHz, 13801 MHz, 94.68 W, 33
0 %, 20 MiB, 210 MHz, 405 MHz, 21.35 W, 28
1860706, /home/ndizazzo/dev/mesh/issue1393-q4-snapshot-20260930/target/release/xtask, 20134 MiB
 01:31:05 up 7 days,  9:22,  6 users,  load average: 1.74, 1.27, 1.07
2026-10-01T01:31:07-04:00
93 %, 20571 MiB, 2925 MHz, 13801 MHz, 93.53 W, 33
0 %, 20 MiB, 210 MHz, 405 MHz, 27.21 W, 28
1860706, /home/ndizazzo/dev/mesh/issue1393-q4-snapshot-20260930/target/release/xtask, 20134 MiB
 01:31:07 up 7 days,  9:22,  6 users,  load average: 1.74, 1.27, 1.07
2026-10-01T01:31:09-04:00
96 %, 20571 MiB, 2925 MHz, 13801 MHz, 93.68 W, 33
0 %, 20 MiB, 210 MHz, 405 MHz, 22.26 W, 28
1860706, /home/ndizazzo/dev/mesh/issue1393-q4-snapshot-20260930/target/release/xtask, 20134 MiB
 01:31:09 up 7 days,  9:22,  6 users,  load average: 1.74, 1.27, 1.07
2026-10-01T01:31:11-04:00
93 %, 20571 MiB, 2925 MHz, 13801 MHz, 93.68 W, 33
0 %, 20 MiB, 210 MHz, 405 MHz, 21.27 W, 28
1860706, /home/ndizazzo/dev/mesh/issue1393-q4-snapshot-20260930/target/release/xtask, 20134 MiB
 01:31:11 up 7 days,  9:22,  6 users,  load average: 1.68, 1.27, 1.07
2026-10-01T01:31:13-04:00
93 %, 20571 MiB, 2925 MHz, 13801 MHz, 94.68 W, 33
0 %, 20 MiB, 210 MHz, 405 MHz, 22.27 W, 28
1860706, /home/ndizazzo/dev/mesh/issue1393-q4-snapshot-20260930/target/release/xtask, 20134 MiB
 01:31:13 up 7 days,  9:22,  6 users,  load average: 1.68, 1.27, 1.07
2026-10-01T01:31:15-04:00
100 %, 20571 MiB, 2925 MHz, 13801 MHz, 96.60 W, 33
0 %, 20 MiB, 210 MHz, 405 MHz, 21.89 W, 28
1860706, /home/ndizazzo/dev/mesh/issue1393-q4-snapshot-20260930/target/release/xtask, 20134 MiB
 01:31:15 up 7 days,  9:22,  6 users,  load average: 1.71, 1.28, 1.08
2026-10-01T01:31:17-04:00
94 %, 20571 MiB, 2925 MHz, 13801 MHz, 93.58 W, 33
0 %, 20 MiB, 210 MHz, 405 MHz, 21.21 W, 28
1860706, /home/ndizazzo/dev/mesh/issue1393-q4-snapshot-20260930/target/release/xtask, 20134 MiB
 01:31:17 up 7 days,  9:22,  6 users,  load average: 1.71, 1.28, 1.08
2026-10-01T01:31:19-04:00
96 %, 20571 MiB, 2925 MHz, 13801 MHz, 93.24 W, 33
0 %, 20 MiB, 210 MHz, 405 MHz, 21.18 W, 28
1860706, /home/ndizazzo/dev/mesh/issue1393-q4-snapshot-20260930/target/release/xtask, 20134 MiB
 01:31:19 up 7 days,  9:22,  6 users,  load average: 1.73, 1.29, 1.08
2026-10-01T01:31:21-04:00
100 %, 20571 MiB, 2925 MHz, 13801 MHz, 92.93 W, 33
0 %, 20 MiB, 210 MHz, 405 MHz, 27.52 W, 28
1860706, /home/ndizazzo/dev/mesh/issue1393-q4-snapshot-20260930/target/release/xtask, 20134 MiB
 01:31:21 up 7 days,  9:22,  6 users,  load average: 1.73, 1.29, 1.08
2026-10-01T01:31:23-04:00
95 %, 20571 MiB, 2925 MHz, 13801 MHz, 93.22 W, 33
0 %, 20 MiB, 210 MHz, 405 MHz, 21.47 W, 28
1860706, /home/ndizazzo/dev/mesh/issue1393-q4-snapshot-20260930/target/release/xtask, 20134 MiB
 01:31:24 up 7 days,  9:22,  6 users,  load average: 1.73, 1.29, 1.08
2026-10-01T01:31:26-04:00
85 %, 20571 MiB, 2925 MHz, 13801 MHz, 93.29 W, 33
0 %, 20 MiB, 210 MHz, 405 MHz, 21.27 W, 28
1860706, /home/ndizazzo/dev/mesh/issue1393-q4-snapshot-20260930/target/release/xtask, 20134 MiB
 01:31:26 up 7 days,  9:22,  6 users,  load average: 1.75, 1.30, 1.09
2026-10-01T01:31:28-04:00
94 %, 20571 MiB, 2925 MHz, 13801 MHz, 93.53 W, 33
0 %, 20 MiB, 210 MHz, 405 MHz, 21.20 W, 28
1860706, /home/ndizazzo/dev/mesh/issue1393-q4-snapshot-20260930/target/release/xtask, 20134 MiB
 01:31:28 up 7 days,  9:22,  6 users,  load average: 1.75, 1.30, 1.09
2026-10-01T01:31:30-04:00
94 %, 20571 MiB, 2925 MHz, 13801 MHz, 93.88 W, 33
0 %, 20 MiB, 210 MHz, 405 MHz, 22.22 W, 28
1860706, /home/ndizazzo/dev/mesh/issue1393-q4-snapshot-20260930/target/release/xtask, 20134 MiB
 01:31:30 up 7 days,  9:22,  6 users,  load average: 1.77, 1.32, 1.10
2026-10-01T01:31:32-04:00
96 %, 20571 MiB, 2925 MHz, 13801 MHz, 92.96 W, 33
0 %, 20 MiB, 210 MHz, 405 MHz, 21.13 W, 28
1860706, /home/ndizazzo/dev/mesh/issue1393-q4-snapshot-20260930/target/release/xtask, 20134 MiB
 01:31:32 up 7 days,  9:22,  6 users,  load average: 1.77, 1.32, 1.10
2026-10-01T01:31:34-04:00
87 %, 20571 MiB, 2925 MHz, 13801 MHz, 92.79 W, 33
0 %, 20 MiB, 210 MHz, 405 MHz, 21.28 W, 28
1860706, /home/ndizazzo/dev/mesh/issue1393-q4-snapshot-20260930/target/release/xtask, 20134 MiB
 01:31:34 up 7 days,  9:22,  6 users,  load average: 1.77, 1.32, 1.10
2026-10-01T01:31:36-04:00
92 %, 20571 MiB, 2925 MHz, 13801 MHz, 93.34 W, 33
0 %, 20 MiB, 210 MHz, 405 MHz, 27.25 W, 28
1860706, /home/ndizazzo/dev/mesh/issue1393-q4-snapshot-20260930/target/release/xtask, 20134 MiB
 01:31:36 up 7 days,  9:22,  6 users,  load average: 1.71, 1.31, 1.09
2026-10-01T01:31:38-04:00
96 %, 20571 MiB, 2925 MHz, 13801 MHz, 92.65 W, 33
0 %, 20 MiB, 210 MHz, 405 MHz, 21.21 W, 28
1860706, /home/ndizazzo/dev/mesh/issue1393-q4-snapshot-20260930/target/release/xtask, 20134 MiB
 01:31:38 up 7 days,  9:22,  6 users,  load average: 1.71, 1.31, 1.09
2026-10-01T01:31:40-04:00
98 %, 20571 MiB, 2925 MHz, 13801 MHz, 93.56 W, 33
0 %, 20 MiB, 210 MHz, 405 MHz, 21.08 W, 28
1860706, /home/ndizazzo/dev/mesh/issue1393-q4-snapshot-20260930/target/release/xtask, 20134 MiB
 01:31:40 up 7 days,  9:22,  6 users,  load average: 1.65, 1.30, 1.09
2026-10-01T01:31:42-04:00
100 %, 20571 MiB, 2925 MHz, 13801 MHz, 94.24 W, 33
0 %, 20 MiB, 210 MHz, 405 MHz, 21.18 W, 28
1860706, /home/ndizazzo/dev/mesh/issue1393-q4-snapshot-20260930/target/release/xtask, 20134 MiB
 01:31:42 up 7 days,  9:22,  6 users,  load average: 1.65, 1.30, 1.09
2026-10-01T01:31:44-04:00
85 %, 20571 MiB, 2925 MHz, 13801 MHz, 93.78 W, 33
0 %, 20 MiB, 210 MHz, 405 MHz, 22.44 W, 28
1860706, /home/ndizazzo/dev/mesh/issue1393-q4-snapshot-20260930/target/release/xtask, 20134 MiB
 01:31:44 up 7 days,  9:22,  6 users,  load average: 1.65, 1.30, 1.09
2026-10-01T01:31:46-04:00
96 %, 20571 MiB, 2925 MHz, 13801 MHz, 93.51 W, 33
0 %, 20 MiB, 210 MHz, 405 MHz, 21.16 W, 28
1860706, /home/ndizazzo/dev/mesh/issue1393-q4-snapshot-20260930/target/release/xtask, 20134 MiB
 01:31:46 up 7 days,  9:22,  6 users,  load average: 1.60, 1.30, 1.09
2026-10-01T01:31:48-04:00
96 %, 20571 MiB, 2925 MHz, 13801 MHz, 93.01 W, 33
0 %, 20 MiB, 210 MHz, 405 MHz, 21.29 W, 28
1860706, /home/ndizazzo/dev/mesh/issue1393-q4-snapshot-20260930/target/release/xtask, 20134 MiB
 01:31:48 up 7 days,  9:22,  6 users,  load average: 1.60, 1.30, 1.09
2026-10-01T01:31:50-04:00
96 %, 20571 MiB, 2925 MHz, 13801 MHz, 93.42 W, 33
0 %, 20 MiB, 210 MHz, 405 MHz, 27.07 W, 28
1860706, /home/ndizazzo/dev/mesh/issue1393-q4-snapshot-20260930/target/release/xtask, 20134 MiB
 01:31:50 up 7 days,  9:22,  6 users,  load average: 1.55, 1.29, 1.09
2026-10-01T01:31:52-04:00
96 %, 20571 MiB, 2925 MHz, 13801 MHz, 94.47 W, 33
0 %, 20 MiB, 210 MHz, 405 MHz, 21.35 W, 28
1860706, /home/ndizazzo/dev/mesh/issue1393-q4-snapshot-20260930/target/release/xtask, 20134 MiB
 01:31:52 up 7 days,  9:22,  6 users,  load average: 1.55, 1.29, 1.09
2026-10-01T01:31:54-04:00
89 %, 20571 MiB, 2925 MHz, 13801 MHz, 94.59 W, 33
0 %, 20 MiB, 210 MHz, 405 MHz, 21.10 W, 28
1860706, /home/ndizazzo/dev/mesh/issue1393-q4-snapshot-20260930/target/release/xtask, 20134 MiB
 01:31:54 up 7 days,  9:22,  6 users,  load average: 1.59, 1.31, 1.10
2026-10-01T01:31:56-04:00
91 %, 20571 MiB, 2925 MHz, 13801 MHz, 93.42 W, 33
0 %, 20 MiB, 210 MHz, 405 MHz, 22.55 W, 28
1860706, /home/ndizazzo/dev/mesh/issue1393-q4-snapshot-20260930/target/release/xtask, 20134 MiB
 01:31:56 up 7 days,  9:22,  6 users,  load average: 1.59, 1.31, 1.10
2026-10-01T01:31:58-04:00
91 %, 20571 MiB, 2925 MHz, 13801 MHz, 93.98 W, 33
0 %, 20 MiB, 210 MHz, 405 MHz, 22.06 W, 28
1860706, /home/ndizazzo/dev/mesh/issue1393-q4-snapshot-20260930/target/release/xtask, 20134 MiB
 01:31:59 up 7 days,  9:23,  6 users,  load average: 1.59, 1.31, 1.10
2026-10-01T01:32:01-04:00
93 %, 20571 MiB, 2925 MHz, 13801 MHz, 93.99 W, 33
0 %, 20 MiB, 210 MHz, 405 MHz, 21.16 W, 28
1860706, /home/ndizazzo/dev/mesh/issue1393-q4-snapshot-20260930/target/release/xtask, 20134 MiB
 01:32:01 up 7 days,  9:23,  6 users,  load average: 1.54, 1.30, 1.10
2026-10-01T01:32:03-04:00
100 %, 20571 MiB, 2925 MHz, 13801 MHz, 93.15 W, 33
0 %, 20 MiB, 210 MHz, 405 MHz, 21.27 W, 28
1860706, /home/ndizazzo/dev/mesh/issue1393-q4-snapshot-20260930/target/release/xtask, 20134 MiB
 01:32:03 up 7 days,  9:23,  6 users,  load average: 1.54, 1.30, 1.10
2026-10-01T01:32:05-04:00
85 %, 20571 MiB, 2925 MHz, 13801 MHz, 93.57 W, 33
0 %, 20 MiB, 210 MHz, 405 MHz, 27.44 W, 28
1860706, /home/ndizazzo/dev/mesh/issue1393-q4-snapshot-20260930/target/release/xtask, 20134 MiB
 01:32:05 up 7 days,  9:23,  6 users,  load average: 1.58, 1.31, 1.10
2026-10-01T01:32:07-04:00
95 %, 20571 MiB, 2925 MHz, 13801 MHz, 94.06 W, 33
0 %, 20 MiB, 210 MHz, 405 MHz, 21.26 W, 28
1860706, /home/ndizazzo/dev/mesh/issue1393-q4-snapshot-20260930/target/release/xtask, 20134 MiB
 01:32:07 up 7 days,  9:23,  6 users,  load average: 1.58, 1.31, 1.10
2026-10-01T01:32:09-04:00
93 %, 20571 MiB, 2925 MHz, 13801 MHz, 94.44 W, 33
0 %, 20 MiB, 210 MHz, 405 MHz, 21.19 W, 28
1860706, /home/ndizazzo/dev/mesh/issue1393-q4-snapshot-20260930/target/release/xtask, 20134 MiB
 01:32:09 up 7 days,  9:23,  6 users,  load average: 1.58, 1.31, 1.10
2026-10-01T01:32:11-04:00
96 %, 20571 MiB, 2925 MHz, 13801 MHz, 96.71 W, 33
0 %, 20 MiB, 210 MHz, 405 MHz, 23.24 W, 28
1860706, /home/ndizazzo/dev/mesh/issue1393-q4-snapshot-20260930/target/release/xtask, 20134 MiB
 01:32:11 up 7 days,  9:23,  6 users,  load average: 1.61, 1.32, 1.10
2026-10-01T01:32:13-04:00
93 %, 20571 MiB, 2925 MHz, 13801 MHz, 93.61 W, 33
0 %, 20 MiB, 210 MHz, 405 MHz, 22.19 W, 29
1860706, /home/ndizazzo/dev/mesh/issue1393-q4-snapshot-20260930/target/release/xtask, 20134 MiB
 01:32:13 up 7 days,  9:23,  6 users,  load average: 1.61, 1.32, 1.10
2026-10-01T01:32:15-04:00
94 %, 20571 MiB, 2925 MHz, 13801 MHz, 93.77 W, 33
0 %, 20 MiB, 210 MHz, 405 MHz, 21.14 W, 28
1860706, /home/ndizazzo/dev/mesh/issue1393-q4-snapshot-20260930/target/release/xtask, 20134 MiB
 01:32:15 up 7 days,  9:23,  6 users,  load average: 1.64, 1.34, 1.11
2026-10-01T01:32:17-04:00
96 %, 20571 MiB, 2925 MHz, 13801 MHz, 93.06 W, 33
0 %, 20 MiB, 210 MHz, 405 MHz, 21.24 W, 28
1860706, /home/ndizazzo/dev/mesh/issue1393-q4-snapshot-20260930/target/release/xtask, 20134 MiB
 01:32:17 up 7 days,  9:23,  6 users,  load average: 1.64, 1.34, 1.11
2026-10-01T01:32:19-04:00
95 %, 20571 MiB, 2925 MHz, 13801 MHz, 92.94 W, 33
0 %, 20 MiB, 210 MHz, 405 MHz, 26.94 W, 28
1860706, /home/ndizazzo/dev/mesh/issue1393-q4-snapshot-20260930/target/release/xtask, 20134 MiB
 01:32:19 up 7 days,  9:23,  6 users,  load average: 1.64, 1.34, 1.11
2026-10-01T01:32:21-04:00
90 %, 20571 MiB, 2925 MHz, 13801 MHz, 94.06 W, 33
0 %, 20 MiB, 210 MHz, 405 MHz, 21.24 W, 28
1860706, /home/ndizazzo/dev/mesh/issue1393-q4-snapshot-20260930/target/release/xtask, 20134 MiB
 01:32:21 up 7 days,  9:23,  6 users,  load average: 1.67, 1.35, 1.11
2026-10-01T01:32:23-04:00
90 %, 20571 MiB, 2925 MHz, 13801 MHz, 94.66 W, 33
0 %, 20 MiB, 210 MHz, 405 MHz, 21.28 W, 28
1860706, /home/ndizazzo/dev/mesh/issue1393-q4-snapshot-20260930/target/release/xtask, 20134 MiB
 01:32:23 up 7 days,  9:23,  6 users,  load average: 1.67, 1.35, 1.11
2026-10-01T01:32:25-04:00
100 %, 20571 MiB, 2925 MHz, 13801 MHz, 94.22 W, 33
0 %, 20 MiB, 210 MHz, 405 MHz, 23.67 W, 28
1860706, /home/ndizazzo/dev/mesh/issue1393-q4-snapshot-20260930/target/release/xtask, 20134 MiB
 01:32:25 up 7 days,  9:23,  6 users,  load average: 1.62, 1.34, 1.11
2026-10-01T01:32:27-04:00
94 %, 20571 MiB, 2925 MHz, 13801 MHz, 94.18 W, 33
0 %, 20 MiB, 210 MHz, 405 MHz, 22.05 W, 28
1860706, /home/ndizazzo/dev/mesh/issue1393-q4-snapshot-20260930/target/release/xtask, 20134 MiB
 01:32:27 up 7 days,  9:23,  6 users,  load average: 1.62, 1.34, 1.11
2026-10-01T01:32:29-04:00
96 %, 20571 MiB, 2925 MHz, 13801 MHz, 93.37 W, 33
0 %, 20 MiB, 210 MHz, 405 MHz, 21.26 W, 28
1860706, /home/ndizazzo/dev/mesh/issue1393-q4-snapshot-20260930/target/release/xtask, 20134 MiB
 01:32:29 up 7 days,  9:23,  6 users,  load average: 1.65, 1.35, 1.12
2026-10-01T01:32:31-04:00
96 %, 20571 MiB, 2925 MHz, 13801 MHz, 94.35 W, 33
0 %, 20 MiB, 210 MHz, 405 MHz, 21.33 W, 28
1860706, /home/ndizazzo/dev/mesh/issue1393-q4-snapshot-20260930/target/release/xtask, 20134 MiB
 01:32:31 up 7 days,  9:23,  6 users,  load average: 1.65, 1.35, 1.12
2026-10-01T01:32:33-04:00
100 %, 20571 MiB, 2925 MHz, 13801 MHz, 94.52 W, 33
0 %, 20 MiB, 210 MHz, 405 MHz, 27.46 W, 28
1860706, /home/ndizazzo/dev/mesh/issue1393-q4-snapshot-20260930/target/release/xtask, 20134 MiB
 01:32:34 up 7 days,  9:23,  6 users,  load average: 1.65, 1.35, 1.12
2026-10-01T01:32:36-04:00
95 %, 20571 MiB, 2925 MHz, 13801 MHz, 95.36 W, 33
0 %, 20 MiB, 210 MHz, 405 MHz, 21.59 W, 28
1860706, /home/ndizazzo/dev/mesh/issue1393-q4-snapshot-20260930/target/release/xtask, 20134 MiB
 01:32:36 up 7 days,  9:23,  6 users,  load average: 1.68, 1.36, 1.12
2026-10-01T01:32:38-04:00
100 %, 20571 MiB, 2925 MHz, 13801 MHz, 97.18 W, 33
0 %, 20 MiB, 210 MHz, 405 MHz, 21.18 W, 28
1860706, /home/ndizazzo/dev/mesh/issue1393-q4-snapshot-20260930/target/release/xtask, 20134 MiB
 01:32:38 up 7 days,  9:23,  6 users,  load average: 1.68, 1.36, 1.12
2026-10-01T01:32:40-04:00
96 %, 20571 MiB, 2925 MHz, 13801 MHz, 93.90 W, 33
0 %, 20 MiB, 210 MHz, 405 MHz, 22.39 W, 28
1860706, /home/ndizazzo/dev/mesh/issue1393-q4-snapshot-20260930/target/release/xtask, 20134 MiB
 01:32:40 up 7 days,  9:23,  6 users,  load average: 1.70, 1.37, 1.13
2026-10-01T01:32:42-04:00
95 %, 20571 MiB, 2925 MHz, 13801 MHz, 93.95 W, 33
0 %, 20 MiB, 210 MHz, 405 MHz, 22.00 W, 29
1860706, /home/ndizazzo/dev/mesh/issue1393-q4-snapshot-20260930/target/release/xtask, 20134 MiB
 01:32:42 up 7 days,  9:23,  6 users,  load average: 1.70, 1.37, 1.13
2026-10-01T01:32:44-04:00
95 %, 20571 MiB, 2925 MHz, 13801 MHz, 94.60 W, 33
0 %, 20 MiB, 210 MHz, 405 MHz, 21.06 W, 28
1860706, /home/ndizazzo/dev/mesh/issue1393-q4-snapshot-20260930/target/release/xtask, 20134 MiB
 01:32:44 up 7 days,  9:23,  6 users,  load average: 1.70, 1.37, 1.13
2026-10-01T01:32:46-04:00
87 %, 20571 MiB, 2925 MHz, 13801 MHz, 94.58 W, 33
0 %, 20 MiB, 210 MHz, 405 MHz, 21.25 W, 28
1860706, /home/ndizazzo/dev/mesh/issue1393-q4-snapshot-20260930/target/release/xtask, 20134 MiB
 01:32:46 up 7 days,  9:23,  6 users,  load average: 1.73, 1.38, 1.13
2026-10-01T01:32:48-04:00
90 %, 20571 MiB, 2925 MHz, 13801 MHz, 94.24 W, 33
0 %, 20 MiB, 210 MHz, 405 MHz, 27.35 W, 29
1860706, /home/ndizazzo/dev/mesh/issue1393-q4-snapshot-20260930/target/release/xtask, 20134 MiB
 01:32:48 up 7 days,  9:23,  6 users,  load average: 1.73, 1.38, 1.13
2026-10-01T01:32:50-04:00
89 %, 20571 MiB, 2925 MHz, 13801 MHz, 94.78 W, 33
0 %, 20 MiB, 210 MHz, 405 MHz, 21.44 W, 28
1860706, /home/ndizazzo/dev/mesh/issue1393-q4-snapshot-20260930/target/release/xtask, 20134 MiB
 01:32:50 up 7 days,  9:23,  6 users,  load average: 1.75, 1.39, 1.14
2026-10-01T01:32:52-04:00
88 %, 20571 MiB, 2925 MHz, 13801 MHz, 93.89 W, 33
0 %, 20 MiB, 210 MHz, 405 MHz, 21.27 W, 28
1860706, /home/ndizazzo/dev/mesh/issue1393-q4-snapshot-20260930/target/release/xtask, 20134 MiB
 01:32:52 up 7 days,  9:23,  6 users,  load average: 1.75, 1.39, 1.14
2026-10-01T01:32:54-04:00
100 %, 20571 MiB, 2925 MHz, 13801 MHz, 93.49 W, 33
0 %, 20 MiB, 210 MHz, 405 MHz, 23.20 W, 28
1860706, /home/ndizazzo/dev/mesh/issue1393-q4-snapshot-20260930/target/release/xtask, 20134 MiB
 01:32:54 up 7 days,  9:23,  6 users,  load average: 1.75, 1.39, 1.14
2026-10-01T01:32:56-04:00
90 %, 20571 MiB, 2925 MHz, 13801 MHz, 93.67 W, 33
0 %, 20 MiB, 210 MHz, 405 MHz, 22.58 W, 28
1860706, /home/ndizazzo/dev/mesh/issue1393-q4-snapshot-20260930/target/release/xtask, 20134 MiB
 01:32:56 up 7 days,  9:23,  6 users,  load average: 1.77, 1.41, 1.14
2026-10-01T01:32:58-04:00
89 %, 20571 MiB, 2925 MHz, 13801 MHz, 93.43 W, 33
0 %, 20 MiB, 210 MHz, 405 MHz, 21.29 W, 28
1860706, /home/ndizazzo/dev/mesh/issue1393-q4-snapshot-20260930/target/release/xtask, 20134 MiB
 01:32:58 up 7 days,  9:24,  6 users,  load average: 1.77, 1.41, 1.14
2026-10-01T01:33:00-04:00
91 %, 20571 MiB, 2925 MHz, 13801 MHz, 94.72 W, 33
0 %, 20 MiB, 210 MHz, 405 MHz, 21.39 W, 28
1860706, /home/ndizazzo/dev/mesh/issue1393-q4-snapshot-20260930/target/release/xtask, 20134 MiB
 01:33:00 up 7 days,  9:24,  6 users,  load average: 1.79, 1.42, 1.15
2026-10-01T01:33:02-04:00
95 %, 20571 MiB, 2925 MHz, 13801 MHz, 94.77 W, 33
0 %, 20 MiB, 210 MHz, 405 MHz, 27.22 W, 28
1860706, /home/ndizazzo/dev/mesh/issue1393-q4-snapshot-20260930/target/release/xtask, 20134 MiB
 01:33:02 up 7 days,  9:24,  6 users,  load average: 1.79, 1.42, 1.15
2026-10-01T01:33:04-04:00
87 %, 20571 MiB, 2925 MHz, 13801 MHz, 94.95 W, 33
0 %, 20 MiB, 210 MHz, 405 MHz, 21.55 W, 28
1860706, /home/ndizazzo/dev/mesh/issue1393-q4-snapshot-20260930/target/release/xtask, 20134 MiB
 01:33:04 up 7 days,  9:24,  6 users,  load average: 1.81, 1.43, 1.15
2026-10-01T01:33:06-04:00
87 %, 20571 MiB, 2925 MHz, 13801 MHz, 93.83 W, 33
0 %, 20 MiB, 210 MHz, 405 MHz, 21.27 W, 28
1860706, /home/ndizazzo/dev/mesh/issue1393-q4-snapshot-20260930/target/release/xtask, 20134 MiB
 01:33:06 up 7 days,  9:24,  6 users,  load average: 1.81, 1.43, 1.15
2026-10-01T01:33:08-04:00
92 %, 20571 MiB, 2925 MHz, 13801 MHz, 93.98 W, 33
0 %, 20 MiB, 210 MHz, 405 MHz, 23.51 W, 29
1860706, /home/ndizazzo/dev/mesh/issue1393-q4-snapshot-20260930/target/release/xtask, 20134 MiB
 01:33:09 up 7 days,  9:24,  6 users,  load average: 1.81, 1.43, 1.15
2026-10-01T01:33:11-04:00
96 %, 20571 MiB, 2925 MHz, 13801 MHz, 93.84 W, 33
0 %, 20 MiB, 210 MHz, 405 MHz, 21.97 W, 29
1860706, /home/ndizazzo/dev/mesh/issue1393-q4-snapshot-20260930/target/release/xtask, 20134 MiB
 01:33:11 up 7 days,  9:24,  6 users,  load average: 1.90, 1.45, 1.16
2026-10-01T01:33:13-04:00
88 %, 20571 MiB, 2925 MHz, 13801 MHz, 94.80 W, 33
0 %, 20 MiB, 210 MHz, 405 MHz, 21.27 W, 28
1860706, /home/ndizazzo/dev/mesh/issue1393-q4-snapshot-20260930/target/release/xtask, 20134 MiB
 01:33:13 up 7 days,  9:24,  6 users,  load average: 1.90, 1.45, 1.16
2026-10-01T01:33:15-04:00
96 %, 20571 MiB, 2925 MHz, 13801 MHz, 94.14 W, 33
0 %, 20 MiB, 210 MHz, 405 MHz, 21.30 W, 28
1860706, /home/ndizazzo/dev/mesh/issue1393-q4-snapshot-20260930/target/release/xtask, 20134 MiB
 01:33:15 up 7 days,  9:24,  6 users,  load average: 1.91, 1.46, 1.17
2026-10-01T01:33:17-04:00
86 %, 20571 MiB, 2925 MHz, 13801 MHz, 95.25 W, 33
0 %, 20 MiB, 210 MHz, 405 MHz, 27.45 W, 29
1860706, /home/ndizazzo/dev/mesh/issue1393-q4-snapshot-20260930/target/release/xtask, 20134 MiB
 01:33:17 up 7 days,  9:24,  6 users,  load average: 1.91, 1.46, 1.17
2026-10-01T01:33:19-04:00
98 %, 20571 MiB, 2925 MHz, 13801 MHz, 93.69 W, 33
0 %, 20 MiB, 210 MHz, 405 MHz, 21.16 W, 28
1860706, /home/ndizazzo/dev/mesh/issue1393-q4-snapshot-20260930/target/release/xtask, 20134 MiB
 01:33:19 up 7 days,  9:24,  6 users,  load average: 1.91, 1.46, 1.17
2026-10-01T01:33:21-04:00
96 %, 20571 MiB, 2925 MHz, 13801 MHz, 93.71 W, 33
0 %, 20 MiB, 210 MHz, 405 MHz, 21.12 W, 28
1860706, /home/ndizazzo/dev/mesh/issue1393-q4-snapshot-20260930/target/release/xtask, 20134 MiB
 01:33:21 up 7 days,  9:24,  6 users,  load average: 1.84, 1.45, 1.17
2026-10-01T01:33:23-04:00
84 %, 20571 MiB, 2925 MHz, 13801 MHz, 93.63 W, 33
0 %, 20 MiB, 210 MHz, 405 MHz, 24.08 W, 28
1860706, /home/ndizazzo/dev/mesh/issue1393-q4-snapshot-20260930/target/release/xtask, 20134 MiB
 01:33:23 up 7 days,  9:24,  6 users,  load average: 1.84, 1.45, 1.17
2026-10-01T01:33:25-04:00
92 %, 20571 MiB, 2925 MHz, 13801 MHz, 94.57 W, 33
0 %, 20 MiB, 210 MHz, 405 MHz, 22.41 W, 29
1860706, /home/ndizazzo/dev/mesh/issue1393-q4-snapshot-20260930/target/release/xtask, 20134 MiB
 01:33:25 up 7 days,  9:24,  6 users,  load average: 1.85, 1.46, 1.17
2026-10-01T01:33:27-04:00
96 %, 20571 MiB, 2925 MHz, 13801 MHz, 93.18 W, 33
0 %, 20 MiB, 210 MHz, 405 MHz, 21.25 W, 28
1860706, /home/ndizazzo/dev/mesh/issue1393-q4-snapshot-20260930/target/release/xtask, 20134 MiB
 01:33:27 up 7 days,  9:24,  6 users,  load average: 1.85, 1.46, 1.17
2026-10-01T01:33:29-04:00
98 %, 20571 MiB, 2925 MHz, 13801 MHz, 93.20 W, 33
0 %, 20 MiB, 210 MHz, 405 MHz, 21.27 W, 28
1860706, /home/ndizazzo/dev/mesh/issue1393-q4-snapshot-20260930/target/release/xtask, 20134 MiB
 01:33:29 up 7 days,  9:24,  6 users,  load average: 1.85, 1.46, 1.17
2026-10-01T01:33:31-04:00
96 %, 20571 MiB, 2925 MHz, 13801 MHz, 94.24 W, 33
0 %, 20 MiB, 210 MHz, 405 MHz, 27.04 W, 29
1860706, /home/ndizazzo/dev/mesh/issue1393-q4-snapshot-20260930/target/release/xtask, 20134 MiB
 01:33:31 up 7 days,  9:24,  6 users,  load average: 1.78, 1.45, 1.17
2026-10-01T01:33:33-04:00
96 %, 20571 MiB, 2925 MHz, 13801 MHz, 96.53 W, 33
0 %, 20 MiB, 210 MHz, 405 MHz, 21.22 W, 28
1860706, /home/ndizazzo/dev/mesh/issue1393-q4-snapshot-20260930/target/release/xtask, 20134 MiB
 01:33:33 up 7 days,  9:24,  6 users,  load average: 1.78, 1.45, 1.17
2026-10-01T01:33:35-04:00
95 %, 20571 MiB, 2925 MHz, 13801 MHz, 93.02 W, 33
0 %, 20 MiB, 210 MHz, 405 MHz, 21.21 W, 28
1860706, /home/ndizazzo/dev/mesh/issue1393-q4-snapshot-20260930/target/release/xtask, 20134 MiB
 01:33:35 up 7 days,  9:24,  6 users,  load average: 1.80, 1.46, 1.18
2026-10-01T01:33:37-04:00
87 %, 20571 MiB, 2925 MHz, 13801 MHz, 94.55 W, 33
0 %, 20 MiB, 210 MHz, 405 MHz, 27.30 W, 29
1860706, /home/ndizazzo/dev/mesh/issue1393-q4-snapshot-20260930/target/release/xtask, 20134 MiB
 01:33:37 up 7 days,  9:24,  6 users,  load average: 1.80, 1.46, 1.18
2026-10-01T01:33:39-04:00
87 %, 20571 MiB, 2925 MHz, 13801 MHz, 94.59 W, 33
0 %, 20 MiB, 210 MHz, 405 MHz, 21.93 W, 28
1860706, /home/ndizazzo/dev/mesh/issue1393-q4-snapshot-20260930/target/release/xtask, 20134 MiB
 01:33:39 up 7 days,  9:24,  6 users,  load average: 1.89, 1.49, 1.19
2026-10-01T01:33:41-04:00
94 %, 20571 MiB, 2925 MHz, 13801 MHz, 93.78 W, 33
0 %, 20 MiB, 210 MHz, 405 MHz, 21.28 W, 28
1860706, /home/ndizazzo/dev/mesh/issue1393-q4-snapshot-20260930/target/release/xtask, 20134 MiB
 01:33:42 up 7 days,  9:24,  6 users,  load average: 1.89, 1.49, 1.19
2026-10-01T01:33:44-04:00
95 %, 20571 MiB, 2925 MHz, 13801 MHz, 93.30 W, 33
0 %, 20 MiB, 210 MHz, 405 MHz, 21.36 W, 28
1860706, /home/ndizazzo/dev/mesh/issue1393-q4-snapshot-20260930/target/release/xtask, 20134 MiB
 01:33:44 up 7 days,  9:24,  6 users,  load average: 1.89, 1.49, 1.19
2026-10-01T01:33:46-04:00
86 %, 20571 MiB, 2925 MHz, 13801 MHz, 94.38 W, 33
0 %, 20 MiB, 210 MHz, 405 MHz, 27.59 W, 29
1860706, /home/ndizazzo/dev/mesh/issue1393-q4-snapshot-20260930/target/release/xtask, 20134 MiB
 01:33:46 up 7 days,  9:24,  6 users,  load average: 1.90, 1.50, 1.19
2026-10-01T01:33:48-04:00
86 %, 20571 MiB, 2925 MHz, 13801 MHz, 94.72 W, 33
0 %, 20 MiB, 210 MHz, 405 MHz, 21.56 W, 28
1860706, /home/ndizazzo/dev/mesh/issue1393-q4-snapshot-20260930/target/release/xtask, 20134 MiB
 01:33:48 up 7 days,  9:24,  6 users,  load average: 1.90, 1.50, 1.19
2026-10-01T01:33:50-04:00
96 %, 20571 MiB, 2925 MHz, 13801 MHz, 93.80 W, 33
0 %, 20 MiB, 210 MHz, 405 MHz, 21.18 W, 28
1860706, /home/ndizazzo/dev/mesh/issue1393-q4-snapshot-20260930/target/release/xtask, 20134 MiB
 01:33:50 up 7 days,  9:24,  6 users,  load average: 1.91, 1.51, 1.19
2026-10-01T01:33:52-04:00
96 %, 20571 MiB, 2925 MHz, 13801 MHz, 93.65 W, 33
0 %, 20 MiB, 210 MHz, 405 MHz, 27.07 W, 29
1860706, /home/ndizazzo/dev/mesh/issue1393-q4-snapshot-20260930/target/release/xtask, 20134 MiB
 01:33:52 up 7 days,  9:24,  6 users,  load average: 1.91, 1.51, 1.19
2026-10-01T01:33:54-04:00
89 %, 20571 MiB, 2925 MHz, 13801 MHz, 93.55 W, 33
0 %, 20 MiB, 210 MHz, 405 MHz, 21.52 W, 28
1860706, /home/ndizazzo/dev/mesh/issue1393-q4-snapshot-20260930/target/release/xtask, 20134 MiB
 01:33:54 up 7 days,  9:24,  6 users,  load average: 1.91, 1.51, 1.19
2026-10-01T01:33:56-04:00
94 %, 20571 MiB, 2925 MHz, 13801 MHz, 94.61 W, 33
0 %, 20 MiB, 210 MHz, 405 MHz, 21.34 W, 28
1860706, /home/ndizazzo/dev/mesh/issue1393-q4-snapshot-20260930/target/release/xtask, 20134 MiB
 01:33:56 up 7 days,  9:24,  6 users,  load average: 1.84, 1.50, 1.19
2026-10-01T01:33:58-04:00
96 %, 20571 MiB, 2925 MHz, 13801 MHz, 94.78 W, 33
0 %, 20 MiB, 210 MHz, 405 MHz, 21.43 W, 28
1860706, /home/ndizazzo/dev/mesh/issue1393-q4-snapshot-20260930/target/release/xtask, 20134 MiB
 01:33:58 up 7 days,  9:25,  6 users,  load average: 1.84, 1.50, 1.19
2026-10-01T01:34:00-04:00
100 %, 20571 MiB, 2925 MHz, 13801 MHz, 95.39 W, 33
0 %, 20 MiB, 210 MHz, 405 MHz, 27.44 W, 29
1860706, /home/ndizazzo/dev/mesh/issue1393-q4-snapshot-20260930/target/release/xtask, 20134 MiB
 01:34:00 up 7 days,  9:25,  6 users,  load average: 1.85, 1.51, 1.20
2026-10-01T01:34:02-04:00
100 %, 20571 MiB, 2925 MHz, 13801 MHz, 93.21 W, 33
0 %, 20 MiB, 210 MHz, 405 MHz, 21.58 W, 28
1860706, /home/ndizazzo/dev/mesh/issue1393-q4-snapshot-20260930/target/release/xtask, 20134 MiB
 01:34:02 up 7 days,  9:25,  6 users,  load average: 1.85, 1.51, 1.20
2026-10-01T01:34:04-04:00
87 %, 20571 MiB, 2925 MHz, 13801 MHz, 93.64 W, 33
0 %, 20 MiB, 210 MHz, 405 MHz, 21.46 W, 28
1860706, /home/ndizazzo/dev/mesh/issue1393-q4-snapshot-20260930/target/release/xtask, 20134 MiB
 01:34:04 up 7 days,  9:25,  6 users,  load average: 1.85, 1.51, 1.20
2026-10-01T01:34:06-04:00
96 %, 20571 MiB, 2925 MHz, 13801 MHz, 94.15 W, 33
0 %, 20 MiB, 210 MHz, 405 MHz, 23.93 W, 29
1860706, /home/ndizazzo/dev/mesh/issue1393-q4-snapshot-20260930/target/release/xtask, 20134 MiB
 01:34:06 up 7 days,  9:25,  6 users,  load average: 1.78, 1.50, 1.20
2026-10-01T01:34:08-04:00
94 %, 20571 MiB, 2925 MHz, 13801 MHz, 93.17 W, 33
0 %, 20 MiB, 210 MHz, 405 MHz, 21.66 W, 28
1860706, /home/ndizazzo/dev/mesh/issue1393-q4-snapshot-20260930/target/release/xtask, 20134 MiB
 01:34:08 up 7 days,  9:25,  6 users,  load average: 1.78, 1.50, 1.20
2026-10-01T01:34:10-04:00
91 %, 20571 MiB, 2925 MHz, 13801 MHz, 94.11 W, 33
0 %, 20 MiB, 210 MHz, 405 MHz, 21.23 W, 28
1860706, /home/ndizazzo/dev/mesh/issue1393-q4-snapshot-20260930/target/release/xtask, 20134 MiB
 01:34:10 up 7 days,  9:25,  6 users,  load average: 1.72, 1.49, 1.19
2026-10-01T01:34:12-04:00
96 %, 20571 MiB, 2925 MHz, 13801 MHz, 94.03 W, 33
0 %, 20 MiB, 210 MHz, 405 MHz, 21.47 W, 28
1860706, /home/ndizazzo/dev/mesh/issue1393-q4-snapshot-20260930/target/release/xtask, 20134 MiB
 01:34:12 up 7 days,  9:25,  6 users,  load average: 1.72, 1.49, 1.19
2026-10-01T01:34:14-04:00
91 %, 20571 MiB, 2925 MHz, 13801 MHz, 94.43 W, 33
0 %, 20 MiB, 210 MHz, 405 MHz, 22.24 W, 29
1860706, /home/ndizazzo/dev/mesh/issue1393-q4-snapshot-20260930/target/release/xtask, 20134 MiB
 01:34:14 up 7 days,  9:25,  6 users,  load average: 1.74, 1.50, 1.20
2026-10-01T01:34:16-04:00
96 %, 20571 MiB, 2925 MHz, 13801 MHz, 93.44 W, 33
0 %, 20 MiB, 210 MHz, 405 MHz, 21.13 W, 28
1860706, /home/ndizazzo/dev/mesh/issue1393-q4-snapshot-20260930/target/release/xtask, 20134 MiB
 01:34:17 up 7 days,  9:25,  6 users,  load average: 1.74, 1.50, 1.20
2026-10-01T01:34:19-04:00
95 %, 20571 MiB, 2925 MHz, 13801 MHz, 93.62 W, 33
0 %, 20 MiB, 210 MHz, 405 MHz, 21.24 W, 28
1860706, /home/ndizazzo/dev/mesh/issue1393-q4-snapshot-20260930/target/release/xtask, 20134 MiB
 01:34:19 up 7 days,  9:25,  6 users,  load average: 1.74, 1.50, 1.20
2026-10-01T01:34:21-04:00
88 %, 20571 MiB, 2925 MHz, 13801 MHz, 95.01 W, 33
0 %, 20 MiB, 210 MHz, 405 MHz, 27.06 W, 29
1860706, /home/ndizazzo/dev/mesh/issue1393-q4-snapshot-20260930/target/release/xtask, 20134 MiB
 01:34:21 up 7 days,  9:25,  6 users,  load average: 1.76, 1.51, 1.20
2026-10-01T01:34:23-04:00
88 %, 20571 MiB, 2925 MHz, 13801 MHz, 94.67 W, 33
0 %, 20 MiB, 210 MHz, 405 MHz, 21.95 W, 29
1860706, /home/ndizazzo/dev/mesh/issue1393-q4-snapshot-20260930/target/release/xtask, 20134 MiB
 01:34:23 up 7 days,  9:25,  6 users,  load average: 1.76, 1.51, 1.20
2026-10-01T01:34:25-04:00
96 %, 20571 MiB, 2925 MHz, 13801 MHz, 94.13 W, 33
0 %, 20 MiB, 210 MHz, 405 MHz, 21.21 W, 28
1860706, /home/ndizazzo/dev/mesh/issue1393-q4-snapshot-20260930/target/release/xtask, 20134 MiB
 01:34:25 up 7 days,  9:25,  6 users,  load average: 1.78, 1.52, 1.21
2026-10-01T01:34:27-04:00
93 %, 20571 MiB, 2925 MHz, 13801 MHz, 94.59 W, 33
0 %, 20 MiB, 210 MHz, 405 MHz, 22.20 W, 29
1860706, /home/ndizazzo/dev/mesh/issue1393-q4-snapshot-20260930/target/release/xtask, 20134 MiB
 01:34:27 up 7 days,  9:25,  6 users,  load average: 1.78, 1.52, 1.21
2026-10-01T01:34:29-04:00
100 %, 20571 MiB, 2925 MHz, 13801 MHz, 96.47 W, 33
0 %, 20 MiB, 210 MHz, 405 MHz, 21.86 W, 29
1860706, /home/ndizazzo/dev/mesh/issue1393-q4-snapshot-20260930/target/release/xtask, 20134 MiB
 01:34:29 up 7 days,  9:25,  6 users,  load average: 1.78, 1.52, 1.21
2026-10-01T01:34:31-04:00
91 %, 20571 MiB, 2925 MHz, 13801 MHz, 93.24 W, 33
0 %, 20 MiB, 210 MHz, 405 MHz, 21.09 W, 28
1860706, /home/ndizazzo/dev/mesh/issue1393-q4-snapshot-20260930/target/release/xtask, 20134 MiB
 01:34:31 up 7 days,  9:25,  6 users,  load average: 1.80, 1.52, 1.21
2026-10-01T01:34:33-04:00
85 %, 20571 MiB, 2925 MHz, 13801 MHz, 94.46 W, 33
0 %, 20 MiB, 210 MHz, 405 MHz, 21.05 W, 28
1860706, /home/ndizazzo/dev/mesh/issue1393-q4-snapshot-20260930/target/release/xtask, 20134 MiB
 01:34:33 up 7 days,  9:25,  6 users,  load average: 1.80, 1.52, 1.21
2026-10-01T01:34:35-04:00
91 %, 20571 MiB, 2925 MHz, 13801 MHz, 94.47 W, 33
0 %, 20 MiB, 210 MHz, 405 MHz, 27.51 W, 29
1860706, /home/ndizazzo/dev/mesh/issue1393-q4-snapshot-20260930/target/release/xtask, 20134 MiB
 01:34:35 up 7 days,  9:25,  6 users,  load average: 1.82, 1.53, 1.22
2026-10-01T01:34:37-04:00
100 %, 20571 MiB, 2925 MHz, 13801 MHz, 93.54 W, 33
0 %, 20 MiB, 210 MHz, 405 MHz, 21.39 W, 28
1860706, /home/ndizazzo/dev/mesh/issue1393-q4-snapshot-20260930/target/release/xtask, 20134 MiB
 01:34:37 up 7 days,  9:25,  6 users,  load average: 1.82, 1.53, 1.22
2026-10-01T01:34:39-04:00
86 %, 20571 MiB, 2925 MHz, 13801 MHz, 93.92 W, 33
0 %, 20 MiB, 210 MHz, 405 MHz, 21.11 W, 28
1860706, /home/ndizazzo/dev/mesh/issue1393-q4-snapshot-20260930/target/release/xtask, 20134 MiB
 01:34:39 up 7 days,  9:25,  6 users,  load average: 1.82, 1.53, 1.22
2026-10-01T01:34:41-04:00
95 %, 20571 MiB, 2925 MHz, 13801 MHz, 93.59 W, 33
0 %, 20 MiB, 210 MHz, 405 MHz, 21.23 W, 28
1860706, /home/ndizazzo/dev/mesh/issue1393-q4-snapshot-20260930/target/release/xtask, 20134 MiB
 01:34:41 up 7 days,  9:25,  6 users,  load average: 1.83, 1.54, 1.22
2026-10-01T01:34:43-04:00
95 %, 20571 MiB, 2925 MHz, 13801 MHz, 93.38 W, 33
0 %, 20 MiB, 210 MHz, 405 MHz, 22.22 W, 29
1860706, /home/ndizazzo/dev/mesh/issue1393-q4-snapshot-20260930/target/release/xtask, 20134 MiB
 01:34:43 up 7 days,  9:25,  6 users,  load average: 1.83, 1.54, 1.22
2026-10-01T01:34:45-04:00
92 %, 20571 MiB, 2925 MHz, 13801 MHz, 94.27 W, 33
0 %, 20 MiB, 210 MHz, 405 MHz, 21.35 W, 28
1860706, /home/ndizazzo/dev/mesh/issue1393-q4-snapshot-20260930/target/release/xtask, 20134 MiB
 01:34:45 up 7 days,  9:25,  6 users,  load average: 1.85, 1.55, 1.23
2026-10-01T01:34:47-04:00
96 %, 20571 MiB, 2925 MHz, 13801 MHz, 94.17 W, 33
0 %, 20 MiB, 210 MHz, 405 MHz, 21.30 W, 28
1860706, /home/ndizazzo/dev/mesh/issue1393-q4-snapshot-20260930/target/release/xtask, 20134 MiB
 01:34:47 up 7 days,  9:25,  6 users,  load average: 1.85, 1.55, 1.23
2026-10-01T01:34:49-04:00
100 %, 20571 MiB, 2925 MHz, 13801 MHz, 93.61 W, 33
0 %, 20 MiB, 210 MHz, 405 MHz, 27.41 W, 29
1860706, /home/ndizazzo/dev/mesh/issue1393-q4-snapshot-20260930/target/release/xtask, 20134 MiB
 01:34:49 up 7 days,  9:25,  6 users,  load average: 1.78, 1.54, 1.22
2026-10-01T01:34:51-04:00
95 %, 20571 MiB, 2925 MHz, 13801 MHz, 93.47 W, 33
0 %, 20 MiB, 210 MHz, 405 MHz, 21.33 W, 28
1860706, /home/ndizazzo/dev/mesh/issue1393-q4-snapshot-20260930/target/release/xtask, 20134 MiB
 01:34:52 up 7 days,  9:25,  6 users,  load average: 1.78, 1.54, 1.22
2026-10-01T01:34:54-04:00
93 %, 20571 MiB, 2925 MHz, 13801 MHz, 95.08 W, 33
0 %, 20 MiB, 210 MHz, 405 MHz, 21.26 W, 28
1860706, /home/ndizazzo/dev/mesh/issue1393-q4-snapshot-20260930/target/release/xtask, 20134 MiB
 01:34:54 up 7 days,  9:25,  6 users,  load average: 1.78, 1.54, 1.22
2026-10-01T01:34:56-04:00
93 %, 20571 MiB, 2925 MHz, 13801 MHz, 94.80 W, 33
0 %, 20 MiB, 210 MHz, 405 MHz, 21.35 W, 28
1860706, /home/ndizazzo/dev/mesh/issue1393-q4-snapshot-20260930/target/release/xtask, 20134 MiB
 01:34:56 up 7 days,  9:25,  6 users,  load average: 1.80, 1.55, 1.23
2026-10-01T01:34:58-04:00
98 %, 20571 MiB, 2925 MHz, 13801 MHz, 95.58 W, 33
0 %, 20 MiB, 210 MHz, 405 MHz, 22.60 W, 29
1860706, /home/ndizazzo/dev/mesh/issue1393-q4-snapshot-20260930/target/release/xtask, 20134 MiB
 01:34:58 up 7 days,  9:26,  6 users,  load average: 1.80, 1.55, 1.23
2026-10-01T01:35:00-04:00
94 %, 20571 MiB, 2925 MHz, 13801 MHz, 94.23 W, 33
0 %, 20 MiB, 210 MHz, 405 MHz, 21.31 W, 28
1860706, /home/ndizazzo/dev/mesh/issue1393-q4-snapshot-20260930/target/release/xtask, 20134 MiB
 01:35:00 up 7 days,  9:26,  6 users,  load average: 1.73, 1.54, 1.23
2026-10-01T01:35:02-04:00
92 %, 20571 MiB, 2925 MHz, 13801 MHz, 94.30 W, 33
0 %, 20 MiB, 210 MHz, 405 MHz, 21.40 W, 28
1860706, /home/ndizazzo/dev/mesh/issue1393-q4-snapshot-20260930/target/release/xtask, 20134 MiB
 01:35:02 up 7 days,  9:26,  6 users,  load average: 1.73, 1.54, 1.23
2026-10-01T01:35:04-04:00
96 %, 20571 MiB, 2925 MHz, 13801 MHz, 95.07 W, 33
0 %, 20 MiB, 210 MHz, 405 MHz, 26.90 W, 29
1860706, /home/ndizazzo/dev/mesh/issue1393-q4-snapshot-20260930/target/release/xtask, 20134 MiB
 01:35:04 up 7 days,  9:26,  6 users,  load average: 1.73, 1.54, 1.23
2026-10-01T01:35:06-04:00
93 %, 20571 MiB, 2925 MHz, 13801 MHz, 93.12 W, 33
0 %, 20 MiB, 210 MHz, 405 MHz, 21.50 W, 28
1860706, /home/ndizazzo/dev/mesh/issue1393-q4-snapshot-20260930/target/release/xtask, 20134 MiB
 01:35:06 up 7 days,  9:26,  6 users,  load average: 1.75, 1.55, 1.23
2026-10-01T01:35:08-04:00
94 %, 20571 MiB, 2925 MHz, 13801 MHz, 93.47 W, 33
0 %, 20 MiB, 210 MHz, 405 MHz, 21.15 W, 28
1860706, /home/ndizazzo/dev/mesh/issue1393-q4-snapshot-20260930/target/release/xtask, 20134 MiB
 01:35:08 up 7 days,  9:26,  6 users,  load average: 1.75, 1.55, 1.23
2026-10-01T01:35:10-04:00
96 %, 20571 MiB, 2925 MHz, 13801 MHz, 94.39 W, 33
0 %, 20 MiB, 210 MHz, 405 MHz, 22.29 W, 29
1860706, /home/ndizazzo/dev/mesh/issue1393-q4-snapshot-20260930/target/release/xtask, 20134 MiB
 01:35:10 up 7 days,  9:26,  6 users,  load average: 1.77, 1.55, 1.24
2026-10-01T01:35:12-04:00
97 %, 20571 MiB, 2925 MHz, 13801 MHz, 94.49 W, 33
0 %, 20 MiB, 210 MHz, 405 MHz, 22.14 W, 29
1860706, /home/ndizazzo/dev/mesh/issue1393-q4-snapshot-20260930/target/release/xtask, 20134 MiB
 01:35:12 up 7 days,  9:26,  6 users,  load average: 1.77, 1.55, 1.24
2026-10-01T01:35:14-04:00
95 %, 20571 MiB, 2925 MHz, 13801 MHz, 93.44 W, 33
0 %, 20 MiB, 210 MHz, 405 MHz, 21.29 W, 28
1860706, /home/ndizazzo/dev/mesh/issue1393-q4-snapshot-20260930/target/release/xtask, 20134 MiB
 01:35:14 up 7 days,  9:26,  6 users,  load average: 1.77, 1.55, 1.24
2026-10-01T01:35:16-04:00
86 %, 20571 MiB, 2925 MHz, 13801 MHz, 93.65 W, 33
0 %, 20 MiB, 210 MHz, 405 MHz, 21.29 W, 28
1860706, /home/ndizazzo/dev/mesh/issue1393-q4-snapshot-20260930/target/release/xtask, 20134 MiB
 01:35:16 up 7 days,  9:26,  6 users,  load average: 1.79, 1.56, 1.24
2026-10-01T01:35:18-04:00
96 %, 20571 MiB, 2925 MHz, 13801 MHz, 93.43 W, 34
0 %, 20 MiB, 210 MHz, 405 MHz, 27.54 W, 29
1860706, /home/ndizazzo/dev/mesh/issue1393-q4-snapshot-20260930/target/release/xtask, 20134 MiB
 01:35:18 up 7 days,  9:26,  6 users,  load average: 1.79, 1.56, 1.24
2026-10-01T01:35:20-04:00
87 %, 20571 MiB, 2925 MHz, 13801 MHz, 93.89 W, 33
0 %, 20 MiB, 210 MHz, 405 MHz, 21.29 W, 28
1860706, /home/ndizazzo/dev/mesh/issue1393-q4-snapshot-20260930/target/release/xtask, 20134 MiB
 01:35:20 up 7 days,  9:26,  6 users,  load average: 1.73, 1.55, 1.24
2026-10-01T01:35:22-04:00
93 %, 20571 MiB, 2925 MHz, 13801 MHz, 94.67 W, 33
0 %, 20 MiB, 210 MHz, 405 MHz, 21.22 W, 28
1860706, /home/ndizazzo/dev/mesh/issue1393-q4-snapshot-20260930/target/release/xtask, 20134 MiB
 01:35:22 up 7 days,  9:26,  6 users,  load average: 1.73, 1.55, 1.24
2026-10-01T01:35:24-04:00
95 %, 20571 MiB, 2925 MHz, 13801 MHz, 94.73 W, 33
0 %, 20 MiB, 210 MHz, 405 MHz, 23.38 W, 29
1860706, /home/ndizazzo/dev/mesh/issue1393-q4-snapshot-20260930/target/release/xtask, 20134 MiB
 01:35:24 up 7 days,  9:26,  6 users,  load average: 1.75, 1.56, 1.24
2026-10-01T01:35:26-04:00
92 %, 20571 MiB, 2925 MHz, 13801 MHz, 94.40 W, 33
0 %, 20 MiB, 210 MHz, 405 MHz, 22.44 W, 29
1860706, /home/ndizazzo/dev/mesh/issue1393-q4-snapshot-20260930/target/release/xtask, 20134 MiB
 01:35:27 up 7 days,  9:26,  6 users,  load average: 1.75, 1.56, 1.24
2026-10-01T01:35:29-04:00
100 %, 20571 MiB, 2925 MHz, 13801 MHz, 93.54 W, 33
0 %, 20 MiB, 210 MHz, 405 MHz, 21.30 W, 28
1860706, /home/ndizazzo/dev/mesh/issue1393-q4-snapshot-20260930/target/release/xtask, 20134 MiB
 01:35:29 up 7 days,  9:26,  6 users,  load average: 1.75, 1.56, 1.24
2026-10-01T01:35:31-04:00
83 %, 20571 MiB, 2925 MHz, 13801 MHz, 93.41 W, 33
0 %, 20 MiB, 210 MHz, 405 MHz, 21.47 W, 28
1860706, /home/ndizazzo/dev/mesh/issue1393-q4-snapshot-20260930/target/release/xtask, 20134 MiB
 01:35:31 up 7 days,  9:26,  6 users,  load average: 1.69, 1.55, 1.24
2026-10-01T01:35:33-04:00
96 %, 20571 MiB, 2925 MHz, 13801 MHz, 93.55 W, 34
0 %, 20 MiB, 210 MHz, 405 MHz, 27.35 W, 29
1860706, /home/ndizazzo/dev/mesh/issue1393-q4-snapshot-20260930/target/release/xtask, 20134 MiB
 01:35:33 up 7 days,  9:26,  6 users,  load average: 1.69, 1.55, 1.24
2026-10-01T01:35:35-04:00
96 %, 20571 MiB, 2925 MHz, 13801 MHz, 93.78 W, 33
0 %, 20 MiB, 210 MHz, 405 MHz, 21.34 W, 28
1860706, /home/ndizazzo/dev/mesh/issue1393-q4-snapshot-20260930/target/release/xtask, 20134 MiB
 01:35:35 up 7 days,  9:26,  6 users,  load average: 1.63, 1.54, 1.24
2026-10-01T01:35:37-04:00
90 %, 20571 MiB, 2925 MHz, 13801 MHz, 94.24 W, 33
0 %, 20 MiB, 210 MHz, 405 MHz, 21.26 W, 28
1860706, /home/ndizazzo/dev/mesh/issue1393-q4-snapshot-20260930/target/release/xtask, 20134 MiB
 01:35:37 up 7 days,  9:26,  6 users,  load average: 1.63, 1.54, 1.24
2026-10-01T01:35:39-04:00
95 %, 20571 MiB, 2925 MHz, 13801 MHz, 94.01 W, 33
0 %, 20 MiB, 210 MHz, 405 MHz, 23.65 W, 29
1860706, /home/ndizazzo/dev/mesh/issue1393-q4-snapshot-20260930/target/release/xtask, 20134 MiB
 01:35:39 up 7 days,  9:26,  6 users,  load average: 1.63, 1.54, 1.24
2026-10-01T01:35:41-04:00
88 %, 20571 MiB, 2925 MHz, 13801 MHz, 94.21 W, 33
0 %, 20 MiB, 210 MHz, 405 MHz, 21.93 W, 29
1860706, /home/ndizazzo/dev/mesh/issue1393-q4-snapshot-20260930/target/release/xtask, 20134 MiB
 01:35:41 up 7 days,  9:26,  6 users,  load average: 1.66, 1.55, 1.24
2026-10-01T01:35:43-04:00
95 %, 20571 MiB, 2925 MHz, 13801 MHz, 93.73 W, 33
0 %, 20 MiB, 210 MHz, 405 MHz, 21.21 W, 28
1860706, /home/ndizazzo/dev/mesh/issue1393-q4-snapshot-20260930/target/release/xtask, 20134 MiB
 01:35:43 up 7 days,  9:26,  6 users,  load average: 1.66, 1.55, 1.24
2026-10-01T01:35:45-04:00
92 %, 20571 MiB, 2925 MHz, 13801 MHz, 93.45 W, 33
0 %, 20 MiB, 210 MHz, 405 MHz, 21.25 W, 28
1860706, /home/ndizazzo/dev/mesh/issue1393-q4-snapshot-20260930/target/release/xtask, 20134 MiB
 01:35:45 up 7 days,  9:26,  6 users,  load average: 1.69, 1.56, 1.25
2026-10-01T01:35:47-04:00
85 %, 20571 MiB, 2925 MHz, 13801 MHz, 93.85 W, 34
0 %, 20 MiB, 210 MHz, 405 MHz, 27.72 W, 29
1860706, /home/ndizazzo/dev/mesh/issue1393-q4-snapshot-20260930/target/release/xtask, 20134 MiB
 01:35:47 up 7 days,  9:26,  6 users,  load average: 1.69, 1.56, 1.25
2026-10-01T01:35:49-04:00
90 %, 20571 MiB, 2925 MHz, 13801 MHz, 94.25 W, 33
0 %, 20 MiB, 210 MHz, 405 MHz, 21.77 W, 28
1860706, /home/ndizazzo/dev/mesh/issue1393-q4-snapshot-20260930/target/release/xtask, 20134 MiB
 01:35:49 up 7 days,  9:26,  6 users,  load average: 1.69, 1.56, 1.25
2026-10-01T01:35:51-04:00
96 %, 20571 MiB, 2925 MHz, 13801 MHz, 94.69 W, 33
0 %, 20 MiB, 210 MHz, 405 MHz, 21.29 W, 28
1860706, /home/ndizazzo/dev/mesh/issue1393-q4-snapshot-20260930/target/release/xtask, 20134 MiB
 01:35:51 up 7 days,  9:26,  6 users,  load average: 1.72, 1.56, 1.25
2026-10-01T01:35:53-04:00
98 %, 20571 MiB, 2925 MHz, 13801 MHz, 94.64 W, 33
0 %, 20 MiB, 210 MHz, 405 MHz, 24.23 W, 29
1860706, /home/ndizazzo/dev/mesh/issue1393-q4-snapshot-20260930/target/release/xtask, 20134 MiB
 01:35:53 up 7 days,  9:26,  6 users,  load average: 1.72, 1.56, 1.25
2026-10-01T01:35:55-04:00
89 %, 20571 MiB, 2925 MHz, 13801 MHz, 95.44 W, 33
0 %, 20 MiB, 210 MHz, 405 MHz, 22.39 W, 29
1860706, /home/ndizazzo/dev/mesh/issue1393-q4-snapshot-20260930/target/release/xtask, 20134 MiB
 01:35:55 up 7 days,  9:26,  6 users,  load average: 1.74, 1.57, 1.26
2026-10-01T01:35:57-04:00
93 %, 20571 MiB, 2925 MHz, 13801 MHz, 94.06 W, 33
0 %, 20 MiB, 210 MHz, 405 MHz, 21.34 W, 28
1860706, /home/ndizazzo/dev/mesh/issue1393-q4-snapshot-20260930/target/release/xtask, 20134 MiB
 01:35:57 up 7 days,  9:27,  6 users,  load average: 1.74, 1.57, 1.26
2026-10-01T01:35:59-04:00
96 %, 20571 MiB, 2925 MHz, 13801 MHz, 94.38 W, 33
0 %, 20 MiB, 210 MHz, 405 MHz, 21.27 W, 28
1860706, /home/ndizazzo/dev/mesh/issue1393-q4-snapshot-20260930/target/release/xtask, 20134 MiB
 01:35:59 up 7 days,  9:27,  6 users,  load average: 1.92, 1.61, 1.27
2026-10-01T01:36:01-04:00
96 %, 20571 MiB, 2925 MHz, 13801 MHz, 92.98 W, 34
0 %, 20 MiB, 210 MHz, 405 MHz, 27.57 W, 29
1860706, /home/ndizazzo/dev/mesh/issue1393-q4-snapshot-20260930/target/release/xtask, 20134 MiB
 01:36:02 up 7 days,  9:27,  6 users,  load average: 1.92, 1.61, 1.27
2026-10-01T01:36:04-04:00
89 %, 20571 MiB, 2925 MHz, 13801 MHz, 93.54 W, 33
0 %, 20 MiB, 210 MHz, 405 MHz, 21.45 W, 28
1860706, /home/ndizazzo/dev/mesh/issue1393-q4-snapshot-20260930/target/release/xtask, 20134 MiB
 01:36:04 up 7 days,  9:27,  6 users,  load average: 1.92, 1.61, 1.27
2026-10-01T01:36:06-04:00
92 %, 20571 MiB, 2925 MHz, 13801 MHz, 94.17 W, 33
0 %, 20 MiB, 210 MHz, 405 MHz, 21.27 W, 28
1860706, /home/ndizazzo/dev/mesh/issue1393-q4-snapshot-20260930/target/release/xtask, 20134 MiB
 01:36:06 up 7 days,  9:27,  6 users,  load average: 1.93, 1.62, 1.28
2026-10-01T01:36:08-04:00
94 %, 20571 MiB, 2925 MHz, 13801 MHz, 93.83 W, 33
0 %, 20 MiB, 210 MHz, 405 MHz, 23.24 W, 29
1860706, /home/ndizazzo/dev/mesh/issue1393-q4-snapshot-20260930/target/release/xtask, 20134 MiB
 01:36:08 up 7 days,  9:27,  6 users,  load average: 1.93, 1.62, 1.28
2026-10-01T01:36:10-04:00
87 %, 20571 MiB, 2925 MHz, 13801 MHz, 94.61 W, 34
0 %, 20 MiB, 210 MHz, 405 MHz, 21.61 W, 28
1860706, /home/ndizazzo/dev/mesh/issue1393-q4-snapshot-20260930/target/release/xtask, 20134 MiB
 01:36:10 up 7 days,  9:27,  6 users,  load average: 1.85, 1.61, 1.27
2026-10-01T01:36:12-04:00
100 %, 20571 MiB, 2925 MHz, 13801 MHz, 93.69 W, 33
0 %, 20 MiB, 210 MHz, 405 MHz, 21.27 W, 28
1860706, /home/ndizazzo/dev/mesh/issue1393-q4-snapshot-20260930/target/release/xtask, 20134 MiB
 01:36:12 up 7 days,  9:27,  6 users,  load average: 1.85, 1.61, 1.27
2026-10-01T01:36:14-04:00
92 %, 20571 MiB, 2925 MHz, 13801 MHz, 93.92 W, 34
0 %, 20 MiB, 210 MHz, 405 MHz, 21.33 W, 28
1860706, /home/ndizazzo/dev/mesh/issue1393-q4-snapshot-20260930/target/release/xtask, 20134 MiB
 01:36:14 up 7 days,  9:27,  6 users,  load average: 1.85, 1.61, 1.27
2026-10-01T01:36:16-04:00
96 %, 20571 MiB, 2925 MHz, 13801 MHz, 93.24 W, 34
0 %, 20 MiB, 210 MHz, 405 MHz, 27.21 W, 29
1860706, /home/ndizazzo/dev/mesh/issue1393-q4-snapshot-20260930/target/release/xtask, 20134 MiB
 01:36:16 up 7 days,  9:27,  6 users,  load average: 1.78, 1.60, 1.27
2026-10-01T01:36:18-04:00
96 %, 20571 MiB, 2925 MHz, 13801 MHz, 94.18 W, 34
0 %, 20 MiB, 210 MHz, 405 MHz, 21.50 W, 28
1860706, /home/ndizazzo/dev/mesh/issue1393-q4-snapshot-20260930/target/release/xtask, 20134 MiB
 01:36:18 up 7 days,  9:27,  6 users,  load average: 1.78, 1.60, 1.27
2026-10-01T01:36:20-04:00
100 %, 20571 MiB, 2925 MHz, 13801 MHz, 94.44 W, 33
0 %, 20 MiB, 210 MHz, 405 MHz, 21.27 W, 28
1860706, /home/ndizazzo/dev/mesh/issue1393-q4-snapshot-20260930/target/release/xtask, 20134 MiB
 01:36:20 up 7 days,  9:27,  6 users,  load average: 1.80, 1.60, 1.28
2026-10-01T01:36:22-04:00
100 %, 20571 MiB, 2925 MHz, 13801 MHz, 94.79 W, 34
0 %, 20 MiB, 210 MHz, 405 MHz, 23.72 W, 29
1860706, /home/ndizazzo/dev/mesh/issue1393-q4-snapshot-20260930/target/release/xtask, 20134 MiB
 01:36:22 up 7 days,  9:27,  6 users,  load average: 1.80, 1.60, 1.28
2026-10-01T01:36:24-04:00
95 %, 20571 MiB, 2925 MHz, 13801 MHz, 94.79 W, 33
0 %, 20 MiB, 210 MHz, 405 MHz, 22.08 W, 29
1860706, /home/ndizazzo/dev/mesh/issue1393-q4-snapshot-20260930/target/release/xtask, 20134 MiB
 01:36:24 up 7 days,  9:27,  6 users,  load average: 1.80, 1.60, 1.28
2026-10-01T01:36:26-04:00
96 %, 20571 MiB, 2925 MHz, 13801 MHz, 93.45 W, 34
0 %, 20 MiB, 210 MHz, 405 MHz, 21.18 W, 28
1860706, /home/ndizazzo/dev/mesh/issue1393-q4-snapshot-20260930/target/release/xtask, 20134 MiB
 01:36:26 up 7 days,  9:27,  6 users,  load average: 1.74, 1.59, 1.27
2026-10-01T01:36:28-04:00
96 %, 20571 MiB, 2925 MHz, 13801 MHz, 93.38 W, 33
0 %, 20 MiB, 210 MHz, 405 MHz, 21.24 W, 28
1860706, /home/ndizazzo/dev/mesh/issue1393-q4-snapshot-20260930/target/release/xtask, 20134 MiB
 01:36:28 up 7 days,  9:27,  6 users,  load average: 1.74, 1.59, 1.27
2026-10-01T01:36:30-04:00
88 %, 20571 MiB, 2925 MHz, 13801 MHz, 93.51 W, 34
0 %, 20 MiB, 210 MHz, 405 MHz, 27.58 W, 29
1860706, /home/ndizazzo/dev/mesh/issue1393-q4-snapshot-20260930/target/release/xtask, 20134 MiB
 01:36:30 up 7 days,  9:27,  6 users,  load average: 1.68, 1.58, 1.27
2026-10-01T01:36:32-04:00
96 %, 20571 MiB, 2925 MHz, 13801 MHz, 93.21 W, 34
0 %, 20 MiB, 210 MHz, 405 MHz, 21.26 W, 29
1860706, /home/ndizazzo/dev/mesh/issue1393-q4-snapshot-20260930/target/release/xtask, 20134 MiB
 01:36:32 up 7 days,  9:27,  6 users,  load average: 1.68, 1.58, 1.27
2026-10-01T01:36:34-04:00
100 %, 20571 MiB, 2925 MHz, 13801 MHz, 93.51 W, 33
0 %, 20 MiB, 210 MHz, 405 MHz, 21.16 W, 28
1860706, /home/ndizazzo/dev/mesh/issue1393-q4-snapshot-20260930/target/release/xtask, 20134 MiB
 01:36:35 up 7 days,  9:27,  6 users,  load average: 1.70, 1.59, 1.28
2026-10-01T01:36:37-04:00
94 %, 20571 MiB, 2925 MHz, 13801 MHz, 93.66 W, 34
0 %, 20 MiB, 210 MHz, 405 MHz, 24.11 W, 29
1860706, /home/ndizazzo/dev/mesh/issue1393-q4-snapshot-20260930/target/release/xtask, 20134 MiB
 01:36:37 up 7 days,  9:27,  6 users,  load average: 1.70, 1.59, 1.28
2026-10-01T01:36:39-04:00
96 %, 20571 MiB, 2925 MHz, 13801 MHz, 93.18 W, 33
0 %, 20 MiB, 210 MHz, 405 MHz, 22.29 W, 29
1860706, /home/ndizazzo/dev/mesh/issue1393-q4-snapshot-20260930/target/release/xtask, 20134 MiB
 01:36:39 up 7 days,  9:27,  6 users,  load average: 1.70, 1.59, 1.28
2026-10-01T01:36:41-04:00
95 %, 20571 MiB, 2925 MHz, 13801 MHz, 93.74 W, 33
0 %, 20 MiB, 210 MHz, 405 MHz, 21.09 W, 28
1860706, /home/ndizazzo/dev/mesh/issue1393-q4-snapshot-20260930/target/release/xtask, 20134 MiB
 01:36:41 up 7 days,  9:27,  6 users,  load average: 1.73, 1.60, 1.28
2026-10-01T01:36:43-04:00
92 %, 20571 MiB, 2925 MHz, 13801 MHz, 94.42 W, 34
0 %, 20 MiB, 210 MHz, 405 MHz, 21.25 W, 28
1860706, /home/ndizazzo/dev/mesh/issue1393-q4-snapshot-20260930/target/release/xtask, 20134 MiB
 01:36:43 up 7 days,  9:27,  6 users,  load average: 1.73, 1.60, 1.28
2026-10-01T01:36:45-04:00
95 %, 20571 MiB, 2925 MHz, 13801 MHz, 94.46 W, 34
0 %, 20 MiB, 210 MHz, 405 MHz, 22.14 W, 29
1860706, /home/ndizazzo/dev/mesh/issue1393-q4-snapshot-20260930/target/release/xtask, 20134 MiB
 01:36:45 up 7 days,  9:27,  6 users,  load average: 1.75, 1.60, 1.28
2026-10-01T01:36:47-04:00
90 %, 20571 MiB, 2925 MHz, 13801 MHz, 94.67 W, 34
0 %, 20 MiB, 210 MHz, 405 MHz, 21.06 W, 29
1860706, /home/ndizazzo/dev/mesh/issue1393-q4-snapshot-20260930/target/release/xtask, 20134 MiB
 01:36:47 up 7 days,  9:27,  6 users,  load average: 1.75, 1.60, 1.28
2026-10-01T01:36:49-04:00
98 %, 20571 MiB, 2925 MHz, 13801 MHz, 93.50 W, 34
0 %, 20 MiB, 210 MHz, 405 MHz, 21.37 W, 28
1860706, /home/ndizazzo/dev/mesh/issue1393-q4-snapshot-20260930/target/release/xtask, 20134 MiB
 01:36:49 up 7 days,  9:27,  6 users,  load average: 1.75, 1.60, 1.28
2026-10-01T01:36:51-04:00
100 %, 20571 MiB, 2925 MHz, 13801 MHz, 94.65 W, 34
0 %, 20 MiB, 210 MHz, 405 MHz, 27.34 W, 29
1860706, /home/ndizazzo/dev/mesh/issue1393-q4-snapshot-20260930/target/release/xtask, 20134 MiB
 01:36:51 up 7 days,  9:27,  6 users,  load average: 1.77, 1.61, 1.29
2026-10-01T01:36:53-04:00
96 %, 20571 MiB, 2925 MHz, 13801 MHz, 93.60 W, 33
0 %, 20 MiB, 210 MHz, 405 MHz, 21.91 W, 28
1860706, /home/ndizazzo/dev/mesh/issue1393-q4-snapshot-20260930/target/release/xtask, 20134 MiB
 01:36:53 up 7 days,  9:27,  6 users,  load average: 1.77, 1.61, 1.29
2026-10-01T01:36:55-04:00
88 %, 20571 MiB, 2925 MHz, 13801 MHz, 92.68 W, 33
0 %, 20 MiB, 210 MHz, 405 MHz, 21.19 W, 28
1860706, /home/ndizazzo/dev/mesh/issue1393-q4-snapshot-20260930/target/release/xtask, 20134 MiB
 01:36:55 up 7 days,  9:27,  6 users,  load average: 1.79, 1.62, 1.29
2026-10-01T01:36:57-04:00
94 %, 20571 MiB, 2925 MHz, 13801 MHz, 94.09 W, 34
0 %, 20 MiB, 210 MHz, 405 MHz, 21.33 W, 28
1860706, /home/ndizazzo/dev/mesh/issue1393-q4-snapshot-20260930/target/release/xtask, 20134 MiB
 01:36:57 up 7 days,  9:28,  6 users,  load average: 1.79, 1.62, 1.29
2026-10-01T01:36:59-04:00
95 %, 20571 MiB, 2925 MHz, 13801 MHz, 94.69 W, 34
0 %, 20 MiB, 210 MHz, 405 MHz, 27.62 W, 29
1860706, /home/ndizazzo/dev/mesh/issue1393-q4-snapshot-20260930/target/release/xtask, 20134 MiB
 01:36:59 up 7 days,  9:28,  6 users,  load average: 1.79, 1.62, 1.29
2026-10-01T01:37:01-04:00
87 %, 20571 MiB, 2925 MHz, 13801 MHz, 95.04 W, 34
0 %, 20 MiB, 210 MHz, 405 MHz, 21.60 W, 29
1860706, /home/ndizazzo/dev/mesh/issue1393-q4-snapshot-20260930/target/release/xtask, 20134 MiB
 01:37:01 up 7 days,  9:28,  6 users,  load average: 1.81, 1.62, 1.30
2026-10-01T01:37:03-04:00
100 %, 20571 MiB, 2925 MHz, 13801 MHz, 93.30 W, 33
0 %, 20 MiB, 210 MHz, 405 MHz, 21.19 W, 28
1860706, /home/ndizazzo/dev/mesh/issue1393-q4-snapshot-20260930/target/release/xtask, 20134 MiB
 01:37:03 up 7 days,  9:28,  6 users,  load average: 1.81, 1.62, 1.30
2026-10-01T01:37:05-04:00
87 %, 20571 MiB, 2925 MHz, 13801 MHz, 93.71 W, 34
0 %, 20 MiB, 210 MHz, 405 MHz, 27.26 W, 29
1860706, /home/ndizazzo/dev/mesh/issue1393-q4-snapshot-20260930/target/release/xtask, 20134 MiB
 01:37:05 up 7 days,  9:28,  6 users,  load average: 1.74, 1.61, 1.29
2026-10-01T01:37:07-04:00
94 %, 20571 MiB, 2925 MHz, 13801 MHz, 93.39 W, 34
0 %, 20 MiB, 210 MHz, 405 MHz, 21.39 W, 28
1860706, /home/ndizazzo/dev/mesh/issue1393-q4-snapshot-20260930/target/release/xtask, 20134 MiB
 01:37:07 up 7 days,  9:28,  6 users,  load average: 1.74, 1.61, 1.29
2026-10-01T01:37:09-04:00
94 %, 20571 MiB, 2925 MHz, 13801 MHz, 94.31 W, 34
0 %, 20 MiB, 210 MHz, 405 MHz, 21.20 W, 28
1860706, /home/ndizazzo/dev/mesh/issue1393-q4-snapshot-20260930/target/release/xtask, 20134 MiB
 01:37:10 up 7 days,  9:28,  6 users,  load average: 1.68, 1.60, 1.29
2026-10-01T01:37:12-04:00
100 %, 20571 MiB, 2925 MHz, 13801 MHz, 93.68 W, 33
0 %, 20 MiB, 210 MHz, 405 MHz, 21.14 W, 28
1860706, /home/ndizazzo/dev/mesh/issue1393-q4-snapshot-20260930/target/release/xtask, 20134 MiB
 01:37:12 up 7 days,  9:28,  6 users,  load average: 1.68, 1.60, 1.29
2026-10-01T01:37:14-04:00
89 %, 20571 MiB, 2925 MHz, 13801 MHz, 93.83 W, 34
0 %, 20 MiB, 210 MHz, 405 MHz, 27.40 W, 29
1860706, /home/ndizazzo/dev/mesh/issue1393-q4-snapshot-20260930/target/release/xtask, 20134 MiB
 01:37:14 up 7 days,  9:28,  6 users,  load average: 1.68, 1.60, 1.29
2026-10-01T01:37:16-04:00
97 %, 20571 MiB, 2925 MHz, 13801 MHz, 94.01 W, 34
0 %, 20 MiB, 210 MHz, 405 MHz, 21.33 W, 29
1860706, /home/ndizazzo/dev/mesh/issue1393-q4-snapshot-20260930/target/release/xtask, 20134 MiB
 01:37:16 up 7 days,  9:28,  6 users,  load average: 1.71, 1.61, 1.30
2026-10-01T01:37:18-04:00
95 %, 20571 MiB, 2925 MHz, 13801 MHz, 94.62 W, 34
0 %, 20 MiB, 210 MHz, 405 MHz, 21.30 W, 29
1860706, /home/ndizazzo/dev/mesh/issue1393-q4-snapshot-20260930/target/release/xtask, 20134 MiB
 01:37:18 up 7 days,  9:28,  6 users,  load average: 1.71, 1.61, 1.30
2026-10-01T01:37:20-04:00
93 %, 20571 MiB, 2925 MHz, 13801 MHz, 97.53 W, 34
0 %, 20 MiB, 210 MHz, 405 MHz, 27.49 W, 29
1860706, /home/ndizazzo/dev/mesh/issue1393-q4-snapshot-20260930/target/release/xtask, 20134 MiB
 01:37:20 up 7 days,  9:28,  6 users,  load average: 1.73, 1.62, 1.30
2026-10-01T01:37:22-04:00
95 %, 20571 MiB, 2925 MHz, 13801 MHz, 94.15 W, 33
0 %, 20 MiB, 210 MHz, 405 MHz, 21.63 W, 29
1860706, /home/ndizazzo/dev/mesh/issue1393-q4-snapshot-20260930/target/release/xtask, 20134 MiB
 01:37:22 up 7 days,  9:28,  6 users,  load average: 1.73, 1.62, 1.30
2026-10-01T01:37:24-04:00
94 %, 20571 MiB, 2925 MHz, 13801 MHz, 95.02 W, 34
0 %, 20 MiB, 210 MHz, 405 MHz, 21.27 W, 29
1860706, /home/ndizazzo/dev/mesh/issue1393-q4-snapshot-20260930/target/release/xtask, 20134 MiB
 01:37:24 up 7 days,  9:28,  6 users,  load average: 1.73, 1.62, 1.30
2026-10-01T01:37:26-04:00
84 %, 20571 MiB, 2925 MHz, 13801 MHz, 94.45 W, 34
0 %, 20 MiB, 210 MHz, 405 MHz, 21.62 W, 29
1860706, /home/ndizazzo/dev/mesh/issue1393-q4-snapshot-20260930/target/release/xtask, 20134 MiB
 01:37:26 up 7 days,  9:28,  6 users,  load average: 1.75, 1.62, 1.30
2026-10-01T01:37:28-04:00
100 %, 20571 MiB, 2925 MHz, 13801 MHz, 93.58 W, 33
0 %, 20 MiB, 210 MHz, 405 MHz, 22.33 W, 29
1860706, /home/ndizazzo/dev/mesh/issue1393-q4-snapshot-20260930/target/release/xtask, 20134 MiB
 01:37:28 up 7 days,  9:28,  6 users,  load average: 1.75, 1.62, 1.30
2026-10-01T01:37:30-04:00
96 %, 20571 MiB, 2925 MHz, 13801 MHz, 93.67 W, 34
0 %, 20 MiB, 210 MHz, 405 MHz, 21.35 W, 29
1860706, /home/ndizazzo/dev/mesh/issue1393-q4-snapshot-20260930/target/release/xtask, 20134 MiB
 01:37:30 up 7 days,  9:28,  6 users,  load average: 1.77, 1.63, 1.31
2026-10-01T01:37:32-04:00
86 %, 20571 MiB, 2925 MHz, 13801 MHz, 93.20 W, 33
0 %, 20 MiB, 210 MHz, 405 MHz, 21.34 W, 28
1860706, /home/ndizazzo/dev/mesh/issue1393-q4-snapshot-20260930/target/release/xtask, 20134 MiB
 01:37:32 up 7 days,  9:28,  6 users,  load average: 1.77, 1.63, 1.31
2026-10-01T01:37:34-04:00
96 %, 20571 MiB, 2925 MHz, 13801 MHz, 92.83 W, 34
0 %, 20 MiB, 210 MHz, 405 MHz, 27.35 W, 29
1860706, /home/ndizazzo/dev/mesh/issue1393-q4-snapshot-20260930/target/release/xtask, 20134 MiB
 01:37:34 up 7 days,  9:28,  6 users,  load average: 1.77, 1.63, 1.31
2026-10-01T01:37:36-04:00
89 %, 20571 MiB, 2925 MHz, 13801 MHz, 93.42 W, 34
0 %, 20 MiB, 210 MHz, 405 MHz, 22.23 W, 29
1860706, /home/ndizazzo/dev/mesh/issue1393-q4-snapshot-20260930/target/release/xtask, 20134 MiB
 01:37:36 up 7 days,  9:28,  6 users,  load average: 1.79, 1.64, 1.31
2026-10-01T01:37:38-04:00
94 %, 20571 MiB, 2925 MHz, 13801 MHz, 94.92 W, 33
0 %, 20 MiB, 210 MHz, 405 MHz, 21.35 W, 29
1860706, /home/ndizazzo/dev/mesh/issue1393-q4-snapshot-20260930/target/release/xtask, 20134 MiB
 01:37:38 up 7 days,  9:28,  6 users,  load average: 1.79, 1.64, 1.31
2026-10-01T01:37:40-04:00
93 %, 20571 MiB, 2925 MHz, 13801 MHz, 94.42 W, 33
0 %, 20 MiB, 210 MHz, 405 MHz, 22.49 W, 29
1860706, /home/ndizazzo/dev/mesh/issue1393-q4-snapshot-20260930/target/release/xtask, 20134 MiB
 01:37:40 up 7 days,  9:28,  6 users,  load average: 1.73, 1.63, 1.31
2026-10-01T01:37:42-04:00
90 %, 20571 MiB, 2925 MHz, 13801 MHz, 93.87 W, 34
0 %, 20 MiB, 210 MHz, 405 MHz, 21.83 W, 29
1860706, /home/ndizazzo/dev/mesh/issue1393-q4-snapshot-20260930/target/release/xtask, 20134 MiB
 01:37:42 up 7 days,  9:28,  6 users,  load average: 1.73, 1.63, 1.31
2026-10-01T01:37:44-04:00
95 %, 20571 MiB, 2925 MHz, 13801 MHz, 92.88 W, 33
0 %, 20 MiB, 210 MHz, 405 MHz, 21.39 W, 28
1860706, /home/ndizazzo/dev/mesh/issue1393-q4-snapshot-20260930/target/release/xtask, 20134 MiB
 01:37:45 up 7 days,  9:28,  6 users,  load average: 1.67, 1.62, 1.31
2026-10-01T01:37:47-04:00
96 %, 20571 MiB, 2925 MHz, 13801 MHz, 93.30 W, 34
0 %, 20 MiB, 210 MHz, 405 MHz, 21.33 W, 28
1860706, /home/ndizazzo/dev/mesh/issue1393-q4-snapshot-20260930/target/release/xtask, 20134 MiB
 01:37:47 up 7 days,  9:28,  6 users,  load average: 1.67, 1.62, 1.31
2026-10-01T01:37:49-04:00
100 %, 20571 MiB, 2925 MHz, 13801 MHz, 97.01 W, 34
0 %, 20 MiB, 210 MHz, 405 MHz, 27.54 W, 29
1860706, /home/ndizazzo/dev/mesh/issue1393-q4-snapshot-20260930/target/release/xtask, 20134 MiB
 01:37:49 up 7 days,  9:28,  6 users,  load average: 1.67, 1.62, 1.31
2026-10-01T01:37:51-04:00
96 %, 20571 MiB, 2925 MHz, 13801 MHz, 92.61 W, 34
0 %, 20 MiB, 210 MHz, 405 MHz, 21.50 W, 29
1860706, /home/ndizazzo/dev/mesh/issue1393-q4-snapshot-20260930/target/release/xtask, 20134 MiB
 01:37:51 up 7 days,  9:28,  6 users,  load average: 1.62, 1.60, 1.31
2026-10-01T01:37:53-04:00
90 %, 20571 MiB, 2925 MHz, 13801 MHz, 93.05 W, 34
0 %, 20 MiB, 210 MHz, 405 MHz, 21.21 W, 29
1860706, /home/ndizazzo/dev/mesh/issue1393-q4-snapshot-20260930/target/release/xtask, 20134 MiB
 01:37:53 up 7 days,  9:28,  6 users,  load average: 1.62, 1.60, 1.31
2026-10-01T01:37:55-04:00
92 %, 20571 MiB, 2925 MHz, 13801 MHz, 93.14 W, 34
0 %, 20 MiB, 210 MHz, 405 MHz, 22.98 W, 29
1860706, /home/ndizazzo/dev/mesh/issue1393-q4-snapshot-20260930/target/release/xtask, 20134 MiB
 01:37:55 up 7 days,  9:28,  6 users,  load average: 1.65, 1.61, 1.31
2026-10-01T01:37:57-04:00
85 %, 20571 MiB, 2925 MHz, 13801 MHz, 94.04 W, 34
0 %, 20 MiB, 210 MHz, 405 MHz, 22.37 W, 29
1860706, /home/ndizazzo/dev/mesh/issue1393-q4-snapshot-20260930/target/release/xtask, 20134 MiB
 01:37:57 up 7 days,  9:29,  6 users,  load average: 1.65, 1.61, 1.31
2026-10-01T01:37:59-04:00
96 %, 20571 MiB, 2925 MHz, 13801 MHz, 94.01 W, 34
0 %, 20 MiB, 210 MHz, 405 MHz, 21.34 W, 29
1860706, /home/ndizazzo/dev/mesh/issue1393-q4-snapshot-20260930/target/release/xtask, 20134 MiB
 01:37:59 up 7 days,  9:29,  6 users,  load average: 1.65, 1.61, 1.31
2026-10-01T01:38:01-04:00
92 %, 20571 MiB, 2925 MHz, 13801 MHz, 94.48 W, 34
0 %, 20 MiB, 210 MHz, 405 MHz, 21.39 W, 29
1860706, /home/ndizazzo/dev/mesh/issue1393-q4-snapshot-20260930/target/release/xtask, 20134 MiB
 01:38:01 up 7 days,  9:29,  6 users,  load average: 1.59, 1.60, 1.31
2026-10-01T01:38:03-04:00
88 %, 20571 MiB, 2925 MHz, 13801 MHz, 92.95 W, 34
0 %, 20 MiB, 210 MHz, 405 MHz, 27.53 W, 29
1860706, /home/ndizazzo/dev/mesh/issue1393-q4-snapshot-20260930/target/release/xtask, 20134 MiB
 01:38:03 up 7 days,  9:29,  6 users,  load average: 1.59, 1.60, 1.31
2026-10-01T01:38:05-04:00
98 %, 20571 MiB, 2925 MHz, 13801 MHz, 92.71 W, 34
0 %, 20 MiB, 210 MHz, 405 MHz, 21.38 W, 29
1860706, /home/ndizazzo/dev/mesh/issue1393-q4-snapshot-20260930/target/release/xtask, 20134 MiB
 01:38:05 up 7 days,  9:29,  6 users,  load average: 1.63, 1.61, 1.31
2026-10-01T01:38:07-04:00
94 %, 20571 MiB, 2925 MHz, 13801 MHz, 92.84 W, 34
0 %, 20 MiB, 210 MHz, 405 MHz, 21.24 W, 29
1860706, /home/ndizazzo/dev/mesh/issue1393-q4-snapshot-20260930/target/release/xtask, 20134 MiB
 01:38:07 up 7 days,  9:29,  6 users,  load average: 1.63, 1.61, 1.31
2026-10-01T01:38:09-04:00
88 %, 20571 MiB, 2925 MHz, 13801 MHz, 92.97 W, 34
1 %, 20 MiB, 210 MHz, 405 MHz, 21.34 W, 29
1860706, /home/ndizazzo/dev/mesh/issue1393-q4-snapshot-20260930/target/release/xtask, 20134 MiB
 01:38:09 up 7 days,  9:29,  6 users,  load average: 1.63, 1.61, 1.31
2026-10-01T01:38:11-04:00
96 %, 20571 MiB, 2925 MHz, 13801 MHz, 92.81 W, 34
0 %, 20 MiB, 210 MHz, 405 MHz, 22.36 W, 29
1860706, /home/ndizazzo/dev/mesh/issue1393-q4-snapshot-20260930/target/release/xtask, 20134 MiB
 01:38:11 up 7 days,  9:29,  6 users,  load average: 1.66, 1.62, 1.32
2026-10-01T01:38:13-04:00
88 %, 20571 MiB, 2925 MHz, 13801 MHz, 94.73 W, 34
0 %, 20 MiB, 210 MHz, 405 MHz, 21.31 W, 29
1860706, /home/ndizazzo/dev/mesh/issue1393-q4-snapshot-20260930/target/release/xtask, 20134 MiB
 01:38:13 up 7 days,  9:29,  6 users,  load average: 1.66, 1.62, 1.32
2026-10-01T01:38:15-04:00
95 %, 20571 MiB, 2925 MHz, 13801 MHz, 95.08 W, 34
0 %, 20 MiB, 210 MHz, 405 MHz, 21.34 W, 29
1860706, /home/ndizazzo/dev/mesh/issue1393-q4-snapshot-20260930/target/release/xtask, 20134 MiB
 01:38:15 up 7 days,  9:29,  6 users,  load average: 1.69, 1.62, 1.32
2026-10-01T01:38:17-04:00
98 %, 20571 MiB, 2925 MHz, 13801 MHz, 93.99 W, 34
0 %, 20 MiB, 210 MHz, 405 MHz, 27.44 W, 29
1860706, /home/ndizazzo/dev/mesh/issue1393-q4-snapshot-20260930/target/release/xtask, 20134 MiB
 01:38:17 up 7 days,  9:29,  6 users,  load average: 1.69, 1.62, 1.32
2026-10-01T01:38:19-04:00
100 %, 20571 MiB, 2925 MHz, 13801 MHz, 93.25 W, 34
0 %, 20 MiB, 210 MHz, 405 MHz, 21.55 W, 28
1860706, /home/ndizazzo/dev/mesh/issue1393-q4-snapshot-20260930/target/release/xtask, 20134 MiB
 01:38:20 up 7 days,  9:29,  6 users,  load average: 1.63, 1.61, 1.32
2026-10-01T01:38:22-04:00
91 %, 20571 MiB, 2925 MHz, 13801 MHz, 93.19 W, 34
0 %, 20 MiB, 210 MHz, 405 MHz, 21.30 W, 29
1860706, /home/ndizazzo/dev/mesh/issue1393-q4-snapshot-20260930/target/release/xtask, 20134 MiB
 01:38:22 up 7 days,  9:29,  6 users,  load average: 1.63, 1.61, 1.32
2026-10-01T01:38:24-04:00
96 %, 20571 MiB, 2925 MHz, 13801 MHz, 93.28 W, 34
0 %, 20 MiB, 210 MHz, 405 MHz, 22.22 W, 29
1860706, /home/ndizazzo/dev/mesh/issue1393-q4-snapshot-20260930/target/release/xtask, 20134 MiB
 01:38:24 up 7 days,  9:29,  6 users,  load average: 1.63, 1.61, 1.32
2026-10-01T01:38:26-04:00
92 %, 20571 MiB, 2925 MHz, 13801 MHz, 93.09 W, 34
0 %, 20 MiB, 210 MHz, 405 MHz, 21.99 W, 29
1860706, /home/ndizazzo/dev/mesh/issue1393-q4-snapshot-20260930/target/release/xtask, 20134 MiB
 01:38:26 up 7 days,  9:29,  6 users,  load average: 1.58, 1.60, 1.32
2026-10-01T01:38:28-04:00
94 %, 20571 MiB, 2925 MHz, 13801 MHz, 94.20 W, 34
0 %, 20 MiB, 210 MHz, 405 MHz, 21.11 W, 29
1860706, /home/ndizazzo/dev/mesh/issue1393-q4-snapshot-20260930/target/release/xtask, 20134 MiB
 01:38:28 up 7 days,  9:29,  6 users,  load average: 1.58, 1.60, 1.32
2026-10-01T01:38:30-04:00
96 %, 20571 MiB, 2925 MHz, 13801 MHz, 94.36 W, 34
0 %, 20 MiB, 210 MHz, 405 MHz, 21.28 W, 28
1860706, /home/ndizazzo/dev/mesh/issue1393-q4-snapshot-20260930/target/release/xtask, 20134 MiB
 01:38:30 up 7 days,  9:29,  6 users,  load average: 1.61, 1.61, 1.32
2026-10-01T01:38:32-04:00
89 %, 20571 MiB, 2925 MHz, 13801 MHz, 94.62 W, 34
0 %, 20 MiB, 210 MHz, 405 MHz, 27.30 W, 29
1860706, /home/ndizazzo/dev/mesh/issue1393-q4-snapshot-20260930/target/release/xtask, 20134 MiB
 01:38:32 up 7 days,  9:29,  6 users,  load average: 1.61, 1.61, 1.32
2026-10-01T01:38:34-04:00
97 %, 20571 MiB, 2925 MHz, 13801 MHz, 94.37 W, 34
0 %, 20 MiB, 210 MHz, 405 MHz, 21.44 W, 28
1860706, /home/ndizazzo/dev/mesh/issue1393-q4-snapshot-20260930/target/release/xtask, 20134 MiB
 01:38:34 up 7 days,  9:29,  6 users,  load average: 1.61, 1.61, 1.32
2026-10-01T01:38:36-04:00
100 %, 20571 MiB, 2925 MHz, 13801 MHz, 92.99 W, 33
0 %, 20 MiB, 210 MHz, 405 MHz, 21.25 W, 29
1860706, /home/ndizazzo/dev/mesh/issue1393-q4-snapshot-20260930/target/release/xtask, 20134 MiB
 01:38:36 up 7 days,  9:29,  6 users,  load average: 1.64, 1.61, 1.32
2026-10-01T01:38:38-04:00
93 %, 20571 MiB, 2925 MHz, 13801 MHz, 93.34 W, 34
0 %, 20 MiB, 210 MHz, 405 MHz, 22.87 W, 29
1860706, /home/ndizazzo/dev/mesh/issue1393-q4-snapshot-20260930/target/release/xtask, 20134 MiB
 01:38:38 up 7 days,  9:29,  6 users,  load average: 1.64, 1.61, 1.32
2026-10-01T01:38:40-04:00
95 %, 20571 MiB, 2925 MHz, 13801 MHz, 93.47 W, 34
0 %, 20 MiB, 210 MHz, 405 MHz, 22.21 W, 29
1860706, /home/ndizazzo/dev/mesh/issue1393-q4-snapshot-20260930/target/release/xtask, 20134 MiB
 01:38:40 up 7 days,  9:29,  6 users,  load average: 1.67, 1.62, 1.33
2026-10-01T01:38:42-04:00
94 %, 20571 MiB, 2925 MHz, 13801 MHz, 93.60 W, 34
0 %, 20 MiB, 210 MHz, 405 MHz, 21.18 W, 29
1860706, /home/ndizazzo/dev/mesh/issue1393-q4-snapshot-20260930/target/release/xtask, 20134 MiB
 01:38:42 up 7 days,  9:29,  6 users,  load average: 1.67, 1.62, 1.33
2026-10-01T01:38:44-04:00
95 %, 20571 MiB, 2925 MHz, 13801 MHz, 94.27 W, 34
0 %, 20 MiB, 210 MHz, 405 MHz, 21.23 W, 29
1860706, /home/ndizazzo/dev/mesh/issue1393-q4-snapshot-20260930/target/release/xtask, 20134 MiB
 01:38:44 up 7 days,  9:29,  6 users,  load average: 1.67, 1.62, 1.33
2026-10-01T01:38:46-04:00
100 %, 20571 MiB, 2925 MHz, 13801 MHz, 93.61 W, 34
0 %, 20 MiB, 210 MHz, 405 MHz, 27.22 W, 29
1860706, /home/ndizazzo/dev/mesh/issue1393-q4-snapshot-20260930/target/release/xtask, 20134 MiB
 01:38:46 up 7 days,  9:29,  6 users,  load average: 1.70, 1.63, 1.33
2026-10-01T01:38:48-04:00
89 %, 20571 MiB, 2925 MHz, 13801 MHz, 94.40 W, 34
0 %, 20 MiB, 210 MHz, 405 MHz, 21.25 W, 29
1860706, /home/ndizazzo/dev/mesh/issue1393-q4-snapshot-20260930/target/release/xtask, 20134 MiB
 01:38:48 up 7 days,  9:29,  6 users,  load average: 1.70, 1.63, 1.33
2026-10-01T01:38:50-04:00
94 %, 20571 MiB, 2925 MHz, 13801 MHz, 94.11 W, 34
0 %, 20 MiB, 210 MHz, 405 MHz, 21.04 W, 29
1860706, /home/ndizazzo/dev/mesh/issue1393-q4-snapshot-20260930/target/release/xtask, 20134 MiB
 01:38:50 up 7 days,  9:29,  6 users,  load average: 1.72, 1.63, 1.34
2026-10-01T01:38:52-04:00
97 %, 20571 MiB, 2925 MHz, 13801 MHz, 94.05 W, 34
0 %, 20 MiB, 210 MHz, 405 MHz, 23.70 W, 29
1860706, /home/ndizazzo/dev/mesh/issue1393-q4-snapshot-20260930/target/release/xtask, 20134 MiB
 01:38:52 up 7 days,  9:29,  6 users,  load average: 1.72, 1.63, 1.34
2026-10-01T01:38:54-04:00
96 %, 20571 MiB, 2925 MHz, 13801 MHz, 92.92 W, 34
0 %, 20 MiB, 210 MHz, 405 MHz, 22.03 W, 29
1860706, /home/ndizazzo/dev/mesh/issue1393-q4-snapshot-20260930/target/release/xtask, 20134 MiB
 01:38:55 up 7 days,  9:29,  6 users,  load average: 1.83, 1.66, 1.34
2026-10-01T01:38:57-04:00
91 %, 20571 MiB, 2925 MHz, 13801 MHz, 92.77 W, 34
0 %, 20 MiB, 210 MHz, 405 MHz, 21.28 W, 29
1860706, /home/ndizazzo/dev/mesh/issue1393-q4-snapshot-20260930/target/release/xtask, 20134 MiB
 01:38:57 up 7 days,  9:30,  6 users,  load average: 1.83, 1.66, 1.34
2026-10-01T01:38:59-04:00
96 %, 20571 MiB, 2925 MHz, 13801 MHz, 92.76 W, 34
0 %, 20 MiB, 210 MHz, 405 MHz, 21.26 W, 29
1860706, /home/ndizazzo/dev/mesh/issue1393-q4-snapshot-20260930/target/release/xtask, 20134 MiB
 01:38:59 up 7 days,  9:30,  6 users,  load average: 1.83, 1.66, 1.34
2026-10-01T01:39:01-04:00
87 %, 20571 MiB, 2925 MHz, 13801 MHz, 93.69 W, 34
0 %, 20 MiB, 210 MHz, 405 MHz, 27.63 W, 29
1860706, /home/ndizazzo/dev/mesh/issue1393-q4-snapshot-20260930/target/release/xtask, 20134 MiB
 01:39:01 up 7 days,  9:30,  6 users,  load average: 1.84, 1.66, 1.35
2026-10-01T01:39:03-04:00
95 %, 20571 MiB, 2925 MHz, 13801 MHz, 93.51 W, 34
0 %, 20 MiB, 210 MHz, 405 MHz, 21.51 W, 29
1860706, /home/ndizazzo/dev/mesh/issue1393-q4-snapshot-20260930/target/release/xtask, 20134 MiB
 01:39:03 up 7 days,  9:30,  6 users,  load average: 1.84, 1.66, 1.35
2026-10-01T01:39:05-04:00
94 %, 20571 MiB, 2925 MHz, 13801 MHz, 94.47 W, 34
0 %, 20 MiB, 210 MHz, 405 MHz, 21.25 W, 29
1860706, /home/ndizazzo/dev/mesh/issue1393-q4-snapshot-20260930/target/release/xtask, 20134 MiB
 01:39:05 up 7 days,  9:30,  6 users,  load average: 1.85, 1.67, 1.35
2026-10-01T01:39:07-04:00
90 %, 20571 MiB, 2925 MHz, 13801 MHz, 94.58 W, 34
0 %, 20 MiB, 210 MHz, 405 MHz, 24.11 W, 29
1860706, /home/ndizazzo/dev/mesh/issue1393-q4-snapshot-20260930/target/release/xtask, 20134 MiB
 01:39:07 up 7 days,  9:30,  6 users,  load average: 1.85, 1.67, 1.35
2026-10-01T01:39:09-04:00
100 %, 20571 MiB, 2925 MHz, 13801 MHz, 93.34 W, 34
0 %, 20 MiB, 210 MHz, 405 MHz, 22.18 W, 29
1860706, /home/ndizazzo/dev/mesh/issue1393-q4-snapshot-20260930/target/release/xtask, 20134 MiB
 01:39:09 up 7 days,  9:30,  6 users,  load average: 1.85, 1.67, 1.35
2026-10-01T01:39:11-04:00
91 %, 20571 MiB, 2925 MHz, 13801 MHz, 92.98 W, 34
0 %, 20 MiB, 210 MHz, 405 MHz, 21.13 W, 29
1860706, /home/ndizazzo/dev/mesh/issue1393-q4-snapshot-20260930/target/release/xtask, 20134 MiB
 01:39:11 up 7 days,  9:30,  6 users,  load average: 1.87, 1.67, 1.36
2026-10-01T01:39:13-04:00
93 %, 20571 MiB, 2925 MHz, 13801 MHz, 94.26 W, 34
0 %, 20 MiB, 210 MHz, 405 MHz, 21.27 W, 29
1860706, /home/ndizazzo/dev/mesh/issue1393-q4-snapshot-20260930/target/release/xtask, 20134 MiB
 01:39:13 up 7 days,  9:30,  6 users,  load average: 1.87, 1.67, 1.36
2026-10-01T01:39:15-04:00
98 %, 20571 MiB, 2925 MHz, 13801 MHz, 95.10 W, 34
0 %, 20 MiB, 210 MHz, 405 MHz, 27.47 W, 29
1860706, /home/ndizazzo/dev/mesh/issue1393-q4-snapshot-20260930/target/release/xtask, 20134 MiB
 01:39:15 up 7 days,  9:30,  6 users,  load average: 1.80, 1.66, 1.35
2026-10-01T01:39:17-04:00
91 %, 20571 MiB, 2925 MHz, 13801 MHz, 96.61 W, 34
0 %, 20 MiB, 210 MHz, 405 MHz, 21.22 W, 29
1860706, /home/ndizazzo/dev/mesh/issue1393-q4-snapshot-20260930/target/release/xtask, 20134 MiB
 01:39:17 up 7 days,  9:30,  6 users,  load average: 1.80, 1.66, 1.35
2026-10-01T01:39:19-04:00
96 %, 20571 MiB, 2925 MHz, 13801 MHz, 93.19 W, 34
0 %, 20 MiB, 210 MHz, 405 MHz, 21.11 W, 29
1860706, /home/ndizazzo/dev/mesh/issue1393-q4-snapshot-20260930/target/release/xtask, 20134 MiB
 01:39:19 up 7 days,  9:30,  6 users,  load average: 1.80, 1.66, 1.35
2026-10-01T01:39:21-04:00
90 %, 20571 MiB, 2925 MHz, 13801 MHz, 94.90 W, 34
0 %, 20 MiB, 210 MHz, 405 MHz, 23.14 W, 29
1860706, /home/ndizazzo/dev/mesh/issue1393-q4-snapshot-20260930/target/release/xtask, 20134 MiB
 01:39:21 up 7 days,  9:30,  6 users,  load average: 1.81, 1.67, 1.36
2026-10-01T01:39:23-04:00
92 %, 20571 MiB, 2925 MHz, 13801 MHz, 94.12 W, 34
0 %, 20 MiB, 210 MHz, 405 MHz, 21.58 W, 29
1860706, /home/ndizazzo/dev/mesh/issue1393-q4-snapshot-20260930/target/release/xtask, 20134 MiB
 01:39:23 up 7 days,  9:30,  6 users,  load average: 1.81, 1.67, 1.36
2026-10-01T01:39:25-04:00
96 %, 20571 MiB, 2925 MHz, 13801 MHz, 94.40 W, 34
0 %, 20 MiB, 210 MHz, 405 MHz, 21.24 W, 29
1860706, /home/ndizazzo/dev/mesh/issue1393-q4-snapshot-20260930/target/release/xtask, 20134 MiB
 01:39:25 up 7 days,  9:30,  6 users,  load average: 1.75, 1.66, 1.36
2026-10-01T01:39:27-04:00
100 %, 20571 MiB, 2925 MHz, 13801 MHz, 93.13 W, 34
0 %, 20 MiB, 210 MHz, 405 MHz, 21.26 W, 29
1860706, /home/ndizazzo/dev/mesh/issue1393-q4-snapshot-20260930/target/release/xtask, 20134 MiB
 01:39:27 up 7 days,  9:30,  6 users,  load average: 1.75, 1.66, 1.36
2026-10-01T01:39:29-04:00
85 %, 20571 MiB, 2925 MHz, 13801 MHz, 93.21 W, 34
0 %, 20 MiB, 210 MHz, 405 MHz, 27.23 W, 29
1860706, /home/ndizazzo/dev/mesh/issue1393-q4-snapshot-20260930/target/release/xtask, 20134 MiB
 01:39:30 up 7 days,  9:30,  6 users,  load average: 1.69, 1.65, 1.35
2026-10-01T01:39:32-04:00
96 %, 20571 MiB, 2925 MHz, 13801 MHz, 93.69 W, 34
0 %, 20 MiB, 210 MHz, 405 MHz, 21.46 W, 29
1860706, /home/ndizazzo/dev/mesh/issue1393-q4-snapshot-20260930/target/release/xtask, 20134 MiB
 01:39:32 up 7 days,  9:30,  6 users,  load average: 1.69, 1.65, 1.35
2026-10-01T01:39:34-04:00
88 %, 20571 MiB, 2925 MHz, 13801 MHz, 94.47 W, 34
0 %, 20 MiB, 210 MHz, 405 MHz, 21.24 W, 29
1860706, /home/ndizazzo/dev/mesh/issue1393-q4-snapshot-20260930/target/release/xtask, 20134 MiB
 01:39:34 up 7 days,  9:30,  6 users,  load average: 1.69, 1.65, 1.35
2026-10-01T01:39:36-04:00
92 %, 20571 MiB, 2925 MHz, 13801 MHz, 93.98 W, 34
0 %, 20 MiB, 210 MHz, 405 MHz, 23.59 W, 29
1860706, /home/ndizazzo/dev/mesh/issue1393-q4-snapshot-20260930/target/release/xtask, 20134 MiB
 01:39:36 up 7 days,  9:30,  6 users,  load average: 1.63, 1.64, 1.35
2026-10-01T01:39:38-04:00
97 %, 20571 MiB, 2925 MHz, 13801 MHz, 93.88 W, 34
0 %, 20 MiB, 210 MHz, 405 MHz, 22.02 W, 29
1860706, /home/ndizazzo/dev/mesh/issue1393-q4-snapshot-20260930/target/release/xtask, 20134 MiB
 01:39:38 up 7 days,  9:30,  6 users,  load average: 1.63, 1.64, 1.35
2026-10-01T01:39:40-04:00
100 %, 20571 MiB, 2925 MHz, 13801 MHz, 92.28 W, 34
0 %, 20 MiB, 210 MHz, 405 MHz, 21.05 W, 29
1860706, /home/ndizazzo/dev/mesh/issue1393-q4-snapshot-20260930/target/release/xtask, 20134 MiB
 01:39:40 up 7 days,  9:30,  6 users,  load average: 1.66, 1.64, 1.36
2026-10-01T01:39:42-04:00
94 %, 20571 MiB, 2925 MHz, 13801 MHz, 92.77 W, 34
0 %, 20 MiB, 210 MHz, 405 MHz, 21.14 W, 29
1860706, /home/ndizazzo/dev/mesh/issue1393-q4-snapshot-20260930/target/release/xtask, 20134 MiB
 01:39:42 up 7 days,  9:30,  6 users,  load average: 1.66, 1.64, 1.36
2026-10-01T01:39:44-04:00
98 %, 20571 MiB, 2925 MHz, 13801 MHz, 93.39 W, 34
0 %, 20 MiB, 210 MHz, 405 MHz, 22.47 W, 29
1860706, /home/ndizazzo/dev/mesh/issue1393-q4-snapshot-20260930/target/release/xtask, 20134 MiB
 01:39:44 up 7 days,  9:30,  6 users,  load average: 1.66, 1.64, 1.36
2026-10-01T01:39:46-04:00
100 %, 20571 MiB, 2925 MHz, 13801 MHz, 95.37 W, 34
0 %, 20 MiB, 210 MHz, 405 MHz, 21.18 W, 29
1860706, /home/ndizazzo/dev/mesh/issue1393-q4-snapshot-20260930/target/release/xtask, 20134 MiB
 01:39:46 up 7 days,  9:30,  6 users,  load average: 1.69, 1.65, 1.36
2026-10-01T01:39:48-04:00
94 %, 20571 MiB, 2925 MHz, 13801 MHz, 93.05 W, 34
0 %, 20 MiB, 210 MHz, 405 MHz, 21.16 W, 29
1860706, /home/ndizazzo/dev/mesh/issue1393-q4-snapshot-20260930/target/release/xtask, 20134 MiB
 01:39:48 up 7 days,  9:30,  6 users,  load average: 1.69, 1.65, 1.36
2026-10-01T01:39:50-04:00
91 %, 20571 MiB, 2925 MHz, 13801 MHz, 94.72 W, 34
0 %, 20 MiB, 210 MHz, 405 MHz, 23.90 W, 29
1860706, /home/ndizazzo/dev/mesh/issue1393-q4-snapshot-20260930/target/release/xtask, 20134 MiB
 01:39:50 up 7 days,  9:30,  6 users,  load average: 1.71, 1.65, 1.36
2026-10-01T01:39:52-04:00
89 %, 20571 MiB, 2925 MHz, 13801 MHz, 94.87 W, 34
0 %, 20 MiB, 210 MHz, 405 MHz, 22.15 W, 29
1860706, /home/ndizazzo/dev/mesh/issue1393-q4-snapshot-20260930/target/release/xtask, 20134 MiB
 01:39:52 up 7 days,  9:30,  6 users,  load average: 1.71, 1.65, 1.36
2026-10-01T01:39:54-04:00
95 %, 20571 MiB, 2925 MHz, 13801 MHz, 94.34 W, 34
0 %, 20 MiB, 210 MHz, 405 MHz, 21.07 W, 29
1860706, /home/ndizazzo/dev/mesh/issue1393-q4-snapshot-20260930/target/release/xtask, 20134 MiB
 01:39:54 up 7 days,  9:30,  6 users,  load average: 1.71, 1.65, 1.36
2026-10-01T01:39:56-04:00
91 %, 20571 MiB, 2925 MHz, 13801 MHz, 94.37 W, 34
0 %, 20 MiB, 210 MHz, 405 MHz, 21.00 W, 29
1860706, /home/ndizazzo/dev/mesh/issue1393-q4-snapshot-20260930/target/release/xtask, 20134 MiB
 01:39:56 up 7 days,  9:30,  6 users,  load average: 1.74, 1.66, 1.37
2026-10-01T01:39:58-04:00
87 %, 20571 MiB, 2925 MHz, 13801 MHz, 94.40 W, 34
0 %, 20 MiB, 210 MHz, 405 MHz, 21.97 W, 29
1860706, /home/ndizazzo/dev/mesh/issue1393-q4-snapshot-20260930/target/release/xtask, 20134 MiB
 01:39:58 up 7 days,  9:31,  6 users,  load average: 1.74, 1.66, 1.37
2026-10-01T01:40:00-04:00
96 %, 20571 MiB, 2925 MHz, 13801 MHz, 94.27 W, 34
0 %, 20 MiB, 210 MHz, 405 MHz, 21.07 W, 29
1860706, /home/ndizazzo/dev/mesh/issue1393-q4-snapshot-20260930/target/release/xtask, 20134 MiB
 01:40:00 up 7 days,  9:31,  6 users,  load average: 1.76, 1.67, 1.37
2026-10-01T01:40:02-04:00
100 %, 20571 MiB, 2925 MHz, 13801 MHz, 93.75 W, 34
0 %, 20 MiB, 210 MHz, 405 MHz, 21.05 W, 29
1860706, /home/ndizazzo/dev/mesh/issue1393-q4-snapshot-20260930/target/release/xtask, 20134 MiB
 01:40:02 up 7 days,  9:31,  6 users,  load average: 1.76, 1.67, 1.37
2026-10-01T01:40:04-04:00
96 %, 20571 MiB, 2925 MHz, 13801 MHz, 93.59 W, 34
0 %, 20 MiB, 210 MHz, 405 MHz, 27.45 W, 29
1860706, /home/ndizazzo/dev/mesh/issue1393-q4-snapshot-20260930/target/release/xtask, 20134 MiB
 01:40:05 up 7 days,  9:31,  6 users,  load average: 1.86, 1.69, 1.38
2026-10-01T01:40:07-04:00
90 %, 20571 MiB, 2925 MHz, 13801 MHz, 93.31 W, 34
0 %, 20 MiB, 210 MHz, 405 MHz, 22.06 W, 29
1860706, /home/ndizazzo/dev/mesh/issue1393-q4-snapshot-20260930/target/release/xtask, 20134 MiB
 01:40:07 up 7 days,  9:31,  6 users,  load average: 1.86, 1.69, 1.38
2026-10-01T01:40:09-04:00
94 %, 20571 MiB, 2925 MHz, 13801 MHz, 94.16 W, 34
0 %, 20 MiB, 210 MHz, 405 MHz, 21.17 W, 29
1860706, /home/ndizazzo/dev/mesh/issue1393-q4-snapshot-20260930/target/release/xtask, 20134 MiB
 01:40:09 up 7 days,  9:31,  6 users,  load average: 1.86, 1.69, 1.38
2026-10-01T01:40:11-04:00
96 %, 20571 MiB, 2925 MHz, 13801 MHz, 94.69 W, 34
0 %, 20 MiB, 210 MHz, 405 MHz, 21.23 W, 29
1860706, /home/ndizazzo/dev/mesh/issue1393-q4-snapshot-20260930/target/release/xtask, 20134 MiB
 01:40:11 up 7 days,  9:31,  6 users,  load average: 1.79, 1.68, 1.38
2026-10-01T01:40:13-04:00
91 %, 20571 MiB, 2925 MHz, 13801 MHz, 94.79 W, 34
0 %, 20 MiB, 210 MHz, 405 MHz, 27.71 W, 29
1860706, /home/ndizazzo/dev/mesh/issue1393-q4-snapshot-20260930/target/release/xtask, 20134 MiB
 01:40:13 up 7 days,  9:31,  6 users,  load average: 1.79, 1.68, 1.38
2026-10-01T01:40:15-04:00
100 %, 20571 MiB, 2925 MHz, 13801 MHz, 93.98 W, 34
0 %, 20 MiB, 210 MHz, 405 MHz, 21.08 W, 29
1860706, /home/ndizazzo/dev/mesh/issue1393-q4-snapshot-20260930/target/release/xtask, 20134 MiB
 01:40:15 up 7 days,  9:31,  6 users,  load average: 1.81, 1.68, 1.38
2026-10-01T01:40:17-04:00
92 %, 20571 MiB, 2925 MHz, 13801 MHz, 94.99 W, 34
0 %, 20 MiB, 210 MHz, 405 MHz, 21.38 W, 29
1860706, /home/ndizazzo/dev/mesh/issue1393-q4-snapshot-20260930/target/release/xtask, 20134 MiB
 01:40:17 up 7 days,  9:31,  6 users,  load average: 1.81, 1.68, 1.38
2026-10-01T01:40:19-04:00
85 %, 20571 MiB, 2925 MHz, 13801 MHz, 94.96 W, 34
0 %, 20 MiB, 210 MHz, 405 MHz, 27.22 W, 29
1860706, /home/ndizazzo/dev/mesh/issue1393-q4-snapshot-20260930/target/release/xtask, 20134 MiB
 01:40:19 up 7 days,  9:31,  6 users,  load average: 1.81, 1.68, 1.38
2026-10-01T01:40:21-04:00
96 %, 20571 MiB, 2925 MHz, 13801 MHz, 94.33 W, 34
0 %, 20 MiB, 210 MHz, 405 MHz, 21.42 W, 29
1860706, /home/ndizazzo/dev/mesh/issue1393-q4-snapshot-20260930/target/release/xtask, 20134 MiB
 01:40:21 up 7 days,  9:31,  6 users,  load average: 1.82, 1.69, 1.38
2026-10-01T01:40:23-04:00
93 %, 20571 MiB, 2925 MHz, 13801 MHz, 92.86 W, 34
0 %, 20 MiB, 210 MHz, 405 MHz, 21.12 W, 29
1860706, /home/ndizazzo/dev/mesh/issue1393-q4-snapshot-20260930/target/release/xtask, 20134 MiB
 01:40:23 up 7 days,  9:31,  6 users,  load average: 1.82, 1.69, 1.38
2026-10-01T01:40:25-04:00
98 %, 20571 MiB, 2925 MHz, 13801 MHz, 93.77 W, 34
0 %, 20 MiB, 210 MHz, 405 MHz, 21.06 W, 29
1860706, /home/ndizazzo/dev/mesh/issue1393-q4-snapshot-20260930/target/release/xtask, 20134 MiB
 01:40:25 up 7 days,  9:31,  6 users,  load average: 1.84, 1.69, 1.39
2026-10-01T01:40:27-04:00
92 %, 20571 MiB, 2925 MHz, 13801 MHz, 93.92 W, 34
0 %, 20 MiB, 210 MHz, 405 MHz, 27.40 W, 29
1860706, /home/ndizazzo/dev/mesh/issue1393-q4-snapshot-20260930/target/release/xtask, 20134 MiB
 01:40:27 up 7 days,  9:31,  6 users,  load average: 1.84, 1.69, 1.39
2026-10-01T01:40:29-04:00
85 %, 20571 MiB, 2925 MHz, 13801 MHz, 92.52 W, 34
0 %, 20 MiB, 210 MHz, 405 MHz, 21.24 W, 29
1860706, /home/ndizazzo/dev/mesh/issue1393-q4-snapshot-20260930/target/release/xtask, 20134 MiB
 01:40:29 up 7 days,  9:31,  6 users,  load average: 1.84, 1.69, 1.39
2026-10-01T01:40:31-04:00
96 %, 20571 MiB, 2925 MHz, 13801 MHz, 93.94 W, 34
0 %, 20 MiB, 210 MHz, 405 MHz, 21.00 W, 29
1860706, /home/ndizazzo/dev/mesh/issue1393-q4-snapshot-20260930/target/release/xtask, 20134 MiB
 01:40:31 up 7 days,  9:31,  6 users,  load average: 1.85, 1.70, 1.39
2026-10-01T01:40:33-04:00
85 %, 20571 MiB, 2925 MHz, 13801 MHz, 94.48 W, 34
0 %, 20 MiB, 210 MHz, 405 MHz, 27.47 W, 29
1860706, /home/ndizazzo/dev/mesh/issue1393-q4-snapshot-20260930/target/release/xtask, 20134 MiB
 01:40:33 up 7 days,  9:31,  6 users,  load average: 1.85, 1.70, 1.39
2026-10-01T01:40:35-04:00
95 %, 20571 MiB, 2925 MHz, 13801 MHz, 94.78 W, 34
0 %, 20 MiB, 210 MHz, 405 MHz, 21.48 W, 29
1860706, /home/ndizazzo/dev/mesh/issue1393-q4-snapshot-20260930/target/release/xtask, 20134 MiB
 01:40:35 up 7 days,  9:31,  6 users,  load average: 1.86, 1.70, 1.39
2026-10-01T01:40:37-04:00
94 %, 20571 MiB, 2925 MHz, 13801 MHz, 94.24 W, 34
0 %, 20 MiB, 210 MHz, 405 MHz, 21.05 W, 29
1860706, /home/ndizazzo/dev/mesh/issue1393-q4-snapshot-20260930/target/release/xtask, 20134 MiB
 01:40:37 up 7 days,  9:31,  6 users,  load average: 1.86, 1.70, 1.39
2026-10-01T01:40:39-04:00
86 %, 20571 MiB, 2925 MHz, 13801 MHz, 92.89 W, 34
0 %, 20 MiB, 210 MHz, 405 MHz, 21.30 W, 29
1860706, /home/ndizazzo/dev/mesh/issue1393-q4-snapshot-20260930/target/release/xtask, 20134 MiB
 01:40:40 up 7 days,  9:31,  6 users,  load average: 1.87, 1.71, 1.40
2026-10-01T01:40:42-04:00
98 %, 20571 MiB, 2925 MHz, 13801 MHz, 92.94 W, 34
0 %, 20 MiB, 210 MHz, 405 MHz, 22.05 W, 29
1860706, /home/ndizazzo/dev/mesh/issue1393-q4-snapshot-20260930/target/release/xtask, 20134 MiB
 01:40:42 up 7 days,  9:31,  6 users,  load average: 1.87, 1.71, 1.40
2026-10-01T01:40:44-04:00
95 %, 20571 MiB, 2925 MHz, 13801 MHz, 93.30 W, 34
0 %, 20 MiB, 210 MHz, 405 MHz, 21.13 W, 29
1860706, /home/ndizazzo/dev/mesh/issue1393-q4-snapshot-20260930/target/release/xtask, 20134 MiB
 01:40:44 up 7 days,  9:31,  6 users,  load average: 1.87, 1.71, 1.40
2026-10-01T01:40:46-04:00
100 %, 20871 MiB, 2925 MHz, 13801 MHz, 96.55 W, 34
0 %, 20 MiB, 210 MHz, 405 MHz, 21.18 W, 29
1860706, /home/ndizazzo/dev/mesh/issue1393-q4-snapshot-20260930/target/release/xtask, 20434 MiB
 01:40:46 up 7 days,  9:31,  6 users,  load average: 1.80, 1.70, 1.40
2026-10-01T01:40:48-04:00
100 %, 20871 MiB, 2925 MHz, 13801 MHz, 91.39 W, 34
0 %, 20 MiB, 210 MHz, 405 MHz, 27.24 W, 29
1860706, /home/ndizazzo/dev/mesh/issue1393-q4-snapshot-20260930/target/release/xtask, 20434 MiB
 01:40:48 up 7 days,  9:31,  6 users,  load average: 1.80, 1.70, 1.40
2026-10-01T01:40:50-04:00
100 %, 20871 MiB, 2925 MHz, 13801 MHz, 92.37 W, 34
0 %, 20 MiB, 210 MHz, 405 MHz, 22.04 W, 29
1860706, /home/ndizazzo/dev/mesh/issue1393-q4-snapshot-20260930/target/release/xtask, 20434 MiB
 01:40:50 up 7 days,  9:31,  6 users,  load average: 1.82, 1.70, 1.40
2026-10-01T01:40:52-04:00
100 %, 20871 MiB, 2925 MHz, 13801 MHz, 93.56 W, 34
0 %, 20 MiB, 210 MHz, 405 MHz, 21.15 W, 29
1860706, /home/ndizazzo/dev/mesh/issue1393-q4-snapshot-20260930/target/release/xtask, 20434 MiB
 01:40:52 up 7 days,  9:31,  6 users,  load average: 1.82, 1.70, 1.40
2026-10-01T01:40:54-04:00
95 %, 20873 MiB, 2925 MHz, 13801 MHz, 94.10 W, 34
0 %, 20 MiB, 210 MHz, 405 MHz, 22.37 W, 29
1860706, /home/ndizazzo/dev/mesh/issue1393-q4-snapshot-20260930/target/release/xtask, 20436 MiB
 01:40:54 up 7 days,  9:31,  6 users,  load average: 1.82, 1.70, 1.40
2026-10-01T01:40:56-04:00
83 %, 20873 MiB, 2925 MHz, 13801 MHz, 94.16 W, 34
0 %, 20 MiB, 210 MHz, 405 MHz, 22.49 W, 29
1860706, /home/ndizazzo/dev/mesh/issue1393-q4-snapshot-20260930/target/release/xtask, 20436 MiB
 01:40:56 up 7 days,  9:31,  6 users,  load average: 1.83, 1.71, 1.40
2026-10-01T01:40:58-04:00
100 %, 20873 MiB, 2925 MHz, 13801 MHz, 93.10 W, 34
0 %, 20 MiB, 210 MHz, 405 MHz, 21.17 W, 29
1860706, /home/ndizazzo/dev/mesh/issue1393-q4-snapshot-20260930/target/release/xtask, 20436 MiB
 01:40:58 up 7 days,  9:32,  6 users,  load average: 1.83, 1.71, 1.40
2026-10-01T01:41:00-04:00
97 %, 20873 MiB, 2925 MHz, 13801 MHz, 93.53 W, 34
0 %, 20 MiB, 210 MHz, 405 MHz, 21.32 W, 29
1860706, /home/ndizazzo/dev/mesh/issue1393-q4-snapshot-20260930/target/release/xtask, 20436 MiB
 01:41:00 up 7 days,  9:32,  6 users,  load average: 1.77, 1.70, 1.40
2026-10-01T01:41:02-04:00
78 %, 20873 MiB, 2925 MHz, 13801 MHz, 94.13 W, 34
0 %, 20 MiB, 210 MHz, 405 MHz, 27.20 W, 29
1860706, /home/ndizazzo/dev/mesh/issue1393-q4-snapshot-20260930/target/release/xtask, 20436 MiB
 01:41:02 up 7 days,  9:32,  6 users,  load average: 1.77, 1.70, 1.40
2026-10-01T01:41:04-04:00
91 %, 20873 MiB, 2925 MHz, 13801 MHz, 93.93 W, 34
0 %, 20 MiB, 210 MHz, 405 MHz, 21.53 W, 29
1860706, /home/ndizazzo/dev/mesh/issue1393-q4-snapshot-20260930/target/release/xtask, 20436 MiB
 01:41:04 up 7 days,  9:32,  6 users,  load average: 1.77, 1.70, 1.40
2026-10-01T01:41:06-04:00
94 %, 20875 MiB, 2925 MHz, 13801 MHz, 94.00 W, 34
0 %, 20 MiB, 210 MHz, 405 MHz, 21.26 W, 29
1860706, /home/ndizazzo/dev/mesh/issue1393-q4-snapshot-20260930/target/release/xtask, 20438 MiB
 01:41:06 up 7 days,  9:32,  6 users,  load average: 1.79, 1.70, 1.40
2026-10-01T01:41:08-04:00
89 %, 20875 MiB, 2925 MHz, 13801 MHz, 94.15 W, 34
0 %, 20 MiB, 210 MHz, 405 MHz, 22.93 W, 29
1860706, /home/ndizazzo/dev/mesh/issue1393-q4-snapshot-20260930/target/release/xtask, 20438 MiB
 01:41:08 up 7 days,  9:32,  6 users,  load average: 1.79, 1.70, 1.40
2026-10-01T01:41:10-04:00
97 %, 20875 MiB, 2925 MHz, 13801 MHz, 93.50 W, 34
0 %, 20 MiB, 210 MHz, 405 MHz, 22.10 W, 29
1860706, /home/ndizazzo/dev/mesh/issue1393-q4-snapshot-20260930/target/release/xtask, 20438 MiB
 01:41:10 up 7 days,  9:32,  6 users,  load average: 1.72, 1.69, 1.40
2026-10-01T01:41:12-04:00
96 %, 20875 MiB, 2925 MHz, 13801 MHz, 92.44 W, 34
0 %, 20 MiB, 210 MHz, 405 MHz, 21.18 W, 29
1860706, /home/ndizazzo/dev/mesh/issue1393-q4-snapshot-20260930/target/release/xtask, 20438 MiB
 01:41:12 up 7 days,  9:32,  6 users,  load average: 1.72, 1.69, 1.40
2026-10-01T01:41:14-04:00
82 %, 20875 MiB, 2925 MHz, 13801 MHz, 91.85 W, 34
0 %, 20 MiB, 210 MHz, 405 MHz, 21.24 W, 29
1860706, /home/ndizazzo/dev/mesh/issue1393-q4-snapshot-20260930/target/release/xtask, 20438 MiB
 01:41:15 up 7 days,  9:32,  6 users,  load average: 1.83, 1.71, 1.41
2026-10-01T01:41:17-04:00
96 %, 20875 MiB, 2925 MHz, 13801 MHz, 94.39 W, 34
0 %, 20 MiB, 210 MHz, 405 MHz, 27.53 W, 29
1860706, /home/ndizazzo/dev/mesh/issue1393-q4-snapshot-20260930/target/release/xtask, 20438 MiB
 01:41:17 up 7 days,  9:32,  6 users,  load average: 1.83, 1.71, 1.41
2026-10-01T01:41:19-04:00
96 %, 20875 MiB, 2925 MHz, 13801 MHz, 92.77 W, 34
0 %, 20 MiB, 210 MHz, 405 MHz, 21.22 W, 29
1860706, /home/ndizazzo/dev/mesh/issue1393-q4-snapshot-20260930/target/release/xtask, 20438 MiB
 01:41:19 up 7 days,  9:32,  6 users,  load average: 1.83, 1.71, 1.41
2026-10-01T01:41:21-04:00
98 %, 20877 MiB, 2925 MHz, 13801 MHz, 96.10 W, 34
0 %, 20 MiB, 210 MHz, 405 MHz, 21.13 W, 29
1860706, /home/ndizazzo/dev/mesh/issue1393-q4-snapshot-20260930/target/release/xtask, 20440 MiB
 01:41:21 up 7 days,  9:32,  6 users,  load average: 1.84, 1.72, 1.41
2026-10-01T01:41:23-04:00
100 %, 20879 MiB, 2925 MHz, 13801 MHz, 97.26 W, 34
1 %, 20 MiB, 210 MHz, 405 MHz, 21.50 W, 29
1860706, /home/ndizazzo/dev/mesh/issue1393-q4-snapshot-20260930/target/release/xtask, 20442 MiB
 01:41:23 up 7 days,  9:32,  6 users,  load average: 1.84, 1.72, 1.41
2026-10-01T01:41:25-04:00
96 %, 20871 MiB, 2925 MHz, 13801 MHz, 93.25 W, 34
0 %, 20 MiB, 210 MHz, 405 MHz, 22.48 W, 29
1860706, /home/ndizazzo/dev/mesh/issue1393-q4-snapshot-20260930/target/release/xtask, 20434 MiB
 01:41:25 up 7 days,  9:32,  6 users,  load average: 1.77, 1.70, 1.41
2026-10-01T01:41:27-04:00
100 %, 20871 MiB, 2925 MHz, 13801 MHz, 92.14 W, 34
0 %, 20 MiB, 210 MHz, 405 MHz, 21.28 W, 29
1860706, /home/ndizazzo/dev/mesh/issue1393-q4-snapshot-20260930/target/release/xtask, 20434 MiB
 01:41:27 up 7 days,  9:32,  6 users,  load average: 1.77, 1.70, 1.41
2026-10-01T01:41:29-04:00
91 %, 20871 MiB, 2925 MHz, 13801 MHz, 91.70 W, 34
0 %, 20 MiB, 210 MHz, 405 MHz, 21.30 W, 29
1860706, /home/ndizazzo/dev/mesh/issue1393-q4-snapshot-20260930/target/release/xtask, 20434 MiB
 01:41:29 up 7 days,  9:32,  6 users,  load average: 1.77, 1.70, 1.41
2026-10-01T01:41:31-04:00
98 %, 20871 MiB, 2925 MHz, 13801 MHz, 91.41 W, 34
0 %, 20 MiB, 210 MHz, 405 MHz, 27.27 W, 29
1860706, /home/ndizazzo/dev/mesh/issue1393-q4-snapshot-20260930/target/release/xtask, 20434 MiB
 01:41:31 up 7 days,  9:32,  6 users,  load average: 1.79, 1.71, 1.41
2026-10-01T01:41:33-04:00
94 %, 20871 MiB, 2925 MHz, 13801 MHz, 93.69 W, 34
0 %, 20 MiB, 210 MHz, 405 MHz, 21.46 W, 29
1860706, /home/ndizazzo/dev/mesh/issue1393-q4-snapshot-20260930/target/release/xtask, 20434 MiB
 01:41:33 up 7 days,  9:32,  6 users,  load average: 1.79, 1.71, 1.41
2026-10-01T01:41:35-04:00
95 %, 20871 MiB, 2925 MHz, 13801 MHz, 93.58 W, 34
0 %, 20 MiB, 210 MHz, 405 MHz, 21.25 W, 29
1860706, /home/ndizazzo/dev/mesh/issue1393-q4-snapshot-20260930/target/release/xtask, 20434 MiB
 01:41:35 up 7 days,  9:32,  6 users,  load average: 1.81, 1.71, 1.42
2026-10-01T01:41:37-04:00
97 %, 20871 MiB, 2925 MHz, 13801 MHz, 93.61 W, 34
0 %, 20 MiB, 210 MHz, 405 MHz, 22.33 W, 29
1860706, /home/ndizazzo/dev/mesh/issue1393-q4-snapshot-20260930/target/release/xtask, 20434 MiB
 01:41:37 up 7 days,  9:32,  6 users,  load average: 1.81, 1.71, 1.42
2026-10-01T01:41:39-04:00
100 %, 20871 MiB, 2925 MHz, 13801 MHz, 92.37 W, 34
0 %, 20 MiB, 210 MHz, 405 MHz, 22.04 W, 29
1860706, /home/ndizazzo/dev/mesh/issue1393-q4-snapshot-20260930/target/release/xtask, 20434 MiB
 01:41:39 up 7 days,  9:32,  6 users,  load average: 1.81, 1.71, 1.42
2026-10-01T01:41:41-04:00
88 %, 20871 MiB, 2925 MHz, 13801 MHz, 92.08 W, 34
0 %, 20 MiB, 210 MHz, 405 MHz, 21.17 W, 29
1860706, /home/ndizazzo/dev/mesh/issue1393-q4-snapshot-20260930/target/release/xtask, 20434 MiB
 01:41:41 up 7 days,  9:32,  6 users,  load average: 1.74, 1.70, 1.41
2026-10-01T01:41:43-04:00
96 %, 20871 MiB, 2925 MHz, 13801 MHz, 92.12 W, 34
0 %, 20 MiB, 210 MHz, 405 MHz, 21.24 W, 29
1860706, /home/ndizazzo/dev/mesh/issue1393-q4-snapshot-20260930/target/release/xtask, 20434 MiB
 01:41:43 up 7 days,  9:32,  6 users,  load average: 1.74, 1.70, 1.41
2026-10-01T01:41:45-04:00
89 %, 20871 MiB, 2925 MHz, 13801 MHz, 92.79 W, 34
0 %, 20 MiB, 210 MHz, 405 MHz, 27.57 W, 29
1860706, /home/ndizazzo/dev/mesh/issue1393-q4-snapshot-20260930/target/release/xtask, 20434 MiB
 01:41:45 up 7 days,  9:32,  6 users,  load average: 1.76, 1.71, 1.42
2026-10-01T01:41:47-04:00
92 %, 20871 MiB, 2925 MHz, 13801 MHz, 93.39 W, 34
0 %, 20 MiB, 210 MHz, 405 MHz, 21.44 W, 29
1860706, /home/ndizazzo/dev/mesh/issue1393-q4-snapshot-20260930/target/release/xtask, 20434 MiB
 01:41:47 up 7 days,  9:32,  6 users,  load average: 1.76, 1.71, 1.42
2026-10-01T01:41:49-04:00
96 %, 20871 MiB, 2925 MHz, 13801 MHz, 94.70 W, 34
0 %, 20 MiB, 210 MHz, 405 MHz, 21.15 W, 29
1860706, /home/ndizazzo/dev/mesh/issue1393-q4-snapshot-20260930/target/release/xtask, 20434 MiB
 01:41:50 up 7 days,  9:32,  6 users,  load average: 1.70, 1.70, 1.42
2026-10-01T01:41:52-04:00
90 %, 20871 MiB, 2925 MHz, 13801 MHz, 93.49 W, 34
0 %, 20 MiB, 210 MHz, 405 MHz, 22.80 W, 29
1860706, /home/ndizazzo/dev/mesh/issue1393-q4-snapshot-20260930/target/release/xtask, 20434 MiB
 01:41:52 up 7 days,  9:32,  6 users,  load average: 1.70, 1.70, 1.42
2026-10-01T01:41:54-04:00
87 %, 20871 MiB, 2925 MHz, 13801 MHz, 94.27 W, 34
0 %, 20 MiB, 210 MHz, 405 MHz, 21.96 W, 29
1860706, /home/ndizazzo/dev/mesh/issue1393-q4-snapshot-20260930/target/release/xtask, 20434 MiB
 01:41:54 up 7 days,  9:32,  6 users,  load average: 1.70, 1.70, 1.42
2026-10-01T01:41:56-04:00
100 %, 20871 MiB, 2925 MHz, 13801 MHz, 93.41 W, 34
0 %, 20 MiB, 210 MHz, 405 MHz, 20.95 W, 29
1860706, /home/ndizazzo/dev/mesh/issue1393-q4-snapshot-20260930/target/release/xtask, 20434 MiB
 01:41:56 up 7 days,  9:32,  6 users,  load average: 1.65, 1.68, 1.41
2026-10-01T01:41:58-04:00
96 %, 20871 MiB, 2925 MHz, 13801 MHz, 92.28 W, 34
0 %, 20 MiB, 210 MHz, 405 MHz, 21.09 W, 29
1860706, /home/ndizazzo/dev/mesh/issue1393-q4-snapshot-20260930/target/release/xtask, 20434 MiB
 01:41:58 up 7 days,  9:33,  6 users,  load average: 1.65, 1.68, 1.41
2026-10-01T01:42:00-04:00
87 %, 20871 MiB, 2925 MHz, 13801 MHz, 92.70 W, 34
0 %, 20 MiB, 210 MHz, 405 MHz, 27.31 W, 29
1860706, /home/ndizazzo/dev/mesh/issue1393-q4-snapshot-20260930/target/release/xtask, 20434 MiB
 01:42:00 up 7 days,  9:33,  6 users,  load average: 1.59, 1.67, 1.41
2026-10-01T01:42:02-04:00
96 %, 20871 MiB, 2925 MHz, 13801 MHz, 93.00 W, 34
0 %, 20 MiB, 210 MHz, 405 MHz, 21.23 W, 29
1860706, /home/ndizazzo/dev/mesh/issue1393-q4-snapshot-20260930/target/release/xtask, 20434 MiB
 01:42:02 up 7 days,  9:33,  6 users,  load average: 1.59, 1.67, 1.41
2026-10-01T01:42:04-04:00
87 %, 20871 MiB, 2925 MHz, 13801 MHz, 93.07 W, 34
0 %, 20 MiB, 210 MHz, 405 MHz, 21.14 W, 29
1860706, /home/ndizazzo/dev/mesh/issue1393-q4-snapshot-20260930/target/release/xtask, 20434 MiB
 01:42:04 up 7 days,  9:33,  6 users,  load average: 1.59, 1.67, 1.41
2026-10-01T01:42:06-04:00
93 %, 20871 MiB, 2925 MHz, 13801 MHz, 94.50 W, 34
0 %, 20 MiB, 210 MHz, 405 MHz, 23.50 W, 29
1860706, /home/ndizazzo/dev/mesh/issue1393-q4-snapshot-20260930/target/release/xtask, 20434 MiB
 01:42:06 up 7 days,  9:33,  6 users,  load average: 1.63, 1.68, 1.41
2026-10-01T01:42:08-04:00
100 %, 20871 MiB, 2925 MHz, 13801 MHz, 94.20 W, 34
0 %, 20 MiB, 210 MHz, 405 MHz, 22.56 W, 29
1860706, /home/ndizazzo/dev/mesh/issue1393-q4-snapshot-20260930/target/release/xtask, 20434 MiB
 01:42:08 up 7 days,  9:33,  6 users,  load average: 1.63, 1.68, 1.41
2026-10-01T01:42:10-04:00
100 %, 20871 MiB, 2925 MHz, 13801 MHz, 93.58 W, 34
0 %, 20 MiB, 210 MHz, 405 MHz, 21.28 W, 29
1860706, /home/ndizazzo/dev/mesh/issue1393-q4-snapshot-20260930/target/release/xtask, 20434 MiB
 01:42:10 up 7 days,  9:33,  6 users,  load average: 1.66, 1.68, 1.42
2026-10-01T01:42:12-04:00
91 %, 20871 MiB, 2925 MHz, 13801 MHz, 93.22 W, 34
0 %, 20 MiB, 210 MHz, 405 MHz, 21.20 W, 29
1860706, /home/ndizazzo/dev/mesh/issue1393-q4-snapshot-20260930/target/release/xtask, 20434 MiB
 01:42:12 up 7 days,  9:33,  6 users,  load average: 1.66, 1.68, 1.42
2026-10-01T01:42:14-04:00
98 %, 20871 MiB, 2925 MHz, 13801 MHz, 92.66 W, 34
0 %, 20 MiB, 210 MHz, 405 MHz, 27.12 W, 29
1860706, /home/ndizazzo/dev/mesh/issue1393-q4-snapshot-20260930/target/release/xtask, 20434 MiB
 01:42:14 up 7 days,  9:33,  6 users,  load average: 1.66, 1.68, 1.42
2026-10-01T01:42:16-04:00
89 %, 20871 MiB, 2925 MHz, 13801 MHz, 93.09 W, 34
0 %, 20 MiB, 210 MHz, 405 MHz, 21.51 W, 29
1860706, /home/ndizazzo/dev/mesh/issue1393-q4-snapshot-20260930/target/release/xtask, 20434 MiB
 01:42:16 up 7 days,  9:33,  6 users,  load average: 1.60, 1.67, 1.42
2026-10-01T01:42:18-04:00
97 %, 20871 MiB, 2925 MHz, 13801 MHz, 93.60 W, 34
0 %, 20 MiB, 210 MHz, 405 MHz, 21.18 W, 29
1860706, /home/ndizazzo/dev/mesh/issue1393-q4-snapshot-20260930/target/release/xtask, 20434 MiB
 01:42:18 up 7 days,  9:33,  6 users,  load average: 1.60, 1.67, 1.42
2026-10-01T01:42:20-04:00
95 %, 20871 MiB, 2925 MHz, 13801 MHz, 95.11 W, 34
0 %, 20 MiB, 210 MHz, 405 MHz, 24.06 W, 29
1860706, /home/ndizazzo/dev/mesh/issue1393-q4-snapshot-20260930/target/release/xtask, 20434 MiB
 01:42:20 up 7 days,  9:33,  6 users,  load average: 1.64, 1.68, 1.42
2026-10-01T01:42:22-04:00
96 %, 20871 MiB, 2925 MHz, 13801 MHz, 92.25 W, 34
0 %, 20 MiB, 210 MHz, 405 MHz, 22.23 W, 29
1860706, /home/ndizazzo/dev/mesh/issue1393-q4-snapshot-20260930/target/release/xtask, 20434 MiB
 01:42:22 up 7 days,  9:33,  6 users,  load average: 1.64, 1.68, 1.42
2026-10-01T01:42:24-04:00
96 %, 20871 MiB, 2925 MHz, 13801 MHz, 93.70 W, 34
0 %, 20 MiB, 210 MHz, 405 MHz, 21.23 W, 29
1860706, /home/ndizazzo/dev/mesh/issue1393-q4-snapshot-20260930/target/release/xtask, 20434 MiB
 01:42:25 up 7 days,  9:33,  6 users,  load average: 1.75, 1.70, 1.43
2026-10-01T01:42:27-04:00
94 %, 20871 MiB, 2925 MHz, 13801 MHz, 93.44 W, 34
0 %, 20 MiB, 210 MHz, 405 MHz, 21.32 W, 29
1860706, /home/ndizazzo/dev/mesh/issue1393-q4-snapshot-20260930/target/release/xtask, 20434 MiB
 01:42:27 up 7 days,  9:33,  6 users,  load average: 1.75, 1.70, 1.43
2026-10-01T01:42:29-04:00
97 %, 20871 MiB, 2925 MHz, 13801 MHz, 93.75 W, 34
0 %, 20 MiB, 210 MHz, 405 MHz, 27.56 W, 29
1860706, /home/ndizazzo/dev/mesh/issue1393-q4-snapshot-20260930/target/release/xtask, 20434 MiB
 01:42:29 up 7 days,  9:33,  6 users,  load average: 1.75, 1.70, 1.43
2026-10-01T01:42:31-04:00
100 %, 20871 MiB, 2925 MHz, 13801 MHz, 92.07 W, 34
0 %, 20 MiB, 210 MHz, 405 MHz, 21.39 W, 29
1860706, /home/ndizazzo/dev/mesh/issue1393-q4-snapshot-20260930/target/release/xtask, 20434 MiB
 01:42:31 up 7 days,  9:33,  6 users,  load average: 1.77, 1.70, 1.43
2026-10-01T01:42:33-04:00
96 %, 20871 MiB, 2925 MHz, 13801 MHz, 92.83 W, 34
0 %, 20 MiB, 210 MHz, 405 MHz, 21.15 W, 29
1860706, /home/ndizazzo/dev/mesh/issue1393-q4-snapshot-20260930/target/release/xtask, 20434 MiB
 01:42:33 up 7 days,  9:33,  6 users,  load average: 1.77, 1.70, 1.43
2026-10-01T01:42:35-04:00
87 %, 20871 MiB, 2925 MHz, 13801 MHz, 92.59 W, 34
0 %, 20 MiB, 210 MHz, 405 MHz, 23.28 W, 29
1860706, /home/ndizazzo/dev/mesh/issue1393-q4-snapshot-20260930/target/release/xtask, 20434 MiB
 01:42:35 up 7 days,  9:33,  6 users,  load average: 1.70, 1.69, 1.43
2026-10-01T01:42:37-04:00
94 %, 20871 MiB, 2925 MHz, 13801 MHz, 92.24 W, 34
0 %, 20 MiB, 210 MHz, 405 MHz, 21.47 W, 29
1860706, /home/ndizazzo/dev/mesh/issue1393-q4-snapshot-20260930/target/release/xtask, 20434 MiB
 01:42:37 up 7 days,  9:33,  6 users,  load average: 1.70, 1.69, 1.43
2026-10-01T01:42:39-04:00
95 %, 20871 MiB, 2925 MHz, 13801 MHz, 93.05 W, 34
0 %, 20 MiB, 210 MHz, 405 MHz, 21.20 W, 29
1860706, /home/ndizazzo/dev/mesh/issue1393-q4-snapshot-20260930/target/release/xtask, 20434 MiB
 01:42:39 up 7 days,  9:33,  6 users,  load average: 1.70, 1.69, 1.43
2026-10-01T01:42:41-04:00
88 %, 20871 MiB, 2925 MHz, 13801 MHz, 93.67 W, 34
0 %, 20 MiB, 210 MHz, 405 MHz, 21.15 W, 29
1860706, /home/ndizazzo/dev/mesh/issue1393-q4-snapshot-20260930/target/release/xtask, 20434 MiB
 01:42:41 up 7 days,  9:33,  6 users,  load average: 1.89, 1.73, 1.44
2026-10-01T01:42:43-04:00
100 %, 20871 MiB, 2925 MHz, 13801 MHz, 92.94 W, 34
0 %, 20 MiB, 210 MHz, 405 MHz, 27.27 W, 29
1860706, /home/ndizazzo/dev/mesh/issue1393-q4-snapshot-20260930/target/release/xtask, 20434 MiB
 01:42:43 up 7 days,  9:33,  6 users,  load average: 1.89, 1.73, 1.44
2026-10-01T01:42:45-04:00
96 %, 20871 MiB, 2925 MHz, 13801 MHz, 93.35 W, 34
0 %, 20 MiB, 210 MHz, 405 MHz, 21.41 W, 29
1860706, /home/ndizazzo/dev/mesh/issue1393-q4-snapshot-20260930/target/release/xtask, 20434 MiB
 01:42:45 up 7 days,  9:33,  6 users,  load average: 1.90, 1.74, 1.45
2026-10-01T01:42:47-04:00
87 %, 20871 MiB, 2925 MHz, 13801 MHz, 93.29 W, 34
0 %, 20 MiB, 210 MHz, 405 MHz, 21.25 W, 29
1860706, /home/ndizazzo/dev/mesh/issue1393-q4-snapshot-20260930/target/release/xtask, 20434 MiB
 01:42:47 up 7 days,  9:33,  6 users,  load average: 1.90, 1.74, 1.45
2026-10-01T01:42:49-04:00
95 %, 20871 MiB, 2925 MHz, 13801 MHz, 93.92 W, 34
0 %, 20 MiB, 210 MHz, 405 MHz, 23.74 W, 29
1860706, /home/ndizazzo/dev/mesh/issue1393-q4-snapshot-20260930/target/release/xtask, 20434 MiB
 01:42:49 up 7 days,  9:33,  6 users,  load average: 1.90, 1.74, 1.45
2026-10-01T01:42:51-04:00
100 %, 20871 MiB, 2925 MHz, 13801 MHz, 96.71 W, 34
0 %, 20 MiB, 210 MHz, 405 MHz, 22.00 W, 29
1860706, /home/ndizazzo/dev/mesh/issue1393-q4-snapshot-20260930/target/release/xtask, 20434 MiB
 01:42:51 up 7 days,  9:33,  6 users,  load average: 1.99, 1.76, 1.45
2026-10-01T01:42:53-04:00
91 %, 20871 MiB, 2925 MHz, 13801 MHz, 92.96 W, 34
0 %, 20 MiB, 210 MHz, 405 MHz, 21.31 W, 29
1860706, /home/ndizazzo/dev/mesh/issue1393-q4-snapshot-20260930/target/release/xtask, 20434 MiB
 01:42:53 up 7 days,  9:33,  6 users,  load average: 1.99, 1.76, 1.45
2026-10-01T01:42:55-04:00
96 %, 20871 MiB, 2925 MHz, 13801 MHz, 92.65 W, 34
0 %, 20 MiB, 210 MHz, 405 MHz, 21.28 W, 29
1860706, /home/ndizazzo/dev/mesh/issue1393-q4-snapshot-20260930/target/release/xtask, 20434 MiB
 01:42:55 up 7 days,  9:33,  6 users,  load average: 2.31, 1.83, 1.48
2026-10-01T01:42:57-04:00
94 %, 20871 MiB, 2925 MHz, 13801 MHz, 92.94 W, 34
0 %, 20 MiB, 210 MHz, 405 MHz, 22.60 W, 29
1860706, /home/ndizazzo/dev/mesh/issue1393-q4-snapshot-20260930/target/release/xtask, 20434 MiB
 01:42:57 up 7 days,  9:34,  6 users,  load average: 2.31, 1.83, 1.48
2026-10-01T01:42:59-04:00
96 %, 20871 MiB, 2925 MHz, 13801 MHz, 94.14 W, 34
0 %, 20 MiB, 210 MHz, 405 MHz, 21.21 W, 29
1860706, /home/ndizazzo/dev/mesh/issue1393-q4-snapshot-20260930/target/release/xtask, 20434 MiB
 01:43:00 up 7 days,  9:34,  6 users,  load average: 2.76, 1.93, 1.51
2026-10-01T01:43:02-04:00
91 %, 20871 MiB, 2925 MHz, 13801 MHz, 94.20 W, 34
0 %, 20 MiB, 210 MHz, 405 MHz, 21.20 W, 29
1860706, /home/ndizazzo/dev/mesh/issue1393-q4-snapshot-20260930/target/release/xtask, 20434 MiB
 01:43:02 up 7 days,  9:34,  6 users,  load average: 2.76, 1.93, 1.51
2026-10-01T01:43:04-04:00
100 %, 20871 MiB, 2925 MHz, 13801 MHz, 92.99 W, 34
0 %, 20 MiB, 210 MHz, 405 MHz, 23.89 W, 29
1860706, /home/ndizazzo/dev/mesh/issue1393-q4-snapshot-20260930/target/release/xtask, 20434 MiB
 01:43:04 up 7 days,  9:34,  6 users,  load average: 2.76, 1.93, 1.51
2026-10-01T01:43:06-04:00
96 %, 20871 MiB, 2925 MHz, 13801 MHz, 93.41 W, 34
0 %, 20 MiB, 210 MHz, 405 MHz, 22.23 W, 29
1860706, /home/ndizazzo/dev/mesh/issue1393-q4-snapshot-20260930/target/release/xtask, 20434 MiB
 01:43:06 up 7 days,  9:34,  6 users,  load average: 2.86, 1.97, 1.53
2026-10-01T01:43:08-04:00
87 %, 20871 MiB, 2925 MHz, 13801 MHz, 92.72 W, 34
0 %, 20 MiB, 210 MHz, 405 MHz, 21.15 W, 29
1860706, /home/ndizazzo/dev/mesh/issue1393-q4-snapshot-20260930/target/release/xtask, 20434 MiB
 01:43:08 up 7 days,  9:34,  6 users,  load average: 2.86, 1.97, 1.53
2026-10-01T01:43:10-04:00
96 %, 20871 MiB, 2925 MHz, 13801 MHz, 93.16 W, 34
0 %, 20 MiB, 210 MHz, 405 MHz, 21.22 W, 29
1860706, /home/ndizazzo/dev/mesh/issue1393-q4-snapshot-20260930/target/release/xtask, 20434 MiB
 01:43:10 up 7 days,  9:34,  6 users,  load average: 2.87, 1.98, 1.54
2026-10-01T01:43:12-04:00
87 %, 20871 MiB, 2925 MHz, 13801 MHz, 93.10 W, 34
0 %, 20 MiB, 210 MHz, 405 MHz, 21.85 W, 29
1860706, /home/ndizazzo/dev/mesh/issue1393-q4-snapshot-20260930/target/release/xtask, 20434 MiB
 01:43:12 up 7 days,  9:34,  6 users,  load average: 2.87, 1.98, 1.54
2026-10-01T01:43:14-04:00
96 %, 20871 MiB, 2925 MHz, 13801 MHz, 93.77 W, 34
0 %, 20 MiB, 210 MHz, 405 MHz, 20.92 W, 29
1860706, /home/ndizazzo/dev/mesh/issue1393-q4-snapshot-20260930/target/release/xtask, 20434 MiB
 01:43:14 up 7 days,  9:34,  6 users,  load average: 2.87, 1.98, 1.54
2026-10-01T01:43:16-04:00
88 %, 20871 MiB, 2925 MHz, 13801 MHz, 94.84 W, 34
0 %, 20 MiB, 210 MHz, 405 MHz, 21.03 W, 29
1860706, /home/ndizazzo/dev/mesh/issue1393-q4-snapshot-20260930/target/release/xtask, 20434 MiB
 01:43:16 up 7 days,  9:34,  6 users,  load average: 2.80, 1.98, 1.54
2026-10-01T01:43:18-04:00
100 %, 20871 MiB, 2925 MHz, 13801 MHz, 93.23 W, 34
0 %, 20 MiB, 210 MHz, 405 MHz, 27.32 W, 29
1860706, /home/ndizazzo/dev/mesh/issue1393-q4-snapshot-20260930/target/release/xtask, 20434 MiB
 01:43:18 up 7 days,  9:34,  6 users,  load average: 2.80, 1.98, 1.54
2026-10-01T01:43:20-04:00
92 %, 20871 MiB, 2925 MHz, 13801 MHz, 93.61 W, 34
0 %, 20 MiB, 210 MHz, 405 MHz, 21.75 W, 29
1860706, /home/ndizazzo/dev/mesh/issue1393-q4-snapshot-20260930/target/release/xtask, 20434 MiB
 01:43:20 up 7 days,  9:34,  6 users,  load average: 2.74, 1.98, 1.54
2026-10-01T01:43:22-04:00
92 %, 20871 MiB, 2925 MHz, 13801 MHz, 93.12 W, 34
0 %, 20 MiB, 210 MHz, 405 MHz, 21.03 W, 29
1860706, /home/ndizazzo/dev/mesh/issue1393-q4-snapshot-20260930/target/release/xtask, 20434 MiB
 01:43:22 up 7 days,  9:34,  6 users,  load average: 2.74, 1.98, 1.54
2026-10-01T01:43:24-04:00
100 %, 20871 MiB, 2925 MHz, 13801 MHz, 92.85 W, 34
0 %, 20 MiB, 210 MHz, 405 MHz, 21.03 W, 29
1860706, /home/ndizazzo/dev/mesh/issue1393-q4-snapshot-20260930/target/release/xtask, 20434 MiB
 01:43:24 up 7 days,  9:34,  6 users,  load average: 2.74, 1.98, 1.54
2026-10-01T01:43:26-04:00
96 %, 20871 MiB, 2925 MHz, 13801 MHz, 92.76 W, 34
0 %, 20 MiB, 210 MHz, 405 MHz, 27.52 W, 29
1860706, /home/ndizazzo/dev/mesh/issue1393-q4-snapshot-20260930/target/release/xtask, 20434 MiB
 01:43:26 up 7 days,  9:34,  6 users,  load average: 2.60, 1.97, 1.54
2026-10-01T01:43:28-04:00
87 %, 20871 MiB, 2925 MHz, 13801 MHz, 92.90 W, 34
0 %, 20 MiB, 210 MHz, 405 MHz, 20.99 W, 29
1860706, /home/ndizazzo/dev/mesh/issue1393-q4-snapshot-20260930/target/release/xtask, 20434 MiB
 01:43:28 up 7 days,  9:34,  6 users,  load average: 2.60, 1.97, 1.54
2026-10-01T01:43:30-04:00
98 %, 20871 MiB, 2925 MHz, 13801 MHz, 92.76 W, 34
0 %, 20 MiB, 210 MHz, 405 MHz, 21.03 W, 29
1860706, /home/ndizazzo/dev/mesh/issue1393-q4-snapshot-20260930/target/release/xtask, 20434 MiB
 01:43:30 up 7 days,  9:34,  6 users,  load average: 2.55, 1.97, 1.54
2026-10-01T01:43:32-04:00
91 %, 20871 MiB, 2925 MHz, 13801 MHz, 93.09 W, 34
0 %, 20 MiB, 210 MHz, 405 MHz, 26.89 W, 29
1860706, /home/ndizazzo/dev/mesh/issue1393-q4-snapshot-20260930/target/release/xtask, 20434 MiB
 01:43:32 up 7 days,  9:34,  6 users,  load average: 2.55, 1.97, 1.54
2026-10-01T01:43:34-04:00
96 %, 20871 MiB, 2925 MHz, 13801 MHz, 92.95 W, 34
0 %, 20 MiB, 210 MHz, 405 MHz, 21.17 W, 29
1860706, /home/ndizazzo/dev/mesh/issue1393-q4-snapshot-20260930/target/release/xtask, 20434 MiB
 01:43:35 up 7 days,  9:34,  6 users,  load average: 2.51, 1.97, 1.55
2026-10-01T01:43:37-04:00
87 %, 20871 MiB, 2925 MHz, 13801 MHz, 94.59 W, 34
0 %, 20 MiB, 210 MHz, 405 MHz, 20.94 W, 29
1860706, /home/ndizazzo/dev/mesh/issue1393-q4-snapshot-20260930/target/release/xtask, 20434 MiB
 01:43:37 up 7 days,  9:34,  6 users,  load average: 2.51, 1.97, 1.55
2026-10-01T01:43:39-04:00
100 %, 20871 MiB, 2925 MHz, 13801 MHz, 93.78 W, 34
0 %, 20 MiB, 210 MHz, 405 MHz, 20.84 W, 29
1860706, /home/ndizazzo/dev/mesh/issue1393-q4-snapshot-20260930/target/release/xtask, 20434 MiB
 01:43:39 up 7 days,  9:34,  6 users,  load average: 2.51, 1.97, 1.55
2026-10-01T01:43:41-04:00
100 %, 20871 MiB, 2925 MHz, 13801 MHz, 93.40 W, 34
0 %, 20 MiB, 210 MHz, 405 MHz, 27.30 W, 29
1860706, /home/ndizazzo/dev/mesh/issue1393-q4-snapshot-20260930/target/release/xtask, 20434 MiB
 01:43:41 up 7 days,  9:34,  6 users,  load average: 2.39, 1.95, 1.54
2026-10-01T01:43:43-04:00
91 %, 20871 MiB, 2925 MHz, 13801 MHz, 93.08 W, 34
0 %, 20 MiB, 210 MHz, 405 MHz, 20.97 W, 29
1860706, /home/ndizazzo/dev/mesh/issue1393-q4-snapshot-20260930/target/release/xtask, 20434 MiB
 01:43:43 up 7 days,  9:34,  6 users,  load average: 2.39, 1.95, 1.54
2026-10-01T01:43:45-04:00
94 %, 20871 MiB, 2925 MHz, 13801 MHz, 92.72 W, 34
0 %, 20 MiB, 210 MHz, 405 MHz, 21.02 W, 29
1860706, /home/ndizazzo/dev/mesh/issue1393-q4-snapshot-20260930/target/release/xtask, 20434 MiB
 01:43:45 up 7 days,  9:34,  6 users,  load average: 2.35, 1.95, 1.55
2026-10-01T01:43:47-04:00
94 %, 20871 MiB, 2925 MHz, 13801 MHz, 93.08 W, 34
0 %, 20 MiB, 210 MHz, 405 MHz, 27.52 W, 29
1860706, /home/ndizazzo/dev/mesh/issue1393-q4-snapshot-20260930/target/release/xtask, 20434 MiB
 01:43:47 up 7 days,  9:34,  6 users,  load average: 2.35, 1.95, 1.55
2026-10-01T01:43:49-04:00
96 %, 20871 MiB, 2925 MHz, 13801 MHz, 94.25 W, 34
0 %, 20 MiB, 210 MHz, 405 MHz, 21.41 W, 29
1860706, /home/ndizazzo/dev/mesh/issue1393-q4-snapshot-20260930/target/release/xtask, 20434 MiB
 01:43:49 up 7 days,  9:34,  6 users,  load average: 2.35, 1.95, 1.55
2026-10-01T01:43:51-04:00
86 %, 20871 MiB, 2925 MHz, 13801 MHz, 97.10 W, 34
0 %, 20 MiB, 210 MHz, 405 MHz, 21.08 W, 29
1860706, /home/ndizazzo/dev/mesh/issue1393-q4-snapshot-20260930/target/release/xtask, 20434 MiB
 01:43:51 up 7 days,  9:34,  6 users,  load average: 2.33, 1.95, 1.55
2026-10-01T01:43:53-04:00
88 %, 20871 MiB, 2925 MHz, 13801 MHz, 94.96 W, 34
0 %, 20 MiB, 210 MHz, 405 MHz, 21.40 W, 29
1860706, /home/ndizazzo/dev/mesh/issue1393-q4-snapshot-20260930/target/release/xtask, 20434 MiB
 01:43:53 up 7 days,  9:34,  6 users,  load average: 2.33, 1.95, 1.55
2026-10-01T01:43:55-04:00
96 %, 20871 MiB, 2925 MHz, 13801 MHz, 94.21 W, 34
0 %, 20 MiB, 210 MHz, 405 MHz, 22.27 W, 29
1860706, /home/ndizazzo/dev/mesh/issue1393-q4-snapshot-20260930/target/release/xtask, 20434 MiB
 01:43:55 up 7 days,  9:34,  6 users,  load average: 2.30, 1.96, 1.55
2026-10-01T01:43:57-04:00
87 %, 20871 MiB, 2925 MHz, 13801 MHz, 94.22 W, 34
0 %, 20 MiB, 210 MHz, 405 MHz, 21.11 W, 29
1860706, /home/ndizazzo/dev/mesh/issue1393-q4-snapshot-20260930/target/release/xtask, 20434 MiB
 01:43:57 up 7 days,  9:35,  6 users,  load average: 2.30, 1.96, 1.55
2026-10-01T01:43:59-04:00
100 %, 20871 MiB, 2925 MHz, 13801 MHz, 92.78 W, 34
0 %, 20 MiB, 210 MHz, 405 MHz, 21.16 W, 29
1860706, /home/ndizazzo/dev/mesh/issue1393-q4-snapshot-20260930/target/release/xtask, 20434 MiB
 01:43:59 up 7 days,  9:35,  6 users,  load average: 2.30, 1.96, 1.55
2026-10-01T01:44:01-04:00
100 %, 20871 MiB, 2925 MHz, 13801 MHz, 92.82 W, 34
0 %, 20 MiB, 210 MHz, 405 MHz, 27.28 W, 29
1860706, /home/ndizazzo/dev/mesh/issue1393-q4-snapshot-20260930/target/release/xtask, 20434 MiB
 01:44:01 up 7 days,  9:35,  6 users,  load average: 2.20, 1.94, 1.55
2026-10-01T01:44:03-04:00
94 %, 20871 MiB, 2925 MHz, 13801 MHz, 92.79 W, 34
0 %, 20 MiB, 210 MHz, 405 MHz, 21.96 W, 29
1860706, /home/ndizazzo/dev/mesh/issue1393-q4-snapshot-20260930/target/release/xtask, 20434 MiB
 01:44:03 up 7 days,  9:35,  6 users,  load average: 2.20, 1.94, 1.55
2026-10-01T01:44:05-04:00
96 %, 20871 MiB, 2925 MHz, 13801 MHz, 92.85 W, 34
0 %, 20 MiB, 210 MHz, 405 MHz, 21.11 W, 29
1860706, /home/ndizazzo/dev/mesh/issue1393-q4-snapshot-20260930/target/release/xtask, 20434 MiB
 01:44:05 up 7 days,  9:35,  6 users,  load average: 2.10, 1.92, 1.54
2026-10-01T01:44:07-04:00
94 %, 20871 MiB, 2925 MHz, 13801 MHz, 93.27 W, 34
0 %, 20 MiB, 210 MHz, 405 MHz, 22.26 W, 29
1860706, /home/ndizazzo/dev/mesh/issue1393-q4-snapshot-20260930/target/release/xtask, 20434 MiB
 01:44:07 up 7 days,  9:35,  6 users,  load average: 2.10, 1.92, 1.54
2026-10-01T01:44:09-04:00
96 %, 20871 MiB, 2925 MHz, 13801 MHz, 93.23 W, 34
0 %, 20 MiB, 210 MHz, 405 MHz, 22.45 W, 29
1860706, /home/ndizazzo/dev/mesh/issue1393-q4-snapshot-20260930/target/release/xtask, 20434 MiB
 01:44:10 up 7 days,  9:35,  6 users,  load average: 2.10, 1.92, 1.54
2026-10-01T01:44:12-04:00
90 %, 20871 MiB, 2925 MHz, 13801 MHz, 94.46 W, 34
0 %, 20 MiB, 210 MHz, 405 MHz, 21.31 W, 29
1860706, /home/ndizazzo/dev/mesh/issue1393-q4-snapshot-20260930/target/release/xtask, 20434 MiB
 01:44:12 up 7 days,  9:35,  6 users,  load average: 2.17, 1.94, 1.55
2026-10-01T01:44:14-04:00
100 %, 20871 MiB, 2925 MHz, 13801 MHz, 93.52 W, 34
0 %, 20 MiB, 210 MHz, 405 MHz, 21.33 W, 29
1860706, /home/ndizazzo/dev/mesh/issue1393-q4-snapshot-20260930/target/release/xtask, 20434 MiB
 01:44:14 up 7 days,  9:35,  6 users,  load average: 2.17, 1.94, 1.55
2026-10-01T01:44:16-04:00
96 %, 20871 MiB, 2925 MHz, 13801 MHz, 92.69 W, 34
0 %, 20 MiB, 210 MHz, 405 MHz, 27.22 W, 29
1860706, /home/ndizazzo/dev/mesh/issue1393-q4-snapshot-20260930/target/release/xtask, 20434 MiB
 01:44:16 up 7 days,  9:35,  6 users,  load average: 2.08, 1.93, 1.55
2026-10-01T01:44:18-04:00
96 %, 20871 MiB, 2925 MHz, 13801 MHz, 93.45 W, 34
0 %, 20 MiB, 210 MHz, 405 MHz, 21.47 W, 29
1860706, /home/ndizazzo/dev/mesh/issue1393-q4-snapshot-20260930/target/release/xtask, 20434 MiB
 01:44:18 up 7 days,  9:35,  6 users,  load average: 2.08, 1.93, 1.55
2026-10-01T01:44:20-04:00
100 %, 20871 MiB, 2925 MHz, 13801 MHz, 94.30 W, 34
0 %, 20 MiB, 210 MHz, 405 MHz, 21.17 W, 29
1860706, /home/ndizazzo/dev/mesh/issue1393-q4-snapshot-20260930/target/release/xtask, 20434 MiB
 01:44:20 up 7 days,  9:35,  6 users,  load average: 2.07, 1.93, 1.55
2026-10-01T01:44:22-04:00
100 %, 20871 MiB, 2925 MHz, 13801 MHz, 92.79 W, 34
0 %, 20 MiB, 210 MHz, 405 MHz, 22.95 W, 29
1860706, /home/ndizazzo/dev/mesh/issue1393-q4-snapshot-20260930/target/release/xtask, 20434 MiB
 01:44:22 up 7 days,  9:35,  6 users,  load average: 2.07, 1.93, 1.55
2026-10-01T01:44:24-04:00
92 %, 20871 MiB, 2925 MHz, 13801 MHz, 93.77 W, 34
0 %, 20 MiB, 210 MHz, 405 MHz, 21.90 W, 29
1860706, /home/ndizazzo/dev/mesh/issue1393-q4-snapshot-20260930/target/release/xtask, 20434 MiB
 01:44:24 up 7 days,  9:35,  6 users,  load average: 2.07, 1.93, 1.55
2026-10-01T01:44:26-04:00
96 %, 20871 MiB, 2925 MHz, 13801 MHz, 93.07 W, 34
0 %, 20 MiB, 210 MHz, 405 MHz, 21.12 W, 29
1860706, /home/ndizazzo/dev/mesh/issue1393-q4-snapshot-20260930/target/release/xtask, 20434 MiB
 01:44:26 up 7 days,  9:35,  6 users,  load average: 2.06, 1.93, 1.55
2026-10-01T01:44:28-04:00
95 %, 20871 MiB, 2925 MHz, 13801 MHz, 94.30 W, 34
0 %, 20 MiB, 210 MHz, 405 MHz, 21.18 W, 29
1860706, /home/ndizazzo/dev/mesh/issue1393-q4-snapshot-20260930/target/release/xtask, 20434 MiB
 01:44:28 up 7 days,  9:35,  6 users,  load average: 2.06, 1.93, 1.55
2026-10-01T01:44:30-04:00
91 %, 20871 MiB, 2925 MHz, 13801 MHz, 94.77 W, 34
0 %, 20 MiB, 210 MHz, 405 MHz, 27.47 W, 29
1860706, /home/ndizazzo/dev/mesh/issue1393-q4-snapshot-20260930/target/release/xtask, 20434 MiB
 01:44:30 up 7 days,  9:35,  6 users,  load average: 1.98, 1.91, 1.55
2026-10-01T01:44:32-04:00
100 %, 20871 MiB, 2925 MHz, 13801 MHz, 93.86 W, 34
0 %, 20 MiB, 210 MHz, 405 MHz, 21.15 W, 29
1860706, /home/ndizazzo/dev/mesh/issue1393-q4-snapshot-20260930/target/release/xtask, 20434 MiB
 01:44:32 up 7 days,  9:35,  6 users,  load average: 1.98, 1.91, 1.55
2026-10-01T01:44:34-04:00
100 %, 20871 MiB, 2925 MHz, 13801 MHz, 93.36 W, 34
0 %, 20 MiB, 210 MHz, 405 MHz, 21.21 W, 29
1860706, /home/ndizazzo/dev/mesh/issue1393-q4-snapshot-20260930/target/release/xtask, 20434 MiB
 01:44:34 up 7 days,  9:35,  6 users,  load average: 1.98, 1.91, 1.55
2026-10-01T01:44:36-04:00
87 %, 20871 MiB, 2925 MHz, 13801 MHz, 93.22 W, 34
0 %, 20 MiB, 210 MHz, 405 MHz, 21.39 W, 29
1860706, /home/ndizazzo/dev/mesh/issue1393-q4-snapshot-20260930/target/release/xtask, 20434 MiB
 01:44:36 up 7 days,  9:35,  6 users,  load average: 1.98, 1.91, 1.55
2026-10-01T01:44:38-04:00
98 %, 20871 MiB, 2925 MHz, 13801 MHz, 93.28 W, 34
0 %, 20 MiB, 210 MHz, 405 MHz, 22.13 W, 29
1860706, /home/ndizazzo/dev/mesh/issue1393-q4-snapshot-20260930/target/release/xtask, 20434 MiB
 01:44:38 up 7 days,  9:35,  6 users,  load average: 1.98, 1.91, 1.55
2026-10-01T01:44:40-04:00
91 %, 20871 MiB, 2925 MHz, 13801 MHz, 92.51 W, 34
0 %, 20 MiB, 210 MHz, 405 MHz, 21.05 W, 29
1860706, /home/ndizazzo/dev/mesh/issue1393-q4-snapshot-20260930/target/release/xtask, 20434 MiB
 01:44:40 up 7 days,  9:35,  6 users,  load average: 1.90, 1.90, 1.55
2026-10-01T01:44:42-04:00
96 %, 20871 MiB, 2925 MHz, 13801 MHz, 92.60 W, 34
0 %, 20 MiB, 210 MHz, 405 MHz, 21.20 W, 29
1860706, /home/ndizazzo/dev/mesh/issue1393-q4-snapshot-20260930/target/release/xtask, 20434 MiB
 01:44:42 up 7 days,  9:35,  6 users,  load average: 1.90, 1.90, 1.55
2026-10-01T01:44:44-04:00
90 %, 20871 MiB, 2925 MHz, 13801 MHz, 93.71 W, 34
0 %, 20 MiB, 210 MHz, 405 MHz, 27.29 W, 29
1860706, /home/ndizazzo/dev/mesh/issue1393-q4-snapshot-20260930/target/release/xtask, 20434 MiB
 01:44:45 up 7 days,  9:35,  6 users,  load average: 1.90, 1.90, 1.55
2026-10-01T01:44:47-04:00
100 %, 20871 MiB, 2925 MHz, 13801 MHz, 93.47 W, 34
0 %, 20 MiB, 210 MHz, 405 MHz, 21.43 W, 29
1860706, /home/ndizazzo/dev/mesh/issue1393-q4-snapshot-20260930/target/release/xtask, 20434 MiB
 01:44:47 up 7 days,  9:35,  6 users,  load average: 1.83, 1.88, 1.55
2026-10-01T01:44:49-04:00
90 %, 20871 MiB, 2925 MHz, 13801 MHz, 92.91 W, 34
0 %, 20 MiB, 210 MHz, 405 MHz, 21.22 W, 29
1860706, /home/ndizazzo/dev/mesh/issue1393-q4-snapshot-20260930/target/release/xtask, 20434 MiB
 01:44:49 up 7 days,  9:35,  6 users,  load average: 1.83, 1.88, 1.55
2026-10-01T01:44:51-04:00
87 %, 20871 MiB, 2925 MHz, 13801 MHz, 94.67 W, 34
0 %, 20 MiB, 210 MHz, 405 MHz, 22.21 W, 29
1860706, /home/ndizazzo/dev/mesh/issue1393-q4-snapshot-20260930/target/release/xtask, 20434 MiB
 01:44:51 up 7 days,  9:35,  6 users,  load average: 1.84, 1.89, 1.55
2026-10-01T01:44:53-04:00
100 %, 20871 MiB, 2925 MHz, 13801 MHz, 93.12 W, 34
0 %, 20 MiB, 210 MHz, 405 MHz, 21.79 W, 29
1860706, /home/ndizazzo/dev/mesh/issue1393-q4-snapshot-20260930/target/release/xtask, 20434 MiB
 01:44:53 up 7 days,  9:35,  6 users,  load average: 1.84, 1.89, 1.55
2026-10-01T01:44:55-04:00
100 %, 20871 MiB, 2925 MHz, 13801 MHz, 92.88 W, 34
0 %, 20 MiB, 210 MHz, 405 MHz, 21.12 W, 29
1860706, /home/ndizazzo/dev/mesh/issue1393-q4-snapshot-20260930/target/release/xtask, 20434 MiB
 01:44:55 up 7 days,  9:35,  6 users,  load average: 1.86, 1.89, 1.55
2026-10-01T01:44:57-04:00
92 %, 20871 MiB, 2925 MHz, 13801 MHz, 91.90 W, 34
0 %, 20 MiB, 210 MHz, 405 MHz, 21.12 W, 29
1860706, /home/ndizazzo/dev/mesh/issue1393-q4-snapshot-20260930/target/release/xtask, 20434 MiB
 01:44:57 up 7 days,  9:36,  6 users,  load average: 1.86, 1.89, 1.55
2026-10-01T01:44:59-04:00
89 %, 20871 MiB, 2925 MHz, 13801 MHz, 92.84 W, 34
0 %, 20 MiB, 210 MHz, 405 MHz, 27.43 W, 29
1860706, /home/ndizazzo/dev/mesh/issue1393-q4-snapshot-20260930/target/release/xtask, 20434 MiB
 01:44:59 up 7 days,  9:36,  6 users,  load average: 1.86, 1.89, 1.55
2026-10-01T01:45:01-04:00
96 %, 20871 MiB, 2925 MHz, 13801 MHz, 93.04 W, 34
0 %, 20 MiB, 210 MHz, 405 MHz, 21.35 W, 29
1860706, /home/ndizazzo/dev/mesh/issue1393-q4-snapshot-20260930/target/release/xtask, 20434 MiB
 01:45:01 up 7 days,  9:36,  6 users,  load average: 1.79, 1.87, 1.55
2026-10-01T01:45:03-04:00
96 %, 20871 MiB, 2925 MHz, 13801 MHz, 94.72 W, 34
0 %, 20 MiB, 210 MHz, 405 MHz, 21.00 W, 29
1860706, /home/ndizazzo/dev/mesh/issue1393-q4-snapshot-20260930/target/release/xtask, 20434 MiB
 01:45:03 up 7 days,  9:36,  6 users,  load average: 1.79, 1.87, 1.55
2026-10-01T01:45:05-04:00
87 %, 20871 MiB, 2925 MHz, 13801 MHz, 94.92 W, 34
0 %, 20 MiB, 210 MHz, 405 MHz, 22.53 W, 29
1860706, /home/ndizazzo/dev/mesh/issue1393-q4-snapshot-20260930/target/release/xtask, 20434 MiB
 01:45:05 up 7 days,  9:36,  6 users,  load average: 1.80, 1.88, 1.55
2026-10-01T01:45:07-04:00
100 %, 20871 MiB, 2925 MHz, 13801 MHz, 94.39 W, 34
0 %, 20 MiB, 210 MHz, 405 MHz, 22.01 W, 29
1860706, /home/ndizazzo/dev/mesh/issue1393-q4-snapshot-20260930/target/release/xtask, 20434 MiB
 01:45:07 up 7 days,  9:36,  6 users,  load average: 1.80, 1.88, 1.55
2026-10-01T01:45:09-04:00
100 %, 20871 MiB, 2925 MHz, 13801 MHz, 93.64 W, 34
0 %, 20 MiB, 210 MHz, 405 MHz, 20.96 W, 29
1860706, /home/ndizazzo/dev/mesh/issue1393-q4-snapshot-20260930/target/release/xtask, 20434 MiB
 01:45:09 up 7 days,  9:36,  6 users,  load average: 1.80, 1.88, 1.55
2026-10-01T01:45:11-04:00
94 %, 20871 MiB, 2925 MHz, 13801 MHz, 93.33 W, 34
0 %, 20 MiB, 210 MHz, 405 MHz, 21.13 W, 29
1860706, /home/ndizazzo/dev/mesh/issue1393-q4-snapshot-20260930/target/release/xtask, 20434 MiB
 01:45:11 up 7 days,  9:36,  6 users,  load average: 1.82, 1.88, 1.55
2026-10-01T01:45:13-04:00
87 %, 20871 MiB, 2925 MHz, 13801 MHz, 92.97 W, 34
0 %, 20 MiB, 210 MHz, 405 MHz, 27.25 W, 29
1860706, /home/ndizazzo/dev/mesh/issue1393-q4-snapshot-20260930/target/release/xtask, 20434 MiB
 01:45:13 up 7 days,  9:36,  6 users,  load average: 1.82, 1.88, 1.55
2026-10-01T01:45:15-04:00
98 %, 20871 MiB, 2925 MHz, 13801 MHz, 93.59 W, 34
0 %, 20 MiB, 210 MHz, 405 MHz, 21.07 W, 29
1860706, /home/ndizazzo/dev/mesh/issue1393-q4-snapshot-20260930/target/release/xtask, 20434 MiB
 01:45:15 up 7 days,  9:36,  6 users,  load average: 1.75, 1.86, 1.55
2026-10-01T01:45:17-04:00
98 %, 20871 MiB, 2925 MHz, 13801 MHz, 93.82 W, 34
0 %, 20 MiB, 210 MHz, 405 MHz, 20.96 W, 29
1860706, /home/ndizazzo/dev/mesh/issue1393-q4-snapshot-20260930/target/release/xtask, 20434 MiB
 01:45:17 up 7 days,  9:36,  6 users,  load average: 1.75, 1.86, 1.55
2026-10-01T01:45:19-04:00
0 %, 429 MiB, 2925 MHz, 14001 MHz, 88.59 W, 33
0 %, 17 MiB, 210 MHz, 405 MHz, 23.28 W, 29
 01:45:20 up 7 days,  9:36,  6 users,  load average: 1.61, 1.83, 1.54
2026-10-01T01:45:22-04:00
0 %, 429 MiB, 630 MHz, 7001 MHz, 42.65 W, 32
0 %, 17 MiB, 210 MHz, 405 MHz, 28.72 W, 29
 01:45:22 up 7 days,  9:36,  6 users,  load average: 1.61, 1.83, 1.54
2026-10-01T01:45:24-04:00
0 %, 429 MiB, 247 MHz, 810 MHz, 13.01 W, 32
0 %, 17 MiB, 210 MHz, 405 MHz, 21.16 W, 29
 01:45:24 up 7 days,  9:36,  6 users,  load average: 1.61, 1.83, 1.54
2026-10-01T01:45:26-04:00
0 %, 429 MiB, 195 MHz, 405 MHz, 5.82 W, 31
0 %, 17 MiB, 210 MHz, 405 MHz, 20.79 W, 29
 01:45:26 up 7 days,  9:36,  6 users,  load average: 1.56, 1.82, 1.54
2026-10-01T01:45:28-04:00
0 %, 429 MiB, 195 MHz, 405 MHz, 6.30 W, 31
0 %, 17 MiB, 210 MHz, 405 MHz, 25.71 W, 29
 01:45:28 up 7 days,  9:36,  6 users,  load average: 1.56, 1.82, 1.54
2026-10-01T01:45:30-04:00
0 %, 429 MiB, 195 MHz, 405 MHz, 6.14 W, 31
0 %, 17 MiB, 210 MHz, 405 MHz, 21.07 W, 29
 01:45:30 up 7 days,  9:36,  6 users,  load average: 1.52, 1.80, 1.53
2026-10-01T01:45:32-04:00
0 %, 429 MiB, 195 MHz, 405 MHz, 6.07 W, 31
0 %, 17 MiB, 210 MHz, 405 MHz, 20.92 W, 29
 01:45:32 up 7 days,  9:36,  6 users,  load average: 1.52, 1.80, 1.53
2026-10-01T01:45:34-04:00
0 %, 429 MiB, 187 MHz, 405 MHz, 6.11 W, 31
0 %, 17 MiB, 210 MHz, 405 MHz, 23.74 W, 29
 01:45:34 up 7 days,  9:36,  6 users,  load average: 1.52, 1.80, 1.53
2026-10-01T01:45:36-04:00
0 %, 429 MiB, 195 MHz, 405 MHz, 5.65 W, 31
0 %, 17 MiB, 210 MHz, 405 MHz, 21.78 W, 29
 01:45:36 up 7 days,  9:36,  6 users,  load average: 1.48, 1.79, 1.53
2026-10-01T01:45:38-04:00
0 %, 429 MiB, 195 MHz, 405 MHz, 5.89 W, 31
0 %, 17 MiB, 210 MHz, 405 MHz, 20.86 W, 29
 01:45:38 up 7 days,  9:36,  6 users,  load average: 1.48, 1.79, 1.53
2026-10-01T01:45:40-04:00
0 %, 429 MiB, 195 MHz, 405 MHz, 5.82 W, 31
0 %, 17 MiB, 210 MHz, 405 MHz, 20.94 W, 29
 01:45:40 up 7 days,  9:36,  6 users,  load average: 1.44, 1.78, 1.53
2026-10-01T01:45:42-04:00
0 %, 429 MiB, 195 MHz, 405 MHz, 5.68 W, 31
0 %, 17 MiB, 210 MHz, 405 MHz, 27.56 W, 29
 01:45:42 up 7 days,  9:36,  6 users,  load average: 1.44, 1.78, 1.53
2026-10-01T01:45:44-04:00
0 %, 429 MiB, 195 MHz, 405 MHz, 5.51 W, 31
0 %, 17 MiB, 210 MHz, 405 MHz, 20.92 W, 29
 01:45:44 up 7 days,  9:36,  6 users,  load average: 1.44, 1.78, 1.53
2026-10-01T01:45:46-04:00
0 %, 429 MiB, 195 MHz, 405 MHz, 5.76 W, 31
0 %, 17 MiB, 210 MHz, 405 MHz, 21.11 W, 29
 01:45:46 up 7 days,  9:36,  6 users,  load average: 1.48, 1.78, 1.53
2026-10-01T01:45:48-04:00
0 %, 429 MiB, 195 MHz, 405 MHz, 6.02 W, 31
0 %, 17 MiB, 210 MHz, 405 MHz, 27.83 W, 29
 01:45:49 up 7 days,  9:36,  6 users,  load average: 1.48, 1.78, 1.53
2026-10-01T01:45:51-04:00
0 %, 429 MiB, 195 MHz, 405 MHz, 5.86 W, 31
0 %, 17 MiB, 210 MHz, 405 MHz, 21.36 W, 29
 01:45:51 up 7 days,  9:36,  6 users,  load average: 1.45, 1.77, 1.53
2026-10-01T01:45:53-04:00
0 %, 429 MiB, 195 MHz, 405 MHz, 5.38 W, 31
0 %, 17 MiB, 210 MHz, 405 MHz, 20.88 W, 29
 01:45:53 up 7 days,  9:36,  6 users,  load average: 1.45, 1.77, 1.53
2026-10-01T01:45:55-04:00
0 %, 429 MiB, 195 MHz, 405 MHz, 5.91 W, 31
0 %, 17 MiB, 210 MHz, 405 MHz, 20.98 W, 29
 01:45:55 up 7 days,  9:36,  6 users,  load average: 1.49, 1.77, 1.53
2026-10-01T01:45:57-04:00
0 %, 429 MiB, 195 MHz, 405 MHz, 6.14 W, 31
0 %, 17 MiB, 210 MHz, 405 MHz, 27.38 W, 29
 01:45:57 up 7 days,  9:37,  6 users,  load average: 1.49, 1.77, 1.53
2026-10-01T01:45:59-04:00
0 %, 429 MiB, 195 MHz, 405 MHz, 5.96 W, 31
0 %, 17 MiB, 210 MHz, 405 MHz, 21.04 W, 29
 01:45:59 up 7 days,  9:37,  6 users,  load average: 1.49, 1.77, 1.53
2026-10-01T01:46:01-04:00
0 %, 429 MiB, 195 MHz, 405 MHz, 5.74 W, 31
0 %, 17 MiB, 210 MHz, 405 MHz, 21.12 W, 29
 01:46:01 up 7 days,  9:37,  6 users,  load average: 1.45, 1.76, 1.53
2026-10-01T01:46:03-04:00
0 %, 429 MiB, 187 MHz, 405 MHz, 6.15 W, 31
0 %, 17 MiB, 210 MHz, 405 MHz, 27.52 W, 29
 01:46:03 up 7 days,  9:37,  6 users,  load average: 1.45, 1.76, 1.53
2026-10-01T01:46:05-04:00
0 %, 429 MiB, 195 MHz, 405 MHz, 6.22 W, 31
0 %, 17 MiB, 210 MHz, 405 MHz, 20.94 W, 29
 01:46:05 up 7 days,  9:37,  6 users,  load average: 1.41, 1.75, 1.53
2026-10-01T01:46:07-04:00
0 %, 429 MiB, 195 MHz, 405 MHz, 6.07 W, 31
0 %, 17 MiB, 210 MHz, 405 MHz, 20.99 W, 29
 01:46:07 up 7 days,  9:37,  6 users,  load average: 1.41, 1.75, 1.53
2026-10-01T01:46:09-04:00
0 %, 429 MiB, 210 MHz, 405 MHz, 5.97 W, 31
0 %, 17 MiB, 210 MHz, 405 MHz, 20.82 W, 29
 01:46:09 up 7 days,  9:37,  6 users,  load average: 1.41, 1.75, 1.53
2026-10-01T01:46:11-04:00
0 %, 429 MiB, 195 MHz, 405 MHz, 5.79 W, 31
0 %, 17 MiB, 210 MHz, 405 MHz, 22.14 W, 29
 01:46:11 up 7 days,  9:37,  6 users,  load average: 1.38, 1.73, 1.52
2026-10-01T01:46:13-04:00
5 %, 20419 MiB, 1702 MHz, 13801 MHz, 21.33 W, 32
0 %, 20 MiB, 210 MHz, 405 MHz, 24.71 W, 29
1868165, /home/ndizazzo/dev/mesh/issue1393-q4-snapshot-20260930/target/release/xtask, 19982 MiB
 01:46:13 up 7 days,  9:37,  6 users,  load average: 1.38, 1.73, 1.52
2026-10-01T01:46:15-04:00
5 %, 20419 MiB, 2760 MHz, 13801 MHz, 73.88 W, 33
0 %, 20 MiB, 210 MHz, 405 MHz, 21.83 W, 29
1868165, /home/ndizazzo/dev/mesh/issue1393-q4-snapshot-20260930/target/release/xtask, 19982 MiB
 01:46:15 up 7 days,  9:37,  6 users,  load average: 1.35, 1.72, 1.52
2026-10-01T01:46:17-04:00
5 %, 20419 MiB, 2805 MHz, 13801 MHz, 71.77 W, 33
0 %, 20 MiB, 210 MHz, 405 MHz, 26.76 W, 29
1868165, /home/ndizazzo/dev/mesh/issue1393-q4-snapshot-20260930/target/release/xtask, 19982 MiB
 01:46:18 up 7 days,  9:37,  6 users,  load average: 1.35, 1.72, 1.52
2026-10-01T01:46:20-04:00
5 %, 20419 MiB, 2827 MHz, 13801 MHz, 72.02 W, 33
0 %, 20 MiB, 210 MHz, 405 MHz, 21.30 W, 29
1868165, /home/ndizazzo/dev/mesh/issue1393-q4-snapshot-20260930/target/release/xtask, 19982 MiB
 01:46:20 up 7 days,  9:37,  6 users,  load average: 1.32, 1.71, 1.52
2026-10-01T01:46:22-04:00
5 %, 20419 MiB, 2775 MHz, 13801 MHz, 71.43 W, 33
0 %, 20 MiB, 210 MHz, 405 MHz, 21.07 W, 29
1868165, /home/ndizazzo/dev/mesh/issue1393-q4-snapshot-20260930/target/release/xtask, 19982 MiB
 01:46:22 up 7 days,  9:37,  6 users,  load average: 1.32, 1.71, 1.52
2026-10-01T01:46:24-04:00
8 %, 20419 MiB, 2925 MHz, 13801 MHz, 77.63 W, 33
0 %, 20 MiB, 210 MHz, 405 MHz, 21.58 W, 29
1868165, /home/ndizazzo/dev/mesh/issue1393-q4-snapshot-20260930/target/release/xtask, 19982 MiB
 01:46:24 up 7 days,  9:37,  6 users,  load average: 1.32, 1.71, 1.52
2026-10-01T01:46:26-04:00
84 %, 20571 MiB, 2925 MHz, 13801 MHz, 82.16 W, 34
0 %, 20 MiB, 210 MHz, 405 MHz, 21.91 W, 29
1868165, /home/ndizazzo/dev/mesh/issue1393-q4-snapshot-20260930/target/release/xtask, 20134 MiB
 01:46:26 up 7 days,  9:37,  6 users,  load average: 1.30, 1.70, 1.51
2026-10-01T01:46:28-04:00
94 %, 20571 MiB, 2925 MHz, 13801 MHz, 95.86 W, 34
0 %, 20 MiB, 210 MHz, 405 MHz, 21.21 W, 29
1868165, /home/ndizazzo/dev/mesh/issue1393-q4-snapshot-20260930/target/release/xtask, 20134 MiB
 01:46:28 up 7 days,  9:37,  6 users,  load average: 1.30, 1.70, 1.51
2026-10-01T01:46:30-04:00
96 %, 20571 MiB, 2925 MHz, 13801 MHz, 95.10 W, 34
0 %, 20 MiB, 210 MHz, 405 MHz, 21.35 W, 29
1868165, /home/ndizazzo/dev/mesh/issue1393-q4-snapshot-20260930/target/release/xtask, 20134 MiB
 01:46:30 up 7 days,  9:37,  6 users,  load average: 1.35, 1.70, 1.52
2026-10-01T01:46:32-04:00
96 %, 20571 MiB, 2925 MHz, 13801 MHz, 94.19 W, 34
0 %, 20 MiB, 210 MHz, 405 MHz, 27.35 W, 29
1868165, /home/ndizazzo/dev/mesh/issue1393-q4-snapshot-20260930/target/release/xtask, 20134 MiB
 01:46:32 up 7 days,  9:37,  6 users,  load average: 1.35, 1.70, 1.52
2026-10-01T01:46:34-04:00
92 %, 20571 MiB, 2925 MHz, 13801 MHz, 93.88 W, 34
0 %, 20 MiB, 210 MHz, 405 MHz, 21.53 W, 29
1868165, /home/ndizazzo/dev/mesh/issue1393-q4-snapshot-20260930/target/release/xtask, 20134 MiB
 01:46:34 up 7 days,  9:37,  6 users,  load average: 1.35, 1.70, 1.52
2026-10-01T01:46:36-04:00
91 %, 20571 MiB, 2925 MHz, 13801 MHz, 94.28 W, 34
0 %, 20 MiB, 210 MHz, 405 MHz, 21.13 W, 28
1868165, /home/ndizazzo/dev/mesh/issue1393-q4-snapshot-20260930/target/release/xtask, 20134 MiB
 01:46:36 up 7 days,  9:37,  6 users,  load average: 1.40, 1.71, 1.52
2026-10-01T01:46:38-04:00
95 %, 20571 MiB, 2925 MHz, 13801 MHz, 94.07 W, 34
0 %, 20 MiB, 210 MHz, 405 MHz, 22.37 W, 29
1868165, /home/ndizazzo/dev/mesh/issue1393-q4-snapshot-20260930/target/release/xtask, 20134 MiB
 01:46:38 up 7 days,  9:37,  6 users,  load average: 1.40, 1.71, 1.52
2026-10-01T01:46:40-04:00
96 %, 20571 MiB, 2925 MHz, 13801 MHz, 94.10 W, 34
0 %, 20 MiB, 210 MHz, 405 MHz, 22.41 W, 29
1868165, /home/ndizazzo/dev/mesh/issue1393-q4-snapshot-20260930/target/release/xtask, 20134 MiB
 01:46:40 up 7 days,  9:37,  6 users,  load average: 1.45, 1.71, 1.52
2026-10-01T01:46:42-04:00
93 %, 20571 MiB, 2925 MHz, 13801 MHz, 94.15 W, 33
0 %, 20 MiB, 210 MHz, 405 MHz, 21.30 W, 28
1868165, /home/ndizazzo/dev/mesh/issue1393-q4-snapshot-20260930/target/release/xtask, 20134 MiB
 01:46:42 up 7 days,  9:37,  6 users,  load average: 1.45, 1.71, 1.52
2026-10-01T01:46:44-04:00
91 %, 20571 MiB, 2925 MHz, 13801 MHz, 94.28 W, 34
0 %, 20 MiB, 210 MHz, 405 MHz, 21.38 W, 28
1868165, /home/ndizazzo/dev/mesh/issue1393-q4-snapshot-20260930/target/release/xtask, 20134 MiB
 01:46:44 up 7 days,  9:37,  6 users,  load average: 1.45, 1.71, 1.52
2026-10-01T01:46:46-04:00
86 %, 20571 MiB, 2925 MHz, 13801 MHz, 93.94 W, 34
0 %, 20 MiB, 210 MHz, 405 MHz, 27.19 W, 29
1868165, /home/ndizazzo/dev/mesh/issue1393-q4-snapshot-20260930/target/release/xtask, 20134 MiB
 01:46:46 up 7 days,  9:37,  6 users,  load average: 1.42, 1.70, 1.52
2026-10-01T01:46:48-04:00
98 %, 20571 MiB, 2925 MHz, 13801 MHz, 94.68 W, 34
0 %, 20 MiB, 210 MHz, 405 MHz, 21.38 W, 28
1868165, /home/ndizazzo/dev/mesh/issue1393-q4-snapshot-20260930/target/release/xtask, 20134 MiB
 01:46:48 up 7 days,  9:37,  6 users,  load average: 1.42, 1.70, 1.52
2026-10-01T01:46:50-04:00
100 %, 20571 MiB, 2925 MHz, 13801 MHz, 95.89 W, 33
0 %, 20 MiB, 210 MHz, 405 MHz, 21.15 W, 28
1868165, /home/ndizazzo/dev/mesh/issue1393-q4-snapshot-20260930/target/release/xtask, 20134 MiB
 01:46:50 up 7 days,  9:37,  6 users,  load average: 1.38, 1.69, 1.52
2026-10-01T01:46:52-04:00
88 %, 20571 MiB, 2925 MHz, 13801 MHz, 94.38 W, 33
0 %, 20 MiB, 210 MHz, 405 MHz, 22.97 W, 29
1868165, /home/ndizazzo/dev/mesh/issue1393-q4-snapshot-20260930/target/release/xtask, 20134 MiB
 01:46:53 up 7 days,  9:37,  6 users,  load average: 1.38, 1.69, 1.52
2026-10-01T01:46:55-04:00
94 %, 20571 MiB, 2925 MHz, 13801 MHz, 94.50 W, 33
0 %, 20 MiB, 210 MHz, 405 MHz, 21.80 W, 29
1868165, /home/ndizazzo/dev/mesh/issue1393-q4-snapshot-20260930/target/release/xtask, 20134 MiB
 01:46:55 up 7 days,  9:37,  6 users,  load average: 1.38, 1.69, 1.52
2026-10-01T01:46:57-04:00
94 %, 20571 MiB, 2925 MHz, 13801 MHz, 94.25 W, 33
0 %, 20 MiB, 210 MHz, 405 MHz, 21.21 W, 28
1868165, /home/ndizazzo/dev/mesh/issue1393-q4-snapshot-20260930/target/release/xtask, 20134 MiB
 01:46:57 up 7 days,  9:38,  6 users,  load average: 1.51, 1.71, 1.52
2026-10-01T01:46:59-04:00
85 %, 20571 MiB, 2925 MHz, 13801 MHz, 94.56 W, 33
0 %, 20 MiB, 210 MHz, 405 MHz, 21.21 W, 28
1868165, /home/ndizazzo/dev/mesh/issue1393-q4-snapshot-20260930/target/release/xtask, 20134 MiB
 01:46:59 up 7 days,  9:38,  6 users,  load average: 1.51, 1.71, 1.52
2026-10-01T01:47:01-04:00
96 %, 20571 MiB, 2925 MHz, 13801 MHz, 94.82 W, 33
0 %, 20 MiB, 210 MHz, 405 MHz, 27.51 W, 29
1868165, /home/ndizazzo/dev/mesh/issue1393-q4-snapshot-20260930/target/release/xtask, 20134 MiB
 01:47:01 up 7 days,  9:38,  6 users,  load average: 1.63, 1.73, 1.53
2026-10-01T01:47:03-04:00
98 %, 20571 MiB, 2925 MHz, 13801 MHz, 93.65 W, 33
0 %, 20 MiB, 210 MHz, 405 MHz, 21.41 W, 28
1868165, /home/ndizazzo/dev/mesh/issue1393-q4-snapshot-20260930/target/release/xtask, 20134 MiB
 01:47:03 up 7 days,  9:38,  6 users,  load average: 1.63, 1.73, 1.53
2026-10-01T01:47:05-04:00
90 %, 20571 MiB, 2925 MHz, 13801 MHz, 93.74 W, 33
0 %, 20 MiB, 210 MHz, 405 MHz, 21.09 W, 28
1868165, /home/ndizazzo/dev/mesh/issue1393-q4-snapshot-20260930/target/release/xtask, 20134 MiB
 01:47:05 up 7 days,  9:38,  6 users,  load average: 1.58, 1.72, 1.53
2026-10-01T01:47:07-04:00
87 %, 20571 MiB, 2925 MHz, 13801 MHz, 94.53 W, 33
0 %, 20 MiB, 210 MHz, 405 MHz, 23.49 W, 29
1868165, /home/ndizazzo/dev/mesh/issue1393-q4-snapshot-20260930/target/release/xtask, 20134 MiB
 01:47:07 up 7 days,  9:38,  6 users,  load average: 1.58, 1.72, 1.53
2026-10-01T01:47:09-04:00
97 %, 20571 MiB, 2925 MHz, 13801 MHz, 94.37 W, 33
0 %, 20 MiB, 210 MHz, 405 MHz, 22.09 W, 29
1868165, /home/ndizazzo/dev/mesh/issue1393-q4-snapshot-20260930/target/release/xtask, 20134 MiB
 01:47:09 up 7 days,  9:38,  6 users,  load average: 1.58, 1.72, 1.53
2026-10-01T01:47:11-04:00
90 %, 20571 MiB, 2925 MHz, 13801 MHz, 94.56 W, 33
0 %, 20 MiB, 210 MHz, 405 MHz, 21.19 W, 28
1868165, /home/ndizazzo/dev/mesh/issue1393-q4-snapshot-20260930/target/release/xtask, 20134 MiB
 01:47:11 up 7 days,  9:38,  6 users,  load average: 1.61, 1.72, 1.53
2026-10-01T01:47:13-04:00
95 %, 20571 MiB, 2925 MHz, 13801 MHz, 94.93 W, 33
0 %, 20 MiB, 210 MHz, 405 MHz, 21.19 W, 28
1868165, /home/ndizazzo/dev/mesh/issue1393-q4-snapshot-20260930/target/release/xtask, 20134 MiB
 01:47:13 up 7 days,  9:38,  6 users,  load average: 1.61, 1.72, 1.53
2026-10-01T01:47:15-04:00
100 %, 20571 MiB, 2925 MHz, 13801 MHz, 96.05 W, 33
0 %, 20 MiB, 210 MHz, 405 MHz, 27.35 W, 29
1868165, /home/ndizazzo/dev/mesh/issue1393-q4-snapshot-20260930/target/release/xtask, 20134 MiB
 01:47:15 up 7 days,  9:38,  6 users,  load average: 1.56, 1.71, 1.53
2026-10-01T01:47:17-04:00
93 %, 20571 MiB, 2925 MHz, 13801 MHz, 94.40 W, 33
0 %, 20 MiB, 210 MHz, 405 MHz, 21.17 W, 28
1868165, /home/ndizazzo/dev/mesh/issue1393-q4-snapshot-20260930/target/release/xtask, 20134 MiB
 01:47:17 up 7 days,  9:38,  6 users,  load average: 1.56, 1.71, 1.53
2026-10-01T01:47:19-04:00
90 %, 20571 MiB, 2925 MHz, 13801 MHz, 94.21 W, 33
0 %, 20 MiB, 210 MHz, 405 MHz, 21.21 W, 28
1868165, /home/ndizazzo/dev/mesh/issue1393-q4-snapshot-20260930/target/release/xtask, 20134 MiB
 01:47:19 up 7 days,  9:38,  6 users,  load average: 1.56, 1.71, 1.53
2026-10-01T01:47:21-04:00
90 %, 20571 MiB, 2925 MHz, 13801 MHz, 94.35 W, 34
0 %, 20 MiB, 210 MHz, 405 MHz, 22.39 W, 29
1868165, /home/ndizazzo/dev/mesh/issue1393-q4-snapshot-20260930/target/release/xtask, 20134 MiB
 01:47:21 up 7 days,  9:38,  6 users,  load average: 1.52, 1.70, 1.53
2026-10-01T01:47:23-04:00
96 %, 20571 MiB, 2925 MHz, 13801 MHz, 94.42 W, 33
0 %, 20 MiB, 210 MHz, 405 MHz, 22.32 W, 29
1868165, /home/ndizazzo/dev/mesh/issue1393-q4-snapshot-20260930/target/release/xtask, 20134 MiB
 01:47:23 up 7 days,  9:38,  6 users,  load average: 1.52, 1.70, 1.53
2026-10-01T01:47:25-04:00
95 %, 20571 MiB, 2925 MHz, 13801 MHz, 94.09 W, 33
0 %, 20 MiB, 210 MHz, 405 MHz, 21.15 W, 28
1868165, /home/ndizazzo/dev/mesh/issue1393-q4-snapshot-20260930/target/release/xtask, 20134 MiB
 01:47:25 up 7 days,  9:38,  6 users,  load average: 1.56, 1.71, 1.53
2026-10-01T01:47:27-04:00
92 %, 20571 MiB, 2925 MHz, 13801 MHz, 94.58 W, 33
0 %, 20 MiB, 210 MHz, 405 MHz, 21.33 W, 28
1868165, /home/ndizazzo/dev/mesh/issue1393-q4-snapshot-20260930/target/release/xtask, 20134 MiB
 01:47:27 up 7 days,  9:38,  6 users,  load average: 1.56, 1.71, 1.53
2026-10-01T01:47:29-04:00
91 %, 20571 MiB, 2925 MHz, 13801 MHz, 94.15 W, 34
0 %, 20 MiB, 210 MHz, 405 MHz, 27.23 W, 29
1868165, /home/ndizazzo/dev/mesh/issue1393-q4-snapshot-20260930/target/release/xtask, 20134 MiB
 01:47:30 up 7 days,  9:38,  6 users,  load average: 1.56, 1.71, 1.53
2026-10-01T01:47:32-04:00
96 %, 20571 MiB, 2925 MHz, 13801 MHz, 94.49 W, 33
0 %, 20 MiB, 210 MHz, 405 MHz, 21.50 W, 28
1868165, /home/ndizazzo/dev/mesh/issue1393-q4-snapshot-20260930/target/release/xtask, 20134 MiB
 01:47:32 up 7 days,  9:38,  6 users,  load average: 1.59, 1.71, 1.53
2026-10-01T01:47:34-04:00
96 %, 20571 MiB, 2925 MHz, 13801 MHz, 94.12 W, 33
0 %, 20 MiB, 210 MHz, 405 MHz, 21.23 W, 28
1868165, /home/ndizazzo/dev/mesh/issue1393-q4-snapshot-20260930/target/release/xtask, 20134 MiB
 01:47:34 up 7 days,  9:38,  6 users,  load average: 1.59, 1.71, 1.53
2026-10-01T01:47:36-04:00
96 %, 20571 MiB, 2925 MHz, 13801 MHz, 94.07 W, 34
0 %, 20 MiB, 210 MHz, 405 MHz, 23.20 W, 29
1868165, /home/ndizazzo/dev/mesh/issue1393-q4-snapshot-20260930/target/release/xtask, 20134 MiB
 01:47:36 up 7 days,  9:38,  6 users,  load average: 1.63, 1.72, 1.54
2026-10-01T01:47:38-04:00
96 %, 20571 MiB, 2925 MHz, 13801 MHz, 94.35 W, 34
0 %, 20 MiB, 210 MHz, 405 MHz, 22.16 W, 29
1868165, /home/ndizazzo/dev/mesh/issue1393-q4-snapshot-20260930/target/release/xtask, 20134 MiB
 01:47:38 up 7 days,  9:38,  6 users,  load average: 1.63, 1.72, 1.54
2026-10-01T01:47:40-04:00
96 %, 20571 MiB, 2925 MHz, 13801 MHz, 95.74 W, 34
0 %, 20 MiB, 210 MHz, 405 MHz, 21.23 W, 29
1868165, /home/ndizazzo/dev/mesh/issue1393-q4-snapshot-20260930/target/release/xtask, 20134 MiB
 01:47:40 up 7 days,  9:38,  6 users,  load average: 1.66, 1.72, 1.54
2026-10-01T01:47:42-04:00
96 %, 20571 MiB, 2925 MHz, 13801 MHz, 96.64 W, 34
0 %, 20 MiB, 210 MHz, 405 MHz, 21.33 W, 29
1868165, /home/ndizazzo/dev/mesh/issue1393-q4-snapshot-20260930/target/release/xtask, 20134 MiB
 01:47:42 up 7 days,  9:38,  6 users,  load average: 1.66, 1.72, 1.54
2026-10-01T01:47:44-04:00
96 %, 20571 MiB, 2925 MHz, 13801 MHz, 94.76 W, 34
0 %, 20 MiB, 210 MHz, 405 MHz, 27.55 W, 29
1868165, /home/ndizazzo/dev/mesh/issue1393-q4-snapshot-20260930/target/release/xtask, 20134 MiB
 01:47:44 up 7 days,  9:38,  6 users,  load average: 1.66, 1.72, 1.54
2026-10-01T01:47:46-04:00
91 %, 20571 MiB, 2925 MHz, 13801 MHz, 94.51 W, 34
0 %, 20 MiB, 210 MHz, 405 MHz, 21.57 W, 29
1868165, /home/ndizazzo/dev/mesh/issue1393-q4-snapshot-20260930/target/release/xtask, 20134 MiB
 01:47:46 up 7 days,  9:38,  6 users,  load average: 1.60, 1.71, 1.54
2026-10-01T01:47:48-04:00
91 %, 20571 MiB, 2925 MHz, 13801 MHz, 94.83 W, 34
0 %, 20 MiB, 210 MHz, 405 MHz, 21.08 W, 29
1868165, /home/ndizazzo/dev/mesh/issue1393-q4-snapshot-20260930/target/release/xtask, 20134 MiB
 01:47:48 up 7 days,  9:38,  6 users,  load average: 1.60, 1.71, 1.54
2026-10-01T01:47:50-04:00
97 %, 20571 MiB, 2925 MHz, 13801 MHz, 94.72 W, 34
0 %, 20 MiB, 210 MHz, 405 MHz, 23.40 W, 29
1868165, /home/ndizazzo/dev/mesh/issue1393-q4-snapshot-20260930/target/release/xtask, 20134 MiB
 01:47:50 up 7 days,  9:38,  6 users,  load average: 1.56, 1.70, 1.53
2026-10-01T01:47:52-04:00
95 %, 20571 MiB, 2925 MHz, 13801 MHz, 94.31 W, 34
0 %, 20 MiB, 210 MHz, 405 MHz, 22.28 W, 29
1868165, /home/ndizazzo/dev/mesh/issue1393-q4-snapshot-20260930/target/release/xtask, 20134 MiB
 01:47:52 up 7 days,  9:38,  6 users,  load average: 1.56, 1.70, 1.53
2026-10-01T01:47:54-04:00
96 %, 20571 MiB, 2925 MHz, 13801 MHz, 94.17 W, 34
0 %, 20 MiB, 210 MHz, 405 MHz, 21.11 W, 29
1868165, /home/ndizazzo/dev/mesh/issue1393-q4-snapshot-20260930/target/release/xtask, 20134 MiB
 01:47:54 up 7 days,  9:38,  6 users,  load average: 1.56, 1.70, 1.53
2026-10-01T01:47:56-04:00
91 %, 20571 MiB, 2925 MHz, 13801 MHz, 94.02 W, 34
0 %, 20 MiB, 210 MHz, 405 MHz, 21.23 W, 29
1868165, /home/ndizazzo/dev/mesh/issue1393-q4-snapshot-20260930/target/release/xtask, 20134 MiB
 01:47:56 up 7 days,  9:38,  6 users,  load average: 1.59, 1.70, 1.54
2026-10-01T01:47:58-04:00
94 %, 20571 MiB, 2925 MHz, 13801 MHz, 94.44 W, 34
0 %, 20 MiB, 210 MHz, 405 MHz, 27.29 W, 29
1868165, /home/ndizazzo/dev/mesh/issue1393-q4-snapshot-20260930/target/release/xtask, 20134 MiB
 01:47:58 up 7 days,  9:39,  6 users,  load average: 1.59, 1.70, 1.54
2026-10-01T01:48:00-04:00
87 %, 20571 MiB, 2925 MHz, 13801 MHz, 94.11 W, 34
0 %, 20 MiB, 210 MHz, 405 MHz, 21.31 W, 29
1868165, /home/ndizazzo/dev/mesh/issue1393-q4-snapshot-20260930/target/release/xtask, 20134 MiB
 01:48:00 up 7 days,  9:39,  6 users,  load average: 1.62, 1.71, 1.54
2026-10-01T01:48:02-04:00
90 %, 20571 MiB, 2925 MHz, 13801 MHz, 94.42 W, 34
0 %, 20 MiB, 210 MHz, 405 MHz, 21.20 W, 29
1868165, /home/ndizazzo/dev/mesh/issue1393-q4-snapshot-20260930/target/release/xtask, 20134 MiB
 01:48:02 up 7 days,  9:39,  6 users,  load average: 1.62, 1.71, 1.54
2026-10-01T01:48:04-04:00
98 %, 20571 MiB, 2925 MHz, 13801 MHz, 95.41 W, 34
0 %, 20 MiB, 210 MHz, 405 MHz, 23.85 W, 29
1868165, /home/ndizazzo/dev/mesh/issue1393-q4-snapshot-20260930/target/release/xtask, 20134 MiB
 01:48:05 up 7 days,  9:39,  6 users,  load average: 1.62, 1.71, 1.54
2026-10-01T01:48:07-04:00
88 %, 20571 MiB, 2925 MHz, 13801 MHz, 97.25 W, 34
0 %, 20 MiB, 210 MHz, 405 MHz, 21.75 W, 29
1868165, /home/ndizazzo/dev/mesh/issue1393-q4-snapshot-20260930/target/release/xtask, 20134 MiB
 01:48:07 up 7 days,  9:39,  6 users,  load average: 1.65, 1.71, 1.54
2026-10-01T01:48:09-04:00
98 %, 20571 MiB, 2925 MHz, 13801 MHz, 93.93 W, 34
0 %, 20 MiB, 210 MHz, 405 MHz, 21.07 W, 29
1868165, /home/ndizazzo/dev/mesh/issue1393-q4-snapshot-20260930/target/release/xtask, 20134 MiB
 01:48:09 up 7 days,  9:39,  6 users,  load average: 1.65, 1.71, 1.54
2026-10-01T01:48:11-04:00
96 %, 20571 MiB, 2925 MHz, 13801 MHz, 94.11 W, 34
0 %, 20 MiB, 210 MHz, 405 MHz, 21.21 W, 28
1868165, /home/ndizazzo/dev/mesh/issue1393-q4-snapshot-20260930/target/release/xtask, 20134 MiB
 01:48:11 up 7 days,  9:39,  6 users,  load average: 1.60, 1.70, 1.54
2026-10-01T01:48:13-04:00
96 %, 20571 MiB, 2925 MHz, 13801 MHz, 94.24 W, 34
0 %, 20 MiB, 210 MHz, 405 MHz, 27.56 W, 29
1868165, /home/ndizazzo/dev/mesh/issue1393-q4-snapshot-20260930/target/release/xtask, 20134 MiB
 01:48:13 up 7 days,  9:39,  6 users,  load average: 1.60, 1.70, 1.54
2026-10-01T01:48:15-04:00
94 %, 20571 MiB, 2925 MHz, 13801 MHz, 94.41 W, 34
0 %, 20 MiB, 210 MHz, 405 MHz, 21.47 W, 29
1868165, /home/ndizazzo/dev/mesh/issue1393-q4-snapshot-20260930/target/release/xtask, 20134 MiB
 01:48:15 up 7 days,  9:39,  6 users,  load average: 1.55, 1.69, 1.54
2026-10-01T01:48:17-04:00
87 %, 20571 MiB, 2925 MHz, 13801 MHz, 94.39 W, 34
0 %, 20 MiB, 210 MHz, 405 MHz, 21.18 W, 29
1868165, /home/ndizazzo/dev/mesh/issue1393-q4-snapshot-20260930/target/release/xtask, 20134 MiB
 01:48:17 up 7 days,  9:39,  6 users,  load average: 1.55, 1.69, 1.54
2026-10-01T01:48:19-04:00
90 %, 20571 MiB, 2925 MHz, 13801 MHz, 94.09 W, 34
0 %, 20 MiB, 210 MHz, 405 MHz, 27.12 W, 29
1868165, /home/ndizazzo/dev/mesh/issue1393-q4-snapshot-20260930/target/release/xtask, 20134 MiB
 01:48:19 up 7 days,  9:39,  6 users,  load average: 1.55, 1.69, 1.54
2026-10-01T01:48:21-04:00
95 %, 20571 MiB, 2925 MHz, 13801 MHz, 94.22 W, 34
0 %, 20 MiB, 210 MHz, 405 MHz, 22.23 W, 29
1868165, /home/ndizazzo/dev/mesh/issue1393-q4-snapshot-20260930/target/release/xtask, 20134 MiB
 01:48:21 up 7 days,  9:39,  6 users,  load average: 1.59, 1.69, 1.54
2026-10-01T01:48:23-04:00
95 %, 20571 MiB, 2925 MHz, 13801 MHz, 93.76 W, 34
0 %, 20 MiB, 210 MHz, 405 MHz, 21.15 W, 29
1868165, /home/ndizazzo/dev/mesh/issue1393-q4-snapshot-20260930/target/release/xtask, 20134 MiB
 01:48:23 up 7 days,  9:39,  6 users,  load average: 1.59, 1.69, 1.54
2026-10-01T01:48:25-04:00
91 %, 20571 MiB, 2925 MHz, 13801 MHz, 94.50 W, 34
0 %, 20 MiB, 210 MHz, 405 MHz, 21.17 W, 29
1868165, /home/ndizazzo/dev/mesh/issue1393-q4-snapshot-20260930/target/release/xtask, 20134 MiB
 01:48:25 up 7 days,  9:39,  6 users,  load average: 1.62, 1.70, 1.54
2026-10-01T01:48:27-04:00
87 %, 20571 MiB, 2925 MHz, 13801 MHz, 94.55 W, 34
0 %, 20 MiB, 210 MHz, 405 MHz, 27.33 W, 29
1868165, /home/ndizazzo/dev/mesh/issue1393-q4-snapshot-20260930/target/release/xtask, 20134 MiB
 01:48:27 up 7 days,  9:39,  6 users,  load average: 1.62, 1.70, 1.54
2026-10-01T01:48:29-04:00
98 %, 20571 MiB, 2925 MHz, 13801 MHz, 95.36 W, 34
0 %, 20 MiB, 210 MHz, 405 MHz, 21.14 W, 28
1868165, /home/ndizazzo/dev/mesh/issue1393-q4-snapshot-20260930/target/release/xtask, 20134 MiB
 01:48:29 up 7 days,  9:39,  6 users,  load average: 1.62, 1.70, 1.54
2026-10-01T01:48:31-04:00
91 %, 20571 MiB, 2925 MHz, 13801 MHz, 95.70 W, 34
0 %, 20 MiB, 210 MHz, 405 MHz, 21.08 W, 29
1868165, /home/ndizazzo/dev/mesh/issue1393-q4-snapshot-20260930/target/release/xtask, 20134 MiB
 01:48:31 up 7 days,  9:39,  6 users,  load average: 1.65, 1.70, 1.54
2026-10-01T01:48:33-04:00
87 %, 20571 MiB, 2925 MHz, 13801 MHz, 94.89 W, 34
0 %, 20 MiB, 210 MHz, 405 MHz, 23.41 W, 29
1868165, /home/ndizazzo/dev/mesh/issue1393-q4-snapshot-20260930/target/release/xtask, 20134 MiB
 01:48:33 up 7 days,  9:39,  6 users,  load average: 1.65, 1.70, 1.54
2026-10-01T01:48:35-04:00
90 %, 20571 MiB, 2925 MHz, 13801 MHz, 94.76 W, 34
0 %, 20 MiB, 210 MHz, 405 MHz, 21.58 W, 29
1868165, /home/ndizazzo/dev/mesh/issue1393-q4-snapshot-20260930/target/release/xtask, 20134 MiB
 01:48:35 up 7 days,  9:39,  6 users,  load average: 1.68, 1.71, 1.55
2026-10-01T01:48:37-04:00
94 %, 20571 MiB, 2925 MHz, 13801 MHz, 94.88 W, 34
0 %, 20 MiB, 210 MHz, 405 MHz, 21.13 W, 29
1868165, /home/ndizazzo/dev/mesh/issue1393-q4-snapshot-20260930/target/release/xtask, 20134 MiB
 01:48:37 up 7 days,  9:39,  6 users,  load average: 1.68, 1.71, 1.55
2026-10-01T01:48:39-04:00
95 %, 20571 MiB, 2925 MHz, 13801 MHz, 94.61 W, 34
0 %, 20 MiB, 210 MHz, 405 MHz, 21.09 W, 29
1868165, /home/ndizazzo/dev/mesh/issue1393-q4-snapshot-20260930/target/release/xtask, 20134 MiB
 01:48:40 up 7 days,  9:39,  6 users,  load average: 1.68, 1.71, 1.55
2026-10-01T01:48:42-04:00
96 %, 20571 MiB, 2925 MHz, 13801 MHz, 94.37 W, 34
0 %, 20 MiB, 210 MHz, 405 MHz, 27.18 W, 29
1868165, /home/ndizazzo/dev/mesh/issue1393-q4-snapshot-20260930/target/release/xtask, 20134 MiB
 01:48:42 up 7 days,  9:39,  6 users,  load average: 1.71, 1.71, 1.55
2026-10-01T01:48:44-04:00
92 %, 20571 MiB, 2925 MHz, 13801 MHz, 94.44 W, 34
0 %, 20 MiB, 210 MHz, 405 MHz, 21.47 W, 29
1868165, /home/ndizazzo/dev/mesh/issue1393-q4-snapshot-20260930/target/release/xtask, 20134 MiB
 01:48:44 up 7 days,  9:39,  6 users,  load average: 1.71, 1.71, 1.55
2026-10-01T01:48:46-04:00
94 %, 20571 MiB, 2925 MHz, 13801 MHz, 94.75 W, 34
0 %, 20 MiB, 210 MHz, 405 MHz, 21.28 W, 29
1868165, /home/ndizazzo/dev/mesh/issue1393-q4-snapshot-20260930/target/release/xtask, 20134 MiB
 01:48:46 up 7 days,  9:39,  6 users,  load average: 1.81, 1.74, 1.56
2026-10-01T01:48:48-04:00
94 %, 20571 MiB, 2925 MHz, 13801 MHz, 94.41 W, 34
0 %, 20 MiB, 210 MHz, 405 MHz, 23.96 W, 29
1868165, /home/ndizazzo/dev/mesh/issue1393-q4-snapshot-20260930/target/release/xtask, 20134 MiB
 01:48:48 up 7 days,  9:39,  6 users,  load average: 1.81, 1.74, 1.56
2026-10-01T01:48:50-04:00
94 %, 20571 MiB, 2925 MHz, 13801 MHz, 94.30 W, 34
0 %, 20 MiB, 210 MHz, 405 MHz, 22.14 W, 29
1868165, /home/ndizazzo/dev/mesh/issue1393-q4-snapshot-20260930/target/release/xtask, 20134 MiB
 01:48:50 up 7 days,  9:39,  6 users,  load average: 1.75, 1.72, 1.55
2026-10-01T01:48:52-04:00
91 %, 20571 MiB, 2925 MHz, 13801 MHz, 93.99 W, 34
0 %, 20 MiB, 210 MHz, 405 MHz, 21.11 W, 29
1868165, /home/ndizazzo/dev/mesh/issue1393-q4-snapshot-20260930/target/release/xtask, 20134 MiB
 01:48:52 up 7 days,  9:39,  6 users,  load average: 1.75, 1.72, 1.55
2026-10-01T01:48:54-04:00
88 %, 20571 MiB, 2925 MHz, 13801 MHz, 94.31 W, 34
0 %, 20 MiB, 210 MHz, 405 MHz, 21.40 W, 29
1868165, /home/ndizazzo/dev/mesh/issue1393-q4-snapshot-20260930/target/release/xtask, 20134 MiB
 01:48:54 up 7 days,  9:39,  6 users,  load average: 1.75, 1.72, 1.55
2026-10-01T01:48:56-04:00
95 %, 20571 MiB, 2925 MHz, 13801 MHz, 94.71 W, 34
0 %, 20 MiB, 210 MHz, 405 MHz, 22.49 W, 29
1868165, /home/ndizazzo/dev/mesh/issue1393-q4-snapshot-20260930/target/release/xtask, 20134 MiB
 01:48:56 up 7 days,  9:39,  6 users,  load average: 1.77, 1.73, 1.56
2026-10-01T01:48:58-04:00
100 %, 20571 MiB, 2925 MHz, 13801 MHz, 96.36 W, 34
0 %, 20 MiB, 210 MHz, 405 MHz, 21.23 W, 29
1868165, /home/ndizazzo/dev/mesh/issue1393-q4-snapshot-20260930/target/release/xtask, 20134 MiB
 01:48:58 up 7 days,  9:40,  6 users,  load average: 1.77, 1.73, 1.56
2026-10-01T01:49:00-04:00
87 %, 20571 MiB, 2925 MHz, 13801 MHz, 94.82 W, 34
0 %, 20 MiB, 210 MHz, 405 MHz, 21.16 W, 29
1868165, /home/ndizazzo/dev/mesh/issue1393-q4-snapshot-20260930/target/release/xtask, 20134 MiB
 01:49:00 up 7 days,  9:40,  6 users,  load average: 1.70, 1.72, 1.55
2026-10-01T01:49:02-04:00
87 %, 20571 MiB, 2925 MHz, 13801 MHz, 94.68 W, 34
0 %, 20 MiB, 210 MHz, 405 MHz, 27.02 W, 29
1868165, /home/ndizazzo/dev/mesh/issue1393-q4-snapshot-20260930/target/release/xtask, 20134 MiB
 01:49:02 up 7 days,  9:40,  6 users,  load average: 1.70, 1.72, 1.55
2026-10-01T01:49:04-04:00
86 %, 20571 MiB, 2925 MHz, 13801 MHz, 93.63 W, 34
0 %, 20 MiB, 210 MHz, 405 MHz, 22.12 W, 29
1868165, /home/ndizazzo/dev/mesh/issue1393-q4-snapshot-20260930/target/release/xtask, 20134 MiB
 01:49:04 up 7 days,  9:40,  6 users,  load average: 1.70, 1.72, 1.55
2026-10-01T01:49:06-04:00
96 %, 20571 MiB, 2925 MHz, 13801 MHz, 94.17 W, 34
0 %, 20 MiB, 210 MHz, 405 MHz, 20.99 W, 29
1868165, /home/ndizazzo/dev/mesh/issue1393-q4-snapshot-20260930/target/release/xtask, 20134 MiB
 01:49:06 up 7 days,  9:40,  6 users,  load average: 1.73, 1.72, 1.56
2026-10-01T01:49:08-04:00
95 %, 20571 MiB, 2925 MHz, 13801 MHz, 93.90 W, 34
0 %, 20 MiB, 210 MHz, 405 MHz, 21.25 W, 29
1868165, /home/ndizazzo/dev/mesh/issue1393-q4-snapshot-20260930/target/release/xtask, 20134 MiB
 01:49:08 up 7 days,  9:40,  6 users,  load average: 1.73, 1.72, 1.56
2026-10-01T01:49:10-04:00
97 %, 20571 MiB, 2925 MHz, 13801 MHz, 93.95 W, 34
0 %, 20 MiB, 210 MHz, 405 MHz, 22.02 W, 29
1868165, /home/ndizazzo/dev/mesh/issue1393-q4-snapshot-20260930/target/release/xtask, 20134 MiB
 01:49:10 up 7 days,  9:40,  6 users,  load average: 1.67, 1.71, 1.55
2026-10-01T01:49:12-04:00
95 %, 20571 MiB, 2925 MHz, 13801 MHz, 93.75 W, 34
0 %, 20 MiB, 210 MHz, 405 MHz, 21.22 W, 29
1868165, /home/ndizazzo/dev/mesh/issue1393-q4-snapshot-20260930/target/release/xtask, 20134 MiB
 01:49:12 up 7 days,  9:40,  6 users,  load average: 1.67, 1.71, 1.55
2026-10-01T01:49:14-04:00
96 %, 20571 MiB, 2925 MHz, 13801 MHz, 93.77 W, 34
0 %, 20 MiB, 210 MHz, 405 MHz, 21.24 W, 29
1868165, /home/ndizazzo/dev/mesh/issue1393-q4-snapshot-20260930/target/release/xtask, 20134 MiB
 01:49:15 up 7 days,  9:40,  6 users,  load average: 1.67, 1.71, 1.55
2026-10-01T01:49:17-04:00
94 %, 20571 MiB, 2925 MHz, 13801 MHz, 93.85 W, 34
0 %, 20 MiB, 210 MHz, 405 MHz, 27.51 W, 29
1868165, /home/ndizazzo/dev/mesh/issue1393-q4-snapshot-20260930/target/release/xtask, 20134 MiB
 01:49:17 up 7 days,  9:40,  6 users,  load average: 1.70, 1.71, 1.56
2026-10-01T01:49:19-04:00
91 %, 20571 MiB, 2925 MHz, 13801 MHz, 94.33 W, 34
0 %, 20 MiB, 210 MHz, 405 MHz, 21.26 W, 29
1868165, /home/ndizazzo/dev/mesh/issue1393-q4-snapshot-20260930/target/release/xtask, 20134 MiB
 01:49:19 up 7 days,  9:40,  6 users,  load average: 1.70, 1.71, 1.56
2026-10-01T01:49:21-04:00
94 %, 20571 MiB, 2925 MHz, 13801 MHz, 94.94 W, 34
0 %, 20 MiB, 210 MHz, 405 MHz, 21.14 W, 29
1868165, /home/ndizazzo/dev/mesh/issue1393-q4-snapshot-20260930/target/release/xtask, 20134 MiB
 01:49:21 up 7 days,  9:40,  6 users,  load average: 1.72, 1.72, 1.56
2026-10-01T01:49:23-04:00
96 %, 20571 MiB, 2925 MHz, 13801 MHz, 95.50 W, 34
0 %, 20 MiB, 210 MHz, 405 MHz, 21.14 W, 29
1868165, /home/ndizazzo/dev/mesh/issue1393-q4-snapshot-20260930/target/release/xtask, 20134 MiB
 01:49:23 up 7 days,  9:40,  6 users,  load average: 1.72, 1.72, 1.56
2026-10-01T01:49:25-04:00
90 %, 20571 MiB, 2925 MHz, 13801 MHz, 94.35 W, 34
0 %, 20 MiB, 210 MHz, 405 MHz, 22.34 W, 29
1868165, /home/ndizazzo/dev/mesh/issue1393-q4-snapshot-20260930/target/release/xtask, 20134 MiB
 01:49:25 up 7 days,  9:40,  6 users,  load average: 1.74, 1.72, 1.56
2026-10-01T01:49:27-04:00
93 %, 20571 MiB, 2925 MHz, 13801 MHz, 93.90 W, 34
0 %, 20 MiB, 210 MHz, 405 MHz, 21.10 W, 29
1868165, /home/ndizazzo/dev/mesh/issue1393-q4-snapshot-20260930/target/release/xtask, 20134 MiB
 01:49:27 up 7 days,  9:40,  6 users,  load average: 1.74, 1.72, 1.56
2026-10-01T01:49:29-04:00
92 %, 20571 MiB, 2925 MHz, 13801 MHz, 93.88 W, 34
0 %, 20 MiB, 210 MHz, 405 MHz, 21.29 W, 29
1868165, /home/ndizazzo/dev/mesh/issue1393-q4-snapshot-20260930/target/release/xtask, 20134 MiB
 01:49:29 up 7 days,  9:40,  6 users,  load average: 1.74, 1.72, 1.56
2026-10-01T01:49:31-04:00
94 %, 20571 MiB, 2925 MHz, 13801 MHz, 94.46 W, 34
0 %, 20 MiB, 210 MHz, 405 MHz, 27.26 W, 29
1868165, /home/ndizazzo/dev/mesh/issue1393-q4-snapshot-20260930/target/release/xtask, 20134 MiB
 01:49:31 up 7 days,  9:40,  6 users,  load average: 1.68, 1.71, 1.56
2026-10-01T01:49:33-04:00
94 %, 20571 MiB, 2925 MHz, 13801 MHz, 94.74 W, 34
0 %, 20 MiB, 210 MHz, 405 MHz, 21.44 W, 29
1868165, /home/ndizazzo/dev/mesh/issue1393-q4-snapshot-20260930/target/release/xtask, 20134 MiB
 01:49:33 up 7 days,  9:40,  6 users,  load average: 1.68, 1.71, 1.56
2026-10-01T01:49:35-04:00
89 %, 20571 MiB, 2925 MHz, 13801 MHz, 94.73 W, 34
0 %, 20 MiB, 210 MHz, 405 MHz, 21.31 W, 29
1868165, /home/ndizazzo/dev/mesh/issue1393-q4-snapshot-20260930/target/release/xtask, 20134 MiB
 01:49:35 up 7 days,  9:40,  6 users,  load average: 1.71, 1.72, 1.56
2026-10-01T01:49:37-04:00
94 %, 20571 MiB, 2925 MHz, 13801 MHz, 94.94 W, 34
0 %, 20 MiB, 210 MHz, 405 MHz, 21.86 W, 29
1868165, /home/ndizazzo/dev/mesh/issue1393-q4-snapshot-20260930/target/release/xtask, 20134 MiB
 01:49:37 up 7 days,  9:40,  6 users,  load average: 1.71, 1.72, 1.56
2026-10-01T01:49:39-04:00
97 %, 20571 MiB, 2925 MHz, 13801 MHz, 95.33 W, 34
0 %, 20 MiB, 210 MHz, 405 MHz, 22.10 W, 29
1868165, /home/ndizazzo/dev/mesh/issue1393-q4-snapshot-20260930/target/release/xtask, 20134 MiB
 01:49:39 up 7 days,  9:40,  6 users,  load average: 1.71, 1.72, 1.56
2026-10-01T01:49:41-04:00
96 %, 20571 MiB, 2925 MHz, 13801 MHz, 93.88 W, 34
0 %, 20 MiB, 210 MHz, 405 MHz, 21.19 W, 29
1868165, /home/ndizazzo/dev/mesh/issue1393-q4-snapshot-20260930/target/release/xtask, 20134 MiB
 01:49:41 up 7 days,  9:40,  6 users,  load average: 1.65, 1.70, 1.56
2026-10-01T01:49:43-04:00
97 %, 20571 MiB, 2925 MHz, 13801 MHz, 93.89 W, 34
0 %, 20 MiB, 210 MHz, 405 MHz, 21.37 W, 29
1868165, /home/ndizazzo/dev/mesh/issue1393-q4-snapshot-20260930/target/release/xtask, 20134 MiB
 01:49:43 up 7 days,  9:40,  6 users,  load average: 1.65, 1.70, 1.56
2026-10-01T01:49:45-04:00
98 %, 20571 MiB, 2925 MHz, 13801 MHz, 94.06 W, 34
0 %, 20 MiB, 210 MHz, 405 MHz, 27.62 W, 29
1868165, /home/ndizazzo/dev/mesh/issue1393-q4-snapshot-20260930/target/release/xtask, 20134 MiB
 01:49:45 up 7 days,  9:40,  6 users,  load average: 1.60, 1.69, 1.55
2026-10-01T01:49:47-04:00
95 %, 20571 MiB, 2925 MHz, 13801 MHz, 95.03 W, 34
0 %, 20 MiB, 210 MHz, 405 MHz, 21.63 W, 29
1868165, /home/ndizazzo/dev/mesh/issue1393-q4-snapshot-20260930/target/release/xtask, 20134 MiB
 01:49:47 up 7 days,  9:40,  6 users,  load average: 1.60, 1.69, 1.55
2026-10-01T01:49:49-04:00
100 %, 20571 MiB, 2925 MHz, 13801 MHz, 96.28 W, 34
0 %, 20 MiB, 210 MHz, 405 MHz, 21.35 W, 29
1868165, /home/ndizazzo/dev/mesh/issue1393-q4-snapshot-20260930/target/release/xtask, 20134 MiB
 01:49:50 up 7 days,  9:40,  6 users,  load average: 1.60, 1.69, 1.55
2026-10-01T01:49:52-04:00
91 %, 20571 MiB, 2925 MHz, 13801 MHz, 93.90 W, 34
0 %, 20 MiB, 210 MHz, 405 MHz, 22.60 W, 29
1868165, /home/ndizazzo/dev/mesh/issue1393-q4-snapshot-20260930/target/release/xtask, 20134 MiB
 01:49:52 up 7 days,  9:40,  6 users,  load average: 1.55, 1.68, 1.55
2026-10-01T01:49:54-04:00
95 %, 20571 MiB, 2925 MHz, 13801 MHz, 94.51 W, 34
0 %, 20 MiB, 210 MHz, 405 MHz, 22.34 W, 29
1868165, /home/ndizazzo/dev/mesh/issue1393-q4-snapshot-20260930/target/release/xtask, 20134 MiB
 01:49:54 up 7 days,  9:40,  6 users,  load average: 1.55, 1.68, 1.55
2026-10-01T01:49:56-04:00
97 %, 20571 MiB, 2925 MHz, 13801 MHz, 93.94 W, 34
0 %, 20 MiB, 210 MHz, 405 MHz, 21.31 W, 29
1868165, /home/ndizazzo/dev/mesh/issue1393-q4-snapshot-20260930/target/release/xtask, 20134 MiB
 01:49:56 up 7 days,  9:40,  6 users,  load average: 1.59, 1.69, 1.55
2026-10-01T01:49:58-04:00
87 %, 20571 MiB, 2925 MHz, 13801 MHz, 93.99 W, 34
0 %, 20 MiB, 210 MHz, 405 MHz, 21.36 W, 29
1868165, /home/ndizazzo/dev/mesh/issue1393-q4-snapshot-20260930/target/release/xtask, 20134 MiB
 01:49:58 up 7 days,  9:41,  6 users,  load average: 1.59, 1.69, 1.55
2026-10-01T01:50:00-04:00
94 %, 20571 MiB, 2925 MHz, 13801 MHz, 94.33 W, 34
0 %, 20 MiB, 210 MHz, 405 MHz, 27.39 W, 29
1868165, /home/ndizazzo/dev/mesh/issue1393-q4-snapshot-20260930/target/release/xtask, 20134 MiB
 01:50:00 up 7 days,  9:41,  6 users,  load average: 1.62, 1.69, 1.55
2026-10-01T01:50:02-04:00
95 %, 20571 MiB, 2925 MHz, 13801 MHz, 94.97 W, 34
0 %, 20 MiB, 210 MHz, 405 MHz, 21.45 W, 29
1868165, /home/ndizazzo/dev/mesh/issue1393-q4-snapshot-20260930/target/release/xtask, 20134 MiB
 01:50:02 up 7 days,  9:41,  6 users,  load average: 1.62, 1.69, 1.55
2026-10-01T01:50:04-04:00
96 %, 20571 MiB, 2925 MHz, 13801 MHz, 94.38 W, 34
0 %, 20 MiB, 210 MHz, 405 MHz, 21.33 W, 29
1868165, /home/ndizazzo/dev/mesh/issue1393-q4-snapshot-20260930/target/release/xtask, 20134 MiB
 01:50:04 up 7 days,  9:41,  6 users,  load average: 1.62, 1.69, 1.55
2026-10-01T01:50:06-04:00
94 %, 20571 MiB, 2925 MHz, 13801 MHz, 94.02 W, 34
0 %, 20 MiB, 210 MHz, 405 MHz, 23.17 W, 29
1868165, /home/ndizazzo/dev/mesh/issue1393-q4-snapshot-20260930/target/release/xtask, 20134 MiB
 01:50:06 up 7 days,  9:41,  6 users,  load average: 1.57, 1.68, 1.55
2026-10-01T01:50:08-04:00
96 %, 20571 MiB, 2925 MHz, 13801 MHz, 94.30 W, 34
0 %, 20 MiB, 210 MHz, 405 MHz, 22.51 W, 29
1868165, /home/ndizazzo/dev/mesh/issue1393-q4-snapshot-20260930/target/release/xtask, 20134 MiB
 01:50:08 up 7 days,  9:41,  6 users,  load average: 1.57, 1.68, 1.55
2026-10-01T01:50:10-04:00
98 %, 20571 MiB, 2925 MHz, 13801 MHz, 94.32 W, 34
0 %, 20 MiB, 210 MHz, 405 MHz, 21.26 W, 29
1868165, /home/ndizazzo/dev/mesh/issue1393-q4-snapshot-20260930/target/release/xtask, 20134 MiB
 01:50:10 up 7 days,  9:41,  6 users,  load average: 1.61, 1.68, 1.55
2026-10-01T01:50:12-04:00
98 %, 20571 MiB, 2925 MHz, 13801 MHz, 93.52 W, 34
0 %, 20 MiB, 210 MHz, 405 MHz, 21.33 W, 29
1868165, /home/ndizazzo/dev/mesh/issue1393-q4-snapshot-20260930/target/release/xtask, 20134 MiB
 01:50:12 up 7 days,  9:41,  6 users,  load average: 1.61, 1.68, 1.55
2026-10-01T01:50:14-04:00
94 %, 20571 MiB, 2925 MHz, 13801 MHz, 94.43 W, 34
0 %, 20 MiB, 210 MHz, 405 MHz, 27.17 W, 29
1868165, /home/ndizazzo/dev/mesh/issue1393-q4-snapshot-20260930/target/release/xtask, 20134 MiB
 01:50:14 up 7 days,  9:41,  6 users,  load average: 1.61, 1.68, 1.55
2026-10-01T01:50:16-04:00
89 %, 20571 MiB, 2925 MHz, 13801 MHz, 96.03 W, 34
0 %, 20 MiB, 210 MHz, 405 MHz, 21.54 W, 29
1868165, /home/ndizazzo/dev/mesh/issue1393-q4-snapshot-20260930/target/release/xtask, 20134 MiB
 01:50:16 up 7 days,  9:41,  6 users,  load average: 1.56, 1.67, 1.55
2026-10-01T01:50:18-04:00
88 %, 20571 MiB, 2925 MHz, 13801 MHz, 94.01 W, 34
0 %, 20 MiB, 210 MHz, 405 MHz, 21.24 W, 29
1868165, /home/ndizazzo/dev/mesh/issue1393-q4-snapshot-20260930/target/release/xtask, 20134 MiB
 01:50:18 up 7 days,  9:41,  6 users,  load average: 1.56, 1.67, 1.55
2026-10-01T01:50:20-04:00
87 %, 20571 MiB, 2925 MHz, 13801 MHz, 93.79 W, 34
0 %, 20 MiB, 210 MHz, 405 MHz, 21.53 W, 29
1868165, /home/ndizazzo/dev/mesh/issue1393-q4-snapshot-20260930/target/release/xtask, 20134 MiB
 01:50:20 up 7 days,  9:41,  6 users,  load average: 1.59, 1.68, 1.55
2026-10-01T01:50:22-04:00
93 %, 20571 MiB, 2925 MHz, 13801 MHz, 93.57 W, 34
0 %, 20 MiB, 210 MHz, 405 MHz, 22.03 W, 29
1868165, /home/ndizazzo/dev/mesh/issue1393-q4-snapshot-20260930/target/release/xtask, 20134 MiB
 01:50:22 up 7 days,  9:41,  6 users,  load average: 1.59, 1.68, 1.55
2026-10-01T01:50:24-04:00
91 %, 20571 MiB, 2925 MHz, 13801 MHz, 93.86 W, 34
0 %, 20 MiB, 210 MHz, 405 MHz, 21.19 W, 29
1868165, /home/ndizazzo/dev/mesh/issue1393-q4-snapshot-20260930/target/release/xtask, 20134 MiB
 01:50:25 up 7 days,  9:41,  6 users,  load average: 1.59, 1.68, 1.55
2026-10-01T01:50:27-04:00
93 %, 20571 MiB, 2925 MHz, 13801 MHz, 94.03 W, 34
0 %, 20 MiB, 210 MHz, 405 MHz, 21.31 W, 29
1868165, /home/ndizazzo/dev/mesh/issue1393-q4-snapshot-20260930/target/release/xtask, 20134 MiB
 01:50:27 up 7 days,  9:41,  6 users,  load average: 1.63, 1.68, 1.55
2026-10-01T01:50:29-04:00
88 %, 20571 MiB, 2925 MHz, 13801 MHz, 93.89 W, 34
0 %, 20 MiB, 210 MHz, 405 MHz, 27.38 W, 29
1868165, /home/ndizazzo/dev/mesh/issue1393-q4-snapshot-20260930/target/release/xtask, 20134 MiB
 01:50:29 up 7 days,  9:41,  6 users,  load average: 1.63, 1.68, 1.55
2026-10-01T01:50:31-04:00
88 %, 20571 MiB, 2925 MHz, 13801 MHz, 93.79 W, 34
0 %, 20 MiB, 210 MHz, 405 MHz, 21.16 W, 29
1868165, /home/ndizazzo/dev/mesh/issue1393-q4-snapshot-20260930/target/release/xtask, 20134 MiB
 01:50:31 up 7 days,  9:41,  6 users,  load average: 1.58, 1.67, 1.55
2026-10-01T01:50:33-04:00
89 %, 20571 MiB, 2925 MHz, 13801 MHz, 94.00 W, 34
0 %, 20 MiB, 210 MHz, 405 MHz, 21.02 W, 29
1868165, /home/ndizazzo/dev/mesh/issue1393-q4-snapshot-20260930/target/release/xtask, 20134 MiB
 01:50:33 up 7 days,  9:41,  6 users,  load average: 1.58, 1.67, 1.55
2026-10-01T01:50:35-04:00
87 %, 20571 MiB, 2925 MHz, 13801 MHz, 94.51 W, 34
0 %, 20 MiB, 210 MHz, 405 MHz, 22.41 W, 29
1868165, /home/ndizazzo/dev/mesh/issue1393-q4-snapshot-20260930/target/release/xtask, 20134 MiB
 01:50:35 up 7 days,  9:41,  6 users,  load average: 1.61, 1.68, 1.55
2026-10-01T01:50:37-04:00
88 %, 20571 MiB, 2925 MHz, 13801 MHz, 94.15 W, 34
0 %, 20 MiB, 210 MHz, 405 MHz, 22.24 W, 29
1868165, /home/ndizazzo/dev/mesh/issue1393-q4-snapshot-20260930/target/release/xtask, 20134 MiB
 01:50:37 up 7 days,  9:41,  6 users,  load average: 1.61, 1.68, 1.55
2026-10-01T01:50:39-04:00
95 %, 20571 MiB, 2925 MHz, 13801 MHz, 94.44 W, 34
0 %, 20 MiB, 210 MHz, 405 MHz, 21.12 W, 29
1868165, /home/ndizazzo/dev/mesh/issue1393-q4-snapshot-20260930/target/release/xtask, 20134 MiB
 01:50:39 up 7 days,  9:41,  6 users,  load average: 1.61, 1.68, 1.55
2026-10-01T01:50:41-04:00
98 %, 20571 MiB, 2925 MHz, 13801 MHz, 95.53 W, 34
0 %, 20 MiB, 210 MHz, 405 MHz, 21.19 W, 29
1868165, /home/ndizazzo/dev/mesh/issue1393-q4-snapshot-20260930/target/release/xtask, 20134 MiB
 01:50:41 up 7 days,  9:41,  6 users,  load average: 1.64, 1.68, 1.56
2026-10-01T01:50:43-04:00
96 %, 20571 MiB, 2925 MHz, 13801 MHz, 96.24 W, 34
0 %, 20 MiB, 210 MHz, 405 MHz, 27.20 W, 29
1868165, /home/ndizazzo/dev/mesh/issue1393-q4-snapshot-20260930/target/release/xtask, 20134 MiB
 01:50:43 up 7 days,  9:41,  6 users,  load average: 1.64, 1.68, 1.56
2026-10-01T01:50:45-04:00
98 %, 20571 MiB, 2925 MHz, 13801 MHz, 94.11 W, 34
0 %, 20 MiB, 210 MHz, 405 MHz, 21.41 W, 29
1868165, /home/ndizazzo/dev/mesh/issue1393-q4-snapshot-20260930/target/release/xtask, 20134 MiB
 01:50:45 up 7 days,  9:41,  6 users,  load average: 1.67, 1.69, 1.56
2026-10-01T01:50:47-04:00
98 %, 20571 MiB, 2925 MHz, 13801 MHz, 94.18 W, 34
0 %, 20 MiB, 210 MHz, 405 MHz, 21.18 W, 29
1868165, /home/ndizazzo/dev/mesh/issue1393-q4-snapshot-20260930/target/release/xtask, 20134 MiB
 01:50:47 up 7 days,  9:41,  6 users,  load average: 1.67, 1.69, 1.56
2026-10-01T01:50:49-04:00
98 %, 20571 MiB, 2925 MHz, 13801 MHz, 94.45 W, 34
0 %, 20 MiB, 210 MHz, 405 MHz, 22.96 W, 29
1868165, /home/ndizazzo/dev/mesh/issue1393-q4-snapshot-20260930/target/release/xtask, 20134 MiB
 01:50:49 up 7 days,  9:41,  6 users,  load average: 1.67, 1.69, 1.56
2026-10-01T01:50:51-04:00
97 %, 20571 MiB, 2925 MHz, 13801 MHz, 94.48 W, 34
0 %, 20 MiB, 210 MHz, 405 MHz, 21.90 W, 29
1868165, /home/ndizazzo/dev/mesh/issue1393-q4-snapshot-20260930/target/release/xtask, 20134 MiB
 01:50:51 up 7 days,  9:41,  6 users,  load average: 1.62, 1.68, 1.55
2026-10-01T01:50:53-04:00
97 %, 20571 MiB, 2925 MHz, 13801 MHz, 94.70 W, 34
0 %, 20 MiB, 210 MHz, 405 MHz, 21.10 W, 29
1868165, /home/ndizazzo/dev/mesh/issue1393-q4-snapshot-20260930/target/release/xtask, 20134 MiB
 01:50:53 up 7 days,  9:41,  6 users,  load average: 1.62, 1.68, 1.55
2026-10-01T01:50:55-04:00
96 %, 20571 MiB, 2925 MHz, 13801 MHz, 94.39 W, 34
0 %, 20 MiB, 210 MHz, 405 MHz, 21.27 W, 29
1868165, /home/ndizazzo/dev/mesh/issue1393-q4-snapshot-20260930/target/release/xtask, 20134 MiB
 01:50:55 up 7 days,  9:41,  6 users,  load average: 1.65, 1.68, 1.56
2026-10-01T01:50:57-04:00
95 %, 20571 MiB, 2925 MHz, 13801 MHz, 93.80 W, 34
0 %, 20 MiB, 210 MHz, 405 MHz, 27.38 W, 29
1868165, /home/ndizazzo/dev/mesh/issue1393-q4-snapshot-20260930/target/release/xtask, 20134 MiB
 01:50:57 up 7 days,  9:42,  6 users,  load average: 1.65, 1.68, 1.56
2026-10-01T01:50:59-04:00
96 %, 20571 MiB, 2925 MHz, 13801 MHz, 94.42 W, 34
0 %, 20 MiB, 210 MHz, 405 MHz, 21.49 W, 29
1868165, /home/ndizazzo/dev/mesh/issue1393-q4-snapshot-20260930/target/release/xtask, 20134 MiB
 01:51:00 up 7 days,  9:42,  6 users,  load average: 1.65, 1.68, 1.56
2026-10-01T01:51:02-04:00
99 %, 20571 MiB, 2925 MHz, 13801 MHz, 94.19 W, 34
0 %, 20 MiB, 210 MHz, 405 MHz, 21.07 W, 29
1868165, /home/ndizazzo/dev/mesh/issue1393-q4-snapshot-20260930/target/release/xtask, 20134 MiB
 01:51:02 up 7 days,  9:42,  6 users,  load average: 1.59, 1.67, 1.55
2026-10-01T01:51:04-04:00
96 %, 20571 MiB, 2925 MHz, 13801 MHz, 93.95 W, 34
0 %, 20 MiB, 210 MHz, 405 MHz, 23.41 W, 29
1868165, /home/ndizazzo/dev/mesh/issue1393-q4-snapshot-20260930/target/release/xtask, 20134 MiB
 01:51:04 up 7 days,  9:42,  6 users,  load average: 1.59, 1.67, 1.55
2026-10-01T01:51:06-04:00
95 %, 20571 MiB, 2925 MHz, 13801 MHz, 95.01 W, 34
0 %, 20 MiB, 210 MHz, 405 MHz, 22.20 W, 29
1868165, /home/ndizazzo/dev/mesh/issue1393-q4-snapshot-20260930/target/release/xtask, 20134 MiB
 01:51:06 up 7 days,  9:42,  6 users,  load average: 1.63, 1.68, 1.56
2026-10-01T01:51:08-04:00
89 %, 20571 MiB, 2925 MHz, 13801 MHz, 94.64 W, 34
0 %, 20 MiB, 210 MHz, 405 MHz, 21.12 W, 29
1868165, /home/ndizazzo/dev/mesh/issue1393-q4-snapshot-20260930/target/release/xtask, 20134 MiB
 01:51:08 up 7 days,  9:42,  6 users,  load average: 1.63, 1.68, 1.56
2026-10-01T01:51:10-04:00
94 %, 20571 MiB, 2925 MHz, 13801 MHz, 94.57 W, 34
0 %, 20 MiB, 210 MHz, 405 MHz, 21.23 W, 29
1868165, /home/ndizazzo/dev/mesh/issue1393-q4-snapshot-20260930/target/release/xtask, 20134 MiB
 01:51:10 up 7 days,  9:42,  6 users,  load average: 1.66, 1.68, 1.56
2026-10-01T01:51:12-04:00
93 %, 20571 MiB, 2925 MHz, 13801 MHz, 94.12 W, 34
0 %, 20 MiB, 210 MHz, 405 MHz, 27.43 W, 29
1868165, /home/ndizazzo/dev/mesh/issue1393-q4-snapshot-20260930/target/release/xtask, 20134 MiB
 01:51:12 up 7 days,  9:42,  6 users,  load average: 1.66, 1.68, 1.56
2026-10-01T01:51:14-04:00
91 %, 20571 MiB, 2925 MHz, 13801 MHz, 93.72 W, 34
0 %, 20 MiB, 210 MHz, 405 MHz, 21.42 W, 29
1868165, /home/ndizazzo/dev/mesh/issue1393-q4-snapshot-20260930/target/release/xtask, 20134 MiB
 01:51:14 up 7 days,  9:42,  6 users,  load average: 1.66, 1.68, 1.56
2026-10-01T01:51:16-04:00
90 %, 20571 MiB, 2925 MHz, 13801 MHz, 93.96 W, 34
0 %, 20 MiB, 210 MHz, 405 MHz, 21.17 W, 29
1868165, /home/ndizazzo/dev/mesh/issue1393-q4-snapshot-20260930/target/release/xtask, 20134 MiB
 01:51:16 up 7 days,  9:42,  6 users,  load average: 1.60, 1.67, 1.56
2026-10-01T01:51:18-04:00
92 %, 20571 MiB, 2925 MHz, 13801 MHz, 94.12 W, 34
0 %, 20 MiB, 210 MHz, 405 MHz, 23.98 W, 29
1868165, /home/ndizazzo/dev/mesh/issue1393-q4-snapshot-20260930/target/release/xtask, 20134 MiB
 01:51:18 up 7 days,  9:42,  6 users,  load average: 1.60, 1.67, 1.56
2026-10-01T01:51:20-04:00
92 %, 20571 MiB, 2925 MHz, 13801 MHz, 93.84 W, 34
0 %, 20 MiB, 210 MHz, 405 MHz, 21.81 W, 29
1868165, /home/ndizazzo/dev/mesh/issue1393-q4-snapshot-20260930/target/release/xtask, 20134 MiB
 01:51:20 up 7 days,  9:42,  6 users,  load average: 1.64, 1.68, 1.56
2026-10-01T01:51:22-04:00
93 %, 20571 MiB, 2925 MHz, 13801 MHz, 94.45 W, 34
0 %, 20 MiB, 210 MHz, 405 MHz, 21.14 W, 29
1868165, /home/ndizazzo/dev/mesh/issue1393-q4-snapshot-20260930/target/release/xtask, 20134 MiB
 01:51:22 up 7 days,  9:42,  6 users,  load average: 1.64, 1.68, 1.56
2026-10-01T01:51:24-04:00
96 %, 20571 MiB, 2925 MHz, 13801 MHz, 94.10 W, 34
0 %, 20 MiB, 210 MHz, 405 MHz, 21.23 W, 29
1868165, /home/ndizazzo/dev/mesh/issue1393-q4-snapshot-20260930/target/release/xtask, 20134 MiB
 01:51:24 up 7 days,  9:42,  6 users,  load average: 1.64, 1.68, 1.56
2026-10-01T01:51:26-04:00
100 %, 20571 MiB, 2925 MHz, 13801 MHz, 93.95 W, 34
0 %, 20 MiB, 210 MHz, 405 MHz, 27.69 W, 29
1868165, /home/ndizazzo/dev/mesh/issue1393-q4-snapshot-20260930/target/release/xtask, 20134 MiB
 01:51:26 up 7 days,  9:42,  6 users,  load average: 1.59, 1.66, 1.55
2026-10-01T01:51:28-04:00
97 %, 20571 MiB, 2925 MHz, 13801 MHz, 93.36 W, 34
0 %, 20 MiB, 210 MHz, 405 MHz, 21.47 W, 29
1868165, /home/ndizazzo/dev/mesh/issue1393-q4-snapshot-20260930/target/release/xtask, 20134 MiB
 01:51:28 up 7 days,  9:42,  6 users,  load average: 1.59, 1.66, 1.55
2026-10-01T01:51:30-04:00
95 %, 20571 MiB, 2925 MHz, 13801 MHz, 93.67 W, 34
0 %, 20 MiB, 210 MHz, 405 MHz, 21.05 W, 29
1868165, /home/ndizazzo/dev/mesh/issue1393-q4-snapshot-20260930/target/release/xtask, 20134 MiB
 01:51:30 up 7 days,  9:42,  6 users,  load average: 1.62, 1.67, 1.56
2026-10-01T01:51:32-04:00
98 %, 20571 MiB, 2925 MHz, 13801 MHz, 95.46 W, 34
0 %, 20 MiB, 210 MHz, 405 MHz, 27.03 W, 29
1868165, /home/ndizazzo/dev/mesh/issue1393-q4-snapshot-20260930/target/release/xtask, 20134 MiB
 01:51:32 up 7 days,  9:42,  6 users,  load average: 1.62, 1.67, 1.56
2026-10-01T01:51:34-04:00
97 %, 20571 MiB, 2925 MHz, 13801 MHz, 94.38 W, 34
0 %, 20 MiB, 210 MHz, 405 MHz, 22.08 W, 29
1868165, /home/ndizazzo/dev/mesh/issue1393-q4-snapshot-20260930/target/release/xtask, 20134 MiB
 01:51:35 up 7 days,  9:42,  6 users,  load average: 1.62, 1.67, 1.56
2026-10-01T01:51:37-04:00
93 %, 20571 MiB, 2925 MHz, 13801 MHz, 94.00 W, 34
0 %, 20 MiB, 210 MHz, 405 MHz, 21.13 W, 29
1868165, /home/ndizazzo/dev/mesh/issue1393-q4-snapshot-20260930/target/release/xtask, 20134 MiB
 01:51:37 up 7 days,  9:42,  6 users,  load average: 1.65, 1.68, 1.56
2026-10-01T01:51:39-04:00
96 %, 20571 MiB, 2925 MHz, 13801 MHz, 93.70 W, 34
0 %, 20 MiB, 210 MHz, 405 MHz, 21.10 W, 29
1868165, /home/ndizazzo/dev/mesh/issue1393-q4-snapshot-20260930/target/release/xtask, 20134 MiB
 01:51:39 up 7 days,  9:42,  6 users,  load average: 1.65, 1.68, 1.56
2026-10-01T01:51:41-04:00
96 %, 20571 MiB, 2925 MHz, 13801 MHz, 93.18 W, 34
0 %, 20 MiB, 210 MHz, 405 MHz, 27.50 W, 29
1868165, /home/ndizazzo/dev/mesh/issue1393-q4-snapshot-20260930/target/release/xtask, 20134 MiB
 01:51:41 up 7 days,  9:42,  6 users,  load average: 1.68, 1.68, 1.56
2026-10-01T01:51:43-04:00
96 %, 20571 MiB, 2925 MHz, 13801 MHz, 94.29 W, 34
0 %, 20 MiB, 210 MHz, 405 MHz, 21.21 W, 29
1868165, /home/ndizazzo/dev/mesh/issue1393-q4-snapshot-20260930/target/release/xtask, 20134 MiB
 01:51:43 up 7 days,  9:42,  6 users,  load average: 1.68, 1.68, 1.56
2026-10-01T01:51:45-04:00
95 %, 20571 MiB, 2925 MHz, 13801 MHz, 94.41 W, 34
0 %, 20 MiB, 210 MHz, 405 MHz, 21.18 W, 29
1868165, /home/ndizazzo/dev/mesh/issue1393-q4-snapshot-20260930/target/release/xtask, 20134 MiB
 01:51:45 up 7 days,  9:42,  6 users,  load average: 1.70, 1.69, 1.56
2026-10-01T01:51:47-04:00
88 %, 20571 MiB, 2925 MHz, 13801 MHz, 94.21 W, 34
0 %, 20 MiB, 210 MHz, 405 MHz, 23.57 W, 29
1868165, /home/ndizazzo/dev/mesh/issue1393-q4-snapshot-20260930/target/release/xtask, 20134 MiB
 01:51:47 up 7 days,  9:42,  6 users,  load average: 1.70, 1.69, 1.56
2026-10-01T01:51:49-04:00
91 %, 20571 MiB, 2925 MHz, 13801 MHz, 94.05 W, 34
0 %, 20 MiB, 210 MHz, 405 MHz, 21.51 W, 29
1868165, /home/ndizazzo/dev/mesh/issue1393-q4-snapshot-20260930/target/release/xtask, 20134 MiB
 01:51:49 up 7 days,  9:42,  6 users,  load average: 1.70, 1.69, 1.56
2026-10-01T01:51:51-04:00
94 %, 20571 MiB, 2925 MHz, 13801 MHz, 94.03 W, 34
0 %, 20 MiB, 210 MHz, 405 MHz, 21.09 W, 29
1868165, /home/ndizazzo/dev/mesh/issue1393-q4-snapshot-20260930/target/release/xtask, 20134 MiB
 01:51:51 up 7 days,  9:42,  6 users,  load average: 1.73, 1.69, 1.57
2026-10-01T01:51:53-04:00
96 %, 20571 MiB, 2925 MHz, 13801 MHz, 94.37 W, 34
0 %, 20 MiB, 210 MHz, 405 MHz, 21.08 W, 29
1868165, /home/ndizazzo/dev/mesh/issue1393-q4-snapshot-20260930/target/release/xtask, 20134 MiB
 01:51:53 up 7 days,  9:42,  6 users,  load average: 1.73, 1.69, 1.57
2026-10-01T01:51:55-04:00
91 %, 20571 MiB, 2925 MHz, 13801 MHz, 93.98 W, 34
0 %, 20 MiB, 210 MHz, 405 MHz, 27.17 W, 29
1868165, /home/ndizazzo/dev/mesh/issue1393-q4-snapshot-20260930/target/release/xtask, 20134 MiB
 01:51:55 up 7 days,  9:42,  6 users,  load average: 1.75, 1.70, 1.57
2026-10-01T01:51:57-04:00
96 %, 20571 MiB, 2925 MHz, 13801 MHz, 93.89 W, 34
0 %, 20 MiB, 210 MHz, 405 MHz, 21.35 W, 29
1868165, /home/ndizazzo/dev/mesh/issue1393-q4-snapshot-20260930/target/release/xtask, 20134 MiB
 01:51:57 up 7 days,  9:43,  6 users,  load average: 1.75, 1.70, 1.57
2026-10-01T01:51:59-04:00
97 %, 20571 MiB, 2925 MHz, 13801 MHz, 95.24 W, 34
0 %, 20 MiB, 210 MHz, 405 MHz, 21.02 W, 29
1868165, /home/ndizazzo/dev/mesh/issue1393-q4-snapshot-20260930/target/release/xtask, 20134 MiB
 01:51:59 up 7 days,  9:43,  6 users,  load average: 1.75, 1.70, 1.57
2026-10-01T01:52:01-04:00
95 %, 20571 MiB, 2925 MHz, 13801 MHz, 95.06 W, 34
0 %, 20 MiB, 210 MHz, 405 MHz, 23.82 W, 29
1868165, /home/ndizazzo/dev/mesh/issue1393-q4-snapshot-20260930/target/release/xtask, 20134 MiB
 01:52:01 up 7 days,  9:43,  6 users,  load average: 1.69, 1.69, 1.57
2026-10-01T01:52:03-04:00
94 %, 20571 MiB, 2925 MHz, 13801 MHz, 94.30 W, 34
0 %, 20 MiB, 210 MHz, 405 MHz, 21.95 W, 29
1868165, /home/ndizazzo/dev/mesh/issue1393-q4-snapshot-20260930/target/release/xtask, 20134 MiB
 01:52:03 up 7 days,  9:43,  6 users,  load average: 1.69, 1.69, 1.57
2026-10-01T01:52:05-04:00
98 %, 20571 MiB, 2925 MHz, 13801 MHz, 93.64 W, 34
0 %, 20 MiB, 210 MHz, 405 MHz, 21.13 W, 29
1868165, /home/ndizazzo/dev/mesh/issue1393-q4-snapshot-20260930/target/release/xtask, 20134 MiB
 01:52:05 up 7 days,  9:43,  6 users,  load average: 1.71, 1.69, 1.57
2026-10-01T01:52:07-04:00
96 %, 20571 MiB, 2925 MHz, 13801 MHz, 93.39 W, 34
0 %, 20 MiB, 210 MHz, 405 MHz, 21.35 W, 29
1868165, /home/ndizazzo/dev/mesh/issue1393-q4-snapshot-20260930/target/release/xtask, 20134 MiB
 01:52:07 up 7 days,  9:43,  6 users,  load average: 1.71, 1.69, 1.57
2026-10-01T01:52:09-04:00
95 %, 20571 MiB, 2925 MHz, 13801 MHz, 93.58 W, 34
0 %, 20 MiB, 210 MHz, 405 MHz, 22.55 W, 29
1868165, /home/ndizazzo/dev/mesh/issue1393-q4-snapshot-20260930/target/release/xtask, 20134 MiB
 01:52:10 up 7 days,  9:43,  6 users,  load average: 1.71, 1.69, 1.57
2026-10-01T01:52:12-04:00
100 %, 20571 MiB, 2925 MHz, 13801 MHz, 93.64 W, 34
0 %, 20 MiB, 210 MHz, 405 MHz, 21.33 W, 29
1868165, /home/ndizazzo/dev/mesh/issue1393-q4-snapshot-20260930/target/release/xtask, 20134 MiB
 01:52:12 up 7 days,  9:43,  6 users,  load average: 1.74, 1.70, 1.57
2026-10-01T01:52:14-04:00
88 %, 20571 MiB, 2925 MHz, 13801 MHz, 93.68 W, 34
0 %, 20 MiB, 210 MHz, 405 MHz, 21.36 W, 29
1868165, /home/ndizazzo/dev/mesh/issue1393-q4-snapshot-20260930/target/release/xtask, 20134 MiB
 01:52:14 up 7 days,  9:43,  6 users,  load average: 1.74, 1.70, 1.57
2026-10-01T01:52:16-04:00
87 %, 20571 MiB, 2925 MHz, 13801 MHz, 93.98 W, 34
0 %, 20 MiB, 210 MHz, 405 MHz, 27.12 W, 29
1868165, /home/ndizazzo/dev/mesh/issue1393-q4-snapshot-20260930/target/release/xtask, 20134 MiB
 01:52:16 up 7 days,  9:43,  6 users,  load average: 1.68, 1.69, 1.57
2026-10-01T01:52:18-04:00
87 %, 20571 MiB, 2925 MHz, 13801 MHz, 94.07 W, 34
0 %, 20 MiB, 210 MHz, 405 MHz, 22.28 W, 29
1868165, /home/ndizazzo/dev/mesh/issue1393-q4-snapshot-20260930/target/release/xtask, 20134 MiB
 01:52:18 up 7 days,  9:43,  6 users,  load average: 1.68, 1.69, 1.57
2026-10-01T01:52:20-04:00
89 %, 20571 MiB, 2925 MHz, 13801 MHz, 94.60 W, 34
0 %, 20 MiB, 210 MHz, 405 MHz, 21.15 W, 29
1868165, /home/ndizazzo/dev/mesh/issue1393-q4-snapshot-20260930/target/release/xtask, 20134 MiB
 01:52:20 up 7 days,  9:43,  6 users,  load average: 1.62, 1.67, 1.56
2026-10-01T01:52:22-04:00
96 %, 20571 MiB, 2925 MHz, 13801 MHz, 93.79 W, 34
0 %, 20 MiB, 210 MHz, 405 MHz, 21.21 W, 29
1868165, /home/ndizazzo/dev/mesh/issue1393-q4-snapshot-20260930/target/release/xtask, 20134 MiB
 01:52:22 up 7 days,  9:43,  6 users,  load average: 1.62, 1.67, 1.56
2026-10-01T01:52:24-04:00
96 %, 20571 MiB, 2925 MHz, 13801 MHz, 92.92 W, 34
0 %, 20 MiB, 210 MHz, 405 MHz, 21.91 W, 29
1868165, /home/ndizazzo/dev/mesh/issue1393-q4-snapshot-20260930/target/release/xtask, 20134 MiB
 01:52:24 up 7 days,  9:43,  6 users,  load average: 1.62, 1.67, 1.56
2026-10-01T01:52:26-04:00
98 %, 20571 MiB, 2925 MHz, 13801 MHz, 93.73 W, 34
0 %, 20 MiB, 210 MHz, 405 MHz, 21.02 W, 29
1868165, /home/ndizazzo/dev/mesh/issue1393-q4-snapshot-20260930/target/release/xtask, 20134 MiB
 01:52:26 up 7 days,  9:43,  6 users,  load average: 1.73, 1.70, 1.57
2026-10-01T01:52:28-04:00
95 %, 20571 MiB, 2925 MHz, 13801 MHz, 95.03 W, 34
0 %, 20 MiB, 210 MHz, 405 MHz, 21.01 W, 29
1868165, /home/ndizazzo/dev/mesh/issue1393-q4-snapshot-20260930/target/release/xtask, 20134 MiB
 01:52:28 up 7 days,  9:43,  6 users,  load average: 1.73, 1.70, 1.57
2026-10-01T01:52:30-04:00
85 %, 20571 MiB, 2925 MHz, 13801 MHz, 93.79 W, 34
0 %, 20 MiB, 210 MHz, 405 MHz, 27.45 W, 29
1868165, /home/ndizazzo/dev/mesh/issue1393-q4-snapshot-20260930/target/release/xtask, 20134 MiB
 01:52:30 up 7 days,  9:43,  6 users,  load average: 1.76, 1.70, 1.57
2026-10-01T01:52:32-04:00
92 %, 20571 MiB, 2925 MHz, 13801 MHz, 93.79 W, 34
0 %, 20 MiB, 210 MHz, 405 MHz, 21.16 W, 29
1868165, /home/ndizazzo/dev/mesh/issue1393-q4-snapshot-20260930/target/release/xtask, 20134 MiB
 01:52:32 up 7 days,  9:43,  6 users,  load average: 1.76, 1.70, 1.57
2026-10-01T01:52:34-04:00
95 %, 20571 MiB, 2925 MHz, 13801 MHz, 93.30 W, 34
0 %, 20 MiB, 210 MHz, 405 MHz, 21.08 W, 29
1868165, /home/ndizazzo/dev/mesh/issue1393-q4-snapshot-20260930/target/release/xtask, 20134 MiB
 01:52:34 up 7 days,  9:43,  6 users,  load average: 1.76, 1.70, 1.57
2026-10-01T01:52:36-04:00
96 %, 20571 MiB, 2925 MHz, 13801 MHz, 93.19 W, 34
0 %, 20 MiB, 210 MHz, 405 MHz, 21.21 W, 29
1868165, /home/ndizazzo/dev/mesh/issue1393-q4-snapshot-20260930/target/release/xtask, 20134 MiB
 01:52:36 up 7 days,  9:43,  6 users,  load average: 1.69, 1.69, 1.57
2026-10-01T01:52:38-04:00
96 %, 20571 MiB, 2925 MHz, 13801 MHz, 93.46 W, 34
0 %, 20 MiB, 210 MHz, 405 MHz, 27.63 W, 29
1868165, /home/ndizazzo/dev/mesh/issue1393-q4-snapshot-20260930/target/release/xtask, 20134 MiB
 01:52:38 up 7 days,  9:43,  6 users,  load average: 1.69, 1.69, 1.57
2026-10-01T01:52:40-04:00
97 %, 20571 MiB, 2925 MHz, 13801 MHz, 93.93 W, 34
0 %, 20 MiB, 210 MHz, 405 MHz, 21.39 W, 29
1868165, /home/ndizazzo/dev/mesh/issue1393-q4-snapshot-20260930/target/release/xtask, 20134 MiB
 01:52:40 up 7 days,  9:43,  6 users,  load average: 1.72, 1.70, 1.57
2026-10-01T01:52:42-04:00
87 %, 20571 MiB, 2925 MHz, 13801 MHz, 93.74 W, 34
0 %, 20 MiB, 210 MHz, 405 MHz, 21.23 W, 29
1868165, /home/ndizazzo/dev/mesh/issue1393-q4-snapshot-20260930/target/release/xtask, 20134 MiB
 01:52:42 up 7 days,  9:43,  6 users,  load average: 1.72, 1.70, 1.57
2026-10-01T01:52:44-04:00
87 %, 20571 MiB, 2925 MHz, 13801 MHz, 94.09 W, 34
0 %, 20 MiB, 210 MHz, 405 MHz, 27.27 W, 29
1868165, /home/ndizazzo/dev/mesh/issue1393-q4-snapshot-20260930/target/release/xtask, 20134 MiB
 01:52:45 up 7 days,  9:43,  6 users,  load average: 1.72, 1.70, 1.57
2026-10-01T01:52:47-04:00
93 %, 20571 MiB, 2925 MHz, 13801 MHz, 94.61 W, 34
0 %, 20 MiB, 210 MHz, 405 MHz, 21.34 W, 29
1868165, /home/ndizazzo/dev/mesh/issue1393-q4-snapshot-20260930/target/release/xtask, 20134 MiB
 01:52:47 up 7 days,  9:43,  6 users,  load average: 1.66, 1.68, 1.57
2026-10-01T01:52:49-04:00
91 %, 20571 MiB, 2925 MHz, 13801 MHz, 94.15 W, 34
0 %, 20 MiB, 210 MHz, 405 MHz, 21.17 W, 29
1868165, /home/ndizazzo/dev/mesh/issue1393-q4-snapshot-20260930/target/release/xtask, 20134 MiB
 01:52:49 up 7 days,  9:43,  6 users,  load average: 1.66, 1.68, 1.57
2026-10-01T01:52:51-04:00
94 %, 20571 MiB, 2925 MHz, 13801 MHz, 94.10 W, 34
1 %, 20 MiB, 210 MHz, 405 MHz, 21.80 W, 29
1868165, /home/ndizazzo/dev/mesh/issue1393-q4-snapshot-20260930/target/release/xtask, 20134 MiB
 01:52:51 up 7 days,  9:43,  6 users,  load average: 1.69, 1.69, 1.57
2026-10-01T01:52:53-04:00
97 %, 20571 MiB, 2925 MHz, 13801 MHz, 94.38 W, 34
0 %, 20 MiB, 210 MHz, 405 MHz, 21.90 W, 29
1868165, /home/ndizazzo/dev/mesh/issue1393-q4-snapshot-20260930/target/release/xtask, 20134 MiB
 01:52:53 up 7 days,  9:43,  6 users,  load average: 1.69, 1.69, 1.57
2026-10-01T01:52:55-04:00
96 %, 20571 MiB, 2925 MHz, 13801 MHz, 95.17 W, 34
0 %, 20 MiB, 210 MHz, 405 MHz, 21.11 W, 29
1868165, /home/ndizazzo/dev/mesh/issue1393-q4-snapshot-20260930/target/release/xtask, 20134 MiB
 01:52:55 up 7 days,  9:43,  6 users,  load average: 1.71, 1.69, 1.57
2026-10-01T01:52:57-04:00
92 %, 20571 MiB, 2925 MHz, 13801 MHz, 95.42 W, 34
0 %, 20 MiB, 210 MHz, 405 MHz, 21.28 W, 28
1868165, /home/ndizazzo/dev/mesh/issue1393-q4-snapshot-20260930/target/release/xtask, 20134 MiB
 01:52:57 up 7 days,  9:44,  6 users,  load average: 1.71, 1.69, 1.57
2026-10-01T01:52:59-04:00
95 %, 20571 MiB, 2925 MHz, 13801 MHz, 94.76 W, 34
0 %, 20 MiB, 210 MHz, 405 MHz, 27.51 W, 29
1868165, /home/ndizazzo/dev/mesh/issue1393-q4-snapshot-20260930/target/release/xtask, 20134 MiB
 01:52:59 up 7 days,  9:44,  6 users,  load average: 1.71, 1.69, 1.57
2026-10-01T01:53:01-04:00
100 %, 20571 MiB, 2925 MHz, 13801 MHz, 93.62 W, 34
0 %, 20 MiB, 210 MHz, 405 MHz, 21.41 W, 29
1868165, /home/ndizazzo/dev/mesh/issue1393-q4-snapshot-20260930/target/release/xtask, 20134 MiB
 01:53:01 up 7 days,  9:44,  6 users,  load average: 1.66, 1.68, 1.57
2026-10-01T01:53:03-04:00
94 %, 20571 MiB, 2925 MHz, 13801 MHz, 93.93 W, 34
0 %, 20 MiB, 210 MHz, 405 MHz, 21.05 W, 29
1868165, /home/ndizazzo/dev/mesh/issue1393-q4-snapshot-20260930/target/release/xtask, 20134 MiB
 01:53:03 up 7 days,  9:44,  6 users,  load average: 1.66, 1.68, 1.57
2026-10-01T01:53:05-04:00
98 %, 20571 MiB, 2925 MHz, 13801 MHz, 94.41 W, 34
0 %, 20 MiB, 210 MHz, 405 MHz, 22.44 W, 29
1868165, /home/ndizazzo/dev/mesh/issue1393-q4-snapshot-20260930/target/release/xtask, 20134 MiB
 01:53:05 up 7 days,  9:44,  6 users,  load average: 1.60, 1.67, 1.57
2026-10-01T01:53:07-04:00
96 %, 20571 MiB, 2925 MHz, 13801 MHz, 94.76 W, 34
0 %, 20 MiB, 210 MHz, 405 MHz, 22.18 W, 29
1868165, /home/ndizazzo/dev/mesh/issue1393-q4-snapshot-20260930/target/release/xtask, 20134 MiB
 01:53:07 up 7 days,  9:44,  6 users,  load average: 1.60, 1.67, 1.57
2026-10-01T01:53:09-04:00
91 %, 20571 MiB, 2925 MHz, 13801 MHz, 93.50 W, 34
0 %, 20 MiB, 210 MHz, 405 MHz, 21.17 W, 29
1868165, /home/ndizazzo/dev/mesh/issue1393-q4-snapshot-20260930/target/release/xtask, 20134 MiB
 01:53:09 up 7 days,  9:44,  6 users,  load average: 1.60, 1.67, 1.57
2026-10-01T01:53:11-04:00
94 %, 20571 MiB, 2925 MHz, 13801 MHz, 93.69 W, 34
0 %, 20 MiB, 210 MHz, 405 MHz, 21.20 W, 29
1868165, /home/ndizazzo/dev/mesh/issue1393-q4-snapshot-20260930/target/release/xtask, 20134 MiB
 01:53:11 up 7 days,  9:44,  6 users,  load average: 1.56, 1.66, 1.56
2026-10-01T01:53:13-04:00
91 %, 20571 MiB, 2925 MHz, 13801 MHz, 93.79 W, 34
0 %, 20 MiB, 210 MHz, 405 MHz, 27.47 W, 29
1868165, /home/ndizazzo/dev/mesh/issue1393-q4-snapshot-20260930/target/release/xtask, 20134 MiB
 01:53:13 up 7 days,  9:44,  6 users,  load average: 1.56, 1.66, 1.56
2026-10-01T01:53:15-04:00
96 %, 20571 MiB, 2925 MHz, 13801 MHz, 94.30 W, 34
0 %, 20 MiB, 210 MHz, 405 MHz, 21.42 W, 29
1868165, /home/ndizazzo/dev/mesh/issue1393-q4-snapshot-20260930/target/release/xtask, 20134 MiB
 01:53:15 up 7 days,  9:44,  6 users,  load average: 1.59, 1.67, 1.57
2026-10-01T01:53:17-04:00
97 %, 20571 MiB, 2925 MHz, 13801 MHz, 93.89 W, 34
0 %, 20 MiB, 210 MHz, 405 MHz, 21.29 W, 29
1868165, /home/ndizazzo/dev/mesh/issue1393-q4-snapshot-20260930/target/release/xtask, 20134 MiB
 01:53:18 up 7 days,  9:44,  6 users,  load average: 1.59, 1.67, 1.57
2026-10-01T01:53:20-04:00
94 %, 20571 MiB, 2925 MHz, 13801 MHz, 94.06 W, 34
0 %, 20 MiB, 210 MHz, 405 MHz, 23.27 W, 29
1868165, /home/ndizazzo/dev/mesh/issue1393-q4-snapshot-20260930/target/release/xtask, 20134 MiB
 01:53:20 up 7 days,  9:44,  6 users,  load average: 1.59, 1.67, 1.57
2026-10-01T01:53:22-04:00
95 %, 20571 MiB, 2925 MHz, 13801 MHz, 95.14 W, 34
0 %, 20 MiB, 210 MHz, 405 MHz, 22.57 W, 29
1868165, /home/ndizazzo/dev/mesh/issue1393-q4-snapshot-20260930/target/release/xtask, 20134 MiB
 01:53:22 up 7 days,  9:44,  6 users,  load average: 1.62, 1.67, 1.57
2026-10-01T01:53:24-04:00
96 %, 20571 MiB, 2925 MHz, 13801 MHz, 95.62 W, 34
0 %, 20 MiB, 210 MHz, 405 MHz, 21.41 W, 28
1868165, /home/ndizazzo/dev/mesh/issue1393-q4-snapshot-20260930/target/release/xtask, 20134 MiB
 01:53:24 up 7 days,  9:44,  6 users,  load average: 1.62, 1.67, 1.57
2026-10-01T01:53:26-04:00
92 %, 20571 MiB, 2925 MHz, 13801 MHz, 94.28 W, 34
0 %, 20 MiB, 210 MHz, 405 MHz, 21.46 W, 28
1868165, /home/ndizazzo/dev/mesh/issue1393-q4-snapshot-20260930/target/release/xtask, 20134 MiB
 01:53:26 up 7 days,  9:44,  6 users,  load average: 1.65, 1.68, 1.57
2026-10-01T01:53:28-04:00
86 %, 20571 MiB, 2925 MHz, 13801 MHz, 94.25 W, 34
0 %, 20 MiB, 210 MHz, 405 MHz, 27.11 W, 29
1868165, /home/ndizazzo/dev/mesh/issue1393-q4-snapshot-20260930/target/release/xtask, 20134 MiB
 01:53:28 up 7 days,  9:44,  6 users,  load average: 1.65, 1.68, 1.57
2026-10-01T01:53:30-04:00
96 %, 20571 MiB, 2925 MHz, 13801 MHz, 93.31 W, 34
0 %, 20 MiB, 210 MHz, 405 MHz, 21.51 W, 29
1868165, /home/ndizazzo/dev/mesh/issue1393-q4-snapshot-20260930/target/release/xtask, 20134 MiB
 01:53:30 up 7 days,  9:44,  6 users,  load average: 1.68, 1.68, 1.57
2026-10-01T01:53:32-04:00
95 %, 20571 MiB, 2925 MHz, 13801 MHz, 92.91 W, 34
0 %, 20 MiB, 210 MHz, 405 MHz, 21.20 W, 29
1868165, /home/ndizazzo/dev/mesh/issue1393-q4-snapshot-20260930/target/release/xtask, 20134 MiB
 01:53:32 up 7 days,  9:44,  6 users,  load average: 1.68, 1.68, 1.57
2026-10-01T01:53:34-04:00
88 %, 20571 MiB, 2925 MHz, 13801 MHz, 93.26 W, 34
0 %, 20 MiB, 210 MHz, 405 MHz, 23.54 W, 29
1868165, /home/ndizazzo/dev/mesh/issue1393-q4-snapshot-20260930/target/release/xtask, 20134 MiB
 01:53:34 up 7 days,  9:44,  6 users,  load average: 1.68, 1.68, 1.57
2026-10-01T01:53:36-04:00
88 %, 20571 MiB, 2925 MHz, 13801 MHz, 94.60 W, 34
0 %, 20 MiB, 210 MHz, 405 MHz, 22.14 W, 29
1868165, /home/ndizazzo/dev/mesh/issue1393-q4-snapshot-20260930/target/release/xtask, 20134 MiB
 01:53:36 up 7 days,  9:44,  6 users,  load average: 1.71, 1.69, 1.58
2026-10-01T01:53:38-04:00
94 %, 20571 MiB, 2925 MHz, 13801 MHz, 94.29 W, 34
0 %, 20 MiB, 210 MHz, 405 MHz, 21.29 W, 28
1868165, /home/ndizazzo/dev/mesh/issue1393-q4-snapshot-20260930/target/release/xtask, 20134 MiB
 01:53:38 up 7 days,  9:44,  6 users,  load average: 1.71, 1.69, 1.58
2026-10-01T01:53:40-04:00
95 %, 20571 MiB, 2925 MHz, 13801 MHz, 93.92 W, 34
0 %, 20 MiB, 210 MHz, 405 MHz, 21.36 W, 29
1868165, /home/ndizazzo/dev/mesh/issue1393-q4-snapshot-20260930/target/release/xtask, 20134 MiB
 01:53:40 up 7 days,  9:44,  6 users,  load average: 1.73, 1.69, 1.58
2026-10-01T01:53:42-04:00
96 %, 20571 MiB, 2925 MHz, 13801 MHz, 93.57 W, 34
0 %, 20 MiB, 210 MHz, 405 MHz, 27.56 W, 29
1868165, /home/ndizazzo/dev/mesh/issue1393-q4-snapshot-20260930/target/release/xtask, 20134 MiB
 01:53:42 up 7 days,  9:44,  6 users,  load average: 1.73, 1.69, 1.58
2026-10-01T01:53:44-04:00
96 %, 20571 MiB, 2925 MHz, 13801 MHz, 94.53 W, 34
0 %, 20 MiB, 210 MHz, 405 MHz, 21.19 W, 28
1868165, /home/ndizazzo/dev/mesh/issue1393-q4-snapshot-20260930/target/release/xtask, 20134 MiB
 01:53:44 up 7 days,  9:44,  6 users,  load average: 1.73, 1.69, 1.58
2026-10-01T01:53:46-04:00
95 %, 20571 MiB, 2925 MHz, 13801 MHz, 94.42 W, 34
0 %, 20 MiB, 210 MHz, 405 MHz, 21.22 W, 29
1868165, /home/ndizazzo/dev/mesh/issue1393-q4-snapshot-20260930/target/release/xtask, 20134 MiB
 01:53:46 up 7 days,  9:44,  6 users,  load average: 1.67, 1.68, 1.58
2026-10-01T01:53:48-04:00
95 %, 20571 MiB, 2925 MHz, 13801 MHz, 94.33 W, 34
0 %, 20 MiB, 210 MHz, 405 MHz, 22.55 W, 29
1868165, /home/ndizazzo/dev/mesh/issue1393-q4-snapshot-20260930/target/release/xtask, 20134 MiB
 01:53:48 up 7 days,  9:44,  6 users,  load average: 1.67, 1.68, 1.58
2026-10-01T01:53:50-04:00
100 %, 20571 MiB, 2925 MHz, 13801 MHz, 95.53 W, 34
0 %, 20 MiB, 210 MHz, 405 MHz, 22.32 W, 29
1868165, /home/ndizazzo/dev/mesh/issue1393-q4-snapshot-20260930/target/release/xtask, 20134 MiB
 01:53:50 up 7 days,  9:44,  6 users,  load average: 1.70, 1.69, 1.58
2026-10-01T01:53:52-04:00
93 %, 20571 MiB, 2925 MHz, 13801 MHz, 94.03 W, 33
0 %, 20 MiB, 210 MHz, 405 MHz, 21.30 W, 29
1868165, /home/ndizazzo/dev/mesh/issue1393-q4-snapshot-20260930/target/release/xtask, 20134 MiB
 01:53:53 up 7 days,  9:44,  6 users,  load average: 1.70, 1.69, 1.58
2026-10-01T01:53:55-04:00
93 %, 20571 MiB, 2925 MHz, 13801 MHz, 93.59 W, 34
0 %, 20 MiB, 210 MHz, 405 MHz, 21.33 W, 28
1868165, /home/ndizazzo/dev/mesh/issue1393-q4-snapshot-20260930/target/release/xtask, 20134 MiB
 01:53:55 up 7 days,  9:44,  6 users,  load average: 1.70, 1.69, 1.58
2026-10-01T01:53:57-04:00
94 %, 20571 MiB, 2925 MHz, 13801 MHz, 93.45 W, 34
0 %, 20 MiB, 210 MHz, 405 MHz, 27.19 W, 29
1868165, /home/ndizazzo/dev/mesh/issue1393-q4-snapshot-20260930/target/release/xtask, 20134 MiB
 01:53:57 up 7 days,  9:45,  6 users,  load average: 1.64, 1.68, 1.57
2026-10-01T01:53:59-04:00
100 %, 20571 MiB, 2925 MHz, 13801 MHz, 92.79 W, 34
0 %, 20 MiB, 210 MHz, 405 MHz, 21.42 W, 28
1868165, /home/ndizazzo/dev/mesh/issue1393-q4-snapshot-20260930/target/release/xtask, 20134 MiB
 01:53:59 up 7 days,  9:45,  6 users,  load average: 1.64, 1.68, 1.57
2026-10-01T01:54:01-04:00
87 %, 20571 MiB, 2925 MHz, 13801 MHz, 93.15 W, 34
0 %, 20 MiB, 210 MHz, 405 MHz, 21.19 W, 29
1868165, /home/ndizazzo/dev/mesh/issue1393-q4-snapshot-20260930/target/release/xtask, 20134 MiB
 01:54:01 up 7 days,  9:45,  6 users,  load average: 1.67, 1.68, 1.58
2026-10-01T01:54:03-04:00
91 %, 20571 MiB, 2925 MHz, 13801 MHz, 93.60 W, 34
0 %, 20 MiB, 210 MHz, 405 MHz, 22.92 W, 29
1868165, /home/ndizazzo/dev/mesh/issue1393-q4-snapshot-20260930/target/release/xtask, 20134 MiB
 01:54:03 up 7 days,  9:45,  6 users,  load average: 1.67, 1.68, 1.58
2026-10-01T01:54:05-04:00
96 %, 20571 MiB, 2925 MHz, 13801 MHz, 93.54 W, 34
0 %, 20 MiB, 210 MHz, 405 MHz, 21.79 W, 29
1868165, /home/ndizazzo/dev/mesh/issue1393-q4-snapshot-20260930/target/release/xtask, 20134 MiB
 01:54:05 up 7 days,  9:45,  6 users,  load average: 1.70, 1.69, 1.58
2026-10-01T01:54:07-04:00
96 %, 20571 MiB, 2925 MHz, 13801 MHz, 93.95 W, 34
0 %, 20 MiB, 210 MHz, 405 MHz, 21.01 W, 28
1868165, /home/ndizazzo/dev/mesh/issue1393-q4-snapshot-20260930/target/release/xtask, 20134 MiB
 01:54:07 up 7 days,  9:45,  6 users,  load average: 1.70, 1.69, 1.58
2026-10-01T01:54:09-04:00
87 %, 20571 MiB, 2925 MHz, 13801 MHz, 94.00 W, 34
0 %, 20 MiB, 210 MHz, 405 MHz, 21.22 W, 29
1868165, /home/ndizazzo/dev/mesh/issue1393-q4-snapshot-20260930/target/release/xtask, 20134 MiB
 01:54:09 up 7 days,  9:45,  6 users,  load average: 1.70, 1.69, 1.58
2026-10-01T01:54:11-04:00
96 %, 20571 MiB, 2925 MHz, 13801 MHz, 93.31 W, 34
0 %, 20 MiB, 210 MHz, 405 MHz, 27.47 W, 29
1868165, /home/ndizazzo/dev/mesh/issue1393-q4-snapshot-20260930/target/release/xtask, 20134 MiB
 01:54:11 up 7 days,  9:45,  6 users,  load average: 1.72, 1.69, 1.58
2026-10-01T01:54:13-04:00
97 %, 20571 MiB, 2925 MHz, 13801 MHz, 93.23 W, 34
0 %, 20 MiB, 210 MHz, 405 MHz, 21.38 W, 29
1868165, /home/ndizazzo/dev/mesh/issue1393-q4-snapshot-20260930/target/release/xtask, 20134 MiB
 01:54:13 up 7 days,  9:45,  6 users,  load average: 1.72, 1.69, 1.58
2026-10-01T01:54:15-04:00
97 %, 20571 MiB, 2925 MHz, 13801 MHz, 94.86 W, 34
0 %, 20 MiB, 210 MHz, 405 MHz, 21.08 W, 29
1868165, /home/ndizazzo/dev/mesh/issue1393-q4-snapshot-20260930/target/release/xtask, 20134 MiB
 01:54:15 up 7 days,  9:45,  6 users,  load average: 1.66, 1.68, 1.58
2026-10-01T01:54:17-04:00
96 %, 20571 MiB, 2925 MHz, 13801 MHz, 94.46 W, 34
0 %, 20 MiB, 210 MHz, 405 MHz, 23.50 W, 29
1868165, /home/ndizazzo/dev/mesh/issue1393-q4-snapshot-20260930/target/release/xtask, 20134 MiB
 01:54:17 up 7 days,  9:45,  6 users,  load average: 1.66, 1.68, 1.58
2026-10-01T01:54:19-04:00
92 %, 20571 MiB, 2925 MHz, 13801 MHz, 94.42 W, 34
0 %, 20 MiB, 210 MHz, 405 MHz, 22.29 W, 29
1868165, /home/ndizazzo/dev/mesh/issue1393-q4-snapshot-20260930/target/release/xtask, 20134 MiB
 01:54:19 up 7 days,  9:45,  6 users,  load average: 1.66, 1.68, 1.58
2026-10-01T01:54:21-04:00
100 %, 20571 MiB, 2925 MHz, 13801 MHz, 93.45 W, 34
0 %, 20 MiB, 210 MHz, 405 MHz, 21.23 W, 29
1868165, /home/ndizazzo/dev/mesh/issue1393-q4-snapshot-20260930/target/release/xtask, 20134 MiB
 01:54:21 up 7 days,  9:45,  6 users,  load average: 1.69, 1.69, 1.58
2026-10-01T01:54:23-04:00
89 %, 20571 MiB, 2925 MHz, 13801 MHz, 93.32 W, 34
0 %, 20 MiB, 210 MHz, 405 MHz, 21.27 W, 29
1868165, /home/ndizazzo/dev/mesh/issue1393-q4-snapshot-20260930/target/release/xtask, 20134 MiB
 01:54:23 up 7 days,  9:45,  6 users,  load average: 1.69, 1.69, 1.58
2026-10-01T01:54:25-04:00
95 %, 20571 MiB, 2925 MHz, 13801 MHz, 93.86 W, 34
0 %, 20 MiB, 210 MHz, 405 MHz, 27.43 W, 29
1868165, /home/ndizazzo/dev/mesh/issue1393-q4-snapshot-20260930/target/release/xtask, 20134 MiB
 01:54:25 up 7 days,  9:45,  6 users,  load average: 1.64, 1.67, 1.58
2026-10-01T01:54:27-04:00
96 %, 20571 MiB, 2925 MHz, 13801 MHz, 93.28 W, 34
0 %, 20 MiB, 210 MHz, 405 MHz, 21.39 W, 28
1868165, /home/ndizazzo/dev/mesh/issue1393-q4-snapshot-20260930/target/release/xtask, 20134 MiB
 01:54:28 up 7 days,  9:45,  6 users,  load average: 1.64, 1.67, 1.58
2026-10-01T01:54:30-04:00
98 %, 20571 MiB, 2925 MHz, 13801 MHz, 92.93 W, 34
0 %, 20 MiB, 210 MHz, 405 MHz, 21.16 W, 29
1868165, /home/ndizazzo/dev/mesh/issue1393-q4-snapshot-20260930/target/release/xtask, 20134 MiB
 01:54:30 up 7 days,  9:45,  6 users,  load average: 1.64, 1.67, 1.58
2026-10-01T01:54:32-04:00
89 %, 20571 MiB, 2925 MHz, 13801 MHz, 93.05 W, 34
0 %, 20 MiB, 210 MHz, 405 MHz, 24.00 W, 29
1868165, /home/ndizazzo/dev/mesh/issue1393-q4-snapshot-20260930/target/release/xtask, 20134 MiB
 01:54:32 up 7 days,  9:45,  6 users,  load average: 1.67, 1.68, 1.58
2026-10-01T01:54:34-04:00
87 %, 20571 MiB, 2925 MHz, 13801 MHz, 92.71 W, 34
0 %, 20 MiB, 210 MHz, 405 MHz, 22.41 W, 29
1868165, /home/ndizazzo/dev/mesh/issue1393-q4-snapshot-20260930/target/release/xtask, 20134 MiB
 01:54:34 up 7 days,  9:45,  6 users,  load average: 1.67, 1.68, 1.58
2026-10-01T01:54:36-04:00
91 %, 20571 MiB, 2925 MHz, 13801 MHz, 94.11 W, 34
0 %, 20 MiB, 210 MHz, 405 MHz, 21.19 W, 29
1868165, /home/ndizazzo/dev/mesh/issue1393-q4-snapshot-20260930/target/release/xtask, 20134 MiB
 01:54:36 up 7 days,  9:45,  6 users,  load average: 1.69, 1.68, 1.58
2026-10-01T01:54:38-04:00
95 %, 20571 MiB, 2925 MHz, 13801 MHz, 94.11 W, 34
0 %, 20 MiB, 210 MHz, 405 MHz, 21.36 W, 29
1868165, /home/ndizazzo/dev/mesh/issue1393-q4-snapshot-20260930/target/release/xtask, 20134 MiB
 01:54:38 up 7 days,  9:45,  6 users,  load average: 1.69, 1.68, 1.58
2026-10-01T01:54:40-04:00
100 %, 20571 MiB, 2925 MHz, 13801 MHz, 93.80 W, 34
0 %, 20 MiB, 210 MHz, 405 MHz, 27.12 W, 29
1868165, /home/ndizazzo/dev/mesh/issue1393-q4-snapshot-20260930/target/release/xtask, 20134 MiB
 01:54:40 up 7 days,  9:45,  6 users,  load average: 1.72, 1.69, 1.58
2026-10-01T01:54:42-04:00
87 %, 20571 MiB, 2925 MHz, 13801 MHz, 93.62 W, 34
0 %, 20 MiB, 210 MHz, 405 MHz, 21.42 W, 28
1868165, /home/ndizazzo/dev/mesh/issue1393-q4-snapshot-20260930/target/release/xtask, 20134 MiB
 01:54:42 up 7 days,  9:45,  6 users,  load average: 1.72, 1.69, 1.58
2026-10-01T01:54:44-04:00
97 %, 20571 MiB, 2925 MHz, 13801 MHz, 94.18 W, 34
0 %, 20 MiB, 210 MHz, 405 MHz, 21.27 W, 28
1868165, /home/ndizazzo/dev/mesh/issue1393-q4-snapshot-20260930/target/release/xtask, 20134 MiB
 01:54:44 up 7 days,  9:45,  6 users,  load average: 1.72, 1.69, 1.58
2026-10-01T01:54:46-04:00
91 %, 20571 MiB, 2925 MHz, 13801 MHz, 97.47 W, 34
0 %, 20 MiB, 210 MHz, 405 MHz, 27.25 W, 29
1868165, /home/ndizazzo/dev/mesh/issue1393-q4-snapshot-20260930/target/release/xtask, 20134 MiB
 01:54:46 up 7 days,  9:45,  6 users,  load average: 1.74, 1.70, 1.59
2026-10-01T01:54:48-04:00
87 %, 20571 MiB, 2925 MHz, 13801 MHz, 93.14 W, 34
0 %, 20 MiB, 210 MHz, 405 MHz, 22.11 W, 29
1868165, /home/ndizazzo/dev/mesh/issue1393-q4-snapshot-20260930/target/release/xtask, 20134 MiB
 01:54:48 up 7 days,  9:45,  6 users,  load average: 1.74, 1.70, 1.59
2026-10-01T01:54:50-04:00
87 %, 20571 MiB, 2925 MHz, 13801 MHz, 94.64 W, 34
0 %, 20 MiB, 210 MHz, 405 MHz, 21.24 W, 29
1868165, /home/ndizazzo/dev/mesh/issue1393-q4-snapshot-20260930/target/release/xtask, 20134 MiB
 01:54:50 up 7 days,  9:45,  6 users,  load average: 1.68, 1.68, 1.58
2026-10-01T01:54:52-04:00
96 %, 20571 MiB, 2925 MHz, 13801 MHz, 93.63 W, 34
0 %, 20 MiB, 210 MHz, 405 MHz, 21.34 W, 29
1868165, /home/ndizazzo/dev/mesh/issue1393-q4-snapshot-20260930/target/release/xtask, 20134 MiB
 01:54:52 up 7 days,  9:45,  6 users,  load average: 1.68, 1.68, 1.58
2026-10-01T01:54:54-04:00
97 %, 20571 MiB, 2925 MHz, 13801 MHz, 93.39 W, 34
0 %, 20 MiB, 210 MHz, 405 MHz, 27.49 W, 29
1868165, /home/ndizazzo/dev/mesh/issue1393-q4-snapshot-20260930/target/release/xtask, 20134 MiB
 01:54:54 up 7 days,  9:45,  6 users,  load average: 1.68, 1.68, 1.58
2026-10-01T01:54:56-04:00
94 %, 20571 MiB, 2925 MHz, 13801 MHz, 93.25 W, 34
0 %, 20 MiB, 210 MHz, 405 MHz, 21.24 W, 29
1868165, /home/ndizazzo/dev/mesh/issue1393-q4-snapshot-20260930/target/release/xtask, 20134 MiB
 01:54:56 up 7 days,  9:45,  6 users,  load average: 1.63, 1.67, 1.58
2026-10-01T01:54:58-04:00
90 %, 20571 MiB, 2925 MHz, 13801 MHz, 94.07 W, 34
0 %, 20 MiB, 210 MHz, 405 MHz, 21.33 W, 28
1868165, /home/ndizazzo/dev/mesh/issue1393-q4-snapshot-20260930/target/release/xtask, 20134 MiB
 01:54:58 up 7 days,  9:46,  6 users,  load average: 1.63, 1.67, 1.58
2026-10-01T01:55:00-04:00
86 %, 20571 MiB, 2925 MHz, 13801 MHz, 93.88 W, 34
0 %, 20 MiB, 210 MHz, 405 MHz, 23.53 W, 29
1868165, /home/ndizazzo/dev/mesh/issue1393-q4-snapshot-20260930/target/release/xtask, 20134 MiB
 01:55:00 up 7 days,  9:46,  6 users,  load average: 1.66, 1.68, 1.58
2026-10-01T01:55:02-04:00
96 %, 20571 MiB, 2925 MHz, 13801 MHz, 93.09 W, 34
0 %, 20 MiB, 210 MHz, 405 MHz, 21.55 W, 29
1868165, /home/ndizazzo/dev/mesh/issue1393-q4-snapshot-20260930/target/release/xtask, 20134 MiB
 01:55:03 up 7 days,  9:46,  6 users,  load average: 1.66, 1.68, 1.58
2026-10-01T01:55:05-04:00
96 %, 20571 MiB, 2925 MHz, 13801 MHz, 93.46 W, 34
0 %, 20 MiB, 210 MHz, 405 MHz, 21.23 W, 28
1868165, /home/ndizazzo/dev/mesh/issue1393-q4-snapshot-20260930/target/release/xtask, 20134 MiB
 01:55:05 up 7 days,  9:46,  6 users,  load average: 1.66, 1.68, 1.58
2026-10-01T01:55:07-04:00
95 %, 20571 MiB, 2925 MHz, 13801 MHz, 94.35 W, 34
0 %, 20 MiB, 210 MHz, 405 MHz, 21.21 W, 29
1868165, /home/ndizazzo/dev/mesh/issue1393-q4-snapshot-20260930/target/release/xtask, 20134 MiB
 01:55:07 up 7 days,  9:46,  6 users,  load average: 1.68, 1.68, 1.58
2026-10-01T01:55:09-04:00
88 %, 20571 MiB, 2925 MHz, 13801 MHz, 94.44 W, 34
0 %, 20 MiB, 210 MHz, 405 MHz, 27.28 W, 29
1868165, /home/ndizazzo/dev/mesh/issue1393-q4-snapshot-20260930/target/release/xtask, 20134 MiB
 01:55:09 up 7 days,  9:46,  6 users,  load average: 1.68, 1.68, 1.58
2026-10-01T01:55:11-04:00
95 %, 20571 MiB, 2925 MHz, 13801 MHz, 94.45 W, 34
0 %, 20 MiB, 210 MHz, 405 MHz, 21.32 W, 29
1868165, /home/ndizazzo/dev/mesh/issue1393-q4-snapshot-20260930/target/release/xtask, 20134 MiB
 01:55:11 up 7 days,  9:46,  6 users,  load average: 1.63, 1.67, 1.58
2026-10-01T01:55:13-04:00
100 %, 20571 MiB, 2925 MHz, 13801 MHz, 95.34 W, 34
0 %, 20 MiB, 210 MHz, 405 MHz, 21.18 W, 28
1868165, /home/ndizazzo/dev/mesh/issue1393-q4-snapshot-20260930/target/release/xtask, 20134 MiB
 01:55:13 up 7 days,  9:46,  6 users,  load average: 1.63, 1.67, 1.58
2026-10-01T01:55:15-04:00
92 %, 20571 MiB, 2925 MHz, 13801 MHz, 93.91 W, 34
0 %, 20 MiB, 210 MHz, 405 MHz, 24.04 W, 29
1868165, /home/ndizazzo/dev/mesh/issue1393-q4-snapshot-20260930/target/release/xtask, 20134 MiB
 01:55:15 up 7 days,  9:46,  6 users,  load average: 1.66, 1.68, 1.58
2026-10-01T01:55:17-04:00
96 %, 20571 MiB, 2925 MHz, 13801 MHz, 93.42 W, 34
0 %, 20 MiB, 210 MHz, 405 MHz, 21.93 W, 29
1868165, /home/ndizazzo/dev/mesh/issue1393-q4-snapshot-20260930/target/release/xtask, 20134 MiB
 01:55:17 up 7 days,  9:46,  6 users,  load average: 1.66, 1.68, 1.58
2026-10-01T01:55:19-04:00
95 %, 20571 MiB, 2925 MHz, 13801 MHz, 93.72 W, 34
0 %, 20 MiB, 210 MHz, 405 MHz, 21.25 W, 28
1868165, /home/ndizazzo/dev/mesh/issue1393-q4-snapshot-20260930/target/release/xtask, 20134 MiB
 01:55:19 up 7 days,  9:46,  6 users,  load average: 1.66, 1.68, 1.58
2026-10-01T01:55:21-04:00
92 %, 20571 MiB, 2925 MHz, 13801 MHz, 94.79 W, 34
1 %, 20 MiB, 210 MHz, 405 MHz, 21.38 W, 29
1868165, /home/ndizazzo/dev/mesh/issue1393-q4-snapshot-20260930/target/release/xtask, 20134 MiB
 01:55:21 up 7 days,  9:46,  6 users,  load average: 1.69, 1.68, 1.59
2026-10-01T01:55:23-04:00
93 %, 20571 MiB, 2925 MHz, 13801 MHz, 93.96 W, 34
0 %, 20 MiB, 210 MHz, 405 MHz, 22.30 W, 29
1868165, /home/ndizazzo/dev/mesh/issue1393-q4-snapshot-20260930/target/release/xtask, 20134 MiB
 01:55:23 up 7 days,  9:46,  6 users,  load average: 1.69, 1.68, 1.59
2026-10-01T01:55:25-04:00
96 %, 20571 MiB, 2925 MHz, 13801 MHz, 92.98 W, 34
0 %, 20 MiB, 210 MHz, 405 MHz, 21.08 W, 29
1868165, /home/ndizazzo/dev/mesh/issue1393-q4-snapshot-20260930/target/release/xtask, 20134 MiB
 01:55:25 up 7 days,  9:46,  6 users,  load average: 1.63, 1.67, 1.58
2026-10-01T01:55:27-04:00
90 %, 20571 MiB, 2925 MHz, 13801 MHz, 93.51 W, 34
0 %, 20 MiB, 210 MHz, 405 MHz, 21.26 W, 28
1868165, /home/ndizazzo/dev/mesh/issue1393-q4-snapshot-20260930/target/release/xtask, 20134 MiB
 01:55:27 up 7 days,  9:46,  6 users,  load average: 1.63, 1.67, 1.58
2026-10-01T01:55:29-04:00
92 %, 20571 MiB, 2925 MHz, 13801 MHz, 94.74 W, 34
0 %, 20 MiB, 210 MHz, 405 MHz, 27.15 W, 29
1868165, /home/ndizazzo/dev/mesh/issue1393-q4-snapshot-20260930/target/release/xtask, 20134 MiB
 01:55:29 up 7 days,  9:46,  6 users,  load average: 1.63, 1.67, 1.58
2026-10-01T01:55:31-04:00
93 %, 20571 MiB, 2925 MHz, 13801 MHz, 94.48 W, 34
0 %, 20 MiB, 210 MHz, 405 MHz, 22.26 W, 29
1868165, /home/ndizazzo/dev/mesh/issue1393-q4-snapshot-20260930/target/release/xtask, 20134 MiB
 01:55:31 up 7 days,  9:46,  6 users,  load average: 1.66, 1.68, 1.59
2026-10-01T01:55:33-04:00
97 %, 20571 MiB, 2925 MHz, 13801 MHz, 94.36 W, 34
0 %, 20 MiB, 210 MHz, 405 MHz, 21.24 W, 29
1868165, /home/ndizazzo/dev/mesh/issue1393-q4-snapshot-20260930/target/release/xtask, 20134 MiB
 01:55:33 up 7 days,  9:46,  6 users,  load average: 1.66, 1.68, 1.59
2026-10-01T01:55:35-04:00
94 %, 20571 MiB, 2925 MHz, 13801 MHz, 93.33 W, 34
0 %, 20 MiB, 210 MHz, 405 MHz, 21.36 W, 28
1868165, /home/ndizazzo/dev/mesh/issue1393-q4-snapshot-20260930/target/release/xtask, 20134 MiB
 01:55:35 up 7 days,  9:46,  6 users,  load average: 1.61, 1.67, 1.58
2026-10-01T01:55:37-04:00
96 %, 20571 MiB, 2925 MHz, 13801 MHz, 93.19 W, 34
0 %, 20 MiB, 210 MHz, 405 MHz, 21.97 W, 29
1868165, /home/ndizazzo/dev/mesh/issue1393-q4-snapshot-20260930/target/release/xtask, 20134 MiB
 01:55:38 up 7 days,  9:46,  6 users,  load average: 1.61, 1.67, 1.58
2026-10-01T01:55:40-04:00
95 %, 20571 MiB, 2925 MHz, 13801 MHz, 94.10 W, 34
0 %, 20 MiB, 210 MHz, 405 MHz, 21.17 W, 28
1868165, /home/ndizazzo/dev/mesh/issue1393-q4-snapshot-20260930/target/release/xtask, 20134 MiB
 01:55:40 up 7 days,  9:46,  6 users,  load average: 1.61, 1.67, 1.58
2026-10-01T01:55:42-04:00
96 %, 20571 MiB, 2925 MHz, 13801 MHz, 95.10 W, 34
0 %, 20 MiB, 210 MHz, 405 MHz, 21.21 W, 29
1868165, /home/ndizazzo/dev/mesh/issue1393-q4-snapshot-20260930/target/release/xtask, 20134 MiB
 01:55:42 up 7 days,  9:46,  6 users,  load average: 1.64, 1.67, 1.58
2026-10-01T01:55:44-04:00
96 %, 20571 MiB, 2925 MHz, 13801 MHz, 93.70 W, 34
0 %, 20 MiB, 210 MHz, 405 MHz, 27.42 W, 29
1868165, /home/ndizazzo/dev/mesh/issue1393-q4-snapshot-20260930/target/release/xtask, 20134 MiB
 01:55:44 up 7 days,  9:46,  6 users,  load average: 1.64, 1.67, 1.58
2026-10-01T01:55:46-04:00
86 %, 20571 MiB, 2925 MHz, 13801 MHz, 94.11 W, 34
0 %, 20 MiB, 210 MHz, 405 MHz, 21.43 W, 29
1868165, /home/ndizazzo/dev/mesh/issue1393-q4-snapshot-20260930/target/release/xtask, 20134 MiB
 01:55:46 up 7 days,  9:46,  6 users,  load average: 1.59, 1.66, 1.58
2026-10-01T01:55:48-04:00
98 %, 20571 MiB, 2925 MHz, 13801 MHz, 92.53 W, 34
0 %, 20 MiB, 210 MHz, 405 MHz, 21.14 W, 28
1868165, /home/ndizazzo/dev/mesh/issue1393-q4-snapshot-20260930/target/release/xtask, 20134 MiB
 01:55:48 up 7 days,  9:46,  6 users,  load average: 1.59, 1.66, 1.58
2026-10-01T01:55:50-04:00
96 %, 20571 MiB, 2925 MHz, 13801 MHz, 93.47 W, 34
0 %, 20 MiB, 210 MHz, 405 MHz, 21.05 W, 29
1868165, /home/ndizazzo/dev/mesh/issue1393-q4-snapshot-20260930/target/release/xtask, 20134 MiB
 01:55:50 up 7 days,  9:46,  6 users,  load average: 1.62, 1.67, 1.58
2026-10-01T01:55:52-04:00
90 %, 20571 MiB, 2925 MHz, 13801 MHz, 93.14 W, 34
0 %, 20 MiB, 210 MHz, 405 MHz, 27.13 W, 29
1868165, /home/ndizazzo/dev/mesh/issue1393-q4-snapshot-20260930/target/release/xtask, 20134 MiB
 01:55:52 up 7 days,  9:46,  6 users,  load average: 1.62, 1.67, 1.58
2026-10-01T01:55:54-04:00
94 %, 20571 MiB, 2925 MHz, 13801 MHz, 94.22 W, 34
0 %, 20 MiB, 210 MHz, 405 MHz, 21.23 W, 28
1868165, /home/ndizazzo/dev/mesh/issue1393-q4-snapshot-20260930/target/release/xtask, 20134 MiB
 01:55:54 up 7 days,  9:46,  6 users,  load average: 1.62, 1.67, 1.58
2026-10-01T01:55:56-04:00
91 %, 20571 MiB, 2925 MHz, 13801 MHz, 93.90 W, 34
0 %, 20 MiB, 210 MHz, 405 MHz, 21.36 W, 28
1868165, /home/ndizazzo/dev/mesh/issue1393-q4-snapshot-20260930/target/release/xtask, 20134 MiB
 01:55:56 up 7 days,  9:46,  6 users,  load average: 1.65, 1.67, 1.59
2026-10-01T01:55:58-04:00
100 %, 20571 MiB, 2925 MHz, 13801 MHz, 93.58 W, 34
0 %, 20 MiB, 210 MHz, 405 MHz, 27.34 W, 29
1868165, /home/ndizazzo/dev/mesh/issue1393-q4-snapshot-20260930/target/release/xtask, 20134 MiB
 01:55:58 up 7 days,  9:47,  6 users,  load average: 1.65, 1.67, 1.59
2026-10-01T01:56:00-04:00
87 %, 20571 MiB, 2925 MHz, 13801 MHz, 93.10 W, 34
0 %, 20 MiB, 210 MHz, 405 MHz, 21.38 W, 28
1868165, /home/ndizazzo/dev/mesh/issue1393-q4-snapshot-20260930/target/release/xtask, 20134 MiB
 01:56:00 up 7 days,  9:47,  6 users,  load average: 1.60, 1.66, 1.58
2026-10-01T01:56:02-04:00
94 %, 20571 MiB, 2925 MHz, 13801 MHz, 93.38 W, 34
0 %, 20 MiB, 210 MHz, 405 MHz, 21.16 W, 28
1868165, /home/ndizazzo/dev/mesh/issue1393-q4-snapshot-20260930/target/release/xtask, 20134 MiB
 01:56:02 up 7 days,  9:47,  6 users,  load average: 1.60, 1.66, 1.58
2026-10-01T01:56:04-04:00
96 %, 20571 MiB, 2925 MHz, 13801 MHz, 93.95 W, 34
1 %, 20 MiB, 210 MHz, 405 MHz, 21.22 W, 29
1868165, /home/ndizazzo/dev/mesh/issue1393-q4-snapshot-20260930/target/release/xtask, 20134 MiB
 01:56:04 up 7 days,  9:47,  6 users,  load average: 1.60, 1.66, 1.58
2026-10-01T01:56:06-04:00
100 %, 20571 MiB, 2925 MHz, 13801 MHz, 93.89 W, 34
0 %, 20 MiB, 210 MHz, 405 MHz, 21.94 W, 29
1868165, /home/ndizazzo/dev/mesh/issue1393-q4-snapshot-20260930/target/release/xtask, 20134 MiB
 01:56:06 up 7 days,  9:47,  6 users,  load average: 1.63, 1.67, 1.58
2026-10-01T01:56:08-04:00
100 %, 20571 MiB, 2925 MHz, 13801 MHz, 93.84 W, 34
0 %, 20 MiB, 210 MHz, 405 MHz, 21.19 W, 29
1868165, /home/ndizazzo/dev/mesh/issue1393-q4-snapshot-20260930/target/release/xtask, 20134 MiB
 01:56:08 up 7 days,  9:47,  6 users,  load average: 1.63, 1.67, 1.58
2026-10-01T01:56:10-04:00
90 %, 20571 MiB, 2925 MHz, 13801 MHz, 94.23 W, 34
0 %, 20 MiB, 210 MHz, 405 MHz, 21.36 W, 29
1868165, /home/ndizazzo/dev/mesh/issue1393-q4-snapshot-20260930/target/release/xtask, 20134 MiB
 01:56:10 up 7 days,  9:47,  6 users,  load average: 1.66, 1.67, 1.59
2026-10-01T01:56:12-04:00
100 %, 20571 MiB, 2925 MHz, 13801 MHz, 93.72 W, 34
0 %, 20 MiB, 210 MHz, 405 MHz, 27.58 W, 29
1868165, /home/ndizazzo/dev/mesh/issue1393-q4-snapshot-20260930/target/release/xtask, 20134 MiB
 01:56:13 up 7 days,  9:47,  6 users,  load average: 1.66, 1.67, 1.59
2026-10-01T01:56:15-04:00
90 %, 20571 MiB, 2925 MHz, 13801 MHz, 93.65 W, 34
0 %, 20 MiB, 210 MHz, 405 MHz, 21.59 W, 29
1868165, /home/ndizazzo/dev/mesh/issue1393-q4-snapshot-20260930/target/release/xtask, 20134 MiB
 01:56:15 up 7 days,  9:47,  6 users,  load average: 1.66, 1.67, 1.59
2026-10-01T01:56:17-04:00
88 %, 20571 MiB, 2925 MHz, 13801 MHz, 93.97 W, 34
0 %, 20 MiB, 210 MHz, 405 MHz, 21.32 W, 29
1868165, /home/ndizazzo/dev/mesh/issue1393-q4-snapshot-20260930/target/release/xtask, 20134 MiB
 01:56:17 up 7 days,  9:47,  6 users,  load average: 1.61, 1.66, 1.58
2026-10-01T01:56:19-04:00
92 %, 20571 MiB, 2925 MHz, 13801 MHz, 94.07 W, 34
0 %, 20 MiB, 210 MHz, 405 MHz, 22.18 W, 29
1868165, /home/ndizazzo/dev/mesh/issue1393-q4-snapshot-20260930/target/release/xtask, 20134 MiB
 01:56:19 up 7 days,  9:47,  6 users,  load average: 1.61, 1.66, 1.58
2026-10-01T01:56:21-04:00
100 %, 20571 MiB, 2925 MHz, 13801 MHz, 92.88 W, 33
0 %, 20 MiB, 210 MHz, 405 MHz, 22.30 W, 29
1868165, /home/ndizazzo/dev/mesh/issue1393-q4-snapshot-20260930/target/release/xtask, 20134 MiB
 01:56:21 up 7 days,  9:47,  6 users,  load average: 1.64, 1.67, 1.59
2026-10-01T01:56:23-04:00
85 %, 20571 MiB, 2925 MHz, 13801 MHz, 92.93 W, 34
0 %, 20 MiB, 210 MHz, 405 MHz, 21.29 W, 28
1868165, /home/ndizazzo/dev/mesh/issue1393-q4-snapshot-20260930/target/release/xtask, 20134 MiB
 01:56:23 up 7 days,  9:47,  6 users,  load average: 1.64, 1.67, 1.59
2026-10-01T01:56:25-04:00
92 %, 20571 MiB, 2925 MHz, 13801 MHz, 93.10 W, 34
0 %, 20 MiB, 210 MHz, 405 MHz, 21.43 W, 28
1868165, /home/ndizazzo/dev/mesh/issue1393-q4-snapshot-20260930/target/release/xtask, 20134 MiB
 01:56:25 up 7 days,  9:47,  6 users,  load average: 1.59, 1.66, 1.58
2026-10-01T01:56:27-04:00
95 %, 20571 MiB, 2925 MHz, 13801 MHz, 93.63 W, 34
0 %, 20 MiB, 210 MHz, 405 MHz, 27.53 W, 29
1868165, /home/ndizazzo/dev/mesh/issue1393-q4-snapshot-20260930/target/release/xtask, 20134 MiB
 01:56:27 up 7 days,  9:47,  6 users,  load average: 1.59, 1.66, 1.58
2026-10-01T01:56:29-04:00
97 %, 20571 MiB, 2925 MHz, 13801 MHz, 93.80 W, 34
0 %, 20 MiB, 210 MHz, 405 MHz, 21.48 W, 29
1868165, /home/ndizazzo/dev/mesh/issue1393-q4-snapshot-20260930/target/release/xtask, 20134 MiB
 01:56:29 up 7 days,  9:47,  6 users,  load average: 1.59, 1.66, 1.58
2026-10-01T01:56:31-04:00
95 %, 20571 MiB, 2925 MHz, 13801 MHz, 94.73 W, 33
0 %, 20 MiB, 210 MHz, 405 MHz, 21.34 W, 29
1868165, /home/ndizazzo/dev/mesh/issue1393-q4-snapshot-20260930/target/release/xtask, 20134 MiB
 01:56:31 up 7 days,  9:47,  6 users,  load average: 1.62, 1.66, 1.59
2026-10-01T01:56:33-04:00
98 %, 20571 MiB, 2925 MHz, 13801 MHz, 93.35 W, 34
0 %, 20 MiB, 210 MHz, 405 MHz, 23.33 W, 29
1868165, /home/ndizazzo/dev/mesh/issue1393-q4-snapshot-20260930/target/release/xtask, 20134 MiB
 01:56:33 up 7 days,  9:47,  6 users,  load average: 1.62, 1.66, 1.59
2026-10-01T01:56:35-04:00
95 %, 20571 MiB, 2925 MHz, 13801 MHz, 94.94 W, 34
0 %, 20 MiB, 210 MHz, 405 MHz, 22.54 W, 29
1868165, /home/ndizazzo/dev/mesh/issue1393-q4-snapshot-20260930/target/release/xtask, 20134 MiB
 01:56:35 up 7 days,  9:47,  6 users,  load average: 1.65, 1.67, 1.59
2026-10-01T01:56:37-04:00
96 %, 20571 MiB, 2925 MHz, 13801 MHz, 96.36 W, 34
0 %, 20 MiB, 210 MHz, 405 MHz, 21.22 W, 29
1868165, /home/ndizazzo/dev/mesh/issue1393-q4-snapshot-20260930/target/release/xtask, 20134 MiB
 01:56:37 up 7 days,  9:47,  6 users,  load average: 1.65, 1.67, 1.59
2026-10-01T01:56:39-04:00
96 %, 20571 MiB, 2925 MHz, 13801 MHz, 93.25 W, 34
0 %, 20 MiB, 210 MHz, 405 MHz, 21.46 W, 29
1868165, /home/ndizazzo/dev/mesh/issue1393-q4-snapshot-20260930/target/release/xtask, 20134 MiB
 01:56:39 up 7 days,  9:47,  6 users,  load average: 1.65, 1.67, 1.59
2026-10-01T01:56:41-04:00
87 %, 20571 MiB, 2925 MHz, 13801 MHz, 94.35 W, 34
0 %, 20 MiB, 210 MHz, 405 MHz, 27.29 W, 29
1868165, /home/ndizazzo/dev/mesh/issue1393-q4-snapshot-20260930/target/release/xtask, 20134 MiB
 01:56:41 up 7 days,  9:47,  6 users,  load average: 1.60, 1.66, 1.58
2026-10-01T01:56:43-04:00
90 %, 20571 MiB, 2925 MHz, 13801 MHz, 94.29 W, 33
0 %, 20 MiB, 210 MHz, 405 MHz, 21.50 W, 28
1868165, /home/ndizazzo/dev/mesh/issue1393-q4-snapshot-20260930/target/release/xtask, 20134 MiB
 01:56:43 up 7 days,  9:47,  6 users,  load average: 1.60, 1.66, 1.58
2026-10-01T01:56:45-04:00
99 %, 20571 MiB, 2925 MHz, 13801 MHz, 93.44 W, 34
0 %, 20 MiB, 210 MHz, 405 MHz, 21.37 W, 28
1868165, /home/ndizazzo/dev/mesh/issue1393-q4-snapshot-20260930/target/release/xtask, 20134 MiB
 01:56:45 up 7 days,  9:47,  6 users,  load average: 1.63, 1.66, 1.59
2026-10-01T01:56:47-04:00
94 %, 20571 MiB, 2925 MHz, 13801 MHz, 93.00 W, 34
0 %, 20 MiB, 210 MHz, 405 MHz, 23.67 W, 29
1868165, /home/ndizazzo/dev/mesh/issue1393-q4-snapshot-20260930/target/release/xtask, 20134 MiB
 01:56:48 up 7 days,  9:47,  6 users,  load average: 1.63, 1.66, 1.59
2026-10-01T01:56:50-04:00
97 %, 20571 MiB, 2925 MHz, 13801 MHz, 92.47 W, 34
0 %, 20 MiB, 210 MHz, 405 MHz, 22.13 W, 29
1868165, /home/ndizazzo/dev/mesh/issue1393-q4-snapshot-20260930/target/release/xtask, 20134 MiB
 01:56:50 up 7 days,  9:47,  6 users,  load average: 1.63, 1.66, 1.59
2026-10-01T01:56:52-04:00
97 %, 20571 MiB, 2925 MHz, 13801 MHz, 93.69 W, 34
0 %, 20 MiB, 210 MHz, 405 MHz, 21.31 W, 29
1868165, /home/ndizazzo/dev/mesh/issue1393-q4-snapshot-20260930/target/release/xtask, 20134 MiB
 01:56:52 up 7 days,  9:47,  6 users,  load average: 1.58, 1.65, 1.58
2026-10-01T01:56:54-04:00
97 %, 20571 MiB, 2925 MHz, 13801 MHz, 94.09 W, 34
0 %, 20 MiB, 210 MHz, 405 MHz, 21.31 W, 28
1868165, /home/ndizazzo/dev/mesh/issue1393-q4-snapshot-20260930/target/release/xtask, 20134 MiB
 01:56:54 up 7 days,  9:47,  6 users,  load average: 1.58, 1.65, 1.58
2026-10-01T01:56:56-04:00
96 %, 20571 MiB, 2925 MHz, 13801 MHz, 92.58 W, 34
0 %, 20 MiB, 210 MHz, 405 MHz, 27.45 W, 29
1868165, /home/ndizazzo/dev/mesh/issue1393-q4-snapshot-20260930/target/release/xtask, 20134 MiB
 01:56:56 up 7 days,  9:47,  6 users,  load average: 1.62, 1.66, 1.59
2026-10-01T01:56:58-04:00
96 %, 20571 MiB, 2925 MHz, 13801 MHz, 92.60 W, 34
0 %, 20 MiB, 210 MHz, 405 MHz, 21.67 W, 28
1868165, /home/ndizazzo/dev/mesh/issue1393-q4-snapshot-20260930/target/release/xtask, 20134 MiB
 01:56:58 up 7 days,  9:48,  6 users,  load average: 1.62, 1.66, 1.59
2026-10-01T01:57:00-04:00
87 %, 20571 MiB, 2925 MHz, 13801 MHz, 93.42 W, 34
0 %, 20 MiB, 210 MHz, 405 MHz, 21.26 W, 29
1868165, /home/ndizazzo/dev/mesh/issue1393-q4-snapshot-20260930/target/release/xtask, 20134 MiB
 01:57:00 up 7 days,  9:48,  6 users,  load average: 1.65, 1.66, 1.59
2026-10-01T01:57:02-04:00
95 %, 20571 MiB, 2925 MHz, 13801 MHz, 94.79 W, 34
0 %, 20 MiB, 210 MHz, 405 MHz, 22.54 W, 29
1868165, /home/ndizazzo/dev/mesh/issue1393-q4-snapshot-20260930/target/release/xtask, 20134 MiB
 01:57:02 up 7 days,  9:48,  6 users,  load average: 1.65, 1.66, 1.59
2026-10-01T01:57:04-04:00
97 %, 20571 MiB, 2925 MHz, 13801 MHz, 94.57 W, 34
0 %, 20 MiB, 210 MHz, 405 MHz, 22.38 W, 29
1868165, /home/ndizazzo/dev/mesh/issue1393-q4-snapshot-20260930/target/release/xtask, 20134 MiB
 01:57:04 up 7 days,  9:48,  6 users,  load average: 1.65, 1.66, 1.59
2026-10-01T01:57:06-04:00
93 %, 20571 MiB, 2925 MHz, 13801 MHz, 95.27 W, 34
0 %, 20 MiB, 210 MHz, 405 MHz, 21.34 W, 29
1868165, /home/ndizazzo/dev/mesh/issue1393-q4-snapshot-20260930/target/release/xtask, 20134 MiB
 01:57:06 up 7 days,  9:48,  6 users,  load average: 1.67, 1.67, 1.59
2026-10-01T01:57:08-04:00
96 %, 20571 MiB, 2925 MHz, 13801 MHz, 94.49 W, 34
0 %, 20 MiB, 210 MHz, 405 MHz, 21.53 W, 29
1868165, /home/ndizazzo/dev/mesh/issue1393-q4-snapshot-20260930/target/release/xtask, 20134 MiB
 01:57:08 up 7 days,  9:48,  6 users,  load average: 1.67, 1.67, 1.59
2026-10-01T01:57:10-04:00
90 %, 20571 MiB, 2925 MHz, 13801 MHz, 93.39 W, 34
0 %, 20 MiB, 210 MHz, 405 MHz, 27.31 W, 29
1868165, /home/ndizazzo/dev/mesh/issue1393-q4-snapshot-20260930/target/release/xtask, 20134 MiB
 01:57:10 up 7 days,  9:48,  6 users,  load average: 1.70, 1.67, 1.59
2026-10-01T01:57:12-04:00
93 %, 20571 MiB, 2925 MHz, 13801 MHz, 93.45 W, 34
0 %, 20 MiB, 210 MHz, 405 MHz, 21.44 W, 28
1868165, /home/ndizazzo/dev/mesh/issue1393-q4-snapshot-20260930/target/release/xtask, 20134 MiB
 01:57:12 up 7 days,  9:48,  6 users,  load average: 1.70, 1.67, 1.59
2026-10-01T01:57:14-04:00
96 %, 20571 MiB, 2925 MHz, 13801 MHz, 93.29 W, 34
0 %, 20 MiB, 210 MHz, 405 MHz, 21.27 W, 29
1868165, /home/ndizazzo/dev/mesh/issue1393-q4-snapshot-20260930/target/release/xtask, 20134 MiB
 01:57:14 up 7 days,  9:48,  6 users,  load average: 1.70, 1.67, 1.59
2026-10-01T01:57:16-04:00
96 %, 20571 MiB, 2925 MHz, 13801 MHz, 94.53 W, 34
0 %, 20 MiB, 210 MHz, 405 MHz, 22.97 W, 29
1868165, /home/ndizazzo/dev/mesh/issue1393-q4-snapshot-20260930/target/release/xtask, 20134 MiB
 01:57:16 up 7 days,  9:48,  6 users,  load average: 1.73, 1.68, 1.60
2026-10-01T01:57:18-04:00
87 %, 20571 MiB, 2925 MHz, 13801 MHz, 94.78 W, 34
0 %, 20 MiB, 210 MHz, 405 MHz, 21.92 W, 29
1868165, /home/ndizazzo/dev/mesh/issue1393-q4-snapshot-20260930/target/release/xtask, 20134 MiB
 01:57:18 up 7 days,  9:48,  6 users,  load average: 1.73, 1.68, 1.60
2026-10-01T01:57:20-04:00
100 %, 20571 MiB, 2925 MHz, 13801 MHz, 92.97 W, 33
0 %, 20 MiB, 210 MHz, 405 MHz, 21.23 W, 29
1868165, /home/ndizazzo/dev/mesh/issue1393-q4-snapshot-20260930/target/release/xtask, 20134 MiB
 01:57:20 up 7 days,  9:48,  6 users,  load average: 1.75, 1.69, 1.60
2026-10-01T01:57:22-04:00
88 %, 20571 MiB, 2925 MHz, 13801 MHz, 93.09 W, 34
0 %, 20 MiB, 210 MHz, 405 MHz, 21.43 W, 28
1868165, /home/ndizazzo/dev/mesh/issue1393-q4-snapshot-20260930/target/release/xtask, 20134 MiB
 01:57:23 up 7 days,  9:48,  6 users,  load average: 1.75, 1.69, 1.60
2026-10-01T01:57:25-04:00
89 %, 20571 MiB, 2925 MHz, 13801 MHz, 93.25 W, 34
0 %, 20 MiB, 210 MHz, 405 MHz, 27.72 W, 29
1868165, /home/ndizazzo/dev/mesh/issue1393-q4-snapshot-20260930/target/release/xtask, 20134 MiB
 01:57:25 up 7 days,  9:48,  6 users,  load average: 1.75, 1.69, 1.60
2026-10-01T01:57:27-04:00
87 %, 20571 MiB, 2925 MHz, 13801 MHz, 94.12 W, 34
0 %, 20 MiB, 210 MHz, 405 MHz, 21.56 W, 28
1868165, /home/ndizazzo/dev/mesh/issue1393-q4-snapshot-20260930/target/release/xtask, 20134 MiB
 01:57:27 up 7 days,  9:48,  6 users,  load average: 1.77, 1.69, 1.60
2026-10-01T01:57:29-04:00
100 %, 20571 MiB, 2925 MHz, 13801 MHz, 92.67 W, 33
0 %, 20 MiB, 210 MHz, 405 MHz, 21.26 W, 28
1868165, /home/ndizazzo/dev/mesh/issue1393-q4-snapshot-20260930/target/release/xtask, 20134 MiB
 01:57:29 up 7 days,  9:48,  6 users,  load average: 1.77, 1.69, 1.60
2026-10-01T01:57:31-04:00
96 %, 20571 MiB, 2925 MHz, 13801 MHz, 93.90 W, 34
0 %, 20 MiB, 210 MHz, 405 MHz, 23.63 W, 29
1868165, /home/ndizazzo/dev/mesh/issue1393-q4-snapshot-20260930/target/release/xtask, 20134 MiB
 01:57:31 up 7 days,  9:48,  6 users,  load average: 2.03, 1.75, 1.62
2026-10-01T01:57:33-04:00
100 %, 20571 MiB, 2925 MHz, 13801 MHz, 95.18 W, 34
0 %, 20 MiB, 210 MHz, 405 MHz, 22.29 W, 29
1868165, /home/ndizazzo/dev/mesh/issue1393-q4-snapshot-20260930/target/release/xtask, 20134 MiB
 01:57:33 up 7 days,  9:48,  6 users,  load average: 2.03, 1.75, 1.62
2026-10-01T01:57:35-04:00
96 %, 20571 MiB, 2925 MHz, 13801 MHz, 93.00 W, 34
0 %, 20 MiB, 210 MHz, 405 MHz, 21.40 W, 29
1868165, /home/ndizazzo/dev/mesh/issue1393-q4-snapshot-20260930/target/release/xtask, 20134 MiB
 01:57:35 up 7 days,  9:48,  6 users,  load average: 2.02, 1.75, 1.62
2026-10-01T01:57:37-04:00
96 %, 20571 MiB, 2925 MHz, 13801 MHz, 93.42 W, 34
0 %, 20 MiB, 210 MHz, 405 MHz, 21.34 W, 28
1868165, /home/ndizazzo/dev/mesh/issue1393-q4-snapshot-20260930/target/release/xtask, 20134 MiB
 01:57:37 up 7 days,  9:48,  6 users,  load average: 2.02, 1.75, 1.62
2026-10-01T01:57:39-04:00
91 %, 20571 MiB, 2925 MHz, 13801 MHz, 92.67 W, 34
0 %, 20 MiB, 210 MHz, 405 MHz, 27.58 W, 29
1868165, /home/ndizazzo/dev/mesh/issue1393-q4-snapshot-20260930/target/release/xtask, 20134 MiB
 01:57:39 up 7 days,  9:48,  6 users,  load average: 2.02, 1.75, 1.62
2026-10-01T01:57:41-04:00
96 %, 20571 MiB, 2925 MHz, 13801 MHz, 93.08 W, 34
0 %, 20 MiB, 210 MHz, 405 MHz, 21.26 W, 28
1868165, /home/ndizazzo/dev/mesh/issue1393-q4-snapshot-20260930/target/release/xtask, 20134 MiB
 01:57:41 up 7 days,  9:48,  6 users,  load average: 1.94, 1.74, 1.62
2026-10-01T01:57:43-04:00
88 %, 20571 MiB, 2925 MHz, 13801 MHz, 94.28 W, 34
0 %, 20 MiB, 210 MHz, 405 MHz, 21.10 W, 28
1868165, /home/ndizazzo/dev/mesh/issue1393-q4-snapshot-20260930/target/release/xtask, 20134 MiB
 01:57:43 up 7 days,  9:48,  6 users,  load average: 1.94, 1.74, 1.62
2026-10-01T01:57:45-04:00
95 %, 20571 MiB, 2925 MHz, 13801 MHz, 93.65 W, 34
0 %, 20 MiB, 210 MHz, 405 MHz, 24.17 W, 29
1868165, /home/ndizazzo/dev/mesh/issue1393-q4-snapshot-20260930/target/release/xtask, 20134 MiB
 01:57:45 up 7 days,  9:48,  6 users,  load average: 1.95, 1.74, 1.62
2026-10-01T01:57:47-04:00
96 %, 20571 MiB, 2925 MHz, 13801 MHz, 92.63 W, 33
0 %, 20 MiB, 210 MHz, 405 MHz, 22.58 W, 29
1868165, /home/ndizazzo/dev/mesh/issue1393-q4-snapshot-20260930/target/release/xtask, 20134 MiB
 01:57:47 up 7 days,  9:48,  6 users,  load average: 1.95, 1.74, 1.62
2026-10-01T01:57:49-04:00
89 %, 20571 MiB, 2925 MHz, 13801 MHz, 93.40 W, 33
0 %, 20 MiB, 210 MHz, 405 MHz, 21.39 W, 28
1868165, /home/ndizazzo/dev/mesh/issue1393-q4-snapshot-20260930/target/release/xtask, 20134 MiB
 01:57:49 up 7 days,  9:48,  6 users,  load average: 1.95, 1.74, 1.62
2026-10-01T01:57:51-04:00
96 %, 20571 MiB, 2925 MHz, 13801 MHz, 93.97 W, 34
0 %, 20 MiB, 210 MHz, 405 MHz, 21.37 W, 29
1868165, /home/ndizazzo/dev/mesh/issue1393-q4-snapshot-20260930/target/release/xtask, 20134 MiB
 01:57:51 up 7 days,  9:48,  6 users,  load average: 1.95, 1.75, 1.62
2026-10-01T01:57:53-04:00
96 %, 20571 MiB, 2925 MHz, 13801 MHz, 93.80 W, 33
0 %, 20 MiB, 210 MHz, 405 MHz, 27.17 W, 29
1868165, /home/ndizazzo/dev/mesh/issue1393-q4-snapshot-20260930/target/release/xtask, 20134 MiB
 01:57:53 up 7 days,  9:48,  6 users,  load average: 1.95, 1.75, 1.62
2026-10-01T01:57:55-04:00
87 %, 20571 MiB, 2925 MHz, 13801 MHz, 94.44 W, 33
0 %, 20 MiB, 210 MHz, 405 MHz, 21.38 W, 28
1868165, /home/ndizazzo/dev/mesh/issue1393-q4-snapshot-20260930/target/release/xtask, 20134 MiB
 01:57:55 up 7 days,  9:48,  6 users,  load average: 1.96, 1.75, 1.63
2026-10-01T01:57:57-04:00
100 %, 20571 MiB, 2925 MHz, 13801 MHz, 93.29 W, 33
0 %, 20 MiB, 210 MHz, 405 MHz, 21.35 W, 28
1868165, /home/ndizazzo/dev/mesh/issue1393-q4-snapshot-20260930/target/release/xtask, 20134 MiB
 01:57:58 up 7 days,  9:49,  6 users,  load average: 1.96, 1.75, 1.63
2026-10-01T01:58:00-04:00
98 %, 20571 MiB, 2925 MHz, 13801 MHz, 93.90 W, 34
0 %, 20 MiB, 210 MHz, 405 MHz, 27.25 W, 29
1868165, /home/ndizazzo/dev/mesh/issue1393-q4-snapshot-20260930/target/release/xtask, 20134 MiB
 01:58:00 up 7 days,  9:49,  6 users,  load average: 1.96, 1.75, 1.63
2026-10-01T01:58:02-04:00
96 %, 20571 MiB, 2925 MHz, 13801 MHz, 96.36 W, 33
0 %, 20 MiB, 210 MHz, 405 MHz, 22.02 W, 29
1868165, /home/ndizazzo/dev/mesh/issue1393-q4-snapshot-20260930/target/release/xtask, 20134 MiB
 01:58:02 up 7 days,  9:49,  6 users,  load average: 1.88, 1.74, 1.62
2026-10-01T01:58:04-04:00
91 %, 20571 MiB, 2925 MHz, 13801 MHz, 92.75 W, 34
0 %, 20 MiB, 210 MHz, 405 MHz, 21.26 W, 28
1868165, /home/ndizazzo/dev/mesh/issue1393-q4-snapshot-20260930/target/release/xtask, 20134 MiB
 01:58:04 up 7 days,  9:49,  6 users,  load average: 1.88, 1.74, 1.62
2026-10-01T01:58:06-04:00
95 %, 20571 MiB, 2925 MHz, 13801 MHz, 93.35 W, 34
0 %, 20 MiB, 210 MHz, 405 MHz, 21.28 W, 29
1868165, /home/ndizazzo/dev/mesh/issue1393-q4-snapshot-20260930/target/release/xtask, 20134 MiB
 01:58:06 up 7 days,  9:49,  6 users,  load average: 1.81, 1.73, 1.62
2026-10-01T01:58:08-04:00
87 %, 20571 MiB, 2925 MHz, 13801 MHz, 94.47 W, 34
0 %, 20 MiB, 210 MHz, 405 MHz, 27.49 W, 29
1868165, /home/ndizazzo/dev/mesh/issue1393-q4-snapshot-20260930/target/release/xtask, 20134 MiB
 01:58:08 up 7 days,  9:49,  6 users,  load average: 1.81, 1.73, 1.62
2026-10-01T01:58:10-04:00
93 %, 20571 MiB, 2925 MHz, 13801 MHz, 95.02 W, 34
0 %, 20 MiB, 210 MHz, 405 MHz, 21.68 W, 29
1868165, /home/ndizazzo/dev/mesh/issue1393-q4-snapshot-20260930/target/release/xtask, 20134 MiB
 01:58:10 up 7 days,  9:49,  6 users,  load average: 1.82, 1.73, 1.62
2026-10-01T01:58:12-04:00
97 %, 20571 MiB, 2925 MHz, 13801 MHz, 93.32 W, 33
0 %, 20 MiB, 210 MHz, 405 MHz, 21.38 W, 28
1868165, /home/ndizazzo/dev/mesh/issue1393-q4-snapshot-20260930/target/release/xtask, 20134 MiB
 01:58:12 up 7 days,  9:49,  6 users,  load average: 1.82, 1.73, 1.62
2026-10-01T01:58:14-04:00
100 %, 20571 MiB, 2925 MHz, 13801 MHz, 93.44 W, 34
0 %, 20 MiB, 210 MHz, 405 MHz, 27.26 W, 29
1868165, /home/ndizazzo/dev/mesh/issue1393-q4-snapshot-20260930/target/release/xtask, 20134 MiB
 01:58:14 up 7 days,  9:49,  6 users,  load average: 1.82, 1.73, 1.62
2026-10-01T01:58:16-04:00
87 %, 20571 MiB, 2925 MHz, 13801 MHz, 92.94 W, 33
0 %, 20 MiB, 210 MHz, 405 MHz, 21.58 W, 28
1868165, /home/ndizazzo/dev/mesh/issue1393-q4-snapshot-20260930/target/release/xtask, 20134 MiB
 01:58:16 up 7 days,  9:49,  6 users,  load average: 1.84, 1.74, 1.62
2026-10-01T01:58:18-04:00
87 %, 20571 MiB, 2925 MHz, 13801 MHz, 95.04 W, 33
0 %, 20 MiB, 210 MHz, 405 MHz, 21.33 W, 28
1868165, /home/ndizazzo/dev/mesh/issue1393-q4-snapshot-20260930/target/release/xtask, 20134 MiB
 01:58:18 up 7 days,  9:49,  6 users,  load average: 1.84, 1.74, 1.62
2026-10-01T01:58:20-04:00
93 %, 20571 MiB, 2925 MHz, 13801 MHz, 95.20 W, 34
0 %, 20 MiB, 210 MHz, 405 MHz, 21.38 W, 28
1868165, /home/ndizazzo/dev/mesh/issue1393-q4-snapshot-20260930/target/release/xtask, 20134 MiB
 01:58:20 up 7 days,  9:49,  6 users,  load average: 1.85, 1.74, 1.63
2026-10-01T01:58:22-04:00
97 %, 20571 MiB, 2925 MHz, 13801 MHz, 94.17 W, 33
0 %, 20 MiB, 210 MHz, 405 MHz, 27.35 W, 29
1868165, /home/ndizazzo/dev/mesh/issue1393-q4-snapshot-20260930/target/release/xtask, 20134 MiB
 01:58:22 up 7 days,  9:49,  6 users,  load average: 1.85, 1.74, 1.63
2026-10-01T01:58:24-04:00
100 %, 20571 MiB, 2925 MHz, 13801 MHz, 93.21 W, 33
0 %, 20 MiB, 210 MHz, 405 MHz, 21.41 W, 29
1868165, /home/ndizazzo/dev/mesh/issue1393-q4-snapshot-20260930/target/release/xtask, 20134 MiB
 01:58:24 up 7 days,  9:49,  6 users,  load average: 1.85, 1.74, 1.63
2026-10-01T01:58:26-04:00
90 %, 20571 MiB, 2925 MHz, 13801 MHz, 93.10 W, 34
0 %, 20 MiB, 210 MHz, 405 MHz, 21.26 W, 28
1868165, /home/ndizazzo/dev/mesh/issue1393-q4-snapshot-20260930/target/release/xtask, 20134 MiB
 01:58:26 up 7 days,  9:49,  6 users,  load average: 1.78, 1.73, 1.62
2026-10-01T01:58:28-04:00
95 %, 20571 MiB, 2925 MHz, 13801 MHz, 93.75 W, 34
0 %, 20 MiB, 210 MHz, 405 MHz, 24.05 W, 29
1868165, /home/ndizazzo/dev/mesh/issue1393-q4-snapshot-20260930/target/release/xtask, 20134 MiB
 01:58:28 up 7 days,  9:49,  6 users,  load average: 1.78, 1.73, 1.62
2026-10-01T01:58:30-04:00
100 %, 20571 MiB, 2925 MHz, 13801 MHz, 97.13 W, 34
0 %, 20 MiB, 210 MHz, 405 MHz, 21.46 W, 28
1868165, /home/ndizazzo/dev/mesh/issue1393-q4-snapshot-20260930/target/release/xtask, 20134 MiB
 01:58:31 up 7 days,  9:49,  6 users,  load average: 1.80, 1.73, 1.62
2026-10-01T01:58:33-04:00
98 %, 20571 MiB, 2925 MHz, 13801 MHz, 93.37 W, 34
0 %, 20 MiB, 210 MHz, 405 MHz, 21.33 W, 28
1868165, /home/ndizazzo/dev/mesh/issue1393-q4-snapshot-20260930/target/release/xtask, 20134 MiB
 01:58:33 up 7 days,  9:49,  6 users,  load average: 1.80, 1.73, 1.62
2026-10-01T01:58:35-04:00
87 %, 20571 MiB, 2925 MHz, 13801 MHz, 93.15 W, 34
1 %, 20 MiB, 210 MHz, 405 MHz, 21.65 W, 29
1868165, /home/ndizazzo/dev/mesh/issue1393-q4-snapshot-20260930/target/release/xtask, 20134 MiB
 01:58:35 up 7 days,  9:49,  6 users,  load average: 1.80, 1.73, 1.62
2026-10-01T01:58:37-04:00
94 %, 20571 MiB, 2925 MHz, 13801 MHz, 94.26 W, 34
0 %, 20 MiB, 210 MHz, 405 MHz, 22.51 W, 29
1868165, /home/ndizazzo/dev/mesh/issue1393-q4-snapshot-20260930/target/release/xtask, 20134 MiB
 01:58:37 up 7 days,  9:49,  6 users,  load average: 1.74, 1.72, 1.62
2026-10-01T01:58:39-04:00
100 %, 20571 MiB, 2925 MHz, 13801 MHz, 93.39 W, 33
0 %, 20 MiB, 210 MHz, 405 MHz, 21.36 W, 28
1868165, /home/ndizazzo/dev/mesh/issue1393-q4-snapshot-20260930/target/release/xtask, 20134 MiB
 01:58:39 up 7 days,  9:49,  6 users,  load average: 1.74, 1.72, 1.62
2026-10-01T01:58:41-04:00
98 %, 20571 MiB, 2925 MHz, 13801 MHz, 92.96 W, 33
0 %, 20 MiB, 210 MHz, 405 MHz, 21.44 W, 28
1868165, /home/ndizazzo/dev/mesh/issue1393-q4-snapshot-20260930/target/release/xtask, 20134 MiB
 01:58:41 up 7 days,  9:49,  6 users,  load average: 1.68, 1.71, 1.62
2026-10-01T01:58:43-04:00
86 %, 20571 MiB, 2925 MHz, 13801 MHz, 92.60 W, 34
0 %, 20 MiB, 210 MHz, 405 MHz, 27.29 W, 29
1868165, /home/ndizazzo/dev/mesh/issue1393-q4-snapshot-20260930/target/release/xtask, 20134 MiB
 01:58:43 up 7 days,  9:49,  6 users,  load average: 1.68, 1.71, 1.62
2026-10-01T01:58:45-04:00
94 %, 20571 MiB, 2925 MHz, 13801 MHz, 93.09 W, 34
0 %, 20 MiB, 210 MHz, 405 MHz, 22.26 W, 29
1868165, /home/ndizazzo/dev/mesh/issue1393-q4-snapshot-20260930/target/release/xtask, 20134 MiB
 01:58:45 up 7 days,  9:49,  6 users,  load average: 1.62, 1.70, 1.61
2026-10-01T01:58:47-04:00
96 %, 20571 MiB, 2925 MHz, 13801 MHz, 93.12 W, 33
0 %, 20 MiB, 210 MHz, 405 MHz, 21.32 W, 28
1868165, /home/ndizazzo/dev/mesh/issue1393-q4-snapshot-20260930/target/release/xtask, 20134 MiB
 01:58:47 up 7 days,  9:49,  6 users,  load average: 1.62, 1.70, 1.61
2026-10-01T01:58:49-04:00
89 %, 20571 MiB, 2925 MHz, 13801 MHz, 94.03 W, 33
0 %, 20 MiB, 210 MHz, 405 MHz, 22.41 W, 29
1868165, /home/ndizazzo/dev/mesh/issue1393-q4-snapshot-20260930/target/release/xtask, 20134 MiB
 01:58:49 up 7 days,  9:49,  6 users,  load average: 1.62, 1.70, 1.61
2026-10-01T01:58:51-04:00
96 %, 20571 MiB, 2925 MHz, 13801 MHz, 94.04 W, 34
0 %, 20 MiB, 210 MHz, 405 MHz, 22.11 W, 29
1868165, /home/ndizazzo/dev/mesh/issue1393-q4-snapshot-20260930/target/release/xtask, 20134 MiB
 01:58:51 up 7 days,  9:49,  6 users,  load average: 1.65, 1.70, 1.62
2026-10-01T01:58:53-04:00
91 %, 20571 MiB, 2925 MHz, 13801 MHz, 92.13 W, 33
0 %, 20 MiB, 210 MHz, 405 MHz, 21.25 W, 28
1868165, /home/ndizazzo/dev/mesh/issue1393-q4-snapshot-20260930/target/release/xtask, 20134 MiB
 01:58:53 up 7 days,  9:49,  6 users,  load average: 1.65, 1.70, 1.62
2026-10-01T01:58:55-04:00
98 %, 20571 MiB, 2925 MHz, 13801 MHz, 93.35 W, 34
0 %, 20 MiB, 210 MHz, 405 MHz, 21.27 W, 28
1868165, /home/ndizazzo/dev/mesh/issue1393-q4-snapshot-20260930/target/release/xtask, 20134 MiB
 01:58:55 up 7 days,  9:49,  6 users,  load average: 1.68, 1.71, 1.62
2026-10-01T01:58:57-04:00
97 %, 20571 MiB, 2925 MHz, 13801 MHz, 94.09 W, 34
0 %, 20 MiB, 210 MHz, 405 MHz, 27.50 W, 29
1868165, /home/ndizazzo/dev/mesh/issue1393-q4-snapshot-20260930/target/release/xtask, 20134 MiB
 01:58:57 up 7 days,  9:50,  6 users,  load average: 1.68, 1.71, 1.62
2026-10-01T01:58:59-04:00
96 %, 20571 MiB, 2925 MHz, 13801 MHz, 97.19 W, 33
0 %, 20 MiB, 210 MHz, 405 MHz, 21.62 W, 28
1868165, /home/ndizazzo/dev/mesh/issue1393-q4-snapshot-20260930/target/release/xtask, 20134 MiB
 01:58:59 up 7 days,  9:50,  6 users,  load average: 1.68, 1.71, 1.62
2026-10-01T01:59:01-04:00
87 %, 20571 MiB, 2925 MHz, 13801 MHz, 92.72 W, 33
0 %, 20 MiB, 210 MHz, 405 MHz, 21.05 W, 28
1868165, /home/ndizazzo/dev/mesh/issue1393-q4-snapshot-20260930/target/release/xtask, 20134 MiB
 01:59:01 up 7 days,  9:50,  6 users,  load average: 1.63, 1.69, 1.62
2026-10-01T01:59:03-04:00
96 %, 20571 MiB, 2925 MHz, 13801 MHz, 93.64 W, 34
0 %, 20 MiB, 210 MHz, 405 MHz, 21.25 W, 28
1868165, /home/ndizazzo/dev/mesh/issue1393-q4-snapshot-20260930/target/release/xtask, 20134 MiB
 01:59:03 up 7 days,  9:50,  6 users,  load average: 1.63, 1.69, 1.62
2026-10-01T01:59:05-04:00
87 %, 20571 MiB, 2925 MHz, 13801 MHz, 93.97 W, 34
0 %, 20 MiB, 210 MHz, 405 MHz, 22.23 W, 29
1868165, /home/ndizazzo/dev/mesh/issue1393-q4-snapshot-20260930/target/release/xtask, 20134 MiB
 01:59:06 up 7 days,  9:50,  6 users,  load average: 1.66, 1.70, 1.62
2026-10-01T01:59:08-04:00
95 %, 20571 MiB, 2925 MHz, 13801 MHz, 94.15 W, 34
0 %, 20 MiB, 210 MHz, 405 MHz, 21.20 W, 28
1868165, /home/ndizazzo/dev/mesh/issue1393-q4-snapshot-20260930/target/release/xtask, 20134 MiB
 01:59:08 up 7 days,  9:50,  6 users,  load average: 1.66, 1.70, 1.62
2026-10-01T01:59:10-04:00
96 %, 20571 MiB, 2925 MHz, 13801 MHz, 92.95 W, 33
0 %, 20 MiB, 210 MHz, 405 MHz, 21.21 W, 28
1868165, /home/ndizazzo/dev/mesh/issue1393-q4-snapshot-20260930/target/release/xtask, 20134 MiB
 01:59:10 up 7 days,  9:50,  6 users,  load average: 1.66, 1.70, 1.62
2026-10-01T01:59:12-04:00
87 %, 20571 MiB, 2925 MHz, 13801 MHz, 92.68 W, 33
0 %, 20 MiB, 210 MHz, 405 MHz, 27.42 W, 29
1868165, /home/ndizazzo/dev/mesh/issue1393-q4-snapshot-20260930/target/release/xtask, 20134 MiB
 01:59:12 up 7 days,  9:50,  6 users,  load average: 1.68, 1.70, 1.62
2026-10-01T01:59:14-04:00
95 %, 20571 MiB, 2925 MHz, 13801 MHz, 94.21 W, 33
0 %, 20 MiB, 210 MHz, 405 MHz, 21.33 W, 28
1868165, /home/ndizazzo/dev/mesh/issue1393-q4-snapshot-20260930/target/release/xtask, 20134 MiB
 01:59:14 up 7 days,  9:50,  6 users,  load average: 1.68, 1.70, 1.62
2026-10-01T01:59:16-04:00
91 %, 20571 MiB, 2925 MHz, 13801 MHz, 93.63 W, 34
0 %, 20 MiB, 210 MHz, 405 MHz, 21.24 W, 28
1868165, /home/ndizazzo/dev/mesh/issue1393-q4-snapshot-20260930/target/release/xtask, 20134 MiB
 01:59:16 up 7 days,  9:50,  6 users,  load average: 1.71, 1.71, 1.62
2026-10-01T01:59:18-04:00
97 %, 20571 MiB, 2925 MHz, 13801 MHz, 93.84 W, 34
0 %, 20 MiB, 210 MHz, 405 MHz, 21.24 W, 28
1868165, /home/ndizazzo/dev/mesh/issue1393-q4-snapshot-20260930/target/release/xtask, 20134 MiB
 01:59:18 up 7 days,  9:50,  6 users,  load average: 1.71, 1.71, 1.62
2026-10-01T01:59:20-04:00
96 %, 20571 MiB, 2925 MHz, 13801 MHz, 92.78 W, 33
0 %, 20 MiB, 210 MHz, 405 MHz, 21.85 W, 29
1868165, /home/ndizazzo/dev/mesh/issue1393-q4-snapshot-20260930/target/release/xtask, 20134 MiB
 01:59:20 up 7 days,  9:50,  6 users,  load average: 1.73, 1.71, 1.63
2026-10-01T01:59:22-04:00
90 %, 20571 MiB, 2925 MHz, 13801 MHz, 92.79 W, 33
0 %, 20 MiB, 210 MHz, 405 MHz, 21.08 W, 28
1868165, /home/ndizazzo/dev/mesh/issue1393-q4-snapshot-20260930/target/release/xtask, 20134 MiB
 01:59:22 up 7 days,  9:50,  6 users,  load average: 1.73, 1.71, 1.63
2026-10-01T01:59:24-04:00
97 %, 20571 MiB, 2925 MHz, 13801 MHz, 93.21 W, 33
0 %, 20 MiB, 210 MHz, 405 MHz, 21.20 W, 28
1868165, /home/ndizazzo/dev/mesh/issue1393-q4-snapshot-20260930/target/release/xtask, 20134 MiB
 01:59:24 up 7 days,  9:50,  6 users,  load average: 1.73, 1.71, 1.63
2026-10-01T01:59:26-04:00
93 %, 20571 MiB, 2925 MHz, 13801 MHz, 93.54 W, 34
0 %, 20 MiB, 210 MHz, 405 MHz, 27.57 W, 29
1868165, /home/ndizazzo/dev/mesh/issue1393-q4-snapshot-20260930/target/release/xtask, 20134 MiB
 01:59:26 up 7 days,  9:50,  6 users,  load average: 1.75, 1.72, 1.63
2026-10-01T01:59:28-04:00
90 %, 20571 MiB, 2925 MHz, 13801 MHz, 95.34 W, 33
0 %, 20 MiB, 210 MHz, 405 MHz, 21.44 W, 28
1868165, /home/ndizazzo/dev/mesh/issue1393-q4-snapshot-20260930/target/release/xtask, 20134 MiB
 01:59:28 up 7 days,  9:50,  6 users,  load average: 1.75, 1.72, 1.63
2026-10-01T01:59:30-04:00
95 %, 20571 MiB, 2925 MHz, 13801 MHz, 95.24 W, 33
0 %, 20 MiB, 210 MHz, 405 MHz, 21.09 W, 28
1868165, /home/ndizazzo/dev/mesh/issue1393-q4-snapshot-20260930/target/release/xtask, 20134 MiB
 01:59:30 up 7 days,  9:50,  6 users,  load average: 1.77, 1.72, 1.63
2026-10-01T01:59:32-04:00
94 %, 20571 MiB, 2925 MHz, 13801 MHz, 94.25 W, 34
0 %, 20 MiB, 210 MHz, 405 MHz, 22.02 W, 29
1868165, /home/ndizazzo/dev/mesh/issue1393-q4-snapshot-20260930/target/release/xtask, 20134 MiB
 01:59:32 up 7 days,  9:50,  6 users,  load average: 1.77, 1.72, 1.63
2026-10-01T01:59:34-04:00
97 %, 20571 MiB, 2925 MHz, 13801 MHz, 93.81 W, 33
0 %, 20 MiB, 210 MHz, 405 MHz, 22.00 W, 29
1868165, /home/ndizazzo/dev/mesh/issue1393-q4-snapshot-20260930/target/release/xtask, 20134 MiB
 01:59:34 up 7 days,  9:50,  6 users,  load average: 1.77, 1.72, 1.63
2026-10-01T01:59:36-04:00
100 %, 20571 MiB, 2925 MHz, 13801 MHz, 92.98 W, 33
0 %, 20 MiB, 210 MHz, 405 MHz, 21.01 W, 28
1868165, /home/ndizazzo/dev/mesh/issue1393-q4-snapshot-20260930/target/release/xtask, 20134 MiB
 01:59:36 up 7 days,  9:50,  6 users,  load average: 1.79, 1.73, 1.63
2026-10-01T01:59:38-04:00
94 %, 20571 MiB, 2925 MHz, 13801 MHz, 93.16 W, 33
0 %, 20 MiB, 210 MHz, 405 MHz, 21.15 W, 28
1868165, /home/ndizazzo/dev/mesh/issue1393-q4-snapshot-20260930/target/release/xtask, 20134 MiB
 01:59:38 up 7 days,  9:50,  6 users,  load average: 1.79, 1.73, 1.63
2026-10-01T01:59:40-04:00
96 %, 20571 MiB, 2925 MHz, 13801 MHz, 92.82 W, 34
0 %, 20 MiB, 210 MHz, 405 MHz, 27.45 W, 29
1868165, /home/ndizazzo/dev/mesh/issue1393-q4-snapshot-20260930/target/release/xtask, 20134 MiB
 01:59:41 up 7 days,  9:50,  6 users,  load average: 1.73, 1.72, 1.63
2026-10-01T01:59:43-04:00
87 %, 20571 MiB, 2925 MHz, 13801 MHz, 92.68 W, 34
0 %, 20 MiB, 210 MHz, 405 MHz, 21.18 W, 28
1868165, /home/ndizazzo/dev/mesh/issue1393-q4-snapshot-20260930/target/release/xtask, 20134 MiB
 01:59:43 up 7 days,  9:50,  6 users,  load average: 1.73, 1.72, 1.63
2026-10-01T01:59:45-04:00
87 %, 20571 MiB, 2925 MHz, 13801 MHz, 93.75 W, 34
0 %, 20 MiB, 210 MHz, 405 MHz, 21.18 W, 28
1868165, /home/ndizazzo/dev/mesh/issue1393-q4-snapshot-20260930/target/release/xtask, 20134 MiB
 01:59:45 up 7 days,  9:50,  6 users,  load average: 1.73, 1.72, 1.63
2026-10-01T01:59:47-04:00
100 %, 20571 MiB, 2925 MHz, 13801 MHz, 93.10 W, 33
0 %, 20 MiB, 210 MHz, 405 MHz, 22.85 W, 29
1868165, /home/ndizazzo/dev/mesh/issue1393-q4-snapshot-20260930/target/release/xtask, 20134 MiB
 01:59:47 up 7 days,  9:50,  6 users,  load average: 1.75, 1.72, 1.63
2026-10-01T01:59:49-04:00
96 %, 20571 MiB, 2925 MHz, 13801 MHz, 92.87 W, 33
0 %, 20 MiB, 210 MHz, 405 MHz, 22.36 W, 29
1868165, /home/ndizazzo/dev/mesh/issue1393-q4-snapshot-20260930/target/release/xtask, 20134 MiB
 01:59:49 up 7 days,  9:50,  6 users,  load average: 1.75, 1.72, 1.63
2026-10-01T01:59:51-04:00
87 %, 20571 MiB, 2925 MHz, 13801 MHz, 92.94 W, 34
0 %, 20 MiB, 210 MHz, 405 MHz, 21.12 W, 28
1868165, /home/ndizazzo/dev/mesh/issue1393-q4-snapshot-20260930/target/release/xtask, 20134 MiB
 01:59:51 up 7 days,  9:50,  6 users,  load average: 1.69, 1.71, 1.63
2026-10-01T01:59:53-04:00
97 %, 20571 MiB, 2925 MHz, 13801 MHz, 93.69 W, 34
0 %, 20 MiB, 210 MHz, 405 MHz, 21.23 W, 28
1868165, /home/ndizazzo/dev/mesh/issue1393-q4-snapshot-20260930/target/release/xtask, 20134 MiB
 01:59:53 up 7 days,  9:50,  6 users,  load average: 1.69, 1.71, 1.63
2026-10-01T01:59:55-04:00
97 %, 20571 MiB, 2925 MHz, 13801 MHz, 93.46 W, 34
0 %, 20 MiB, 210 MHz, 405 MHz, 27.33 W, 29
1868165, /home/ndizazzo/dev/mesh/issue1393-q4-snapshot-20260930/target/release/xtask, 20134 MiB
 01:59:55 up 7 days,  9:50,  6 users,  load average: 1.63, 1.70, 1.63
2026-10-01T01:59:57-04:00
86 %, 20571 MiB, 2925 MHz, 13801 MHz, 96.96 W, 34
0 %, 20 MiB, 210 MHz, 405 MHz, 21.58 W, 28
1868165, /home/ndizazzo/dev/mesh/issue1393-q4-snapshot-20260930/target/release/xtask, 20134 MiB
 01:59:57 up 7 days,  9:51,  6 users,  load average: 1.63, 1.70, 1.63
2026-10-01T01:59:59-04:00
95 %, 20571 MiB, 2925 MHz, 13801 MHz, 92.52 W, 33
0 %, 20 MiB, 210 MHz, 405 MHz, 21.30 W, 28
1868165, /home/ndizazzo/dev/mesh/issue1393-q4-snapshot-20260930/target/release/xtask, 20134 MiB
 01:59:59 up 7 days,  9:51,  6 users,  load average: 1.63, 1.70, 1.63
2026-10-01T02:00:01-04:00
93 %, 20571 MiB, 2925 MHz, 13801 MHz, 93.89 W, 34
0 %, 20 MiB, 210 MHz, 405 MHz, 23.73 W, 29
1868165, /home/ndizazzo/dev/mesh/issue1393-q4-snapshot-20260930/target/release/xtask, 20134 MiB
 02:00:01 up 7 days,  9:51,  6 users,  load average: 1.66, 1.70, 1.63
2026-10-01T02:00:03-04:00
87 %, 20571 MiB, 2925 MHz, 13801 MHz, 94.58 W, 34
0 %, 20 MiB, 210 MHz, 405 MHz, 22.12 W, 29
1868165, /home/ndizazzo/dev/mesh/issue1393-q4-snapshot-20260930/target/release/xtask, 20134 MiB
 02:00:03 up 7 days,  9:51,  6 users,  load average: 1.66, 1.70, 1.63
2026-10-01T02:00:05-04:00
100 %, 20571 MiB, 2925 MHz, 13801 MHz, 93.09 W, 33
0 %, 20 MiB, 210 MHz, 405 MHz, 21.32 W, 28
1868165, /home/ndizazzo/dev/mesh/issue1393-q4-snapshot-20260930/target/release/xtask, 20134 MiB
 02:00:05 up 7 days,  9:51,  6 users,  load average: 1.69, 1.71, 1.63
2026-10-01T02:00:07-04:00
95 %, 20571 MiB, 2925 MHz, 13801 MHz, 92.72 W, 33
0 %, 20 MiB, 210 MHz, 405 MHz, 21.33 W, 28
1868165, /home/ndizazzo/dev/mesh/issue1393-q4-snapshot-20260930/target/release/xtask, 20134 MiB
 02:00:07 up 7 days,  9:51,  6 users,  load average: 1.69, 1.71, 1.63
2026-10-01T02:00:09-04:00
96 %, 20571 MiB, 2925 MHz, 13801 MHz, 92.73 W, 34
0 %, 20 MiB, 210 MHz, 405 MHz, 27.59 W, 29
1868165, /home/ndizazzo/dev/mesh/issue1393-q4-snapshot-20260930/target/release/xtask, 20134 MiB
 02:00:09 up 7 days,  9:51,  6 users,  load average: 1.69, 1.71, 1.63
2026-10-01T02:00:11-04:00
90 %, 20571 MiB, 2925 MHz, 13801 MHz, 92.35 W, 33
0 %, 20 MiB, 210 MHz, 405 MHz, 21.61 W, 28
1868165, /home/ndizazzo/dev/mesh/issue1393-q4-snapshot-20260930/target/release/xtask, 20134 MiB
 02:00:11 up 7 days,  9:51,  6 users,  load average: 1.64, 1.70, 1.63
2026-10-01T02:00:13-04:00
97 %, 20571 MiB, 2925 MHz, 13801 MHz, 92.82 W, 34
0 %, 20 MiB, 210 MHz, 405 MHz, 21.24 W, 28
1868165, /home/ndizazzo/dev/mesh/issue1393-q4-snapshot-20260930/target/release/xtask, 20134 MiB
 02:00:14 up 7 days,  9:51,  6 users,  load average: 1.64, 1.70, 1.63
2026-10-01T02:00:16-04:00
87 %, 20571 MiB, 2925 MHz, 13801 MHz, 94.40 W, 34
0 %, 20 MiB, 210 MHz, 405 MHz, 24.04 W, 29
1868165, /home/ndizazzo/dev/mesh/issue1393-q4-snapshot-20260930/target/release/xtask, 20134 MiB
 02:00:16 up 7 days,  9:51,  6 users,  load average: 1.58, 1.68, 1.62
2026-10-01T02:00:18-04:00
96 %, 20571 MiB, 2925 MHz, 13801 MHz, 94.02 W, 33
0 %, 20 MiB, 210 MHz, 405 MHz, 22.44 W, 29
1868165, /home/ndizazzo/dev/mesh/issue1393-q4-snapshot-20260930/target/release/xtask, 20134 MiB
 02:00:18 up 7 days,  9:51,  6 users,  load average: 1.58, 1.68, 1.62
2026-10-01T02:00:20-04:00
91 %, 20571 MiB, 2925 MHz, 13801 MHz, 93.00 W, 33
0 %, 20 MiB, 210 MHz, 405 MHz, 21.35 W, 28
1868165, /home/ndizazzo/dev/mesh/issue1393-q4-snapshot-20260930/target/release/xtask, 20134 MiB
 02:00:20 up 7 days,  9:51,  6 users,  load average: 1.58, 1.68, 1.62
2026-10-01T02:00:22-04:00
98 %, 20571 MiB, 2925 MHz, 13801 MHz, 92.91 W, 33
0 %, 20 MiB, 210 MHz, 405 MHz, 21.34 W, 28
1868165, /home/ndizazzo/dev/mesh/issue1393-q4-snapshot-20260930/target/release/xtask, 20134 MiB
 02:00:22 up 7 days,  9:51,  6 users,  load average: 1.62, 1.69, 1.63
2026-10-01T02:00:24-04:00
95 %, 20571 MiB, 2925 MHz, 13801 MHz, 93.41 W, 34
0 %, 20 MiB, 210 MHz, 405 MHz, 27.45 W, 29
1868165, /home/ndizazzo/dev/mesh/issue1393-q4-snapshot-20260930/target/release/xtask, 20134 MiB
 02:00:24 up 7 days,  9:51,  6 users,  load average: 1.62, 1.69, 1.63
2026-10-01T02:00:26-04:00
88 %, 20571 MiB, 2925 MHz, 13801 MHz, 97.06 W, 34
0 %, 20 MiB, 210 MHz, 405 MHz, 21.45 W, 28
1868165, /home/ndizazzo/dev/mesh/issue1393-q4-snapshot-20260930/target/release/xtask, 20134 MiB
 02:00:26 up 7 days,  9:51,  6 users,  load average: 1.65, 1.70, 1.63
2026-10-01T02:00:28-04:00
95 %, 20571 MiB, 2925 MHz, 13801 MHz, 93.61 W, 33
0 %, 20 MiB, 210 MHz, 405 MHz, 21.31 W, 28
1868165, /home/ndizazzo/dev/mesh/issue1393-q4-snapshot-20260930/target/release/xtask, 20134 MiB
 02:00:28 up 7 days,  9:51,  6 users,  load average: 1.65, 1.70, 1.63
2026-10-01T02:00:30-04:00
90 %, 20571 MiB, 2925 MHz, 13801 MHz, 92.73 W, 33
0 %, 20 MiB, 210 MHz, 405 MHz, 23.11 W, 29
1868165, /home/ndizazzo/dev/mesh/issue1393-q4-snapshot-20260930/target/release/xtask, 20134 MiB
 02:00:30 up 7 days,  9:51,  6 users,  load average: 1.60, 1.68, 1.62
2026-10-01T02:00:32-04:00
96 %, 20571 MiB, 2925 MHz, 13801 MHz, 93.75 W, 33
0 %, 20 MiB, 210 MHz, 405 MHz, 21.93 W, 29
1868165, /home/ndizazzo/dev/mesh/issue1393-q4-snapshot-20260930/target/release/xtask, 20134 MiB
 02:00:32 up 7 days,  9:51,  6 users,  load average: 1.60, 1.68, 1.62
2026-10-01T02:00:34-04:00
86 %, 20571 MiB, 2925 MHz, 13801 MHz, 94.24 W, 34
0 %, 20 MiB, 210 MHz, 405 MHz, 21.14 W, 28
1868165, /home/ndizazzo/dev/mesh/issue1393-q4-snapshot-20260930/target/release/xtask, 20134 MiB
 02:00:34 up 7 days,  9:51,  6 users,  load average: 1.60, 1.68, 1.62
2026-10-01T02:00:36-04:00
100 %, 20571 MiB, 2925 MHz, 13801 MHz, 93.04 W, 33
0 %, 20 MiB, 210 MHz, 405 MHz, 21.38 W, 28
1868165, /home/ndizazzo/dev/mesh/issue1393-q4-snapshot-20260930/target/release/xtask, 20134 MiB
 02:00:36 up 7 days,  9:51,  6 users,  load average: 1.55, 1.67, 1.62
2026-10-01T02:00:38-04:00
94 %, 20571 MiB, 2925 MHz, 13801 MHz, 93.07 W, 34
0 %, 20 MiB, 210 MHz, 405 MHz, 27.52 W, 29
1868165, /home/ndizazzo/dev/mesh/issue1393-q4-snapshot-20260930/target/release/xtask, 20134 MiB
 02:00:38 up 7 days,  9:51,  6 users,  load average: 1.55, 1.67, 1.62
2026-10-01T02:00:40-04:00
96 %, 20571 MiB, 2925 MHz, 13801 MHz, 92.97 W, 34
0 %, 20 MiB, 210 MHz, 405 MHz, 21.53 W, 28
1868165, /home/ndizazzo/dev/mesh/issue1393-q4-snapshot-20260930/target/release/xtask, 20134 MiB
 02:00:40 up 7 days,  9:51,  6 users,  load average: 1.50, 1.66, 1.62
2026-10-01T02:00:42-04:00
94 %, 20571 MiB, 2925 MHz, 13801 MHz, 93.25 W, 34
0 %, 20 MiB, 210 MHz, 405 MHz, 21.18 W, 28
1868165, /home/ndizazzo/dev/mesh/issue1393-q4-snapshot-20260930/target/release/xtask, 20134 MiB
 02:00:42 up 7 days,  9:51,  6 users,  load average: 1.50, 1.66, 1.62
2026-10-01T02:00:44-04:00
96 %, 20571 MiB, 2925 MHz, 13801 MHz, 93.22 W, 34
0 %, 20 MiB, 210 MHz, 405 MHz, 23.57 W, 29
1868165, /home/ndizazzo/dev/mesh/issue1393-q4-snapshot-20260930/target/release/xtask, 20134 MiB
 02:00:44 up 7 days,  9:51,  6 users,  load average: 1.50, 1.66, 1.62
2026-10-01T02:00:46-04:00
92 %, 20571 MiB, 2925 MHz, 13801 MHz, 93.92 W, 34
0 %, 20 MiB, 210 MHz, 405 MHz, 22.15 W, 29
1868165, /home/ndizazzo/dev/mesh/issue1393-q4-snapshot-20260930/target/release/xtask, 20134 MiB
 02:00:46 up 7 days,  9:51,  6 users,  load average: 1.54, 1.67, 1.62
2026-10-01T02:00:48-04:00
98 %, 20571 MiB, 2925 MHz, 13801 MHz, 94.17 W, 33
0 %, 20 MiB, 210 MHz, 405 MHz, 21.20 W, 28
1868165, /home/ndizazzo/dev/mesh/issue1393-q4-snapshot-20260930/target/release/xtask, 20134 MiB
 02:00:49 up 7 days,  9:51,  6 users,  load average: 1.54, 1.67, 1.62
2026-10-01T02:00:51-04:00
91 %, 20571 MiB, 2925 MHz, 13801 MHz, 95.04 W, 33
0 %, 20 MiB, 210 MHz, 405 MHz, 21.21 W, 28
1868165, /home/ndizazzo/dev/mesh/issue1393-q4-snapshot-20260930/target/release/xtask, 20134 MiB
 02:00:51 up 7 days,  9:51,  6 users,  load average: 1.58, 1.67, 1.62
2026-10-01T02:00:53-04:00
100 %, 20571 MiB, 2925 MHz, 13801 MHz, 93.91 W, 33
0 %, 20 MiB, 210 MHz, 405 MHz, 27.55 W, 29
1868165, /home/ndizazzo/dev/mesh/issue1393-q4-snapshot-20260930/target/release/xtask, 20134 MiB
 02:00:53 up 7 days,  9:51,  6 users,  load average: 1.58, 1.67, 1.62
2026-10-01T02:00:55-04:00
100 %, 20571 MiB, 2925 MHz, 13801 MHz, 95.20 W, 33
0 %, 20 MiB, 210 MHz, 405 MHz, 21.40 W, 28
1868165, /home/ndizazzo/dev/mesh/issue1393-q4-snapshot-20260930/target/release/xtask, 20134 MiB
 02:00:55 up 7 days,  9:51,  6 users,  load average: 1.58, 1.67, 1.62
2026-10-01T02:00:57-04:00
74 %, 20871 MiB, 2925 MHz, 13801 MHz, 93.49 W, 34
0 %, 20 MiB, 210 MHz, 405 MHz, 21.19 W, 28
1868165, /home/ndizazzo/dev/mesh/issue1393-q4-snapshot-20260930/target/release/xtask, 20434 MiB
 02:00:57 up 7 days,  9:52,  6 users,  load average: 1.61, 1.68, 1.63
2026-10-01T02:00:59-04:00
99 %, 20873 MiB, 2925 MHz, 13801 MHz, 93.92 W, 34
0 %, 20 MiB, 210 MHz, 405 MHz, 23.98 W, 29
1868165, /home/ndizazzo/dev/mesh/issue1393-q4-snapshot-20260930/target/release/xtask, 20436 MiB
 02:00:59 up 7 days,  9:52,  6 users,  load average: 1.61, 1.68, 1.63
2026-10-01T02:01:01-04:00
74 %, 20871 MiB, 2925 MHz, 13801 MHz, 91.30 W, 34
0 %, 20 MiB, 210 MHz, 405 MHz, 22.33 W, 29
1868165, /home/ndizazzo/dev/mesh/issue1393-q4-snapshot-20260930/target/release/xtask, 20434 MiB
 02:01:01 up 7 days,  9:52,  6 users,  load average: 1.65, 1.68, 1.63
2026-10-01T02:01:03-04:00
100 %, 20873 MiB, 2925 MHz, 13801 MHz, 93.52 W, 33
0 %, 20 MiB, 210 MHz, 405 MHz, 21.06 W, 28
1868165, /home/ndizazzo/dev/mesh/issue1393-q4-snapshot-20260930/target/release/xtask, 20436 MiB
 02:01:03 up 7 days,  9:52,  6 users,  load average: 1.65, 1.68, 1.63
2026-10-01T02:01:05-04:00
99 %, 20873 MiB, 2925 MHz, 13801 MHz, 93.89 W, 33
0 %, 20 MiB, 210 MHz, 405 MHz, 21.19 W, 28
1868165, /home/ndizazzo/dev/mesh/issue1393-q4-snapshot-20260930/target/release/xtask, 20436 MiB
 02:01:05 up 7 days,  9:52,  6 users,  load average: 1.59, 1.67, 1.62
2026-10-01T02:01:07-04:00
91 %, 20873 MiB, 2925 MHz, 13801 MHz, 92.60 W, 33
0 %, 20 MiB, 210 MHz, 405 MHz, 22.26 W, 29
1868165, /home/ndizazzo/dev/mesh/issue1393-q4-snapshot-20260930/target/release/xtask, 20436 MiB
 02:01:07 up 7 days,  9:52,  6 users,  load average: 1.59, 1.67, 1.62
2026-10-01T02:01:09-04:00
100 %, 20873 MiB, 2925 MHz, 13801 MHz, 92.80 W, 33
0 %, 20 MiB, 210 MHz, 405 MHz, 21.08 W, 28
1868165, /home/ndizazzo/dev/mesh/issue1393-q4-snapshot-20260930/target/release/xtask, 20436 MiB
 02:01:09 up 7 days,  9:52,  6 users,  load average: 1.59, 1.67, 1.62
2026-10-01T02:01:11-04:00
100 %, 20875 MiB, 2925 MHz, 13801 MHz, 94.12 W, 33
0 %, 20 MiB, 210 MHz, 405 MHz, 21.33 W, 28
1868165, /home/ndizazzo/dev/mesh/issue1393-q4-snapshot-20260930/target/release/xtask, 20438 MiB
 02:01:11 up 7 days,  9:52,  6 users,  load average: 1.63, 1.68, 1.63
2026-10-01T02:01:13-04:00
75 %, 20875 MiB, 2925 MHz, 13801 MHz, 94.35 W, 34
0 %, 20 MiB, 210 MHz, 405 MHz, 27.21 W, 29
1868165, /home/ndizazzo/dev/mesh/issue1393-q4-snapshot-20260930/target/release/xtask, 20438 MiB
 02:01:13 up 7 days,  9:52,  6 users,  load average: 1.63, 1.68, 1.63
2026-10-01T02:01:15-04:00
98 %, 20875 MiB, 2925 MHz, 13801 MHz, 92.86 W, 33
0 %, 20 MiB, 210 MHz, 405 MHz, 21.89 W, 28
1868165, /home/ndizazzo/dev/mesh/issue1393-q4-snapshot-20260930/target/release/xtask, 20438 MiB
 02:01:15 up 7 days,  9:52,  6 users,  load average: 1.58, 1.67, 1.62
2026-10-01T02:01:17-04:00
100 %, 20875 MiB, 2925 MHz, 13801 MHz, 92.04 W, 33
0 %, 20 MiB, 210 MHz, 405 MHz, 21.11 W, 28
1868165, /home/ndizazzo/dev/mesh/issue1393-q4-snapshot-20260930/target/release/xtask, 20438 MiB
 02:01:17 up 7 days,  9:52,  6 users,  load average: 1.58, 1.67, 1.62
2026-10-01T02:01:19-04:00
90 %, 20875 MiB, 2925 MHz, 13801 MHz, 94.30 W, 34
0 %, 20 MiB, 210 MHz, 405 MHz, 21.04 W, 28
1868165, /home/ndizazzo/dev/mesh/issue1393-q4-snapshot-20260930/target/release/xtask, 20438 MiB
 02:01:19 up 7 days,  9:52,  6 users,  load average: 1.58, 1.67, 1.62
2026-10-01T02:01:21-04:00
91 %, 20875 MiB, 2925 MHz, 13801 MHz, 93.78 W, 33
0 %, 20 MiB, 210 MHz, 405 MHz, 27.61 W, 29
1868165, /home/ndizazzo/dev/mesh/issue1393-q4-snapshot-20260930/target/release/xtask, 20438 MiB
 02:01:21 up 7 days,  9:52,  6 users,  load average: 1.53, 1.65, 1.62
2026-10-01T02:01:23-04:00
100 %, 20877 MiB, 2925 MHz, 13801 MHz, 91.09 W, 33
0 %, 20 MiB, 210 MHz, 405 MHz, 21.53 W, 28
1868165, /home/ndizazzo/dev/mesh/issue1393-q4-snapshot-20260930/target/release/xtask, 20440 MiB
 02:01:24 up 7 days,  9:52,  6 users,  load average: 1.53, 1.65, 1.62
2026-10-01T02:01:26-04:00
100 %, 20877 MiB, 2925 MHz, 13801 MHz, 94.13 W, 33
0 %, 20 MiB, 210 MHz, 405 MHz, 21.38 W, 28
1868165, /home/ndizazzo/dev/mesh/issue1393-q4-snapshot-20260930/target/release/xtask, 20440 MiB
 02:01:26 up 7 days,  9:52,  6 users,  load average: 1.57, 1.66, 1.62
2026-10-01T02:01:28-04:00
97 %, 20877 MiB, 2925 MHz, 13801 MHz, 94.37 W, 33
0 %, 20 MiB, 210 MHz, 405 MHz, 27.23 W, 29
1868165, /home/ndizazzo/dev/mesh/issue1393-q4-snapshot-20260930/target/release/xtask, 20440 MiB
 02:01:28 up 7 days,  9:52,  6 users,  load average: 1.57, 1.66, 1.62
2026-10-01T02:01:30-04:00
77 %, 20877 MiB, 2925 MHz, 13801 MHz, 92.65 W, 34
0 %, 20 MiB, 210 MHz, 405 MHz, 21.48 W, 28
1868165, /home/ndizazzo/dev/mesh/issue1393-q4-snapshot-20260930/target/release/xtask, 20440 MiB
 02:01:30 up 7 days,  9:52,  6 users,  load average: 1.57, 1.66, 1.62
2026-10-01T02:01:32-04:00
100 %, 20877 MiB, 2925 MHz, 13801 MHz, 91.14 W, 33
0 %, 20 MiB, 210 MHz, 405 MHz, 21.34 W, 28
1868165, /home/ndizazzo/dev/mesh/issue1393-q4-snapshot-20260930/target/release/xtask, 20440 MiB
 02:01:32 up 7 days,  9:52,  6 users,  load average: 1.60, 1.67, 1.62
2026-10-01T02:01:34-04:00
72 %, 20877 MiB, 2925 MHz, 13801 MHz, 94.12 W, 33
0 %, 20 MiB, 210 MHz, 405 MHz, 21.28 W, 28
1868165, /home/ndizazzo/dev/mesh/issue1393-q4-snapshot-20260930/target/release/xtask, 20440 MiB
 02:01:34 up 7 days,  9:52,  6 users,  load average: 1.60, 1.67, 1.62
2026-10-01T02:01:36-04:00
95 %, 20877 MiB, 2925 MHz, 13801 MHz, 95.50 W, 34
0 %, 20 MiB, 210 MHz, 405 MHz, 27.59 W, 29
1868165, /home/ndizazzo/dev/mesh/issue1393-q4-snapshot-20260930/target/release/xtask, 20440 MiB
 02:01:36 up 7 days,  9:52,  6 users,  load average: 1.64, 1.67, 1.63
2026-10-01T02:01:38-04:00
100 %, 20879 MiB, 2925 MHz, 13801 MHz, 95.27 W, 33
0 %, 20 MiB, 210 MHz, 405 MHz, 21.41 W, 28
1868165, /home/ndizazzo/dev/mesh/issue1393-q4-snapshot-20260930/target/release/xtask, 20442 MiB
 02:01:38 up 7 days,  9:52,  6 users,  load average: 1.64, 1.67, 1.63
2026-10-01T02:01:40-04:00
96 %, 20879 MiB, 2925 MHz, 13801 MHz, 96.58 W, 33
0 %, 20 MiB, 210 MHz, 405 MHz, 21.27 W, 28
1868165, /home/ndizazzo/dev/mesh/issue1393-q4-snapshot-20260930/target/release/xtask, 20442 MiB
 02:01:40 up 7 days,  9:52,  6 users,  load average: 1.66, 1.68, 1.63
2026-10-01T02:01:42-04:00
100 %, 20879 MiB, 2925 MHz, 13801 MHz, 94.91 W, 33
0 %, 20 MiB, 210 MHz, 405 MHz, 27.66 W, 29
1868165, /home/ndizazzo/dev/mesh/issue1393-q4-snapshot-20260930/target/release/xtask, 20442 MiB
 02:01:42 up 7 days,  9:52,  6 users,  load average: 1.66, 1.68, 1.63
2026-10-01T02:01:44-04:00
100 %, 20885 MiB, 2925 MHz, 13801 MHz, 96.96 W, 34
0 %, 20 MiB, 210 MHz, 405 MHz, 21.31 W, 28
1868165, /home/ndizazzo/dev/mesh/issue1393-q4-snapshot-20260930/target/release/xtask, 20448 MiB
 02:01:44 up 7 days,  9:52,  6 users,  load average: 1.66, 1.68, 1.63
2026-10-01T02:01:46-04:00
89 %, 20871 MiB, 2925 MHz, 13801 MHz, 95.02 W, 33
0 %, 20 MiB, 210 MHz, 405 MHz, 21.24 W, 28
1868165, /home/ndizazzo/dev/mesh/issue1393-q4-snapshot-20260930/target/release/xtask, 20434 MiB
 02:01:46 up 7 days,  9:52,  6 users,  load average: 1.61, 1.67, 1.63
2026-10-01T02:01:48-04:00
96 %, 20871 MiB, 2925 MHz, 13801 MHz, 94.04 W, 33
1 %, 20 MiB, 210 MHz, 405 MHz, 21.52 W, 29
1868165, /home/ndizazzo/dev/mesh/issue1393-q4-snapshot-20260930/target/release/xtask, 20434 MiB
 02:01:48 up 7 days,  9:52,  6 users,  load average: 1.61, 1.67, 1.63
2026-10-01T02:01:50-04:00
85 %, 20871 MiB, 2925 MHz, 13801 MHz, 94.29 W, 34
0 %, 20 MiB, 210 MHz, 405 MHz, 22.50 W, 29
1868165, /home/ndizazzo/dev/mesh/issue1393-q4-snapshot-20260930/target/release/xtask, 20434 MiB
 02:01:50 up 7 days,  9:52,  6 users,  load average: 1.64, 1.67, 1.63
2026-10-01T02:01:52-04:00
100 %, 20871 MiB, 2925 MHz, 13801 MHz, 93.72 W, 33
0 %, 20 MiB, 210 MHz, 405 MHz, 21.23 W, 28
1868165, /home/ndizazzo/dev/mesh/issue1393-q4-snapshot-20260930/target/release/xtask, 20434 MiB
 02:01:52 up 7 days,  9:52,  6 users,  load average: 1.64, 1.67, 1.63
2026-10-01T02:01:54-04:00
96 %, 20871 MiB, 2925 MHz, 13801 MHz, 92.54 W, 33
0 %, 20 MiB, 210 MHz, 405 MHz, 21.16 W, 28
1868165, /home/ndizazzo/dev/mesh/issue1393-q4-snapshot-20260930/target/release/xtask, 20434 MiB
 02:01:54 up 7 days,  9:52,  6 users,  load average: 1.64, 1.67, 1.63
2026-10-01T02:01:56-04:00
87 %, 20871 MiB, 2925 MHz, 13801 MHz, 92.22 W, 34
0 %, 20 MiB, 210 MHz, 405 MHz, 27.15 W, 29
1868165, /home/ndizazzo/dev/mesh/issue1393-q4-snapshot-20260930/target/release/xtask, 20434 MiB
 02:01:56 up 7 days,  9:52,  6 users,  load average: 1.67, 1.68, 1.63
2026-10-01T02:01:58-04:00
96 %, 20871 MiB, 2925 MHz, 13801 MHz, 92.68 W, 33
0 %, 20 MiB, 210 MHz, 405 MHz, 21.35 W, 28
1868165, /home/ndizazzo/dev/mesh/issue1393-q4-snapshot-20260930/target/release/xtask, 20434 MiB
 02:01:59 up 7 days,  9:53,  6 users,  load average: 1.67, 1.68, 1.63
2026-10-01T02:02:01-04:00
88 %, 20871 MiB, 2925 MHz, 13801 MHz, 92.62 W, 34
0 %, 20 MiB, 210 MHz, 405 MHz, 21.28 W, 28
1868165, /home/ndizazzo/dev/mesh/issue1393-q4-snapshot-20260930/target/release/xtask, 20434 MiB
 02:02:01 up 7 days,  9:53,  6 users,  load average: 1.62, 1.67, 1.63
2026-10-01T02:02:03-04:00
89 %, 20871 MiB, 2925 MHz, 13801 MHz, 94.36 W, 34
0 %, 20 MiB, 210 MHz, 405 MHz, 22.32 W, 29
1868165, /home/ndizazzo/dev/mesh/issue1393-q4-snapshot-20260930/target/release/xtask, 20434 MiB
 02:02:03 up 7 days,  9:53,  6 users,  load average: 1.62, 1.67, 1.63
2026-10-01T02:02:05-04:00
100 %, 20871 MiB, 2925 MHz, 13801 MHz, 93.83 W, 33
0 %, 20 MiB, 210 MHz, 405 MHz, 21.94 W, 29
1868165, /home/ndizazzo/dev/mesh/issue1393-q4-snapshot-20260930/target/release/xtask, 20434 MiB
 02:02:05 up 7 days,  9:53,  6 users,  load average: 1.62, 1.67, 1.63
2026-10-01T02:02:07-04:00
100 %, 20871 MiB, 2925 MHz, 13801 MHz, 92.78 W, 33
0 %, 20 MiB, 210 MHz, 405 MHz, 21.16 W, 28
1868165, /home/ndizazzo/dev/mesh/issue1393-q4-snapshot-20260930/target/release/xtask, 20434 MiB
 02:02:07 up 7 days,  9:53,  6 users,  load average: 1.57, 1.66, 1.62
2026-10-01T02:02:09-04:00
87 %, 20871 MiB, 2925 MHz, 13801 MHz, 93.28 W, 33
0 %, 20 MiB, 210 MHz, 405 MHz, 21.26 W, 28
1868165, /home/ndizazzo/dev/mesh/issue1393-q4-snapshot-20260930/target/release/xtask, 20434 MiB
 02:02:09 up 7 days,  9:53,  6 users,  load average: 1.57, 1.66, 1.62
2026-10-01T02:02:11-04:00
96 %, 20871 MiB, 2925 MHz, 13801 MHz, 93.14 W, 34
0 %, 20 MiB, 210 MHz, 405 MHz, 27.65 W, 29
1868165, /home/ndizazzo/dev/mesh/issue1393-q4-snapshot-20260930/target/release/xtask, 20434 MiB
 02:02:11 up 7 days,  9:53,  6 users,  load average: 1.60, 1.66, 1.63
2026-10-01T02:02:13-04:00
98 %, 20871 MiB, 2925 MHz, 13801 MHz, 93.48 W, 33
0 %, 20 MiB, 210 MHz, 405 MHz, 21.60 W, 28
1868165, /home/ndizazzo/dev/mesh/issue1393-q4-snapshot-20260930/target/release/xtask, 20434 MiB
 02:02:13 up 7 days,  9:53,  6 users,  load average: 1.60, 1.66, 1.63
2026-10-01T02:02:15-04:00
93 %, 20871 MiB, 2925 MHz, 13801 MHz, 97.47 W, 33
0 %, 20 MiB, 210 MHz, 405 MHz, 21.25 W, 28
1868165, /home/ndizazzo/dev/mesh/issue1393-q4-snapshot-20260930/target/release/xtask, 20434 MiB
 02:02:15 up 7 days,  9:53,  6 users,  load average: 1.55, 1.65, 1.62
2026-10-01T02:02:17-04:00
96 %, 20871 MiB, 2925 MHz, 13801 MHz, 92.56 W, 33
0 %, 20 MiB, 210 MHz, 405 MHz, 22.91 W, 29
1868165, /home/ndizazzo/dev/mesh/issue1393-q4-snapshot-20260930/target/release/xtask, 20434 MiB
 02:02:17 up 7 days,  9:53,  6 users,  load average: 1.55, 1.65, 1.62
2026-10-01T02:02:19-04:00
87 %, 20871 MiB, 2925 MHz, 13801 MHz, 92.75 W, 34
0 %, 20 MiB, 210 MHz, 405 MHz, 22.05 W, 29
1868165, /home/ndizazzo/dev/mesh/issue1393-q4-snapshot-20260930/target/release/xtask, 20434 MiB
 02:02:19 up 7 days,  9:53,  6 users,  load average: 1.55, 1.65, 1.62
2026-10-01T02:02:21-04:00
87 %, 20871 MiB, 2925 MHz, 13801 MHz, 93.89 W, 33
0 %, 20 MiB, 210 MHz, 405 MHz, 21.18 W, 28
1868165, /home/ndizazzo/dev/mesh/issue1393-q4-snapshot-20260930/target/release/xtask, 20434 MiB
 02:02:21 up 7 days,  9:53,  6 users,  load average: 1.59, 1.66, 1.63
2026-10-01T02:02:23-04:00
100 %, 20871 MiB, 2925 MHz, 13801 MHz, 93.79 W, 33
0 %, 20 MiB, 210 MHz, 405 MHz, 21.16 W, 28
1868165, /home/ndizazzo/dev/mesh/issue1393-q4-snapshot-20260930/target/release/xtask, 20434 MiB
 02:02:23 up 7 days,  9:53,  6 users,  load average: 1.59, 1.66, 1.63
2026-10-01T02:02:25-04:00
100 %, 20871 MiB, 2925 MHz, 13801 MHz, 92.77 W, 33
0 %, 20 MiB, 210 MHz, 405 MHz, 27.24 W, 29
1868165, /home/ndizazzo/dev/mesh/issue1393-q4-snapshot-20260930/target/release/xtask, 20434 MiB
 02:02:25 up 7 days,  9:53,  6 users,  load average: 1.62, 1.66, 1.63
2026-10-01T02:02:27-04:00
91 %, 20871 MiB, 2925 MHz, 13801 MHz, 93.15 W, 33
0 %, 20 MiB, 210 MHz, 405 MHz, 21.23 W, 28
1868165, /home/ndizazzo/dev/mesh/issue1393-q4-snapshot-20260930/target/release/xtask, 20434 MiB
 02:02:27 up 7 days,  9:53,  6 users,  load average: 1.62, 1.66, 1.63
2026-10-01T02:02:29-04:00
98 %, 20871 MiB, 2925 MHz, 13801 MHz, 92.46 W, 33
0 %, 20 MiB, 210 MHz, 405 MHz, 21.03 W, 28
1868165, /home/ndizazzo/dev/mesh/issue1393-q4-snapshot-20260930/target/release/xtask, 20434 MiB
 02:02:29 up 7 days,  9:53,  6 users,  load average: 1.62, 1.66, 1.63
2026-10-01T02:02:31-04:00
90 %, 20871 MiB, 2925 MHz, 13801 MHz, 92.95 W, 33
0 %, 20 MiB, 210 MHz, 405 MHz, 21.05 W, 29
1868165, /home/ndizazzo/dev/mesh/issue1393-q4-snapshot-20260930/target/release/xtask, 20434 MiB
 02:02:31 up 7 days,  9:53,  6 users,  load average: 1.65, 1.67, 1.63
2026-10-01T02:02:33-04:00
97 %, 20871 MiB, 2925 MHz, 13801 MHz, 93.12 W, 34
0 %, 20 MiB, 210 MHz, 405 MHz, 22.26 W, 29
1868165, /home/ndizazzo/dev/mesh/issue1393-q4-snapshot-20260930/target/release/xtask, 20434 MiB
 02:02:34 up 7 days,  9:53,  6 users,  load average: 1.65, 1.67, 1.63
2026-10-01T02:02:36-04:00
87 %, 20871 MiB, 2925 MHz, 13801 MHz, 95.00 W, 34
0 %, 20 MiB, 210 MHz, 405 MHz, 21.00 W, 28
1868165, /home/ndizazzo/dev/mesh/issue1393-q4-snapshot-20260930/target/release/xtask, 20434 MiB
 02:02:36 up 7 days,  9:53,  6 users,  load average: 1.68, 1.67, 1.63
2026-10-01T02:02:38-04:00
100 %, 20871 MiB, 2925 MHz, 13801 MHz, 92.98 W, 33
0 %, 20 MiB, 210 MHz, 405 MHz, 21.15 W, 28
1868165, /home/ndizazzo/dev/mesh/issue1393-q4-snapshot-20260930/target/release/xtask, 20434 MiB
 02:02:38 up 7 days,  9:53,  6 users,  load average: 1.68, 1.67, 1.63
2026-10-01T02:02:40-04:00
92 %, 20871 MiB, 2925 MHz, 13801 MHz, 92.31 W, 33
0 %, 20 MiB, 210 MHz, 405 MHz, 26.88 W, 29
1868165, /home/ndizazzo/dev/mesh/issue1393-q4-snapshot-20260930/target/release/xtask, 20434 MiB
 02:02:40 up 7 days,  9:53,  6 users,  load average: 1.68, 1.67, 1.63
2026-10-01T02:02:42-04:00
96 %, 20871 MiB, 2925 MHz, 13801 MHz, 92.72 W, 33
0 %, 20 MiB, 210 MHz, 405 MHz, 21.32 W, 28
1868165, /home/ndizazzo/dev/mesh/issue1393-q4-snapshot-20260930/target/release/xtask, 20434 MiB
 02:02:42 up 7 days,  9:53,  6 users,  load average: 1.71, 1.68, 1.64
2026-10-01T02:02:44-04:00
100 %, 20871 MiB, 2925 MHz, 13801 MHz, 95.38 W, 34
0 %, 20 MiB, 210 MHz, 405 MHz, 21.01 W, 28
1868165, /home/ndizazzo/dev/mesh/issue1393-q4-snapshot-20260930/target/release/xtask, 20434 MiB
 02:02:44 up 7 days,  9:53,  6 users,  load average: 1.71, 1.68, 1.64
2026-10-01T02:02:46-04:00
92 %, 20871 MiB, 2925 MHz, 13801 MHz, 92.09 W, 33
0 %, 20 MiB, 210 MHz, 405 MHz, 22.10 W, 29
1868165, /home/ndizazzo/dev/mesh/issue1393-q4-snapshot-20260930/target/release/xtask, 20434 MiB
 02:02:46 up 7 days,  9:53,  6 users,  load average: 1.73, 1.68, 1.64
2026-10-01T02:02:48-04:00
88 %, 20871 MiB, 2925 MHz, 13801 MHz, 92.25 W, 33
0 %, 20 MiB, 210 MHz, 405 MHz, 22.04 W, 29
1868165, /home/ndizazzo/dev/mesh/issue1393-q4-snapshot-20260930/target/release/xtask, 20434 MiB
 02:02:48 up 7 days,  9:53,  6 users,  load average: 1.73, 1.68, 1.64
2026-10-01T02:02:50-04:00
94 %, 20871 MiB, 2925 MHz, 13801 MHz, 92.05 W, 33
0 %, 20 MiB, 210 MHz, 405 MHz, 21.09 W, 28
1868165, /home/ndizazzo/dev/mesh/issue1393-q4-snapshot-20260930/target/release/xtask, 20434 MiB
 02:02:50 up 7 days,  9:53,  6 users,  load average: 1.67, 1.67, 1.63
2026-10-01T02:02:52-04:00
95 %, 20871 MiB, 2925 MHz, 13801 MHz, 92.84 W, 33
0 %, 20 MiB, 210 MHz, 405 MHz, 21.13 W, 28
1868165, /home/ndizazzo/dev/mesh/issue1393-q4-snapshot-20260930/target/release/xtask, 20434 MiB
 02:02:52 up 7 days,  9:53,  6 users,  load average: 1.67, 1.67, 1.63
2026-10-01T02:02:54-04:00
94 %, 20871 MiB, 2925 MHz, 13801 MHz, 93.84 W, 34
0 %, 20 MiB, 210 MHz, 405 MHz, 27.55 W, 29
1868165, /home/ndizazzo/dev/mesh/issue1393-q4-snapshot-20260930/target/release/xtask, 20434 MiB
 02:02:54 up 7 days,  9:53,  6 users,  load average: 1.67, 1.67, 1.63
2026-10-01T02:02:56-04:00
100 %, 20871 MiB, 2925 MHz, 13801 MHz, 93.52 W, 33
0 %, 20 MiB, 210 MHz, 405 MHz, 21.30 W, 28
1868165, /home/ndizazzo/dev/mesh/issue1393-q4-snapshot-20260930/target/release/xtask, 20434 MiB
 02:02:56 up 7 days,  9:53,  6 users,  load average: 1.70, 1.68, 1.64
2026-10-01T02:02:58-04:00
100 %, 20871 MiB, 2925 MHz, 13801 MHz, 92.27 W, 33
0 %, 20 MiB, 210 MHz, 405 MHz, 21.25 W, 28
1868165, /home/ndizazzo/dev/mesh/issue1393-q4-snapshot-20260930/target/release/xtask, 20434 MiB
 02:02:58 up 7 days,  9:54,  6 users,  load average: 1.70, 1.68, 1.64
2026-10-01T02:03:00-04:00
91 %, 20871 MiB, 2925 MHz, 13801 MHz, 92.53 W, 34
0 %, 20 MiB, 210 MHz, 405 MHz, 23.05 W, 29
1868165, /home/ndizazzo/dev/mesh/issue1393-q4-snapshot-20260930/target/release/xtask, 20434 MiB
 02:03:00 up 7 days,  9:54,  6 users,  load average: 1.72, 1.68, 1.64
2026-10-01T02:03:02-04:00
95 %, 20871 MiB, 2925 MHz, 13801 MHz, 92.01 W, 34
0 %, 20 MiB, 210 MHz, 405 MHz, 22.28 W, 29
1868165, /home/ndizazzo/dev/mesh/issue1393-q4-snapshot-20260930/target/release/xtask, 20434 MiB
 02:03:02 up 7 days,  9:54,  6 users,  load average: 1.72, 1.68, 1.64
2026-10-01T02:03:04-04:00
92 %, 20871 MiB, 2925 MHz, 13801 MHz, 92.42 W, 33
0 %, 20 MiB, 210 MHz, 405 MHz, 21.25 W, 28
1868165, /home/ndizazzo/dev/mesh/issue1393-q4-snapshot-20260930/target/release/xtask, 20434 MiB
 02:03:04 up 7 days,  9:54,  6 users,  load average: 1.72, 1.68, 1.64
2026-10-01T02:03:06-04:00
95 %, 20871 MiB, 2925 MHz, 13801 MHz, 92.16 W, 34
0 %, 20 MiB, 210 MHz, 405 MHz, 21.33 W, 28
1868165, /home/ndizazzo/dev/mesh/issue1393-q4-snapshot-20260930/target/release/xtask, 20434 MiB
 02:03:06 up 7 days,  9:54,  6 users,  load average: 1.75, 1.69, 1.64
2026-10-01T02:03:08-04:00
91 %, 20871 MiB, 2925 MHz, 13801 MHz, 93.64 W, 34
0 %, 20 MiB, 210 MHz, 405 MHz, 27.34 W, 29
1868165, /home/ndizazzo/dev/mesh/issue1393-q4-snapshot-20260930/target/release/xtask, 20434 MiB
 02:03:09 up 7 days,  9:54,  6 users,  load average: 1.75, 1.69, 1.64
2026-10-01T02:03:11-04:00
98 %, 20871 MiB, 2925 MHz, 13801 MHz, 94.50 W, 33
0 %, 20 MiB, 210 MHz, 405 MHz, 21.50 W, 28
1868165, /home/ndizazzo/dev/mesh/issue1393-q4-snapshot-20260930/target/release/xtask, 20434 MiB
 02:03:11 up 7 days,  9:54,  6 users,  load average: 1.77, 1.69, 1.64
2026-10-01T02:03:13-04:00
90 %, 20871 MiB, 2925 MHz, 13801 MHz, 92.75 W, 33
0 %, 20 MiB, 210 MHz, 405 MHz, 21.17 W, 28
1868165, /home/ndizazzo/dev/mesh/issue1393-q4-snapshot-20260930/target/release/xtask, 20434 MiB
 02:03:13 up 7 days,  9:54,  6 users,  load average: 1.77, 1.69, 1.64
2026-10-01T02:03:15-04:00
93 %, 20871 MiB, 2925 MHz, 13801 MHz, 91.33 W, 34
0 %, 20 MiB, 210 MHz, 405 MHz, 23.21 W, 29
1868165, /home/ndizazzo/dev/mesh/issue1393-q4-snapshot-20260930/target/release/xtask, 20434 MiB
 02:03:15 up 7 days,  9:54,  6 users,  load average: 1.77, 1.69, 1.64
2026-10-01T02:03:17-04:00
90 %, 20871 MiB, 2925 MHz, 13801 MHz, 93.54 W, 34
0 %, 20 MiB, 210 MHz, 405 MHz, 21.97 W, 29
1868165, /home/ndizazzo/dev/mesh/issue1393-q4-snapshot-20260930/target/release/xtask, 20434 MiB
 02:03:17 up 7 days,  9:54,  6 users,  load average: 1.70, 1.68, 1.64
2026-10-01T02:03:19-04:00
100 %, 20871 MiB, 2925 MHz, 13801 MHz, 93.17 W, 33
0 %, 20 MiB, 210 MHz, 405 MHz, 21.19 W, 28
1868165, /home/ndizazzo/dev/mesh/issue1393-q4-snapshot-20260930/target/release/xtask, 20434 MiB
 02:03:19 up 7 days,  9:54,  6 users,  load average: 1.70, 1.68, 1.64
2026-10-01T02:03:21-04:00
100 %, 20871 MiB, 2925 MHz, 13801 MHz, 92.55 W, 33
0 %, 20 MiB, 210 MHz, 405 MHz, 21.25 W, 28
1868165, /home/ndizazzo/dev/mesh/issue1393-q4-snapshot-20260930/target/release/xtask, 20434 MiB
 02:03:21 up 7 days,  9:54,  6 users,  load average: 1.73, 1.69, 1.64
2026-10-01T02:03:23-04:00
91 %, 20871 MiB, 2925 MHz, 13801 MHz, 93.10 W, 34
0 %, 20 MiB, 210 MHz, 405 MHz, 27.45 W, 29
1868165, /home/ndizazzo/dev/mesh/issue1393-q4-snapshot-20260930/target/release/xtask, 20434 MiB
 02:03:23 up 7 days,  9:54,  6 users,  load average: 1.73, 1.69, 1.64
2026-10-01T02:03:25-04:00
95 %, 20871 MiB, 2925 MHz, 13801 MHz, 92.77 W, 34
0 %, 20 MiB, 210 MHz, 405 MHz, 21.45 W, 28
1868165, /home/ndizazzo/dev/mesh/issue1393-q4-snapshot-20260930/target/release/xtask, 20434 MiB
 02:03:25 up 7 days,  9:54,  6 users,  load average: 1.75, 1.69, 1.64
2026-10-01T02:03:27-04:00
94 %, 20871 MiB, 2925 MHz, 13801 MHz, 92.85 W, 33
0 %, 20 MiB, 210 MHz, 405 MHz, 21.31 W, 28
1868165, /home/ndizazzo/dev/mesh/issue1393-q4-snapshot-20260930/target/release/xtask, 20434 MiB
 02:03:27 up 7 days,  9:54,  6 users,  load average: 1.75, 1.69, 1.64
2026-10-01T02:03:29-04:00
96 %, 20871 MiB, 2925 MHz, 13801 MHz, 92.93 W, 33
0 %, 20 MiB, 210 MHz, 405 MHz, 24.06 W, 29
1868165, /home/ndizazzo/dev/mesh/issue1393-q4-snapshot-20260930/target/release/xtask, 20434 MiB
 02:03:29 up 7 days,  9:54,  6 users,  load average: 1.75, 1.69, 1.64
2026-10-01T02:03:31-04:00
87 %, 20871 MiB, 2925 MHz, 13801 MHz, 94.10 W, 34
0 %, 20 MiB, 210 MHz, 405 MHz, 22.14 W, 29
1868165, /home/ndizazzo/dev/mesh/issue1393-q4-snapshot-20260930/target/release/xtask, 20434 MiB
 02:03:31 up 7 days,  9:54,  6 users,  load average: 1.77, 1.70, 1.64
2026-10-01T02:03:33-04:00
100 %, 20871 MiB, 2925 MHz, 13801 MHz, 93.43 W, 33
0 %, 20 MiB, 210 MHz, 405 MHz, 21.15 W, 28
1868165, /home/ndizazzo/dev/mesh/issue1393-q4-snapshot-20260930/target/release/xtask, 20434 MiB
 02:03:33 up 7 days,  9:54,  6 users,  load average: 1.77, 1.70, 1.64
2026-10-01T02:03:35-04:00
100 %, 20871 MiB, 2925 MHz, 13801 MHz, 92.53 W, 33
0 %, 20 MiB, 210 MHz, 405 MHz, 21.14 W, 28
1868165, /home/ndizazzo/dev/mesh/issue1393-q4-snapshot-20260930/target/release/xtask, 20434 MiB
 02:03:35 up 7 days,  9:54,  6 users,  load average: 1.79, 1.70, 1.65
2026-10-01T02:03:37-04:00
92 %, 20871 MiB, 2925 MHz, 13801 MHz, 92.57 W, 34
0 %, 20 MiB, 210 MHz, 405 MHz, 27.39 W, 29
1868165, /home/ndizazzo/dev/mesh/issue1393-q4-snapshot-20260930/target/release/xtask, 20434 MiB
 02:03:37 up 7 days,  9:54,  6 users,  load average: 1.79, 1.70, 1.65
2026-10-01T02:03:39-04:00
96 %, 20871 MiB, 2925 MHz, 13801 MHz, 92.65 W, 33
0 %, 20 MiB, 210 MHz, 405 MHz, 21.38 W, 28
1868165, /home/ndizazzo/dev/mesh/issue1393-q4-snapshot-20260930/target/release/xtask, 20434 MiB
 02:03:39 up 7 days,  9:54,  6 users,  load average: 1.79, 1.70, 1.65
2026-10-01T02:03:41-04:00
96 %, 20871 MiB, 2925 MHz, 13801 MHz, 93.32 W, 33
0 %, 20 MiB, 210 MHz, 405 MHz, 21.20 W, 28
1868165, /home/ndizazzo/dev/mesh/issue1393-q4-snapshot-20260930/target/release/xtask, 20434 MiB
 02:03:41 up 7 days,  9:54,  6 users,  load average: 1.81, 1.71, 1.65
2026-10-01T02:03:43-04:00
100 %, 20871 MiB, 2925 MHz, 13801 MHz, 97.72 W, 34
0 %, 20 MiB, 210 MHz, 405 MHz, 27.24 W, 29
1868165, /home/ndizazzo/dev/mesh/issue1393-q4-snapshot-20260930/target/release/xtask, 20434 MiB
 02:03:44 up 7 days,  9:54,  6 users,  load average: 1.81, 1.71, 1.65
2026-10-01T02:03:46-04:00
96 %, 20871 MiB, 2925 MHz, 13801 MHz, 93.36 W, 33
0 %, 20 MiB, 210 MHz, 405 MHz, 21.66 W, 29
1868165, /home/ndizazzo/dev/mesh/issue1393-q4-snapshot-20260930/target/release/xtask, 20434 MiB
 02:03:46 up 7 days,  9:54,  6 users,  load average: 1.82, 1.71, 1.65
2026-10-01T02:03:48-04:00
87 %, 20871 MiB, 2925 MHz, 13801 MHz, 94.86 W, 34
0 %, 20 MiB, 210 MHz, 405 MHz, 21.30 W, 28
1868165, /home/ndizazzo/dev/mesh/issue1393-q4-snapshot-20260930/target/release/xtask, 20434 MiB
 02:03:48 up 7 days,  9:54,  6 users,  load average: 1.82, 1.71, 1.65
2026-10-01T02:03:50-04:00
96 %, 20871 MiB, 2925 MHz, 13801 MHz, 94.11 W, 34
0 %, 20 MiB, 210 MHz, 405 MHz, 21.24 W, 28
1868165, /home/ndizazzo/dev/mesh/issue1393-q4-snapshot-20260930/target/release/xtask, 20434 MiB
 02:03:50 up 7 days,  9:54,  6 users,  load average: 1.82, 1.71, 1.65
2026-10-01T02:03:52-04:00
87 %, 20871 MiB, 2925 MHz, 13801 MHz, 94.46 W, 34
0 %, 20 MiB, 210 MHz, 405 MHz, 27.08 W, 29
1868165, /home/ndizazzo/dev/mesh/issue1393-q4-snapshot-20260930/target/release/xtask, 20434 MiB
 02:03:52 up 7 days,  9:54,  6 users,  load average: 1.76, 1.70, 1.65
2026-10-01T02:03:54-04:00
100 %, 20871 MiB, 2925 MHz, 13801 MHz, 93.80 W, 33
0 %, 20 MiB, 210 MHz, 405 MHz, 21.25 W, 28
1868165, /home/ndizazzo/dev/mesh/issue1393-q4-snapshot-20260930/target/release/xtask, 20434 MiB
 02:03:54 up 7 days,  9:54,  6 users,  load average: 1.76, 1.70, 1.65
2026-10-01T02:03:56-04:00
100 %, 20871 MiB, 2925 MHz, 13801 MHz, 93.22 W, 33
0 %, 20 MiB, 210 MHz, 405 MHz, 21.10 W, 28
1868165, /home/ndizazzo/dev/mesh/issue1393-q4-snapshot-20260930/target/release/xtask, 20434 MiB
 02:03:56 up 7 days,  9:54,  6 users,  load average: 1.78, 1.71, 1.65
2026-10-01T02:03:58-04:00
92 %, 20871 MiB, 2925 MHz, 13801 MHz, 92.69 W, 33
0 %, 20 MiB, 210 MHz, 405 MHz, 23.69 W, 29
1868165, /home/ndizazzo/dev/mesh/issue1393-q4-snapshot-20260930/target/release/xtask, 20434 MiB
 02:03:58 up 7 days,  9:55,  6 users,  load average: 1.78, 1.71, 1.65
2026-10-01T02:04:00-04:00
87 %, 20871 MiB, 2925 MHz, 13801 MHz, 93.02 W, 34
0 %, 20 MiB, 210 MHz, 405 MHz, 22.03 W, 29
1868165, /home/ndizazzo/dev/mesh/issue1393-q4-snapshot-20260930/target/release/xtask, 20434 MiB
 02:04:00 up 7 days,  9:55,  6 users,  load average: 1.79, 1.71, 1.65
2026-10-01T02:04:02-04:00
91 %, 20871 MiB, 2925 MHz, 13801 MHz, 93.07 W, 33
0 %, 20 MiB, 210 MHz, 405 MHz, 21.14 W, 28
1868165, /home/ndizazzo/dev/mesh/issue1393-q4-snapshot-20260930/target/release/xtask, 20434 MiB
 02:04:02 up 7 days,  9:55,  6 users,  load average: 1.79, 1.71, 1.65
2026-10-01T02:04:04-04:00
96 %, 20871 MiB, 2925 MHz, 13801 MHz, 94.64 W, 34
0 %, 20 MiB, 210 MHz, 405 MHz, 21.11 W, 28
1868165, /home/ndizazzo/dev/mesh/issue1393-q4-snapshot-20260930/target/release/xtask, 20434 MiB
 02:04:04 up 7 days,  9:55,  6 users,  load average: 1.79, 1.71, 1.65
2026-10-01T02:04:06-04:00
86 %, 20871 MiB, 2925 MHz, 13801 MHz, 94.53 W, 33
0 %, 20 MiB, 210 MHz, 405 MHz, 27.54 W, 29
1868165, /home/ndizazzo/dev/mesh/issue1393-q4-snapshot-20260930/target/release/xtask, 20434 MiB
 02:04:06 up 7 days,  9:55,  6 users,  load average: 1.81, 1.72, 1.65
2026-10-01T02:04:08-04:00
100 %, 20871 MiB, 2925 MHz, 13801 MHz, 93.79 W, 33
0 %, 20 MiB, 210 MHz, 405 MHz, 21.18 W, 28
1868165, /home/ndizazzo/dev/mesh/issue1393-q4-snapshot-20260930/target/release/xtask, 20434 MiB
 02:04:08 up 7 days,  9:55,  6 users,  load average: 1.81, 1.72, 1.65
2026-10-01T02:04:10-04:00
98 %, 20871 MiB, 2925 MHz, 13801 MHz, 93.36 W, 34
0 %, 20 MiB, 210 MHz, 405 MHz, 21.15 W, 28
1868165, /home/ndizazzo/dev/mesh/issue1393-q4-snapshot-20260930/target/release/xtask, 20434 MiB
 02:04:10 up 7 days,  9:55,  6 users,  load average: 1.83, 1.72, 1.65
2026-10-01T02:04:12-04:00
100 %, 20871 MiB, 2925 MHz, 13801 MHz, 94.03 W, 34
0 %, 20 MiB, 210 MHz, 405 MHz, 23.93 W, 29
1868165, /home/ndizazzo/dev/mesh/issue1393-q4-snapshot-20260930/target/release/xtask, 20434 MiB
 02:04:12 up 7 days,  9:55,  6 users,  load average: 1.83, 1.72, 1.65
2026-10-01T02:04:14-04:00
100 %, 20871 MiB, 2925 MHz, 13801 MHz, 93.58 W, 33
0 %, 20 MiB, 210 MHz, 405 MHz, 22.27 W, 29
1868165, /home/ndizazzo/dev/mesh/issue1393-q4-snapshot-20260930/target/release/xtask, 20434 MiB
 02:04:14 up 7 days,  9:55,  6 users,  load average: 1.83, 1.72, 1.65
2026-10-01T02:04:16-04:00
100 %, 20871 MiB, 2925 MHz, 13801 MHz, 92.67 W, 33
0 %, 20 MiB, 210 MHz, 405 MHz, 21.11 W, 28
1868165, /home/ndizazzo/dev/mesh/issue1393-q4-snapshot-20260930/target/release/xtask, 20434 MiB
 02:04:17 up 7 days,  9:55,  6 users,  load average: 1.76, 1.71, 1.65
2026-10-01T02:04:19-04:00
92 %, 20871 MiB, 2925 MHz, 13801 MHz, 93.08 W, 33
0 %, 20 MiB, 210 MHz, 405 MHz, 21.18 W, 28
1868165, /home/ndizazzo/dev/mesh/issue1393-q4-snapshot-20260930/target/release/xtask, 20434 MiB
 02:04:19 up 7 days,  9:55,  6 users,  load average: 1.76, 1.71, 1.65
2026-10-01T02:04:21-04:00
94 %, 20871 MiB, 2925 MHz, 13801 MHz, 92.85 W, 34
0 %, 20 MiB, 210 MHz, 405 MHz, 22.01 W, 29
1868165, /home/ndizazzo/dev/mesh/issue1393-q4-snapshot-20260930/target/release/xtask, 20434 MiB
 02:04:21 up 7 days,  9:55,  6 users,  load average: 1.78, 1.72, 1.65
2026-10-01T02:04:23-04:00
89 %, 20871 MiB, 2925 MHz, 13801 MHz, 94.80 W, 33
0 %, 20 MiB, 210 MHz, 405 MHz, 21.12 W, 28
1868165, /home/ndizazzo/dev/mesh/issue1393-q4-snapshot-20260930/target/release/xtask, 20434 MiB
 02:04:23 up 7 days,  9:55,  6 users,  load average: 1.78, 1.72, 1.65
2026-10-01T02:04:25-04:00
97 %, 20871 MiB, 2925 MHz, 13801 MHz, 94.48 W, 34
0 %, 20 MiB, 210 MHz, 405 MHz, 21.21 W, 28
1868165, /home/ndizazzo/dev/mesh/issue1393-q4-snapshot-20260930/target/release/xtask, 20434 MiB
 02:04:25 up 7 days,  9:55,  6 users,  load average: 1.78, 1.72, 1.65
2026-10-01T02:04:27-04:00
91 %, 20871 MiB, 2925 MHz, 13801 MHz, 94.32 W, 34
0 %, 20 MiB, 210 MHz, 405 MHz, 27.24 W, 29
1868165, /home/ndizazzo/dev/mesh/issue1393-q4-snapshot-20260930/target/release/xtask, 20434 MiB
 02:04:27 up 7 days,  9:55,  6 users,  load average: 1.80, 1.72, 1.65
2026-10-01T02:04:29-04:00
97 %, 20871 MiB, 2925 MHz, 13801 MHz, 94.27 W, 33
0 %, 20 MiB, 210 MHz, 405 MHz, 21.91 W, 28
1868165, /home/ndizazzo/dev/mesh/issue1393-q4-snapshot-20260930/target/release/xtask, 20434 MiB
 02:04:29 up 7 days,  9:55,  6 users,  load average: 1.80, 1.72, 1.65
2026-10-01T02:04:31-04:00
100 %, 20871 MiB, 2925 MHz, 13801 MHz, 93.17 W, 33
0 %, 20 MiB, 210 MHz, 405 MHz, 21.05 W, 28
1868165, /home/ndizazzo/dev/mesh/issue1393-q4-snapshot-20260930/target/release/xtask, 20434 MiB
 02:04:31 up 7 days,  9:55,  6 users,  load average: 1.73, 1.71, 1.65
2026-10-01T02:04:33-04:00
98 %, 20871 MiB, 2925 MHz, 13801 MHz, 92.51 W, 33
0 %, 20 MiB, 210 MHz, 405 MHz, 21.19 W, 28
1868165, /home/ndizazzo/dev/mesh/issue1393-q4-snapshot-20260930/target/release/xtask, 20434 MiB
 02:04:33 up 7 days,  9:55,  6 users,  load average: 1.73, 1.71, 1.65
2026-10-01T02:04:35-04:00
91 %, 20871 MiB, 2925 MHz, 13801 MHz, 93.15 W, 33
0 %, 20 MiB, 210 MHz, 405 MHz, 27.56 W, 29
1868165, /home/ndizazzo/dev/mesh/issue1393-q4-snapshot-20260930/target/release/xtask, 20434 MiB
 02:04:35 up 7 days,  9:55,  6 users,  load average: 1.75, 1.71, 1.65
2026-10-01T02:04:37-04:00
96 %, 20871 MiB, 2925 MHz, 13801 MHz, 92.93 W, 33
0 %, 20 MiB, 210 MHz, 405 MHz, 21.16 W, 28
1868165, /home/ndizazzo/dev/mesh/issue1393-q4-snapshot-20260930/target/release/xtask, 20434 MiB
 02:04:37 up 7 days,  9:55,  6 users,  load average: 1.75, 1.71, 1.65
2026-10-01T02:04:39-04:00
94 %, 20871 MiB, 2925 MHz, 13801 MHz, 94.47 W, 33
0 %, 20 MiB, 210 MHz, 405 MHz, 21.15 W, 28
1868165, /home/ndizazzo/dev/mesh/issue1393-q4-snapshot-20260930/target/release/xtask, 20434 MiB
 02:04:39 up 7 days,  9:55,  6 users,  load average: 1.75, 1.71, 1.65
2026-10-01T02:04:41-04:00
96 %, 20871 MiB, 2925 MHz, 13801 MHz, 95.02 W, 33
0 %, 20 MiB, 210 MHz, 405 MHz, 27.09 W, 29
1868165, /home/ndizazzo/dev/mesh/issue1393-q4-snapshot-20260930/target/release/xtask, 20434 MiB
 02:04:41 up 7 days,  9:55,  6 users,  load average: 1.69, 1.70, 1.65
2026-10-01T02:04:43-04:00
98 %, 20871 MiB, 2925 MHz, 13801 MHz, 95.43 W, 34
0 %, 20 MiB, 210 MHz, 405 MHz, 21.36 W, 28
1868165, /home/ndizazzo/dev/mesh/issue1393-q4-snapshot-20260930/target/release/xtask, 20434 MiB
 02:04:43 up 7 days,  9:55,  6 users,  load average: 1.69, 1.70, 1.65
2026-10-01T02:04:45-04:00
89 %, 20871 MiB, 2925 MHz, 13801 MHz, 93.87 W, 34
0 %, 20 MiB, 210 MHz, 405 MHz, 21.06 W, 28
1868165, /home/ndizazzo/dev/mesh/issue1393-q4-snapshot-20260930/target/release/xtask, 20434 MiB
 02:04:45 up 7 days,  9:55,  6 users,  load average: 1.72, 1.71, 1.65
2026-10-01T02:04:47-04:00
97 %, 20871 MiB, 2925 MHz, 13801 MHz, 93.79 W, 34
0 %, 20 MiB, 210 MHz, 405 MHz, 21.15 W, 28
1868165, /home/ndizazzo/dev/mesh/issue1393-q4-snapshot-20260930/target/release/xtask, 20434 MiB
 02:04:47 up 7 days,  9:55,  6 users,  load average: 1.72, 1.71, 1.65
2026-10-01T02:04:49-04:00
90 %, 20871 MiB, 2925 MHz, 13801 MHz, 93.97 W, 33
0 %, 20 MiB, 210 MHz, 405 MHz, 27.41 W, 29
1868165, /home/ndizazzo/dev/mesh/issue1393-q4-snapshot-20260930/target/release/xtask, 20434 MiB
 02:04:49 up 7 days,  9:55,  6 users,  load average: 1.72, 1.71, 1.65
2026-10-01T02:04:51-04:00
97 %, 20871 MiB, 2925 MHz, 13801 MHz, 93.37 W, 33
0 %, 20 MiB, 210 MHz, 405 MHz, 21.40 W, 28
1868165, /home/ndizazzo/dev/mesh/issue1393-q4-snapshot-20260930/target/release/xtask, 20434 MiB
 02:04:52 up 7 days,  9:55,  6 users,  load average: 1.74, 1.71, 1.65
2026-10-01T02:04:54-04:00
100 %, 20871 MiB, 2925 MHz, 13801 MHz, 93.11 W, 33
0 %, 20 MiB, 210 MHz, 405 MHz, 21.16 W, 28
1868165, /home/ndizazzo/dev/mesh/issue1393-q4-snapshot-20260930/target/release/xtask, 20434 MiB
 02:04:54 up 7 days,  9:55,  6 users,  load average: 1.74, 1.71, 1.65
2026-10-01T02:04:56-04:00
93 %, 20871 MiB, 2925 MHz, 13801 MHz, 93.07 W, 33
0 %, 20 MiB, 210 MHz, 405 MHz, 27.50 W, 29
1868165, /home/ndizazzo/dev/mesh/issue1393-q4-snapshot-20260930/target/release/xtask, 20434 MiB
 02:04:56 up 7 days,  9:55,  6 users,  load average: 1.76, 1.72, 1.65
2026-10-01T02:04:58-04:00
98 %, 20871 MiB, 2925 MHz, 13801 MHz, 93.08 W, 33
0 %, 20 MiB, 210 MHz, 405 MHz, 21.48 W, 28
1868165, /home/ndizazzo/dev/mesh/issue1393-q4-snapshot-20260930/target/release/xtask, 20434 MiB
 02:04:58 up 7 days,  9:56,  6 users,  load average: 1.76, 1.72, 1.65
2026-10-01T02:05:00-04:00
87 %, 20871 MiB, 2925 MHz, 13801 MHz, 94.83 W, 33
0 %, 20 MiB, 210 MHz, 405 MHz, 21.09 W, 28
1868165, /home/ndizazzo/dev/mesh/issue1393-q4-snapshot-20260930/target/release/xtask, 20434 MiB
 02:05:00 up 7 days,  9:56,  6 users,  load average: 1.76, 1.72, 1.65
2026-10-01T02:05:02-04:00
96 %, 20871 MiB, 2925 MHz, 13801 MHz, 94.42 W, 34
0 %, 20 MiB, 210 MHz, 405 MHz, 21.32 W, 29
1868165, /home/ndizazzo/dev/mesh/issue1393-q4-snapshot-20260930/target/release/xtask, 20434 MiB
 02:05:02 up 7 days,  9:56,  6 users,  load average: 1.78, 1.72, 1.66
2026-10-01T02:05:04-04:00
87 %, 20871 MiB, 2925 MHz, 13801 MHz, 94.56 W, 34
0 %, 20 MiB, 210 MHz, 405 MHz, 22.36 W, 29
1868165, /home/ndizazzo/dev/mesh/issue1393-q4-snapshot-20260930/target/release/xtask, 20434 MiB
 02:05:04 up 7 days,  9:56,  6 users,  load average: 1.78, 1.72, 1.66
2026-10-01T02:05:06-04:00
100 %, 20871 MiB, 2925 MHz, 13801 MHz, 92.81 W, 33
0 %, 20 MiB, 210 MHz, 405 MHz, 21.08 W, 28
1868165, /home/ndizazzo/dev/mesh/issue1393-q4-snapshot-20260930/target/release/xtask, 20434 MiB
 02:05:06 up 7 days,  9:56,  6 users,  load average: 1.80, 1.73, 1.66
2026-10-01T02:05:08-04:00
96 %, 20871 MiB, 2925 MHz, 13801 MHz, 92.92 W, 33
0 %, 20 MiB, 210 MHz, 405 MHz, 21.11 W, 28
1868165, /home/ndizazzo/dev/mesh/issue1393-q4-snapshot-20260930/target/release/xtask, 20434 MiB
 02:05:08 up 7 days,  9:56,  6 users,  load average: 1.80, 1.73, 1.66
2026-10-01T02:05:10-04:00
98 %, 20871 MiB, 2925 MHz, 13801 MHz, 93.65 W, 33
0 %, 20 MiB, 210 MHz, 405 MHz, 27.10 W, 29
1868165, /home/ndizazzo/dev/mesh/issue1393-q4-snapshot-20260930/target/release/xtask, 20434 MiB
 02:05:10 up 7 days,  9:56,  6 users,  load average: 1.82, 1.73, 1.66
2026-10-01T02:05:12-04:00
100 %, 20871 MiB, 2925 MHz, 13801 MHz, 95.34 W, 33
0 %, 20 MiB, 210 MHz, 405 MHz, 21.24 W, 28
1868165, /home/ndizazzo/dev/mesh/issue1393-q4-snapshot-20260930/target/release/xtask, 20434 MiB
 02:05:12 up 7 days,  9:56,  6 users,  load average: 1.82, 1.73, 1.66
2026-10-01T02:05:14-04:00
93 %, 20871 MiB, 2925 MHz, 13801 MHz, 92.58 W, 33
0 %, 20 MiB, 210 MHz, 405 MHz, 21.10 W, 28
1868165, /home/ndizazzo/dev/mesh/issue1393-q4-snapshot-20260930/target/release/xtask, 20434 MiB
 02:05:14 up 7 days,  9:56,  6 users,  load average: 1.82, 1.73, 1.66
2026-10-01T02:05:16-04:00
88 %, 20871 MiB, 2925 MHz, 13801 MHz, 93.59 W, 34
0 %, 20 MiB, 210 MHz, 405 MHz, 22.19 W, 29
1868165, /home/ndizazzo/dev/mesh/issue1393-q4-snapshot-20260930/target/release/xtask, 20434 MiB
 02:05:16 up 7 days,  9:56,  6 users,  load average: 1.83, 1.74, 1.66
2026-10-01T02:05:18-04:00
91 %, 20871 MiB, 2925 MHz, 13801 MHz, 93.78 W, 33
0 %, 20 MiB, 210 MHz, 405 MHz, 21.80 W, 29
1868165, /home/ndizazzo/dev/mesh/issue1393-q4-snapshot-20260930/target/release/xtask, 20434 MiB
 02:05:18 up 7 days,  9:56,  6 users,  load average: 1.83, 1.74, 1.66
2026-10-01T02:05:20-04:00
88 %, 20871 MiB, 2925 MHz, 13801 MHz, 93.89 W, 33
0 %, 20 MiB, 210 MHz, 405 MHz, 21.10 W, 28
1868165, /home/ndizazzo/dev/mesh/issue1393-q4-snapshot-20260930/target/release/xtask, 20434 MiB
 02:05:20 up 7 days,  9:56,  6 users,  load average: 1.84, 1.74, 1.66
2026-10-01T02:05:22-04:00
92 %, 20871 MiB, 2925 MHz, 13801 MHz, 93.96 W, 33
0 %, 20 MiB, 210 MHz, 405 MHz, 21.12 W, 28
1868165, /home/ndizazzo/dev/mesh/issue1393-q4-snapshot-20260930/target/release/xtask, 20434 MiB
 02:05:22 up 7 days,  9:56,  6 users,  load average: 1.84, 1.74, 1.66
2026-10-01T02:05:24-04:00
95 %, 20871 MiB, 2925 MHz, 13801 MHz, 94.63 W, 33
0 %, 20 MiB, 210 MHz, 405 MHz, 27.44 W, 29
1868165, /home/ndizazzo/dev/mesh/issue1393-q4-snapshot-20260930/target/release/xtask, 20434 MiB
 02:05:24 up 7 days,  9:56,  6 users,  load average: 1.84, 1.74, 1.66
2026-10-01T02:05:26-04:00
100 %, 20871 MiB, 2925 MHz, 13801 MHz, 93.61 W, 33
0 %, 20 MiB, 210 MHz, 405 MHz, 21.28 W, 28
1868165, /home/ndizazzo/dev/mesh/issue1393-q4-snapshot-20260930/target/release/xtask, 20434 MiB
 02:05:27 up 7 days,  9:56,  6 users,  load average: 1.78, 1.73, 1.66
2026-10-01T02:05:29-04:00
100 %, 20871 MiB, 2925 MHz, 13801 MHz, 92.66 W, 33
0 %, 20 MiB, 210 MHz, 405 MHz, 21.04 W, 28
1868165, /home/ndizazzo/dev/mesh/issue1393-q4-snapshot-20260930/target/release/xtask, 20434 MiB
 02:05:29 up 7 days,  9:56,  6 users,  load average: 1.78, 1.73, 1.66
2026-10-01T02:05:31-04:00
91 %, 20871 MiB, 2925 MHz, 13801 MHz, 92.54 W, 34
0 %, 20 MiB, 210 MHz, 405 MHz, 22.82 W, 29
1868165, /home/ndizazzo/dev/mesh/issue1393-q4-snapshot-20260930/target/release/xtask, 20434 MiB
 02:05:31 up 7 days,  9:56,  6 users,  load average: 1.79, 1.73, 1.66
2026-10-01T02:05:33-04:00
96 %, 20871 MiB, 2925 MHz, 13801 MHz, 93.87 W, 33
0 %, 20 MiB, 210 MHz, 405 MHz, 22.24 W, 29
1868165, /home/ndizazzo/dev/mesh/issue1393-q4-snapshot-20260930/target/release/xtask, 20434 MiB
 02:05:33 up 7 days,  9:56,  6 users,  load average: 1.79, 1.73, 1.66
2026-10-01T02:05:35-04:00
87 %, 20871 MiB, 2925 MHz, 13801 MHz, 94.65 W, 34
0 %, 20 MiB, 210 MHz, 405 MHz, 21.15 W, 28
1868165, /home/ndizazzo/dev/mesh/issue1393-q4-snapshot-20260930/target/release/xtask, 20434 MiB
 02:05:35 up 7 days,  9:56,  6 users,  load average: 1.79, 1.73, 1.66
2026-10-01T02:05:37-04:00
95 %, 20871 MiB, 2925 MHz, 13801 MHz, 94.70 W, 33
0 %, 20 MiB, 210 MHz, 405 MHz, 21.12 W, 28
1868165, /home/ndizazzo/dev/mesh/issue1393-q4-snapshot-20260930/target/release/xtask, 20434 MiB
 02:05:37 up 7 days,  9:56,  6 users,  load average: 1.89, 1.75, 1.67
2026-10-01T02:05:39-04:00
96 %, 20871 MiB, 2925 MHz, 13801 MHz, 95.29 W, 33
0 %, 20 MiB, 210 MHz, 405 MHz, 27.25 W, 29
1868165, /home/ndizazzo/dev/mesh/issue1393-q4-snapshot-20260930/target/release/xtask, 20434 MiB
 02:05:39 up 7 days,  9:56,  6 users,  load average: 1.89, 1.75, 1.67
2026-10-01T02:05:41-04:00
100 %, 20871 MiB, 2925 MHz, 13801 MHz, 92.87 W, 33
0 %, 20 MiB, 210 MHz, 405 MHz, 21.20 W, 28
1868165, /home/ndizazzo/dev/mesh/issue1393-q4-snapshot-20260930/target/release/xtask, 20434 MiB
 02:05:41 up 7 days,  9:56,  6 users,  load average: 1.90, 1.76, 1.67
2026-10-01T02:05:43-04:00
95 %, 20871 MiB, 2925 MHz, 13801 MHz, 95.01 W, 33
0 %, 20 MiB, 210 MHz, 405 MHz, 21.05 W, 28
1868165, /home/ndizazzo/dev/mesh/issue1393-q4-snapshot-20260930/target/release/xtask, 20434 MiB
 02:05:43 up 7 days,  9:56,  6 users,  load average: 1.90, 1.76, 1.67
2026-10-01T02:05:45-04:00
94 %, 20871 MiB, 2925 MHz, 13801 MHz, 94.28 W, 34
0 %, 20 MiB, 210 MHz, 405 MHz, 21.38 W, 29
1868165, /home/ndizazzo/dev/mesh/issue1393-q4-snapshot-20260930/target/release/xtask, 20434 MiB
 02:05:45 up 7 days,  9:56,  6 users,  load average: 1.91, 1.76, 1.67
2026-10-01T02:05:47-04:00
97 %, 20871 MiB, 2925 MHz, 13801 MHz, 94.43 W, 33
0 %, 20 MiB, 210 MHz, 405 MHz, 22.35 W, 29
1868165, /home/ndizazzo/dev/mesh/issue1393-q4-snapshot-20260930/target/release/xtask, 20434 MiB
 02:05:47 up 7 days,  9:56,  6 users,  load average: 1.91, 1.76, 1.67
2026-10-01T02:05:49-04:00
96 %, 20871 MiB, 2925 MHz, 13801 MHz, 92.93 W, 33
0 %, 20 MiB, 210 MHz, 405 MHz, 21.04 W, 28
1868165, /home/ndizazzo/dev/mesh/issue1393-q4-snapshot-20260930/target/release/xtask, 20434 MiB
 02:05:49 up 7 days,  9:56,  6 users,  load average: 1.91, 1.76, 1.67
2026-10-01T02:05:51-04:00
87 %, 20871 MiB, 2925 MHz, 13801 MHz, 93.23 W, 33
0 %, 20 MiB, 210 MHz, 405 MHz, 21.07 W, 28
1868165, /home/ndizazzo/dev/mesh/issue1393-q4-snapshot-20260930/target/release/xtask, 20434 MiB
 02:05:51 up 7 days,  9:56,  6 users,  load average: 1.92, 1.77, 1.68
2026-10-01T02:05:53-04:00
96 %, 20871 MiB, 2925 MHz, 13801 MHz, 93.26 W, 33
0 %, 20 MiB, 210 MHz, 405 MHz, 27.09 W, 29
1868165, /home/ndizazzo/dev/mesh/issue1393-q4-snapshot-20260930/target/release/xtask, 20434 MiB
 02:05:53 up 7 days,  9:56,  6 users,  load average: 1.92, 1.77, 1.68
2026-10-01T02:05:55-04:00
87 %, 20871 MiB, 2925 MHz, 13801 MHz, 95.04 W, 33
0 %, 20 MiB, 210 MHz, 405 MHz, 21.16 W, 28
1868165, /home/ndizazzo/dev/mesh/issue1393-q4-snapshot-20260930/target/release/xtask, 20434 MiB
 02:05:55 up 7 days,  9:56,  6 users,  load average: 1.92, 1.77, 1.68
2026-10-01T02:05:57-04:00
96 %, 20871 MiB, 2925 MHz, 13801 MHz, 94.53 W, 34
0 %, 20 MiB, 210 MHz, 405 MHz, 20.99 W, 28
1868165, /home/ndizazzo/dev/mesh/issue1393-q4-snapshot-20260930/target/release/xtask, 20434 MiB
 02:05:57 up 7 days,  9:57,  6 users,  load average: 1.92, 1.77, 1.68
2026-10-01T02:05:59-04:00
89 %, 20871 MiB, 2925 MHz, 13801 MHz, 94.72 W, 33
0 %, 20 MiB, 210 MHz, 405 MHz, 22.03 W, 29
1868165, /home/ndizazzo/dev/mesh/issue1393-q4-snapshot-20260930/target/release/xtask, 20434 MiB
 02:05:59 up 7 days,  9:57,  6 users,  load average: 1.92, 1.77, 1.68
2026-10-01T02:06:01-04:00
100 %, 20871 MiB, 2925 MHz, 13801 MHz, 94.40 W, 33
0 %, 20 MiB, 210 MHz, 405 MHz, 21.91 W, 29
1868165, /home/ndizazzo/dev/mesh/issue1393-q4-snapshot-20260930/target/release/xtask, 20434 MiB
 02:06:02 up 7 days,  9:57,  6 users,  load average: 1.93, 1.77, 1.68
2026-10-01T02:06:04-04:00
100 %, 20871 MiB, 2925 MHz, 13801 MHz, 93.40 W, 33
0 %, 20 MiB, 210 MHz, 405 MHz, 21.03 W, 28
1868165, /home/ndizazzo/dev/mesh/issue1393-q4-snapshot-20260930/target/release/xtask, 20434 MiB
 02:06:04 up 7 days,  9:57,  6 users,  load average: 1.93, 1.77, 1.68
2026-10-01T02:06:06-04:00
95 %, 20871 MiB, 2925 MHz, 13801 MHz, 93.40 W, 33
0 %, 20 MiB, 210 MHz, 405 MHz, 21.15 W, 28
1868165, /home/ndizazzo/dev/mesh/issue1393-q4-snapshot-20260930/target/release/xtask, 20434 MiB
 02:06:06 up 7 days,  9:57,  6 users,  load average: 1.93, 1.78, 1.68
2026-10-01T02:06:08-04:00
98 %, 20871 MiB, 2925 MHz, 13801 MHz, 94.06 W, 34
0 %, 20 MiB, 210 MHz, 405 MHz, 27.40 W, 29
1868165, /home/ndizazzo/dev/mesh/issue1393-q4-snapshot-20260930/target/release/xtask, 20434 MiB
 02:06:08 up 7 days,  9:57,  6 users,  load average: 1.93, 1.78, 1.68
2026-10-01T02:06:10-04:00
98 %, 20871 MiB, 2925 MHz, 13801 MHz, 94.96 W, 33
0 %, 20 MiB, 210 MHz, 405 MHz, 21.57 W, 28
1868165, /home/ndizazzo/dev/mesh/issue1393-q4-snapshot-20260930/target/release/xtask, 20434 MiB
 02:06:10 up 7 days,  9:57,  6 users,  load average: 1.93, 1.78, 1.68
2026-10-01T02:06:12-04:00
13 %, 429 MiB, 2925 MHz, 14001 MHz, 93.73 W, 33
0 %, 17 MiB, 210 MHz, 405 MHz, 21.12 W, 29
 02:06:12 up 7 days,  9:57,  6 users,  load average: 1.94, 1.78, 1.68
2026-10-01T02:06:14-04:00
0 %, 429 MiB, 637 MHz, 7001 MHz, 46.46 W, 32
0 %, 17 MiB, 210 MHz, 405 MHz, 25.48 W, 29
 02:06:14 up 7 days,  9:57,  6 users,  load average: 1.94, 1.78, 1.68
2026-10-01T02:06:16-04:00
2 %, 429 MiB, 277 MHz, 810 MHz, 13.87 W, 31
0 %, 17 MiB, 210 MHz, 405 MHz, 22.16 W, 29
 02:06:16 up 7 days,  9:57,  6 users,  load average: 1.86, 1.77, 1.68
2026-10-01T02:06:18-04:00
3 %, 429 MiB, 247 MHz, 405 MHz, 6.31 W, 31
0 %, 17 MiB, 210 MHz, 405 MHz, 20.94 W, 28
 02:06:18 up 7 days,  9:57,  6 users,  load average: 1.86, 1.77, 1.68
2026-10-01T02:06:20-04:00
3 %, 429 MiB, 240 MHz, 405 MHz, 5.88 W, 31
0 %, 17 MiB, 210 MHz, 405 MHz, 20.96 W, 28
 02:06:20 up 7 days,  9:57,  6 users,  load average: 1.80, 1.76, 1.68
2026-10-01T02:06:22-04:00
3 %, 429 MiB, 240 MHz, 405 MHz, 6.09 W, 31
0 %, 17 MiB, 210 MHz, 405 MHz, 27.39 W, 29
 02:06:22 up 7 days,  9:57,  6 users,  load average: 1.80, 1.76, 1.68
2026-10-01T02:06:24-04:00
3 %, 429 MiB, 240 MHz, 405 MHz, 5.90 W, 31
0 %, 17 MiB, 210 MHz, 405 MHz, 21.05 W, 28
 02:06:24 up 7 days,  9:57,  6 users,  load average: 1.80, 1.76, 1.68
2026-10-01T02:06:26-04:00
3 %, 429 MiB, 247 MHz, 405 MHz, 5.99 W, 31
0 %, 17 MiB, 210 MHz, 405 MHz, 20.86 W, 28
 02:06:26 up 7 days,  9:57,  6 users,  load average: 1.73, 1.74, 1.67
2026-10-01T02:06:28-04:00
3 %, 429 MiB, 232 MHz, 405 MHz, 6.04 W, 31
0 %, 17 MiB, 210 MHz, 405 MHz, 23.34 W, 29
 02:06:28 up 7 days,  9:57,  6 users,  load average: 1.73, 1.74, 1.67
2026-10-01T02:06:30-04:00
3 %, 429 MiB, 232 MHz, 405 MHz, 5.87 W, 31
0 %, 17 MiB, 210 MHz, 405 MHz, 21.73 W, 29
 02:06:30 up 7 days,  9:57,  6 users,  load average: 1.67, 1.73, 1.67
2026-10-01T02:06:32-04:00
3 %, 429 MiB, 232 MHz, 405 MHz, 5.57 W, 31
0 %, 17 MiB, 210 MHz, 405 MHz, 20.91 W, 28
 02:06:33 up 7 days,  9:57,  6 users,  load average: 1.67, 1.73, 1.67
2026-10-01T02:06:35-04:00
3 %, 429 MiB, 232 MHz, 405 MHz, 6.20 W, 31
0 %, 17 MiB, 210 MHz, 405 MHz, 21.03 W, 28
 02:06:35 up 7 days,  9:57,  6 users,  load average: 1.67, 1.73, 1.67
2026-10-01T02:06:37-04:00
3 %, 429 MiB, 240 MHz, 405 MHz, 6.06 W, 31
0 %, 17 MiB, 210 MHz, 405 MHz, 27.75 W, 29
 02:06:37 up 7 days,  9:57,  6 users,  load average: 1.62, 1.72, 1.66
2026-10-01T02:06:39-04:00
3 %, 429 MiB, 240 MHz, 405 MHz, 5.81 W, 31
0 %, 17 MiB, 210 MHz, 405 MHz, 21.27 W, 28
 02:06:39 up 7 days,  9:57,  6 users,  load average: 1.62, 1.72, 1.66
2026-10-01T02:06:41-04:00
3 %, 429 MiB, 240 MHz, 405 MHz, 5.93 W, 31
0 %, 17 MiB, 210 MHz, 405 MHz, 20.89 W, 28
 02:06:41 up 7 days,  9:57,  6 users,  load average: 1.57, 1.71, 1.66
2026-10-01T02:06:43-04:00
3 %, 429 MiB, 247 MHz, 405 MHz, 5.65 W, 31
0 %, 17 MiB, 210 MHz, 405 MHz, 23.56 W, 29
 02:06:43 up 7 days,  9:57,  6 users,  load average: 1.57, 1.71, 1.66
2026-10-01T02:06:45-04:00
3 %, 429 MiB, 232 MHz, 405 MHz, 6.36 W, 31
0 %, 17 MiB, 210 MHz, 405 MHz, 21.94 W, 29
 02:06:45 up 7 days,  9:57,  6 users,  load average: 1.52, 1.69, 1.66
2026-10-01T02:06:47-04:00
3 %, 429 MiB, 240 MHz, 405 MHz, 6.05 W, 31
0 %, 17 MiB, 210 MHz, 405 MHz, 20.94 W, 28
 02:06:47 up 7 days,  9:57,  6 users,  load average: 1.52, 1.69, 1.66
2026-10-01T02:06:49-04:00
3 %, 429 MiB, 240 MHz, 405 MHz, 6.16 W, 31
1 %, 17 MiB, 210 MHz, 405 MHz, 21.41 W, 28
 02:06:49 up 7 days,  9:57,  6 users,  load average: 1.52, 1.69, 1.66
2026-10-01T02:06:51-04:00
3 %, 429 MiB, 232 MHz, 405 MHz, 5.92 W, 31
0 %, 17 MiB, 210 MHz, 405 MHz, 21.78 W, 29
 02:06:51 up 7 days,  9:57,  6 users,  load average: 1.48, 1.68, 1.65
2026-10-01T02:06:53-04:00
3 %, 429 MiB, 232 MHz, 405 MHz, 5.84 W, 31
0 %, 17 MiB, 210 MHz, 405 MHz, 20.96 W, 28
 02:06:53 up 7 days,  9:57,  6 users,  load average: 1.48, 1.68, 1.65
2026-10-01T02:06:55-04:00
3 %, 429 MiB, 232 MHz, 405 MHz, 5.69 W, 31
0 %, 17 MiB, 210 MHz, 405 MHz, 20.98 W, 28
 02:06:55 up 7 days,  9:57,  6 users,  load average: 1.44, 1.67, 1.65
2026-10-01T02:06:57-04:00
3 %, 429 MiB, 232 MHz, 405 MHz, 5.62 W, 31
0 %, 17 MiB, 210 MHz, 405 MHz, 27.59 W, 29
 02:06:57 up 7 days,  9:58,  6 users,  load average: 1.44, 1.67, 1.65
2026-10-01T02:06:59-04:00
3 %, 429 MiB, 232 MHz, 405 MHz, 5.65 W, 31
0 %, 17 MiB, 210 MHz, 405 MHz, 21.32 W, 29
 02:07:00 up 7 days,  9:58,  6 users,  load average: 1.44, 1.67, 1.65
2026-10-01T02:07:02-04:00
3 %, 429 MiB, 240 MHz, 405 MHz, 6.16 W, 31
0 %, 17 MiB, 210 MHz, 405 MHz, 21.00 W, 28
 02:07:02 up 7 days,  9:58,  6 users,  load average: 1.41, 1.66, 1.64
2026-10-01T02:07:04-04:00
3 %, 429 MiB, 232 MHz, 405 MHz, 5.74 W, 31
0 %, 17 MiB, 210 MHz, 405 MHz, 22.29 W, 29
 02:07:04 up 7 days,  9:58,  6 users,  load average: 1.41, 1.66, 1.64
2026-10-01T02:07:06-04:00
1 %, 20419 MiB, 2010 MHz, 13801 MHz, 20.31 W, 32
0 %, 20 MiB, 210 MHz, 405 MHz, 25.72 W, 29
1875905, /home/ndizazzo/dev/mesh/issue1393-q4-snapshot-20260930/target/release/xtask, 19982 MiB
 02:07:06 up 7 days,  9:58,  6 users,  load average: 1.37, 1.65, 1.64
2026-10-01T02:07:08-04:00
5 %, 20419 MiB, 2827 MHz, 13801 MHz, 72.44 W, 32
0 %, 20 MiB, 210 MHz, 405 MHz, 21.74 W, 29
1875905, /home/ndizazzo/dev/mesh/issue1393-q4-snapshot-20260930/target/release/xtask, 19982 MiB
 02:07:08 up 7 days,  9:58,  6 users,  load average: 1.37, 1.65, 1.64
2026-10-01T02:07:10-04:00
6 %, 20419 MiB, 2842 MHz, 13801 MHz, 72.98 W, 33
0 %, 20 MiB, 210 MHz, 405 MHz, 21.05 W, 28
1875905, /home/ndizazzo/dev/mesh/issue1393-q4-snapshot-20260930/target/release/xtask, 19982 MiB
 02:07:10 up 7 days,  9:58,  6 users,  load average: 1.50, 1.67, 1.65
2026-10-01T02:07:12-04:00
6 %, 20419 MiB, 2835 MHz, 13801 MHz, 72.38 W, 32
0 %, 20 MiB, 210 MHz, 405 MHz, 26.06 W, 29
1875905, /home/ndizazzo/dev/mesh/issue1393-q4-snapshot-20260930/target/release/xtask, 19982 MiB
 02:07:12 up 7 days,  9:58,  6 users,  load average: 1.50, 1.67, 1.65
2026-10-01T02:07:14-04:00
7 %, 20419 MiB, 2797 MHz, 13801 MHz, 71.21 W, 32
0 %, 20 MiB, 210 MHz, 405 MHz, 21.16 W, 28
1875905, /home/ndizazzo/dev/mesh/issue1393-q4-snapshot-20260930/target/release/xtask, 19982 MiB
 02:07:14 up 7 days,  9:58,  6 users,  load average: 1.50, 1.67, 1.65
2026-10-01T02:07:16-04:00
8 %, 20419 MiB, 2925 MHz, 13801 MHz, 77.14 W, 33
0 %, 20 MiB, 210 MHz, 405 MHz, 21.10 W, 28
1875905, /home/ndizazzo/dev/mesh/issue1393-q4-snapshot-20260930/target/release/xtask, 19982 MiB
 02:07:16 up 7 days,  9:58,  6 users,  load average: 1.46, 1.66, 1.64
2026-10-01T02:07:18-04:00
94 %, 20571 MiB, 2925 MHz, 13801 MHz, 82.64 W, 33
0 %, 20 MiB, 210 MHz, 405 MHz, 21.17 W, 28
1875905, /home/ndizazzo/dev/mesh/issue1393-q4-snapshot-20260930/target/release/xtask, 20134 MiB
 02:07:18 up 7 days,  9:58,  6 users,  load average: 1.46, 1.66, 1.64
2026-10-01T02:07:20-04:00
87 %, 20571 MiB, 2925 MHz, 13801 MHz, 94.04 W, 33
0 %, 20 MiB, 210 MHz, 405 MHz, 21.81 W, 28
1875905, /home/ndizazzo/dev/mesh/issue1393-q4-snapshot-20260930/target/release/xtask, 20134 MiB
 02:07:20 up 7 days,  9:58,  6 users,  load average: 1.51, 1.66, 1.65
2026-10-01T02:07:22-04:00
90 %, 20571 MiB, 2925 MHz, 13801 MHz, 93.98 W, 33
0 %, 20 MiB, 210 MHz, 405 MHz, 21.13 W, 28
1875905, /home/ndizazzo/dev/mesh/issue1393-q4-snapshot-20260930/target/release/xtask, 20134 MiB
 02:07:22 up 7 days,  9:58,  6 users,  load average: 1.51, 1.66, 1.65
2026-10-01T02:07:24-04:00
91 %, 20571 MiB, 2925 MHz, 13801 MHz, 93.88 W, 33
0 %, 20 MiB, 210 MHz, 405 MHz, 21.21 W, 28
1875905, /home/ndizazzo/dev/mesh/issue1393-q4-snapshot-20260930/target/release/xtask, 20134 MiB
 02:07:24 up 7 days,  9:58,  6 users,  load average: 1.51, 1.66, 1.65
2026-10-01T02:07:26-04:00
90 %, 20571 MiB, 2925 MHz, 13801 MHz, 94.71 W, 33
0 %, 20 MiB, 210 MHz, 405 MHz, 27.64 W, 28
1875905, /home/ndizazzo/dev/mesh/issue1393-q4-snapshot-20260930/target/release/xtask, 20134 MiB
 02:07:26 up 7 days,  9:58,  6 users,  load average: 1.47, 1.65, 1.64
2026-10-01T02:07:28-04:00
95 %, 20571 MiB, 2925 MHz, 13801 MHz, 94.16 W, 33
0 %, 20 MiB, 210 MHz, 405 MHz, 21.49 W, 28
1875905, /home/ndizazzo/dev/mesh/issue1393-q4-snapshot-20260930/target/release/xtask, 20134 MiB
 02:07:28 up 7 days,  9:58,  6 users,  load average: 1.47, 1.65, 1.64
2026-10-01T02:07:30-04:00
96 %, 20571 MiB, 2925 MHz, 13801 MHz, 94.33 W, 33
0 %, 20 MiB, 210 MHz, 405 MHz, 21.24 W, 28
1875905, /home/ndizazzo/dev/mesh/issue1393-q4-snapshot-20260930/target/release/xtask, 20134 MiB
 02:07:30 up 7 days,  9:58,  6 users,  load average: 1.43, 1.64, 1.64
2026-10-01T02:07:32-04:00
94 %, 20571 MiB, 2925 MHz, 13801 MHz, 94.18 W, 33
0 %, 20 MiB, 210 MHz, 405 MHz, 21.68 W, 28
1875905, /home/ndizazzo/dev/mesh/issue1393-q4-snapshot-20260930/target/release/xtask, 20134 MiB
 02:07:32 up 7 days,  9:58,  6 users,  load average: 1.43, 1.64, 1.64
2026-10-01T02:07:34-04:00
87 %, 20571 MiB, 2925 MHz, 13801 MHz, 94.29 W, 33
0 %, 20 MiB, 210 MHz, 405 MHz, 22.20 W, 28
1875905, /home/ndizazzo/dev/mesh/issue1393-q4-snapshot-20260930/target/release/xtask, 20134 MiB
 02:07:35 up 7 days,  9:58,  6 users,  load average: 1.43, 1.64, 1.64
2026-10-01T02:07:37-04:00
96 %, 20571 MiB, 2925 MHz, 13801 MHz, 93.94 W, 33
0 %, 20 MiB, 210 MHz, 405 MHz, 21.23 W, 28
1875905, /home/ndizazzo/dev/mesh/issue1393-q4-snapshot-20260930/target/release/xtask, 20134 MiB
 02:07:37 up 7 days,  9:58,  6 users,  load average: 1.47, 1.65, 1.64
2026-10-01T02:07:39-04:00
96 %, 20571 MiB, 2925 MHz, 13801 MHz, 94.18 W, 33
0 %, 20 MiB, 210 MHz, 405 MHz, 21.20 W, 28
1875905, /home/ndizazzo/dev/mesh/issue1393-q4-snapshot-20260930/target/release/xtask, 20134 MiB
 02:07:39 up 7 days,  9:58,  6 users,  load average: 1.47, 1.65, 1.64
2026-10-01T02:07:41-04:00
95 %, 20571 MiB, 2925 MHz, 13801 MHz, 95.25 W, 33
0 %, 20 MiB, 210 MHz, 405 MHz, 27.44 W, 28
1875905, /home/ndizazzo/dev/mesh/issue1393-q4-snapshot-20260930/target/release/xtask, 20134 MiB
 02:07:41 up 7 days,  9:58,  6 users,  load average: 1.52, 1.65, 1.64
2026-10-01T02:07:43-04:00
86 %, 20571 MiB, 2925 MHz, 13801 MHz, 96.15 W, 33
0 %, 20 MiB, 210 MHz, 405 MHz, 21.25 W, 28
1875905, /home/ndizazzo/dev/mesh/issue1393-q4-snapshot-20260930/target/release/xtask, 20134 MiB
 02:07:43 up 7 days,  9:58,  6 users,  load average: 1.52, 1.65, 1.64
2026-10-01T02:07:45-04:00
95 %, 20571 MiB, 2925 MHz, 13801 MHz, 94.19 W, 33
0 %, 20 MiB, 210 MHz, 405 MHz, 21.17 W, 28
1875905, /home/ndizazzo/dev/mesh/issue1393-q4-snapshot-20260930/target/release/xtask, 20134 MiB
 02:07:45 up 7 days,  9:58,  6 users,  load average: 1.56, 1.66, 1.64
2026-10-01T02:07:47-04:00
96 %, 20571 MiB, 2925 MHz, 13801 MHz, 93.93 W, 33
0 %, 20 MiB, 210 MHz, 405 MHz, 22.38 W, 28
1875905, /home/ndizazzo/dev/mesh/issue1393-q4-snapshot-20260930/target/release/xtask, 20134 MiB
 02:07:47 up 7 days,  9:58,  6 users,  load average: 1.56, 1.66, 1.64
2026-10-01T02:07:49-04:00
87 %, 20571 MiB, 2925 MHz, 13801 MHz, 93.83 W, 33
0 %, 20 MiB, 210 MHz, 405 MHz, 22.30 W, 28
1875905, /home/ndizazzo/dev/mesh/issue1393-q4-snapshot-20260930/target/release/xtask, 20134 MiB
 02:07:49 up 7 days,  9:58,  6 users,  load average: 1.56, 1.66, 1.64
2026-10-01T02:07:51-04:00
96 %, 20571 MiB, 2925 MHz, 13801 MHz, 94.09 W, 33
0 %, 20 MiB, 210 MHz, 405 MHz, 21.01 W, 28
1875905, /home/ndizazzo/dev/mesh/issue1393-q4-snapshot-20260930/target/release/xtask, 20134 MiB
 02:07:51 up 7 days,  9:58,  6 users,  load average: 1.59, 1.67, 1.65
2026-10-01T02:07:53-04:00
94 %, 20571 MiB, 2925 MHz, 13801 MHz, 94.44 W, 33
0 %, 20 MiB, 210 MHz, 405 MHz, 21.28 W, 28
1875905, /home/ndizazzo/dev/mesh/issue1393-q4-snapshot-20260930/target/release/xtask, 20134 MiB
 02:07:53 up 7 days,  9:58,  6 users,  load average: 1.59, 1.67, 1.65
2026-10-01T02:07:55-04:00
89 %, 20571 MiB, 2925 MHz, 13801 MHz, 94.54 W, 33
0 %, 20 MiB, 210 MHz, 405 MHz, 27.20 W, 28
1875905, /home/ndizazzo/dev/mesh/issue1393-q4-snapshot-20260930/target/release/xtask, 20134 MiB
 02:07:55 up 7 days,  9:58,  6 users,  load average: 1.62, 1.67, 1.65
2026-10-01T02:07:57-04:00
96 %, 20571 MiB, 2925 MHz, 13801 MHz, 93.96 W, 33
0 %, 20 MiB, 210 MHz, 405 MHz, 21.41 W, 28
1875905, /home/ndizazzo/dev/mesh/issue1393-q4-snapshot-20260930/target/release/xtask, 20134 MiB
 02:07:57 up 7 days,  9:59,  6 users,  load average: 1.62, 1.67, 1.65
2026-10-01T02:07:59-04:00
94 %, 20571 MiB, 2925 MHz, 13801 MHz, 94.59 W, 33
0 %, 20 MiB, 210 MHz, 405 MHz, 21.15 W, 28
1875905, /home/ndizazzo/dev/mesh/issue1393-q4-snapshot-20260930/target/release/xtask, 20134 MiB
 02:07:59 up 7 days,  9:59,  6 users,  load average: 1.62, 1.67, 1.65
2026-10-01T02:08:01-04:00
85 %, 20571 MiB, 2925 MHz, 13801 MHz, 93.82 W, 33
0 %, 20 MiB, 210 MHz, 405 MHz, 22.95 W, 28
1875905, /home/ndizazzo/dev/mesh/issue1393-q4-snapshot-20260930/target/release/xtask, 20134 MiB
 02:08:01 up 7 days,  9:59,  6 users,  load average: 1.65, 1.68, 1.65
2026-10-01T02:08:03-04:00
95 %, 20571 MiB, 2925 MHz, 13801 MHz, 94.31 W, 33
0 %, 20 MiB, 210 MHz, 405 MHz, 21.85 W, 28
1875905, /home/ndizazzo/dev/mesh/issue1393-q4-snapshot-20260930/target/release/xtask, 20134 MiB
 02:08:03 up 7 days,  9:59,  6 users,  load average: 1.65, 1.68, 1.65
2026-10-01T02:08:05-04:00
93 %, 20571 MiB, 2925 MHz, 13801 MHz, 94.69 W, 33
0 %, 20 MiB, 210 MHz, 405 MHz, 21.05 W, 28
1875905, /home/ndizazzo/dev/mesh/issue1393-q4-snapshot-20260930/target/release/xtask, 20134 MiB
 02:08:05 up 7 days,  9:59,  6 users,  load average: 1.68, 1.68, 1.65
2026-10-01T02:08:07-04:00
90 %, 20571 MiB, 2925 MHz, 13801 MHz, 97.26 W, 33
0 %, 20 MiB, 210 MHz, 405 MHz, 21.12 W, 28
1875905, /home/ndizazzo/dev/mesh/issue1393-q4-snapshot-20260930/target/release/xtask, 20134 MiB
 02:08:07 up 7 days,  9:59,  6 users,  load average: 1.68, 1.68, 1.65
2026-10-01T02:08:09-04:00
95 %, 20571 MiB, 2925 MHz, 13801 MHz, 93.83 W, 33
0 %, 20 MiB, 210 MHz, 405 MHz, 27.27 W, 28
1875905, /home/ndizazzo/dev/mesh/issue1393-q4-snapshot-20260930/target/release/xtask, 20134 MiB
 02:08:10 up 7 days,  9:59,  6 users,  load average: 1.68, 1.68, 1.65
2026-10-01T02:08:12-04:00
96 %, 20571 MiB, 2925 MHz, 13801 MHz, 94.40 W, 33
0 %, 20 MiB, 210 MHz, 405 MHz, 21.49 W, 28
1875905, /home/ndizazzo/dev/mesh/issue1393-q4-snapshot-20260930/target/release/xtask, 20134 MiB
 02:08:12 up 7 days,  9:59,  6 users,  load average: 1.63, 1.67, 1.65
2026-10-01T02:08:14-04:00
94 %, 20571 MiB, 2925 MHz, 13801 MHz, 94.36 W, 33
0 %, 20 MiB, 210 MHz, 405 MHz, 21.04 W, 28
1875905, /home/ndizazzo/dev/mesh/issue1393-q4-snapshot-20260930/target/release/xtask, 20134 MiB
 02:08:14 up 7 days,  9:59,  6 users,  load average: 1.63, 1.67, 1.65
2026-10-01T02:08:16-04:00
89 %, 20571 MiB, 2925 MHz, 13801 MHz, 94.53 W, 33
0 %, 20 MiB, 210 MHz, 405 MHz, 23.38 W, 28
1875905, /home/ndizazzo/dev/mesh/issue1393-q4-snapshot-20260930/target/release/xtask, 20134 MiB
 02:08:16 up 7 days,  9:59,  6 users,  load average: 1.66, 1.68, 1.65
2026-10-01T02:08:18-04:00
98 %, 20571 MiB, 2925 MHz, 13801 MHz, 93.57 W, 33
0 %, 20 MiB, 210 MHz, 405 MHz, 22.13 W, 28
1875905, /home/ndizazzo/dev/mesh/issue1393-q4-snapshot-20260930/target/release/xtask, 20134 MiB
 02:08:18 up 7 days,  9:59,  6 users,  load average: 1.66, 1.68, 1.65
2026-10-01T02:08:20-04:00
96 %, 20571 MiB, 2925 MHz, 13801 MHz, 93.72 W, 33
0 %, 20 MiB, 210 MHz, 405 MHz, 21.05 W, 28
1875905, /home/ndizazzo/dev/mesh/issue1393-q4-snapshot-20260930/target/release/xtask, 20134 MiB
 02:08:20 up 7 days,  9:59,  6 users,  load average: 1.77, 1.70, 1.66
2026-10-01T02:08:22-04:00
91 %, 20571 MiB, 2925 MHz, 13801 MHz, 94.19 W, 33
0 %, 20 MiB, 210 MHz, 405 MHz, 21.12 W, 28
1875905, /home/ndizazzo/dev/mesh/issue1393-q4-snapshot-20260930/target/release/xtask, 20134 MiB
 02:08:22 up 7 days,  9:59,  6 users,  load average: 1.77, 1.70, 1.66
2026-10-01T02:08:24-04:00
86 %, 20571 MiB, 2925 MHz, 13801 MHz, 94.26 W, 33
0 %, 20 MiB, 210 MHz, 405 MHz, 27.26 W, 28
1875905, /home/ndizazzo/dev/mesh/issue1393-q4-snapshot-20260930/target/release/xtask, 20134 MiB
 02:08:24 up 7 days,  9:59,  6 users,  load average: 1.77, 1.70, 1.66
2026-10-01T02:08:26-04:00
96 %, 20571 MiB, 2925 MHz, 13801 MHz, 94.54 W, 33
0 %, 20 MiB, 210 MHz, 405 MHz, 21.36 W, 28
1875905, /home/ndizazzo/dev/mesh/issue1393-q4-snapshot-20260930/target/release/xtask, 20134 MiB
 02:08:26 up 7 days,  9:59,  6 users,  load average: 1.79, 1.70, 1.66
2026-10-01T02:08:28-04:00
96 %, 20571 MiB, 2925 MHz, 13801 MHz, 94.04 W, 33
0 %, 20 MiB, 210 MHz, 405 MHz, 21.21 W, 28
1875905, /home/ndizazzo/dev/mesh/issue1393-q4-snapshot-20260930/target/release/xtask, 20134 MiB
 02:08:28 up 7 days,  9:59,  6 users,  load average: 1.79, 1.70, 1.66
2026-10-01T02:08:30-04:00
95 %, 20571 MiB, 2925 MHz, 13801 MHz, 95.05 W, 33
0 %, 20 MiB, 210 MHz, 405 MHz, 23.96 W, 28
1875905, /home/ndizazzo/dev/mesh/issue1393-q4-snapshot-20260930/target/release/xtask, 20134 MiB
 02:08:30 up 7 days,  9:59,  6 users,  load average: 1.80, 1.71, 1.66
2026-10-01T02:08:32-04:00
100 %, 20571 MiB, 2925 MHz, 13801 MHz, 95.42 W, 33
0 %, 20 MiB, 210 MHz, 405 MHz, 21.86 W, 28
1875905, /home/ndizazzo/dev/mesh/issue1393-q4-snapshot-20260930/target/release/xtask, 20134 MiB
 02:08:32 up 7 days,  9:59,  6 users,  load average: 1.80, 1.71, 1.66
2026-10-01T02:08:34-04:00
86 %, 20571 MiB, 2925 MHz, 13801 MHz, 94.31 W, 33
0 %, 20 MiB, 210 MHz, 405 MHz, 21.09 W, 28
1875905, /home/ndizazzo/dev/mesh/issue1393-q4-snapshot-20260930/target/release/xtask, 20134 MiB
 02:08:34 up 7 days,  9:59,  6 users,  load average: 1.80, 1.71, 1.66
2026-10-01T02:08:36-04:00
95 %, 20571 MiB, 2925 MHz, 13801 MHz, 94.16 W, 33
0 %, 20 MiB, 210 MHz, 405 MHz, 21.25 W, 28
1875905, /home/ndizazzo/dev/mesh/issue1393-q4-snapshot-20260930/target/release/xtask, 20134 MiB
 02:08:36 up 7 days,  9:59,  6 users,  load average: 1.74, 1.70, 1.66
2026-10-01T02:08:38-04:00
96 %, 20571 MiB, 2925 MHz, 13801 MHz, 93.62 W, 33
0 %, 20 MiB, 210 MHz, 405 MHz, 27.51 W, 28
1875905, /home/ndizazzo/dev/mesh/issue1393-q4-snapshot-20260930/target/release/xtask, 20134 MiB
 02:08:38 up 7 days,  9:59,  6 users,  load average: 1.74, 1.70, 1.66
2026-10-01T02:08:40-04:00
94 %, 20571 MiB, 2925 MHz, 13801 MHz, 93.67 W, 33
0 %, 20 MiB, 210 MHz, 405 MHz, 21.44 W, 28
1875905, /home/ndizazzo/dev/mesh/issue1393-q4-snapshot-20260930/target/release/xtask, 20134 MiB
 02:08:40 up 7 days,  9:59,  6 users,  load average: 1.76, 1.70, 1.66
2026-10-01T02:08:42-04:00
88 %, 20571 MiB, 2925 MHz, 13801 MHz, 94.07 W, 33
0 %, 20 MiB, 210 MHz, 405 MHz, 21.29 W, 28
1875905, /home/ndizazzo/dev/mesh/issue1393-q4-snapshot-20260930/target/release/xtask, 20134 MiB
 02:08:43 up 7 days,  9:59,  6 users,  load average: 1.76, 1.70, 1.66
2026-10-01T02:08:45-04:00
90 %, 20571 MiB, 2925 MHz, 13801 MHz, 94.09 W, 33
0 %, 20 MiB, 210 MHz, 405 MHz, 22.94 W, 28
1875905, /home/ndizazzo/dev/mesh/issue1393-q4-snapshot-20260930/target/release/xtask, 20134 MiB
 02:08:45 up 7 days,  9:59,  6 users,  load average: 1.76, 1.70, 1.66
2026-10-01T02:08:47-04:00
96 %, 20571 MiB, 2925 MHz, 13801 MHz, 93.64 W, 33
0 %, 20 MiB, 210 MHz, 405 MHz, 22.18 W, 28
1875905, /home/ndizazzo/dev/mesh/issue1393-q4-snapshot-20260930/target/release/xtask, 20134 MiB
 02:08:47 up 7 days,  9:59,  6 users,  load average: 1.78, 1.71, 1.66
2026-10-01T02:08:49-04:00
98 %, 20571 MiB, 2925 MHz, 13801 MHz, 93.51 W, 33
0 %, 20 MiB, 210 MHz, 405 MHz, 21.26 W, 28
1875905, /home/ndizazzo/dev/mesh/issue1393-q4-snapshot-20260930/target/release/xtask, 20134 MiB
 02:08:49 up 7 days,  9:59,  6 users,  load average: 1.78, 1.71, 1.66
2026-10-01T02:08:51-04:00
94 %, 20571 MiB, 2925 MHz, 13801 MHz, 93.69 W, 33
0 %, 20 MiB, 210 MHz, 405 MHz, 21.36 W, 28
1875905, /home/ndizazzo/dev/mesh/issue1393-q4-snapshot-20260930/target/release/xtask, 20134 MiB
 02:08:51 up 7 days,  9:59,  6 users,  load average: 1.80, 1.71, 1.66
2026-10-01T02:08:53-04:00
87 %, 20571 MiB, 2925 MHz, 13801 MHz, 93.77 W, 33
0 %, 20 MiB, 210 MHz, 405 MHz, 27.49 W, 28
1875905, /home/ndizazzo/dev/mesh/issue1393-q4-snapshot-20260930/target/release/xtask, 20134 MiB
 02:08:53 up 7 days,  9:59,  6 users,  load average: 1.80, 1.71, 1.66
2026-10-01T02:08:55-04:00
96 %, 20571 MiB, 2925 MHz, 13801 MHz, 93.64 W, 33
0 %, 20 MiB, 210 MHz, 405 MHz, 21.33 W, 28
1875905, /home/ndizazzo/dev/mesh/issue1393-q4-snapshot-20260930/target/release/xtask, 20134 MiB
 02:08:55 up 7 days,  9:59,  6 users,  load average: 1.89, 1.74, 1.67
2026-10-01T02:08:57-04:00
87 %, 20571 MiB, 2925 MHz, 13801 MHz, 94.30 W, 33
0 %, 20 MiB, 210 MHz, 405 MHz, 21.26 W, 28
1875905, /home/ndizazzo/dev/mesh/issue1393-q4-snapshot-20260930/target/release/xtask, 20134 MiB
 02:08:57 up 7 days, 10:00,  6 users,  load average: 1.89, 1.74, 1.67
2026-10-01T02:08:59-04:00
94 %, 20571 MiB, 2925 MHz, 13801 MHz, 94.01 W, 33
0 %, 20 MiB, 210 MHz, 405 MHz, 23.42 W, 28
1875905, /home/ndizazzo/dev/mesh/issue1393-q4-snapshot-20260930/target/release/xtask, 20134 MiB
 02:08:59 up 7 days, 10:00,  6 users,  load average: 1.89, 1.74, 1.67
2026-10-01T02:09:01-04:00
87 %, 20571 MiB, 2925 MHz, 13801 MHz, 94.18 W, 33
0 %, 20 MiB, 210 MHz, 405 MHz, 22.53 W, 28
1875905, /home/ndizazzo/dev/mesh/issue1393-q4-snapshot-20260930/target/release/xtask, 20134 MiB
 02:09:01 up 7 days, 10:00,  6 users,  load average: 1.90, 1.74, 1.67
2026-10-01T02:09:03-04:00
87 %, 20571 MiB, 2925 MHz, 13801 MHz, 94.40 W, 33
0 %, 20 MiB, 210 MHz, 405 MHz, 21.26 W, 28
1875905, /home/ndizazzo/dev/mesh/issue1393-q4-snapshot-20260930/target/release/xtask, 20134 MiB
 02:09:03 up 7 days, 10:00,  6 users,  load average: 1.90, 1.74, 1.67
2026-10-01T02:09:05-04:00
95 %, 20571 MiB, 2925 MHz, 13801 MHz, 94.78 W, 33
0 %, 20 MiB, 210 MHz, 405 MHz, 21.23 W, 28
1875905, /home/ndizazzo/dev/mesh/issue1393-q4-snapshot-20260930/target/release/xtask, 20134 MiB
 02:09:05 up 7 days, 10:00,  6 users,  load average: 1.83, 1.73, 1.67
2026-10-01T02:09:07-04:00
96 %, 20571 MiB, 2925 MHz, 13801 MHz, 94.20 W, 33
0 %, 20 MiB, 210 MHz, 405 MHz, 27.18 W, 28
1875905, /home/ndizazzo/dev/mesh/issue1393-q4-snapshot-20260930/target/release/xtask, 20134 MiB
 02:09:07 up 7 days, 10:00,  6 users,  load average: 1.83, 1.73, 1.67
2026-10-01T02:09:09-04:00
87 %, 20571 MiB, 2925 MHz, 13801 MHz, 94.81 W, 33
0 %, 20 MiB, 210 MHz, 405 MHz, 21.29 W, 28
1875905, /home/ndizazzo/dev/mesh/issue1393-q4-snapshot-20260930/target/release/xtask, 20134 MiB
 02:09:09 up 7 days, 10:00,  6 users,  load average: 1.83, 1.73, 1.67
2026-10-01T02:09:11-04:00
90 %, 20571 MiB, 2925 MHz, 13801 MHz, 95.01 W, 33
0 %, 20 MiB, 210 MHz, 405 MHz, 21.11 W, 28
1875905, /home/ndizazzo/dev/mesh/issue1393-q4-snapshot-20260930/target/release/xtask, 20134 MiB
 02:09:11 up 7 days, 10:00,  6 users,  load average: 1.84, 1.73, 1.67
2026-10-01T02:09:13-04:00
94 %, 20571 MiB, 2925 MHz, 13801 MHz, 95.05 W, 33
0 %, 20 MiB, 210 MHz, 405 MHz, 23.89 W, 28
1875905, /home/ndizazzo/dev/mesh/issue1393-q4-snapshot-20260930/target/release/xtask, 20134 MiB
 02:09:13 up 7 days, 10:00,  6 users,  load average: 1.84, 1.73, 1.67
2026-10-01T02:09:15-04:00
95 %, 20571 MiB, 2925 MHz, 13801 MHz, 94.68 W, 33
0 %, 20 MiB, 210 MHz, 405 MHz, 22.07 W, 28
1875905, /home/ndizazzo/dev/mesh/issue1393-q4-snapshot-20260930/target/release/xtask, 20134 MiB
 02:09:15 up 7 days, 10:00,  6 users,  load average: 1.78, 1.72, 1.67
2026-10-01T02:09:17-04:00
96 %, 20571 MiB, 2925 MHz, 13801 MHz, 94.56 W, 33
0 %, 20 MiB, 210 MHz, 405 MHz, 21.11 W, 28
1875905, /home/ndizazzo/dev/mesh/issue1393-q4-snapshot-20260930/target/release/xtask, 20134 MiB
 02:09:18 up 7 days, 10:00,  6 users,  load average: 1.78, 1.72, 1.67
2026-10-01T02:09:20-04:00
91 %, 20571 MiB, 2925 MHz, 13801 MHz, 94.17 W, 33
0 %, 20 MiB, 210 MHz, 405 MHz, 21.38 W, 28
1875905, /home/ndizazzo/dev/mesh/issue1393-q4-snapshot-20260930/target/release/xtask, 20134 MiB
 02:09:20 up 7 days, 10:00,  6 users,  load average: 1.78, 1.72, 1.67
2026-10-01T02:09:22-04:00
96 %, 20571 MiB, 2925 MHz, 13801 MHz, 95.21 W, 33
0 %, 20 MiB, 210 MHz, 405 MHz, 22.50 W, 28
1875905, /home/ndizazzo/dev/mesh/issue1393-q4-snapshot-20260930/target/release/xtask, 20134 MiB
 02:09:22 up 7 days, 10:00,  6 users,  load average: 1.79, 1.72, 1.67
2026-10-01T02:09:24-04:00
95 %, 20571 MiB, 2925 MHz, 13801 MHz, 96.64 W, 33
0 %, 20 MiB, 210 MHz, 405 MHz, 21.17 W, 28
1875905, /home/ndizazzo/dev/mesh/issue1393-q4-snapshot-20260930/target/release/xtask, 20134 MiB
 02:09:24 up 7 days, 10:00,  6 users,  load average: 1.79, 1.72, 1.67
2026-10-01T02:09:26-04:00
93 %, 20571 MiB, 2925 MHz, 13801 MHz, 93.79 W, 33
0 %, 20 MiB, 210 MHz, 405 MHz, 21.23 W, 28
1875905, /home/ndizazzo/dev/mesh/issue1393-q4-snapshot-20260930/target/release/xtask, 20134 MiB
 02:09:26 up 7 days, 10:00,  6 users,  load average: 1.81, 1.73, 1.67
2026-10-01T02:09:28-04:00
91 %, 20571 MiB, 2925 MHz, 13801 MHz, 93.48 W, 33
0 %, 20 MiB, 210 MHz, 405 MHz, 26.86 W, 28
1875905, /home/ndizazzo/dev/mesh/issue1393-q4-snapshot-20260930/target/release/xtask, 20134 MiB
 02:09:28 up 7 days, 10:00,  6 users,  load average: 1.81, 1.73, 1.67
2026-10-01T02:09:30-04:00
84 %, 20571 MiB, 2925 MHz, 13801 MHz, 93.48 W, 33
0 %, 20 MiB, 210 MHz, 405 MHz, 22.22 W, 28
1875905, /home/ndizazzo/dev/mesh/issue1393-q4-snapshot-20260930/target/release/xtask, 20134 MiB
 02:09:30 up 7 days, 10:00,  6 users,  load average: 1.75, 1.72, 1.67
2026-10-01T02:09:32-04:00
88 %, 20571 MiB, 2925 MHz, 13801 MHz, 94.21 W, 33
0 %, 20 MiB, 210 MHz, 405 MHz, 20.98 W, 28
1875905, /home/ndizazzo/dev/mesh/issue1393-q4-snapshot-20260930/target/release/xtask, 20134 MiB
 02:09:32 up 7 days, 10:00,  6 users,  load average: 1.75, 1.72, 1.67
2026-10-01T02:09:34-04:00
96 %, 20571 MiB, 2925 MHz, 13801 MHz, 93.84 W, 33
0 %, 20 MiB, 210 MHz, 405 MHz, 21.40 W, 28
1875905, /home/ndizazzo/dev/mesh/issue1393-q4-snapshot-20260930/target/release/xtask, 20134 MiB
 02:09:34 up 7 days, 10:00,  6 users,  load average: 1.75, 1.72, 1.67
2026-10-01T02:09:36-04:00
96 %, 20571 MiB, 2925 MHz, 13801 MHz, 94.18 W, 33
0 %, 20 MiB, 210 MHz, 405 MHz, 27.28 W, 28
1875905, /home/ndizazzo/dev/mesh/issue1393-q4-snapshot-20260930/target/release/xtask, 20134 MiB
 02:09:36 up 7 days, 10:00,  6 users,  load average: 1.69, 1.70, 1.66
2026-10-01T02:09:38-04:00
95 %, 20571 MiB, 2925 MHz, 13801 MHz, 93.39 W, 33
0 %, 20 MiB, 210 MHz, 405 MHz, 21.28 W, 28
1875905, /home/ndizazzo/dev/mesh/issue1393-q4-snapshot-20260930/target/release/xtask, 20134 MiB
 02:09:38 up 7 days, 10:00,  6 users,  load average: 1.69, 1.70, 1.66
2026-10-01T02:09:40-04:00
96 %, 20571 MiB, 2925 MHz, 13801 MHz, 93.38 W, 33
0 %, 20 MiB, 210 MHz, 405 MHz, 21.21 W, 28
1875905, /home/ndizazzo/dev/mesh/issue1393-q4-snapshot-20260930/target/release/xtask, 20134 MiB
 02:09:40 up 7 days, 10:00,  6 users,  load average: 1.63, 1.69, 1.66
2026-10-01T02:09:42-04:00
96 %, 20571 MiB, 2925 MHz, 13801 MHz, 92.97 W, 33
0 %, 20 MiB, 210 MHz, 405 MHz, 27.52 W, 28
1875905, /home/ndizazzo/dev/mesh/issue1393-q4-snapshot-20260930/target/release/xtask, 20134 MiB
 02:09:42 up 7 days, 10:00,  6 users,  load average: 1.63, 1.69, 1.66
2026-10-01T02:09:44-04:00
87 %, 20571 MiB, 2925 MHz, 13801 MHz, 93.69 W, 33
0 %, 20 MiB, 210 MHz, 405 MHz, 21.17 W, 28
1875905, /home/ndizazzo/dev/mesh/issue1393-q4-snapshot-20260930/target/release/xtask, 20134 MiB
 02:09:44 up 7 days, 10:00,  6 users,  load average: 1.63, 1.69, 1.66
2026-10-01T02:09:46-04:00
98 %, 20571 MiB, 2925 MHz, 13801 MHz, 93.96 W, 33
0 %, 20 MiB, 210 MHz, 405 MHz, 21.20 W, 28
1875905, /home/ndizazzo/dev/mesh/issue1393-q4-snapshot-20260930/target/release/xtask, 20134 MiB
 02:09:46 up 7 days, 10:00,  6 users,  load average: 1.58, 1.68, 1.65
2026-10-01T02:09:48-04:00
100 %, 20571 MiB, 2925 MHz, 13801 MHz, 95.23 W, 33
0 %, 20 MiB, 210 MHz, 405 MHz, 21.00 W, 28
1875905, /home/ndizazzo/dev/mesh/issue1393-q4-snapshot-20260930/target/release/xtask, 20134 MiB
 02:09:48 up 7 days, 10:00,  6 users,  load average: 1.58, 1.68, 1.65
2026-10-01T02:09:50-04:00
89 %, 20571 MiB, 2925 MHz, 13801 MHz, 93.73 W, 33
0 %, 20 MiB, 210 MHz, 405 MHz, 27.33 W, 28
1875905, /home/ndizazzo/dev/mesh/issue1393-q4-snapshot-20260930/target/release/xtask, 20134 MiB
 02:09:50 up 7 days, 10:00,  6 users,  load average: 1.61, 1.69, 1.66
2026-10-01T02:09:52-04:00
86 %, 20571 MiB, 2925 MHz, 13801 MHz, 93.96 W, 33
0 %, 20 MiB, 210 MHz, 405 MHz, 21.54 W, 28
1875905, /home/ndizazzo/dev/mesh/issue1393-q4-snapshot-20260930/target/release/xtask, 20134 MiB
 02:09:53 up 7 days, 10:00,  6 users,  load average: 1.61, 1.69, 1.66
2026-10-01T02:09:55-04:00
88 %, 20571 MiB, 2925 MHz, 13801 MHz, 94.23 W, 33
0 %, 20 MiB, 210 MHz, 405 MHz, 21.28 W, 28
1875905, /home/ndizazzo/dev/mesh/issue1393-q4-snapshot-20260930/target/release/xtask, 20134 MiB
 02:09:55 up 7 days, 10:00,  6 users,  load average: 1.61, 1.69, 1.66
2026-10-01T02:09:57-04:00
95 %, 20571 MiB, 2925 MHz, 13801 MHz, 93.95 W, 33
0 %, 20 MiB, 210 MHz, 405 MHz, 27.23 W, 28
1875905, /home/ndizazzo/dev/mesh/issue1393-q4-snapshot-20260930/target/release/xtask, 20134 MiB
 02:09:57 up 7 days, 10:01,  6 users,  load average: 1.64, 1.69, 1.66
2026-10-01T02:09:59-04:00
95 %, 20571 MiB, 2925 MHz, 13801 MHz, 93.63 W, 33
0 %, 20 MiB, 210 MHz, 405 MHz, 21.39 W, 28
1875905, /home/ndizazzo/dev/mesh/issue1393-q4-snapshot-20260930/target/release/xtask, 20134 MiB
 02:09:59 up 7 days, 10:01,  6 users,  load average: 1.64, 1.69, 1.66
2026-10-01T02:10:01-04:00
90 %, 20571 MiB, 2925 MHz, 13801 MHz, 93.50 W, 33
0 %, 20 MiB, 210 MHz, 405 MHz, 21.25 W, 28
1875905, /home/ndizazzo/dev/mesh/issue1393-q4-snapshot-20260930/target/release/xtask, 20134 MiB
 02:10:01 up 7 days, 10:01,  6 users,  load average: 1.67, 1.70, 1.66
2026-10-01T02:10:03-04:00
92 %, 20571 MiB, 2925 MHz, 13801 MHz, 93.57 W, 33
1 %, 20 MiB, 210 MHz, 405 MHz, 21.42 W, 28
1875905, /home/ndizazzo/dev/mesh/issue1393-q4-snapshot-20260930/target/release/xtask, 20134 MiB
 02:10:03 up 7 days, 10:01,  6 users,  load average: 1.67, 1.70, 1.66
2026-10-01T02:10:05-04:00
94 %, 20571 MiB, 2925 MHz, 13801 MHz, 93.53 W, 33
0 %, 20 MiB, 210 MHz, 405 MHz, 21.74 W, 28
1875905, /home/ndizazzo/dev/mesh/issue1393-q4-snapshot-20260930/target/release/xtask, 20134 MiB
 02:10:05 up 7 days, 10:01,  6 users,  load average: 1.70, 1.70, 1.66
2026-10-01T02:10:07-04:00
91 %, 20571 MiB, 2925 MHz, 13801 MHz, 93.74 W, 33
0 %, 20 MiB, 210 MHz, 405 MHz, 21.24 W, 28
1875905, /home/ndizazzo/dev/mesh/issue1393-q4-snapshot-20260930/target/release/xtask, 20134 MiB
 02:10:07 up 7 days, 10:01,  6 users,  load average: 1.70, 1.70, 1.66
2026-10-01T02:10:09-04:00
87 %, 20571 MiB, 2925 MHz, 13801 MHz, 94.41 W, 33
0 %, 20 MiB, 210 MHz, 405 MHz, 21.19 W, 28
1875905, /home/ndizazzo/dev/mesh/issue1393-q4-snapshot-20260930/target/release/xtask, 20134 MiB
 02:10:09 up 7 days, 10:01,  6 users,  load average: 1.70, 1.70, 1.66
2026-10-01T02:10:11-04:00
85 %, 20571 MiB, 2925 MHz, 13801 MHz, 93.41 W, 33
0 %, 20 MiB, 210 MHz, 405 MHz, 24.25 W, 28
1875905, /home/ndizazzo/dev/mesh/issue1393-q4-snapshot-20260930/target/release/xtask, 20134 MiB
 02:10:11 up 7 days, 10:01,  6 users,  load average: 1.72, 1.71, 1.66
2026-10-01T02:10:13-04:00
98 %, 20571 MiB, 2925 MHz, 13801 MHz, 94.59 W, 33
0 %, 20 MiB, 210 MHz, 405 MHz, 22.42 W, 28
1875905, /home/ndizazzo/dev/mesh/issue1393-q4-snapshot-20260930/target/release/xtask, 20134 MiB
 02:10:13 up 7 days, 10:01,  6 users,  load average: 1.72, 1.71, 1.66
2026-10-01T02:10:15-04:00
92 %, 20571 MiB, 2925 MHz, 13801 MHz, 96.04 W, 33
0 %, 20 MiB, 210 MHz, 405 MHz, 21.24 W, 28
1875905, /home/ndizazzo/dev/mesh/issue1393-q4-snapshot-20260930/target/release/xtask, 20134 MiB
 02:10:15 up 7 days, 10:01,  6 users,  load average: 1.75, 1.71, 1.67
2026-10-01T02:10:17-04:00
94 %, 20571 MiB, 2925 MHz, 13801 MHz, 93.79 W, 33
0 %, 20 MiB, 210 MHz, 405 MHz, 22.14 W, 28
1875905, /home/ndizazzo/dev/mesh/issue1393-q4-snapshot-20260930/target/release/xtask, 20134 MiB
 02:10:17 up 7 days, 10:01,  6 users,  load average: 1.75, 1.71, 1.67
2026-10-01T02:10:19-04:00
86 %, 20571 MiB, 2925 MHz, 13801 MHz, 93.33 W, 33
0 %, 20 MiB, 210 MHz, 405 MHz, 22.26 W, 29
1875905, /home/ndizazzo/dev/mesh/issue1393-q4-snapshot-20260930/target/release/xtask, 20134 MiB
 02:10:19 up 7 days, 10:01,  6 users,  load average: 1.75, 1.71, 1.67
2026-10-01T02:10:21-04:00
89 %, 20571 MiB, 2925 MHz, 13801 MHz, 93.82 W, 33
0 %, 20 MiB, 210 MHz, 405 MHz, 21.24 W, 28
1875905, /home/ndizazzo/dev/mesh/issue1393-q4-snapshot-20260930/target/release/xtask, 20134 MiB
 02:10:21 up 7 days, 10:01,  6 users,  load average: 1.69, 1.70, 1.66
2026-10-01T02:10:23-04:00
96 %, 20571 MiB, 2925 MHz, 13801 MHz, 94.29 W, 33
0 %, 20 MiB, 210 MHz, 405 MHz, 21.24 W, 28
1875905, /home/ndizazzo/dev/mesh/issue1393-q4-snapshot-20260930/target/release/xtask, 20134 MiB
 02:10:23 up 7 days, 10:01,  6 users,  load average: 1.69, 1.70, 1.66
2026-10-01T02:10:25-04:00
97 %, 20571 MiB, 2925 MHz, 13801 MHz, 94.00 W, 33
0 %, 20 MiB, 210 MHz, 405 MHz, 27.31 W, 29
1875905, /home/ndizazzo/dev/mesh/issue1393-q4-snapshot-20260930/target/release/xtask, 20134 MiB
 02:10:25 up 7 days, 10:01,  6 users,  load average: 1.71, 1.71, 1.66
2026-10-01T02:10:27-04:00
96 %, 20571 MiB, 2925 MHz, 13801 MHz, 93.83 W, 33
0 %, 20 MiB, 210 MHz, 405 MHz, 21.20 W, 28
1875905, /home/ndizazzo/dev/mesh/issue1393-q4-snapshot-20260930/target/release/xtask, 20134 MiB
 02:10:28 up 7 days, 10:01,  6 users,  load average: 1.71, 1.71, 1.66
2026-10-01T02:10:30-04:00
98 %, 20571 MiB, 2925 MHz, 13801 MHz, 92.60 W, 33
0 %, 20 MiB, 210 MHz, 405 MHz, 21.16 W, 28
1875905, /home/ndizazzo/dev/mesh/issue1393-q4-snapshot-20260930/target/release/xtask, 20134 MiB
 02:10:30 up 7 days, 10:01,  6 users,  load average: 1.71, 1.71, 1.66
2026-10-01T02:10:32-04:00
96 %, 20571 MiB, 2925 MHz, 13801 MHz, 93.53 W, 33
0 %, 20 MiB, 210 MHz, 405 MHz, 23.23 W, 28
1875905, /home/ndizazzo/dev/mesh/issue1393-q4-snapshot-20260930/target/release/xtask, 20134 MiB
 02:10:32 up 7 days, 10:01,  6 users,  load average: 1.65, 1.69, 1.66
2026-10-01T02:10:34-04:00
100 %, 20571 MiB, 2925 MHz, 13801 MHz, 93.63 W, 33
0 %, 20 MiB, 210 MHz, 405 MHz, 22.53 W, 28
1875905, /home/ndizazzo/dev/mesh/issue1393-q4-snapshot-20260930/target/release/xtask, 20134 MiB
 02:10:34 up 7 days, 10:01,  6 users,  load average: 1.65, 1.69, 1.66
2026-10-01T02:10:36-04:00
93 %, 20571 MiB, 2925 MHz, 13801 MHz, 93.58 W, 33
0 %, 20 MiB, 210 MHz, 405 MHz, 21.14 W, 28
1875905, /home/ndizazzo/dev/mesh/issue1393-q4-snapshot-20260930/target/release/xtask, 20134 MiB
 02:10:36 up 7 days, 10:01,  6 users,  load average: 1.68, 1.70, 1.66
2026-10-01T02:10:38-04:00
95 %, 20571 MiB, 2925 MHz, 13801 MHz, 94.45 W, 33
0 %, 20 MiB, 210 MHz, 405 MHz, 21.21 W, 28
1875905, /home/ndizazzo/dev/mesh/issue1393-q4-snapshot-20260930/target/release/xtask, 20134 MiB
 02:10:38 up 7 days, 10:01,  6 users,  load average: 1.68, 1.70, 1.66
2026-10-01T02:10:40-04:00
100 %, 20571 MiB, 2925 MHz, 13801 MHz, 93.85 W, 33
0 %, 20 MiB, 210 MHz, 405 MHz, 27.03 W, 28
1875905, /home/ndizazzo/dev/mesh/issue1393-q4-snapshot-20260930/target/release/xtask, 20134 MiB
 02:10:40 up 7 days, 10:01,  6 users,  load average: 1.79, 1.72, 1.67
2026-10-01T02:10:42-04:00
97 %, 20571 MiB, 2925 MHz, 13801 MHz, 93.36 W, 33
0 %, 20 MiB, 210 MHz, 405 MHz, 21.53 W, 28
1875905, /home/ndizazzo/dev/mesh/issue1393-q4-snapshot-20260930/target/release/xtask, 20134 MiB
 02:10:42 up 7 days, 10:01,  6 users,  load average: 1.79, 1.72, 1.67
2026-10-01T02:10:44-04:00
96 %, 20571 MiB, 2925 MHz, 13801 MHz, 93.36 W, 33
0 %, 20 MiB, 210 MHz, 405 MHz, 21.24 W, 28
1875905, /home/ndizazzo/dev/mesh/issue1393-q4-snapshot-20260930/target/release/xtask, 20134 MiB
 02:10:44 up 7 days, 10:01,  6 users,  load average: 1.79, 1.72, 1.67
2026-10-01T02:10:46-04:00
96 %, 20571 MiB, 2925 MHz, 13801 MHz, 93.45 W, 33
0 %, 20 MiB, 210 MHz, 405 MHz, 21.63 W, 28
1875905, /home/ndizazzo/dev/mesh/issue1393-q4-snapshot-20260930/target/release/xtask, 20134 MiB
 02:10:46 up 7 days, 10:01,  6 users,  load average: 1.81, 1.73, 1.67
2026-10-01T02:10:48-04:00
91 %, 20571 MiB, 2925 MHz, 13801 MHz, 93.79 W, 33
0 %, 20 MiB, 210 MHz, 405 MHz, 22.01 W, 28
1875905, /home/ndizazzo/dev/mesh/issue1393-q4-snapshot-20260930/target/release/xtask, 20134 MiB
 02:10:48 up 7 days, 10:01,  6 users,  load average: 1.81, 1.73, 1.67
2026-10-01T02:10:50-04:00
96 %, 20571 MiB, 2925 MHz, 13801 MHz, 93.09 W, 33
0 %, 20 MiB, 210 MHz, 405 MHz, 21.11 W, 28
1875905, /home/ndizazzo/dev/mesh/issue1393-q4-snapshot-20260930/target/release/xtask, 20134 MiB
 02:10:50 up 7 days, 10:01,  6 users,  load average: 1.74, 1.71, 1.67
2026-10-01T02:10:52-04:00
92 %, 20571 MiB, 2925 MHz, 13801 MHz, 93.19 W, 33
0 %, 20 MiB, 210 MHz, 405 MHz, 21.17 W, 28
1875905, /home/ndizazzo/dev/mesh/issue1393-q4-snapshot-20260930/target/release/xtask, 20134 MiB
 02:10:52 up 7 days, 10:01,  6 users,  load average: 1.74, 1.71, 1.67
2026-10-01T02:10:54-04:00
90 %, 20571 MiB, 2925 MHz, 13801 MHz, 93.75 W, 33
0 %, 20 MiB, 210 MHz, 405 MHz, 27.54 W, 28
1875905, /home/ndizazzo/dev/mesh/issue1393-q4-snapshot-20260930/target/release/xtask, 20134 MiB
 02:10:54 up 7 days, 10:01,  6 users,  load average: 1.74, 1.71, 1.67
2026-10-01T02:10:56-04:00
88 %, 20571 MiB, 2925 MHz, 13801 MHz, 93.22 W, 33
0 %, 20 MiB, 210 MHz, 405 MHz, 21.34 W, 28
1875905, /home/ndizazzo/dev/mesh/issue1393-q4-snapshot-20260930/target/release/xtask, 20134 MiB
 02:10:56 up 7 days, 10:01,  6 users,  load average: 1.76, 1.72, 1.67
2026-10-01T02:10:58-04:00
96 %, 20571 MiB, 2925 MHz, 13801 MHz, 93.81 W, 33
0 %, 20 MiB, 210 MHz, 405 MHz, 21.20 W, 28
1875905, /home/ndizazzo/dev/mesh/issue1393-q4-snapshot-20260930/target/release/xtask, 20134 MiB
 02:10:58 up 7 days, 10:02,  6 users,  load average: 1.76, 1.72, 1.67
2026-10-01T02:11:00-04:00
96 %, 20571 MiB, 2925 MHz, 13801 MHz, 93.87 W, 33
0 %, 20 MiB, 210 MHz, 405 MHz, 22.47 W, 28
1875905, /home/ndizazzo/dev/mesh/issue1393-q4-snapshot-20260930/target/release/xtask, 20134 MiB
 02:11:00 up 7 days, 10:02,  6 users,  load average: 1.78, 1.72, 1.67
2026-10-01T02:11:02-04:00
96 %, 20571 MiB, 2925 MHz, 13801 MHz, 93.34 W, 33
0 %, 20 MiB, 210 MHz, 405 MHz, 22.40 W, 28
1875905, /home/ndizazzo/dev/mesh/issue1393-q4-snapshot-20260930/target/release/xtask, 20134 MiB
 02:11:03 up 7 days, 10:02,  6 users,  load average: 1.78, 1.72, 1.67
2026-10-01T02:11:05-04:00
95 %, 20571 MiB, 2925 MHz, 13801 MHz, 94.13 W, 33
0 %, 20 MiB, 210 MHz, 405 MHz, 21.11 W, 28
1875905, /home/ndizazzo/dev/mesh/issue1393-q4-snapshot-20260930/target/release/xtask, 20134 MiB
 02:11:05 up 7 days, 10:02,  6 users,  load average: 1.78, 1.72, 1.67
2026-10-01T02:11:07-04:00
89 %, 20571 MiB, 2925 MHz, 13801 MHz, 96.93 W, 33
0 %, 20 MiB, 210 MHz, 405 MHz, 21.24 W, 28
1875905, /home/ndizazzo/dev/mesh/issue1393-q4-snapshot-20260930/target/release/xtask, 20134 MiB
 02:11:07 up 7 days, 10:02,  6 users,  load average: 1.72, 1.71, 1.67
2026-10-01T02:11:09-04:00
87 %, 20571 MiB, 2925 MHz, 13801 MHz, 93.65 W, 33
0 %, 20 MiB, 210 MHz, 405 MHz, 27.05 W, 28
1875905, /home/ndizazzo/dev/mesh/issue1393-q4-snapshot-20260930/target/release/xtask, 20134 MiB
 02:11:09 up 7 days, 10:02,  6 users,  load average: 1.72, 1.71, 1.67
2026-10-01T02:11:11-04:00
97 %, 20571 MiB, 2925 MHz, 13801 MHz, 93.56 W, 33
0 %, 20 MiB, 210 MHz, 405 MHz, 21.35 W, 28
1875905, /home/ndizazzo/dev/mesh/issue1393-q4-snapshot-20260930/target/release/xtask, 20134 MiB
 02:11:11 up 7 days, 10:02,  6 users,  load average: 1.74, 1.72, 1.67
2026-10-01T02:11:13-04:00
96 %, 20571 MiB, 2925 MHz, 13801 MHz, 93.35 W, 33
0 %, 20 MiB, 210 MHz, 405 MHz, 21.17 W, 28
1875905, /home/ndizazzo/dev/mesh/issue1393-q4-snapshot-20260930/target/release/xtask, 20134 MiB
 02:11:13 up 7 days, 10:02,  6 users,  load average: 1.74, 1.72, 1.67
2026-10-01T02:11:15-04:00
98 %, 20571 MiB, 2925 MHz, 13801 MHz, 92.77 W, 33
0 %, 20 MiB, 210 MHz, 405 MHz, 23.09 W, 28
1875905, /home/ndizazzo/dev/mesh/issue1393-q4-snapshot-20260930/target/release/xtask, 20134 MiB
 02:11:15 up 7 days, 10:02,  6 users,  load average: 1.84, 1.74, 1.68
2026-10-01T02:11:17-04:00
96 %, 20571 MiB, 2925 MHz, 13801 MHz, 93.75 W, 33
0 %, 20 MiB, 210 MHz, 405 MHz, 21.95 W, 28
1875905, /home/ndizazzo/dev/mesh/issue1393-q4-snapshot-20260930/target/release/xtask, 20134 MiB
 02:11:17 up 7 days, 10:02,  6 users,  load average: 1.84, 1.74, 1.68
2026-10-01T02:11:19-04:00
100 %, 20571 MiB, 2925 MHz, 13801 MHz, 93.53 W, 33
0 %, 20 MiB, 210 MHz, 405 MHz, 21.18 W, 28
1875905, /home/ndizazzo/dev/mesh/issue1393-q4-snapshot-20260930/target/release/xtask, 20134 MiB
 02:11:19 up 7 days, 10:02,  6 users,  load average: 1.84, 1.74, 1.68
2026-10-01T02:11:21-04:00
96 %, 20571 MiB, 2925 MHz, 13801 MHz, 93.43 W, 33
0 %, 20 MiB, 210 MHz, 405 MHz, 21.23 W, 28
1875905, /home/ndizazzo/dev/mesh/issue1393-q4-snapshot-20260930/target/release/xtask, 20134 MiB
 02:11:21 up 7 days, 10:02,  6 users,  load average: 1.77, 1.73, 1.67
2026-10-01T02:11:23-04:00
98 %, 20571 MiB, 2925 MHz, 13801 MHz, 92.88 W, 33
0 %, 20 MiB, 210 MHz, 405 MHz, 27.49 W, 29
1875905, /home/ndizazzo/dev/mesh/issue1393-q4-snapshot-20260930/target/release/xtask, 20134 MiB
 02:11:23 up 7 days, 10:02,  6 users,  load average: 1.77, 1.73, 1.67
2026-10-01T02:11:25-04:00
98 %, 20571 MiB, 2925 MHz, 13801 MHz, 93.19 W, 33
0 %, 20 MiB, 210 MHz, 405 MHz, 21.46 W, 28
1875905, /home/ndizazzo/dev/mesh/issue1393-q4-snapshot-20260930/target/release/xtask, 20134 MiB
 02:11:25 up 7 days, 10:02,  6 users,  load average: 1.79, 1.73, 1.67
2026-10-01T02:11:27-04:00
100 %, 20571 MiB, 2925 MHz, 13801 MHz, 92.68 W, 33
0 %, 20 MiB, 210 MHz, 405 MHz, 21.16 W, 28
1875905, /home/ndizazzo/dev/mesh/issue1393-q4-snapshot-20260930/target/release/xtask, 20134 MiB
 02:11:27 up 7 days, 10:02,  6 users,  load average: 1.79, 1.73, 1.67
2026-10-01T02:11:29-04:00
95 %, 20571 MiB, 2925 MHz, 13801 MHz, 93.59 W, 33
0 %, 20 MiB, 210 MHz, 405 MHz, 23.52 W, 28
1875905, /home/ndizazzo/dev/mesh/issue1393-q4-snapshot-20260930/target/release/xtask, 20134 MiB
 02:11:29 up 7 days, 10:02,  6 users,  load average: 1.79, 1.73, 1.67
2026-10-01T02:11:31-04:00
98 %, 20571 MiB, 2925 MHz, 13801 MHz, 93.70 W, 33
0 %, 20 MiB, 210 MHz, 405 MHz, 22.25 W, 28
1875905, /home/ndizazzo/dev/mesh/issue1393-q4-snapshot-20260930/target/release/xtask, 20134 MiB
 02:11:31 up 7 days, 10:02,  6 users,  load average: 1.81, 1.74, 1.68
2026-10-01T02:11:33-04:00
96 %, 20571 MiB, 2925 MHz, 13801 MHz, 94.53 W, 33
0 %, 20 MiB, 210 MHz, 405 MHz, 21.13 W, 28
1875905, /home/ndizazzo/dev/mesh/issue1393-q4-snapshot-20260930/target/release/xtask, 20134 MiB
 02:11:33 up 7 days, 10:02,  6 users,  load average: 1.81, 1.74, 1.68
2026-10-01T02:11:35-04:00
98 %, 20571 MiB, 2925 MHz, 13801 MHz, 93.72 W, 33
0 %, 20 MiB, 210 MHz, 405 MHz, 21.30 W, 28
1875905, /home/ndizazzo/dev/mesh/issue1393-q4-snapshot-20260930/target/release/xtask, 20134 MiB
 02:11:35 up 7 days, 10:02,  6 users,  load average: 1.91, 1.76, 1.68
2026-10-01T02:11:37-04:00
96 %, 20571 MiB, 2925 MHz, 13801 MHz, 93.66 W, 33
0 %, 20 MiB, 210 MHz, 405 MHz, 27.30 W, 29
1875905, /home/ndizazzo/dev/mesh/issue1393-q4-snapshot-20260930/target/release/xtask, 20134 MiB
 02:11:38 up 7 days, 10:02,  6 users,  load average: 1.91, 1.76, 1.68
2026-10-01T02:11:40-04:00
96 %, 20571 MiB, 2925 MHz, 13801 MHz, 93.51 W, 33
0 %, 20 MiB, 210 MHz, 405 MHz, 21.29 W, 28
1875905, /home/ndizazzo/dev/mesh/issue1393-q4-snapshot-20260930/target/release/xtask, 20134 MiB
 02:11:40 up 7 days, 10:02,  6 users,  load average: 1.91, 1.76, 1.68
2026-10-01T02:11:42-04:00
95 %, 20571 MiB, 2925 MHz, 13801 MHz, 93.77 W, 33
0 %, 20 MiB, 210 MHz, 405 MHz, 21.22 W, 28
1875905, /home/ndizazzo/dev/mesh/issue1393-q4-snapshot-20260930/target/release/xtask, 20134 MiB
 02:11:42 up 7 days, 10:02,  6 users,  load average: 1.83, 1.74, 1.68
2026-10-01T02:11:44-04:00
100 %, 20571 MiB, 2925 MHz, 13801 MHz, 93.46 W, 33
0 %, 20 MiB, 210 MHz, 405 MHz, 23.94 W, 28
1875905, /home/ndizazzo/dev/mesh/issue1393-q4-snapshot-20260930/target/release/xtask, 20134 MiB
 02:11:44 up 7 days, 10:02,  6 users,  load average: 1.83, 1.74, 1.68
2026-10-01T02:11:46-04:00
95 %, 20571 MiB, 2925 MHz, 13801 MHz, 93.52 W, 33
0 %, 20 MiB, 210 MHz, 405 MHz, 22.56 W, 28
1875905, /home/ndizazzo/dev/mesh/issue1393-q4-snapshot-20260930/target/release/xtask, 20134 MiB
 02:11:46 up 7 days, 10:02,  6 users,  load average: 1.85, 1.75, 1.68
2026-10-01T02:11:48-04:00
94 %, 20571 MiB, 2925 MHz, 13801 MHz, 93.78 W, 33
0 %, 20 MiB, 210 MHz, 405 MHz, 21.26 W, 28
1875905, /home/ndizazzo/dev/mesh/issue1393-q4-snapshot-20260930/target/release/xtask, 20134 MiB
 02:11:48 up 7 days, 10:02,  6 users,  load average: 1.85, 1.75, 1.68
2026-10-01T02:11:50-04:00
96 %, 20571 MiB, 2925 MHz, 13801 MHz, 93.23 W, 33
0 %, 20 MiB, 210 MHz, 405 MHz, 21.33 W, 28
1875905, /home/ndizazzo/dev/mesh/issue1393-q4-snapshot-20260930/target/release/xtask, 20134 MiB
 02:11:50 up 7 days, 10:02,  6 users,  load average: 1.78, 1.74, 1.68
2026-10-01T02:11:52-04:00
96 %, 20571 MiB, 2925 MHz, 13801 MHz, 93.55 W, 33
0 %, 20 MiB, 210 MHz, 405 MHz, 27.16 W, 28
1875905, /home/ndizazzo/dev/mesh/issue1393-q4-snapshot-20260930/target/release/xtask, 20134 MiB
 02:11:52 up 7 days, 10:02,  6 users,  load average: 1.78, 1.74, 1.68
2026-10-01T02:11:54-04:00
91 %, 20571 MiB, 2925 MHz, 13801 MHz, 94.04 W, 33
0 %, 20 MiB, 210 MHz, 405 MHz, 21.47 W, 28
1875905, /home/ndizazzo/dev/mesh/issue1393-q4-snapshot-20260930/target/release/xtask, 20134 MiB
 02:11:54 up 7 days, 10:02,  6 users,  load average: 1.78, 1.74, 1.68
2026-10-01T02:11:56-04:00
95 %, 20571 MiB, 2925 MHz, 13801 MHz, 94.94 W, 33
0 %, 20 MiB, 210 MHz, 405 MHz, 21.24 W, 28
1875905, /home/ndizazzo/dev/mesh/issue1393-q4-snapshot-20260930/target/release/xtask, 20134 MiB
 02:11:56 up 7 days, 10:02,  6 users,  load average: 1.72, 1.72, 1.67
2026-10-01T02:11:58-04:00
100 %, 20571 MiB, 2925 MHz, 13801 MHz, 95.26 W, 33
0 %, 20 MiB, 210 MHz, 405 MHz, 22.96 W, 29
1875905, /home/ndizazzo/dev/mesh/issue1393-q4-snapshot-20260930/target/release/xtask, 20134 MiB
 02:11:58 up 7 days, 10:03,  6 users,  load average: 1.72, 1.72, 1.67
2026-10-01T02:12:00-04:00
87 %, 20571 MiB, 2925 MHz, 13801 MHz, 94.14 W, 33
0 %, 20 MiB, 210 MHz, 405 MHz, 22.14 W, 28
1875905, /home/ndizazzo/dev/mesh/issue1393-q4-snapshot-20260930/target/release/xtask, 20134 MiB
 02:12:00 up 7 days, 10:03,  6 users,  load average: 1.74, 1.73, 1.68
2026-10-01T02:12:02-04:00
87 %, 20571 MiB, 2925 MHz, 13801 MHz, 93.71 W, 33
0 %, 20 MiB, 210 MHz, 405 MHz, 21.22 W, 28
1875905, /home/ndizazzo/dev/mesh/issue1393-q4-snapshot-20260930/target/release/xtask, 20134 MiB
 02:12:02 up 7 days, 10:03,  6 users,  load average: 1.74, 1.73, 1.68
2026-10-01T02:12:04-04:00
96 %, 20571 MiB, 2925 MHz, 13801 MHz, 94.15 W, 33
0 %, 20 MiB, 210 MHz, 405 MHz, 21.29 W, 28
1875905, /home/ndizazzo/dev/mesh/issue1393-q4-snapshot-20260930/target/release/xtask, 20134 MiB
 02:12:04 up 7 days, 10:03,  6 users,  load average: 1.74, 1.73, 1.68
2026-10-01T02:12:06-04:00
97 %, 20571 MiB, 2925 MHz, 13801 MHz, 94.56 W, 33
0 %, 20 MiB, 210 MHz, 405 MHz, 27.31 W, 28
1875905, /home/ndizazzo/dev/mesh/issue1393-q4-snapshot-20260930/target/release/xtask, 20134 MiB
 02:12:06 up 7 days, 10:03,  6 users,  load average: 1.76, 1.73, 1.68
2026-10-01T02:12:08-04:00
87 %, 20571 MiB, 2925 MHz, 13801 MHz, 93.80 W, 33
0 %, 20 MiB, 210 MHz, 405 MHz, 21.12 W, 28
1875905, /home/ndizazzo/dev/mesh/issue1393-q4-snapshot-20260930/target/release/xtask, 20134 MiB
 02:12:08 up 7 days, 10:03,  6 users,  load average: 1.76, 1.73, 1.68
2026-10-01T02:12:10-04:00
87 %, 20571 MiB, 2925 MHz, 13801 MHz, 93.40 W, 33
0 %, 20 MiB, 210 MHz, 405 MHz, 21.12 W, 28
1875905, /home/ndizazzo/dev/mesh/issue1393-q4-snapshot-20260930/target/release/xtask, 20134 MiB
 02:12:10 up 7 days, 10:03,  6 users,  load average: 1.78, 1.74, 1.68
2026-10-01T02:12:12-04:00
87 %, 20571 MiB, 2925 MHz, 13801 MHz, 93.53 W, 33
0 %, 20 MiB, 210 MHz, 405 MHz, 23.62 W, 28
1875905, /home/ndizazzo/dev/mesh/issue1393-q4-snapshot-20260930/target/release/xtask, 20134 MiB
 02:12:13 up 7 days, 10:03,  6 users,  load average: 1.78, 1.74, 1.68
2026-10-01T02:12:15-04:00
87 %, 20571 MiB, 2925 MHz, 13801 MHz, 93.72 W, 33
0 %, 20 MiB, 210 MHz, 405 MHz, 22.33 W, 28
1875905, /home/ndizazzo/dev/mesh/issue1393-q4-snapshot-20260930/target/release/xtask, 20134 MiB
 02:12:15 up 7 days, 10:03,  6 users,  load average: 1.78, 1.74, 1.68
2026-10-01T02:12:17-04:00
95 %, 20571 MiB, 2925 MHz, 13801 MHz, 93.92 W, 33
0 %, 20 MiB, 210 MHz, 405 MHz, 21.23 W, 28
1875905, /home/ndizazzo/dev/mesh/issue1393-q4-snapshot-20260930/target/release/xtask, 20134 MiB
 02:12:17 up 7 days, 10:03,  6 users,  load average: 1.80, 1.74, 1.68
2026-10-01T02:12:19-04:00
92 %, 20571 MiB, 2925 MHz, 13801 MHz, 94.32 W, 33
0 %, 20 MiB, 210 MHz, 405 MHz, 21.13 W, 28
1875905, /home/ndizazzo/dev/mesh/issue1393-q4-snapshot-20260930/target/release/xtask, 20134 MiB
 02:12:19 up 7 days, 10:03,  6 users,  load average: 1.80, 1.74, 1.68
2026-10-01T02:12:21-04:00
87 %, 20571 MiB, 2925 MHz, 13801 MHz, 94.26 W, 33
0 %, 20 MiB, 210 MHz, 405 MHz, 27.19 W, 28
1875905, /home/ndizazzo/dev/mesh/issue1393-q4-snapshot-20260930/target/release/xtask, 20134 MiB
 02:12:21 up 7 days, 10:03,  6 users,  load average: 1.73, 1.73, 1.68
2026-10-01T02:12:23-04:00
96 %, 20571 MiB, 2925 MHz, 13801 MHz, 94.01 W, 33
0 %, 20 MiB, 210 MHz, 405 MHz, 21.32 W, 28
1875905, /home/ndizazzo/dev/mesh/issue1393-q4-snapshot-20260930/target/release/xtask, 20134 MiB
 02:12:23 up 7 days, 10:03,  6 users,  load average: 1.73, 1.73, 1.68
2026-10-01T02:12:25-04:00
100 %, 20571 MiB, 2925 MHz, 13801 MHz, 95.49 W, 33
0 %, 20 MiB, 210 MHz, 405 MHz, 21.14 W, 28
1875905, /home/ndizazzo/dev/mesh/issue1393-q4-snapshot-20260930/target/release/xtask, 20134 MiB
 02:12:25 up 7 days, 10:03,  6 users,  load average: 1.83, 1.75, 1.69
2026-10-01T02:12:27-04:00
96 %, 20571 MiB, 2925 MHz, 13801 MHz, 93.25 W, 33
0 %, 20 MiB, 210 MHz, 405 MHz, 23.88 W, 28
1875905, /home/ndizazzo/dev/mesh/issue1393-q4-snapshot-20260930/target/release/xtask, 20134 MiB
 02:12:27 up 7 days, 10:03,  6 users,  load average: 1.83, 1.75, 1.69
2026-10-01T02:12:29-04:00
96 %, 20571 MiB, 2925 MHz, 13801 MHz, 93.08 W, 33
0 %, 20 MiB, 210 MHz, 405 MHz, 21.96 W, 29
1875905, /home/ndizazzo/dev/mesh/issue1393-q4-snapshot-20260930/target/release/xtask, 20134 MiB
 02:12:29 up 7 days, 10:03,  6 users,  load average: 1.83, 1.75, 1.69
2026-10-01T02:12:31-04:00
94 %, 20571 MiB, 2925 MHz, 13801 MHz, 93.77 W, 33
0 %, 20 MiB, 210 MHz, 405 MHz, 21.16 W, 28
1875905, /home/ndizazzo/dev/mesh/issue1393-q4-snapshot-20260930/target/release/xtask, 20134 MiB
 02:12:31 up 7 days, 10:03,  6 users,  load average: 1.77, 1.74, 1.68
2026-10-01T02:12:33-04:00
95 %, 20571 MiB, 2925 MHz, 13801 MHz, 93.77 W, 33
0 %, 20 MiB, 210 MHz, 405 MHz, 21.25 W, 28
1875905, /home/ndizazzo/dev/mesh/issue1393-q4-snapshot-20260930/target/release/xtask, 20134 MiB
 02:12:33 up 7 days, 10:03,  6 users,  load average: 1.77, 1.74, 1.68
2026-10-01T02:12:35-04:00
87 %, 20571 MiB, 2925 MHz, 13801 MHz, 93.43 W, 33
0 %, 20 MiB, 210 MHz, 405 MHz, 22.47 W, 28
1875905, /home/ndizazzo/dev/mesh/issue1393-q4-snapshot-20260930/target/release/xtask, 20134 MiB
 02:12:35 up 7 days, 10:03,  6 users,  load average: 1.71, 1.72, 1.68
2026-10-01T02:12:37-04:00
94 %, 20571 MiB, 2925 MHz, 13801 MHz, 94.28 W, 33
0 %, 20 MiB, 210 MHz, 405 MHz, 21.06 W, 28
1875905, /home/ndizazzo/dev/mesh/issue1393-q4-snapshot-20260930/target/release/xtask, 20134 MiB
 02:12:37 up 7 days, 10:03,  6 users,  load average: 1.71, 1.72, 1.68
2026-10-01T02:12:39-04:00
95 %, 20571 MiB, 2925 MHz, 13801 MHz, 94.40 W, 33
0 %, 20 MiB, 210 MHz, 405 MHz, 21.14 W, 28
1875905, /home/ndizazzo/dev/mesh/issue1393-q4-snapshot-20260930/target/release/xtask, 20134 MiB
 02:12:39 up 7 days, 10:03,  6 users,  load average: 1.71, 1.72, 1.68
2026-10-01T02:12:41-04:00
90 %, 20571 MiB, 2925 MHz, 13801 MHz, 94.33 W, 33
0 %, 20 MiB, 210 MHz, 405 MHz, 27.04 W, 28
1875905, /home/ndizazzo/dev/mesh/issue1393-q4-snapshot-20260930/target/release/xtask, 20134 MiB
 02:12:41 up 7 days, 10:03,  6 users,  load average: 1.73, 1.73, 1.68
2026-10-01T02:12:43-04:00
87 %, 20571 MiB, 2925 MHz, 13801 MHz, 93.86 W, 33
0 %, 20 MiB, 210 MHz, 405 MHz, 22.25 W, 28
1875905, /home/ndizazzo/dev/mesh/issue1393-q4-snapshot-20260930/target/release/xtask, 20134 MiB
 02:12:43 up 7 days, 10:03,  6 users,  load average: 1.73, 1.73, 1.68
2026-10-01T02:12:45-04:00
87 %, 20571 MiB, 2925 MHz, 13801 MHz, 93.96 W, 33
0 %, 20 MiB, 210 MHz, 405 MHz, 21.07 W, 28
1875905, /home/ndizazzo/dev/mesh/issue1393-q4-snapshot-20260930/target/release/xtask, 20134 MiB
 02:12:45 up 7 days, 10:03,  6 users,  load average: 1.67, 1.72, 1.68
2026-10-01T02:12:48-04:00
89 %, 20571 MiB, 2925 MHz, 13801 MHz, 94.34 W, 33
0 %, 20 MiB, 210 MHz, 405 MHz, 21.15 W, 28
1875905, /home/ndizazzo/dev/mesh/issue1393-q4-snapshot-20260930/target/release/xtask, 20134 MiB
 02:12:48 up 7 days, 10:03,  6 users,  load average: 1.67, 1.72, 1.68
2026-10-01T02:12:50-04:00
93 %, 20571 MiB, 2925 MHz, 13801 MHz, 94.95 W, 33
0 %, 20 MiB, 210 MHz, 405 MHz, 27.27 W, 28
1875905, /home/ndizazzo/dev/mesh/issue1393-q4-snapshot-20260930/target/release/xtask, 20134 MiB
 02:12:50 up 7 days, 10:03,  6 users,  load average: 1.67, 1.72, 1.68
2026-10-01T02:12:52-04:00
100 %, 20571 MiB, 2925 MHz, 13801 MHz, 95.99 W, 33
0 %, 20 MiB, 210 MHz, 405 MHz, 20.99 W, 28
1875905, /home/ndizazzo/dev/mesh/issue1393-q4-snapshot-20260930/target/release/xtask, 20134 MiB
 02:12:52 up 7 days, 10:03,  6 users,  load average: 1.70, 1.72, 1.68
2026-10-01T02:12:54-04:00
88 %, 20571 MiB, 2925 MHz, 13801 MHz, 93.68 W, 33
0 %, 20 MiB, 210 MHz, 405 MHz, 21.11 W, 28
1875905, /home/ndizazzo/dev/mesh/issue1393-q4-snapshot-20260930/target/release/xtask, 20134 MiB
 02:12:54 up 7 days, 10:03,  6 users,  load average: 1.70, 1.72, 1.68
2026-10-01T02:12:56-04:00
95 %, 20571 MiB, 2925 MHz, 13801 MHz, 94.02 W, 33
0 %, 20 MiB, 210 MHz, 405 MHz, 27.41 W, 28
1875905, /home/ndizazzo/dev/mesh/issue1393-q4-snapshot-20260930/target/release/xtask, 20134 MiB
 02:12:56 up 7 days, 10:03,  6 users,  load average: 1.64, 1.71, 1.67
2026-10-01T02:12:58-04:00
97 %, 20571 MiB, 2925 MHz, 13801 MHz, 94.44 W, 33
0 %, 20 MiB, 210 MHz, 405 MHz, 21.51 W, 28
1875905, /home/ndizazzo/dev/mesh/issue1393-q4-snapshot-20260930/target/release/xtask, 20134 MiB
 02:12:58 up 7 days, 10:04,  6 users,  load average: 1.64, 1.71, 1.67
2026-10-01T02:13:00-04:00
87 %, 20571 MiB, 2925 MHz, 13801 MHz, 93.67 W, 33
0 %, 20 MiB, 210 MHz, 405 MHz, 20.97 W, 28
1875905, /home/ndizazzo/dev/mesh/issue1393-q4-snapshot-20260930/target/release/xtask, 20134 MiB
 02:13:00 up 7 days, 10:04,  6 users,  load average: 1.67, 1.72, 1.68
2026-10-01T02:13:02-04:00
87 %, 20571 MiB, 2925 MHz, 13801 MHz, 93.35 W, 33
0 %, 20 MiB, 210 MHz, 405 MHz, 21.00 W, 28
1875905, /home/ndizazzo/dev/mesh/issue1393-q4-snapshot-20260930/target/release/xtask, 20134 MiB
 02:13:02 up 7 days, 10:04,  6 users,  load average: 1.67, 1.72, 1.68
2026-10-01T02:13:04-04:00
87 %, 20571 MiB, 2925 MHz, 13801 MHz, 94.06 W, 33
0 %, 20 MiB, 210 MHz, 405 MHz, 27.01 W, 28
1875905, /home/ndizazzo/dev/mesh/issue1393-q4-snapshot-20260930/target/release/xtask, 20134 MiB
 02:13:04 up 7 days, 10:04,  6 users,  load average: 1.67, 1.72, 1.68
2026-10-01T02:13:06-04:00
90 %, 20571 MiB, 2925 MHz, 13801 MHz, 93.96 W, 33
0 %, 20 MiB, 210 MHz, 405 MHz, 21.37 W, 28
1875905, /home/ndizazzo/dev/mesh/issue1393-q4-snapshot-20260930/target/release/xtask, 20134 MiB
 02:13:06 up 7 days, 10:04,  6 users,  load average: 1.70, 1.72, 1.68
2026-10-01T02:13:08-04:00
89 %, 20571 MiB, 2925 MHz, 13801 MHz, 93.30 W, 33
0 %, 20 MiB, 210 MHz, 405 MHz, 21.05 W, 28
1875905, /home/ndizazzo/dev/mesh/issue1393-q4-snapshot-20260930/target/release/xtask, 20134 MiB
 02:13:08 up 7 days, 10:04,  6 users,  load average: 1.70, 1.72, 1.68
2026-10-01T02:13:10-04:00
87 %, 20571 MiB, 2925 MHz, 13801 MHz, 93.46 W, 33
0 %, 20 MiB, 210 MHz, 405 MHz, 27.32 W, 28
1875905, /home/ndizazzo/dev/mesh/issue1393-q4-snapshot-20260930/target/release/xtask, 20134 MiB
 02:13:10 up 7 days, 10:04,  6 users,  load average: 1.72, 1.72, 1.68
2026-10-01T02:13:12-04:00
97 %, 20571 MiB, 2925 MHz, 13801 MHz, 94.27 W, 33
0 %, 20 MiB, 210 MHz, 405 MHz, 21.44 W, 28
1875905, /home/ndizazzo/dev/mesh/issue1393-q4-snapshot-20260930/target/release/xtask, 20134 MiB
 02:13:12 up 7 days, 10:04,  6 users,  load average: 1.72, 1.72, 1.68
2026-10-01T02:13:14-04:00
87 %, 20571 MiB, 2925 MHz, 13801 MHz, 94.08 W, 33
0 %, 20 MiB, 210 MHz, 405 MHz, 21.11 W, 28
1875905, /home/ndizazzo/dev/mesh/issue1393-q4-snapshot-20260930/target/release/xtask, 20134 MiB
 02:13:14 up 7 days, 10:04,  6 users,  load average: 1.72, 1.72, 1.68
2026-10-01T02:13:16-04:00
98 %, 20571 MiB, 2925 MHz, 13801 MHz, 94.38 W, 33
1 %, 20 MiB, 210 MHz, 405 MHz, 21.14 W, 28
1875905, /home/ndizazzo/dev/mesh/issue1393-q4-snapshot-20260930/target/release/xtask, 20134 MiB
 02:13:16 up 7 days, 10:04,  6 users,  load average: 1.66, 1.71, 1.68
2026-10-01T02:13:18-04:00
96 %, 20571 MiB, 2925 MHz, 13801 MHz, 96.74 W, 33
0 %, 20 MiB, 210 MHz, 405 MHz, 21.88 W, 28
1875905, /home/ndizazzo/dev/mesh/issue1393-q4-snapshot-20260930/target/release/xtask, 20134 MiB
 02:13:18 up 7 days, 10:04,  6 users,  load average: 1.66, 1.71, 1.68
2026-10-01T02:13:20-04:00
96 %, 20571 MiB, 2925 MHz, 13801 MHz, 93.40 W, 33
0 %, 20 MiB, 210 MHz, 405 MHz, 21.16 W, 28
1875905, /home/ndizazzo/dev/mesh/issue1393-q4-snapshot-20260930/target/release/xtask, 20134 MiB
 02:13:21 up 7 days, 10:04,  6 users,  load average: 1.77, 1.73, 1.68
2026-10-01T02:13:23-04:00
97 %, 20571 MiB, 2925 MHz, 13801 MHz, 94.44 W, 33
0 %, 20 MiB, 210 MHz, 405 MHz, 21.14 W, 28
1875905, /home/ndizazzo/dev/mesh/issue1393-q4-snapshot-20260930/target/release/xtask, 20134 MiB
 02:13:23 up 7 days, 10:04,  6 users,  load average: 1.77, 1.73, 1.68
2026-10-01T02:13:25-04:00
97 %, 20571 MiB, 2925 MHz, 13801 MHz, 94.14 W, 33
0 %, 20 MiB, 210 MHz, 405 MHz, 24.21 W, 28
1875905, /home/ndizazzo/dev/mesh/issue1393-q4-snapshot-20260930/target/release/xtask, 20134 MiB
 02:13:25 up 7 days, 10:04,  6 users,  load average: 1.77, 1.73, 1.68
2026-10-01T02:13:27-04:00
87 %, 20571 MiB, 2925 MHz, 13801 MHz, 93.80 W, 33
0 %, 20 MiB, 210 MHz, 405 MHz, 21.40 W, 28
1875905, /home/ndizazzo/dev/mesh/issue1393-q4-snapshot-20260930/target/release/xtask, 20134 MiB
 02:13:27 up 7 days, 10:04,  6 users,  load average: 1.71, 1.72, 1.68
2026-10-01T02:13:29-04:00
96 %, 20571 MiB, 2925 MHz, 13801 MHz, 94.38 W, 33
0 %, 20 MiB, 210 MHz, 405 MHz, 21.17 W, 28
1875905, /home/ndizazzo/dev/mesh/issue1393-q4-snapshot-20260930/target/release/xtask, 20134 MiB
 02:13:29 up 7 days, 10:04,  6 users,  load average: 1.71, 1.72, 1.68
2026-10-01T02:13:31-04:00
97 %, 20571 MiB, 2925 MHz, 13801 MHz, 94.02 W, 33
0 %, 20 MiB, 210 MHz, 405 MHz, 22.02 W, 28
1875905, /home/ndizazzo/dev/mesh/issue1393-q4-snapshot-20260930/target/release/xtask, 20134 MiB
 02:13:31 up 7 days, 10:04,  6 users,  load average: 1.73, 1.73, 1.68
2026-10-01T02:13:33-04:00
89 %, 20571 MiB, 2925 MHz, 13801 MHz, 93.82 W, 33
0 %, 20 MiB, 210 MHz, 405 MHz, 22.25 W, 28
1875905, /home/ndizazzo/dev/mesh/issue1393-q4-snapshot-20260930/target/release/xtask, 20134 MiB
 02:13:33 up 7 days, 10:04,  6 users,  load average: 1.73, 1.73, 1.68
2026-10-01T02:13:35-04:00
88 %, 20571 MiB, 2925 MHz, 13801 MHz, 93.42 W, 33
0 %, 20 MiB, 210 MHz, 405 MHz, 21.31 W, 28
1875905, /home/ndizazzo/dev/mesh/issue1393-q4-snapshot-20260930/target/release/xtask, 20134 MiB
 02:13:35 up 7 days, 10:04,  6 users,  load average: 1.75, 1.73, 1.68
2026-10-01T02:13:37-04:00
95 %, 20571 MiB, 2925 MHz, 13801 MHz, 94.00 W, 33
0 %, 20 MiB, 210 MHz, 405 MHz, 21.38 W, 28
1875905, /home/ndizazzo/dev/mesh/issue1393-q4-snapshot-20260930/target/release/xtask, 20134 MiB
 02:13:37 up 7 days, 10:04,  6 users,  load average: 1.75, 1.73, 1.68
2026-10-01T02:13:39-04:00
95 %, 20571 MiB, 2925 MHz, 13801 MHz, 94.17 W, 33
0 %, 20 MiB, 210 MHz, 405 MHz, 27.46 W, 28
1875905, /home/ndizazzo/dev/mesh/issue1393-q4-snapshot-20260930/target/release/xtask, 20134 MiB
 02:13:39 up 7 days, 10:04,  6 users,  load average: 1.75, 1.73, 1.68
2026-10-01T02:13:41-04:00
96 %, 20571 MiB, 2925 MHz, 13801 MHz, 93.63 W, 33
0 %, 20 MiB, 210 MHz, 405 MHz, 21.36 W, 28
1875905, /home/ndizazzo/dev/mesh/issue1393-q4-snapshot-20260930/target/release/xtask, 20134 MiB
 02:13:41 up 7 days, 10:04,  6 users,  load average: 1.69, 1.72, 1.68
2026-10-01T02:13:43-04:00
96 %, 20571 MiB, 2925 MHz, 13801 MHz, 94.13 W, 33
0 %, 20 MiB, 210 MHz, 405 MHz, 21.22 W, 28
1875905, /home/ndizazzo/dev/mesh/issue1393-q4-snapshot-20260930/target/release/xtask, 20134 MiB
 02:13:43 up 7 days, 10:04,  6 users,  load average: 1.69, 1.72, 1.68
2026-10-01T02:13:45-04:00
100 %, 20571 MiB, 2925 MHz, 13801 MHz, 96.17 W, 33
0 %, 20 MiB, 210 MHz, 405 MHz, 22.94 W, 28
1875905, /home/ndizazzo/dev/mesh/issue1393-q4-snapshot-20260930/target/release/xtask, 20134 MiB
 02:13:45 up 7 days, 10:04,  6 users,  load average: 1.64, 1.71, 1.68
2026-10-01T02:13:47-04:00
85 %, 20571 MiB, 2925 MHz, 13801 MHz, 93.51 W, 33
0 %, 20 MiB, 210 MHz, 405 MHz, 22.52 W, 28
1875905, /home/ndizazzo/dev/mesh/issue1393-q4-snapshot-20260930/target/release/xtask, 20134 MiB
 02:13:47 up 7 days, 10:04,  6 users,  load average: 1.64, 1.71, 1.68
2026-10-01T02:13:49-04:00
87 %, 20571 MiB, 2925 MHz, 13801 MHz, 93.54 W, 33
0 %, 20 MiB, 210 MHz, 405 MHz, 21.18 W, 28
1875905, /home/ndizazzo/dev/mesh/issue1393-q4-snapshot-20260930/target/release/xtask, 20134 MiB
 02:13:49 up 7 days, 10:04,  6 users,  load average: 1.64, 1.71, 1.68
2026-10-01T02:13:51-04:00
92 %, 20571 MiB, 2925 MHz, 13801 MHz, 93.68 W, 33
0 %, 20 MiB, 210 MHz, 405 MHz, 21.32 W, 28
1875905, /home/ndizazzo/dev/mesh/issue1393-q4-snapshot-20260930/target/release/xtask, 20134 MiB
 02:13:51 up 7 days, 10:04,  6 users,  load average: 1.67, 1.71, 1.68
2026-10-01T02:13:53-04:00
96 %, 20571 MiB, 2925 MHz, 13801 MHz, 93.29 W, 33
0 %, 20 MiB, 210 MHz, 405 MHz, 27.16 W, 28
1875905, /home/ndizazzo/dev/mesh/issue1393-q4-snapshot-20260930/target/release/xtask, 20134 MiB
 02:13:53 up 7 days, 10:04,  6 users,  load average: 1.67, 1.71, 1.68
2026-10-01T02:13:55-04:00
96 %, 20571 MiB, 2925 MHz, 13801 MHz, 93.66 W, 33
0 %, 20 MiB, 210 MHz, 405 MHz, 21.39 W, 28
1875905, /home/ndizazzo/dev/mesh/issue1393-q4-snapshot-20260930/target/release/xtask, 20134 MiB
 02:13:56 up 7 days, 10:04,  6 users,  load average: 1.69, 1.72, 1.68
2026-10-01T02:13:58-04:00
93 %, 20571 MiB, 2925 MHz, 13801 MHz, 94.31 W, 33
0 %, 20 MiB, 210 MHz, 405 MHz, 21.04 W, 28
1875905, /home/ndizazzo/dev/mesh/issue1393-q4-snapshot-20260930/target/release/xtask, 20134 MiB
 02:13:58 up 7 days, 10:05,  6 users,  load average: 1.69, 1.72, 1.68
2026-10-01T02:14:00-04:00
100 %, 20571 MiB, 2925 MHz, 13801 MHz, 93.04 W, 33
0 %, 20 MiB, 210 MHz, 405 MHz, 21.66 W, 28
1875905, /home/ndizazzo/dev/mesh/issue1393-q4-snapshot-20260930/target/release/xtask, 20134 MiB
 02:14:00 up 7 days, 10:05,  6 users,  load average: 1.69, 1.72, 1.68
2026-10-01T02:14:02-04:00
96 %, 20571 MiB, 2925 MHz, 13801 MHz, 93.89 W, 33
0 %, 20 MiB, 210 MHz, 405 MHz, 21.90 W, 29
1875905, /home/ndizazzo/dev/mesh/issue1393-q4-snapshot-20260930/target/release/xtask, 20134 MiB
 02:14:02 up 7 days, 10:05,  6 users,  load average: 1.64, 1.70, 1.68
2026-10-01T02:14:04-04:00
96 %, 20571 MiB, 2925 MHz, 13801 MHz, 94.53 W, 33
0 %, 20 MiB, 210 MHz, 405 MHz, 21.10 W, 28
1875905, /home/ndizazzo/dev/mesh/issue1393-q4-snapshot-20260930/target/release/xtask, 20134 MiB
 02:14:04 up 7 days, 10:05,  6 users,  load average: 1.64, 1.70, 1.68
2026-10-01T02:14:06-04:00
97 %, 20571 MiB, 2925 MHz, 13801 MHz, 94.58 W, 33
0 %, 20 MiB, 210 MHz, 405 MHz, 21.07 W, 28
1875905, /home/ndizazzo/dev/mesh/issue1393-q4-snapshot-20260930/target/release/xtask, 20134 MiB
 02:14:06 up 7 days, 10:05,  6 users,  load average: 1.59, 1.69, 1.67
2026-10-01T02:14:08-04:00
87 %, 20571 MiB, 2925 MHz, 13801 MHz, 93.67 W, 33
0 %, 20 MiB, 210 MHz, 405 MHz, 27.28 W, 28
1875905, /home/ndizazzo/dev/mesh/issue1393-q4-snapshot-20260930/target/release/xtask, 20134 MiB
 02:14:08 up 7 days, 10:05,  6 users,  load average: 1.59, 1.69, 1.67
2026-10-01T02:14:10-04:00
98 %, 20571 MiB, 2925 MHz, 13801 MHz, 94.11 W, 33
0 %, 20 MiB, 210 MHz, 405 MHz, 21.46 W, 28
1875905, /home/ndizazzo/dev/mesh/issue1393-q4-snapshot-20260930/target/release/xtask, 20134 MiB
 02:14:10 up 7 days, 10:05,  6 users,  load average: 1.62, 1.70, 1.67
2026-10-01T02:14:12-04:00
87 %, 20571 MiB, 2925 MHz, 13801 MHz, 97.21 W, 33
0 %, 20 MiB, 210 MHz, 405 MHz, 21.10 W, 28
1875905, /home/ndizazzo/dev/mesh/issue1393-q4-snapshot-20260930/target/release/xtask, 20134 MiB
 02:14:12 up 7 days, 10:05,  6 users,  load average: 1.62, 1.70, 1.67
2026-10-01T02:14:14-04:00
87 %, 20571 MiB, 2925 MHz, 13801 MHz, 94.29 W, 33
0 %, 20 MiB, 210 MHz, 405 MHz, 22.42 W, 28
1875905, /home/ndizazzo/dev/mesh/issue1393-q4-snapshot-20260930/target/release/xtask, 20134 MiB
 02:14:14 up 7 days, 10:05,  6 users,  load average: 1.62, 1.70, 1.67
2026-10-01T02:14:16-04:00
90 %, 20571 MiB, 2925 MHz, 13801 MHz, 94.67 W, 33
0 %, 20 MiB, 210 MHz, 405 MHz, 22.05 W, 28
1875905, /home/ndizazzo/dev/mesh/issue1393-q4-snapshot-20260930/target/release/xtask, 20134 MiB
 02:14:16 up 7 days, 10:05,  6 users,  load average: 1.57, 1.69, 1.67
2026-10-01T02:14:18-04:00
95 %, 20571 MiB, 2925 MHz, 13801 MHz, 94.46 W, 33
0 %, 20 MiB, 210 MHz, 405 MHz, 21.02 W, 28
1875905, /home/ndizazzo/dev/mesh/issue1393-q4-snapshot-20260930/target/release/xtask, 20134 MiB
 02:14:18 up 7 days, 10:05,  6 users,  load average: 1.57, 1.69, 1.67
2026-10-01T02:14:20-04:00
100 %, 20571 MiB, 2925 MHz, 13801 MHz, 93.59 W, 33
0 %, 20 MiB, 210 MHz, 405 MHz, 21.13 W, 28
1875905, /home/ndizazzo/dev/mesh/issue1393-q4-snapshot-20260930/target/release/xtask, 20134 MiB
 02:14:20 up 7 days, 10:05,  6 users,  load average: 1.60, 1.69, 1.67
2026-10-01T02:14:22-04:00
96 %, 20571 MiB, 2925 MHz, 13801 MHz, 93.29 W, 33
0 %, 20 MiB, 210 MHz, 405 MHz, 27.24 W, 28
1875905, /home/ndizazzo/dev/mesh/issue1393-q4-snapshot-20260930/target/release/xtask, 20134 MiB
 02:14:22 up 7 days, 10:05,  6 users,  load average: 1.60, 1.69, 1.67
2026-10-01T02:14:24-04:00
96 %, 20571 MiB, 2925 MHz, 13801 MHz, 94.55 W, 33
0 %, 20 MiB, 210 MHz, 405 MHz, 21.28 W, 28
1875905, /home/ndizazzo/dev/mesh/issue1393-q4-snapshot-20260930/target/release/xtask, 20134 MiB
 02:14:24 up 7 days, 10:05,  6 users,  load average: 1.60, 1.69, 1.67
2026-10-01T02:14:26-04:00
100 %, 20571 MiB, 2925 MHz, 13801 MHz, 93.70 W, 33
0 %, 20 MiB, 210 MHz, 405 MHz, 21.16 W, 28
1875905, /home/ndizazzo/dev/mesh/issue1393-q4-snapshot-20260930/target/release/xtask, 20134 MiB
 02:14:26 up 7 days, 10:05,  6 users,  load average: 1.56, 1.68, 1.67
2026-10-01T02:14:28-04:00
87 %, 20571 MiB, 2925 MHz, 13801 MHz, 93.66 W, 33
0 %, 20 MiB, 210 MHz, 405 MHz, 22.99 W, 29
1875905, /home/ndizazzo/dev/mesh/issue1393-q4-snapshot-20260930/target/release/xtask, 20134 MiB
 02:14:28 up 7 days, 10:05,  6 users,  load average: 1.56, 1.68, 1.67
2026-10-01T02:14:30-04:00
93 %, 20571 MiB, 2925 MHz, 13801 MHz, 94.08 W, 33
0 %, 20 MiB, 210 MHz, 405 MHz, 21.90 W, 28
1875905, /home/ndizazzo/dev/mesh/issue1393-q4-snapshot-20260930/target/release/xtask, 20134 MiB
 02:14:31 up 7 days, 10:05,  6 users,  load average: 1.59, 1.69, 1.67
2026-10-01T02:14:33-04:00
91 %, 20571 MiB, 2925 MHz, 13801 MHz, 93.74 W, 33
0 %, 20 MiB, 210 MHz, 405 MHz, 21.20 W, 28
1875905, /home/ndizazzo/dev/mesh/issue1393-q4-snapshot-20260930/target/release/xtask, 20134 MiB
 02:14:33 up 7 days, 10:05,  6 users,  load average: 1.59, 1.69, 1.67
2026-10-01T02:14:35-04:00
91 %, 20571 MiB, 2925 MHz, 13801 MHz, 94.26 W, 33
0 %, 20 MiB, 210 MHz, 405 MHz, 21.22 W, 28
1875905, /home/ndizazzo/dev/mesh/issue1393-q4-snapshot-20260930/target/release/xtask, 20134 MiB
 02:14:35 up 7 days, 10:05,  6 users,  load average: 1.59, 1.69, 1.67
2026-10-01T02:14:37-04:00
97 %, 20571 MiB, 2925 MHz, 13801 MHz, 94.55 W, 33
0 %, 20 MiB, 210 MHz, 405 MHz, 27.55 W, 28
1875905, /home/ndizazzo/dev/mesh/issue1393-q4-snapshot-20260930/target/release/xtask, 20134 MiB
 02:14:37 up 7 days, 10:05,  6 users,  load average: 1.62, 1.69, 1.67
2026-10-01T02:14:39-04:00
91 %, 20571 MiB, 2925 MHz, 13801 MHz, 96.62 W, 33
0 %, 20 MiB, 210 MHz, 405 MHz, 21.55 W, 28
1875905, /home/ndizazzo/dev/mesh/issue1393-q4-snapshot-20260930/target/release/xtask, 20134 MiB
 02:14:39 up 7 days, 10:05,  6 users,  load average: 1.62, 1.69, 1.67
2026-10-01T02:14:41-04:00
89 %, 20571 MiB, 2925 MHz, 13801 MHz, 93.48 W, 33
0 %, 20 MiB, 210 MHz, 405 MHz, 21.23 W, 28
1875905, /home/ndizazzo/dev/mesh/issue1393-q4-snapshot-20260930/target/release/xtask, 20134 MiB
 02:14:41 up 7 days, 10:05,  6 users,  load average: 1.65, 1.70, 1.67
2026-10-01T02:14:43-04:00
91 %, 20571 MiB, 2925 MHz, 13801 MHz, 94.22 W, 33
0 %, 20 MiB, 210 MHz, 405 MHz, 23.50 W, 28
1875905, /home/ndizazzo/dev/mesh/issue1393-q4-snapshot-20260930/target/release/xtask, 20134 MiB
 02:14:43 up 7 days, 10:05,  6 users,  load average: 1.65, 1.70, 1.67
2026-10-01T02:14:45-04:00
95 %, 20571 MiB, 2925 MHz, 13801 MHz, 94.13 W, 33
0 %, 20 MiB, 210 MHz, 405 MHz, 22.11 W, 28
1875905, /home/ndizazzo/dev/mesh/issue1393-q4-snapshot-20260930/target/release/xtask, 20134 MiB
 02:14:45 up 7 days, 10:05,  6 users,  load average: 1.60, 1.68, 1.67
2026-10-01T02:14:47-04:00
100 %, 20571 MiB, 2925 MHz, 13801 MHz, 93.59 W, 33
0 %, 20 MiB, 210 MHz, 405 MHz, 21.16 W, 28
1875905, /home/ndizazzo/dev/mesh/issue1393-q4-snapshot-20260930/target/release/xtask, 20134 MiB
 02:14:47 up 7 days, 10:05,  6 users,  load average: 1.60, 1.68, 1.67
2026-10-01T02:14:49-04:00
88 %, 20571 MiB, 2925 MHz, 13801 MHz, 94.09 W, 33
0 %, 20 MiB, 210 MHz, 405 MHz, 21.23 W, 28
1875905, /home/ndizazzo/dev/mesh/issue1393-q4-snapshot-20260930/target/release/xtask, 20134 MiB
 02:14:49 up 7 days, 10:05,  6 users,  load average: 1.60, 1.68, 1.67
2026-10-01T02:14:51-04:00
85 %, 20571 MiB, 2925 MHz, 13801 MHz, 93.67 W, 33
0 %, 20 MiB, 210 MHz, 405 MHz, 27.36 W, 28
1875905, /home/ndizazzo/dev/mesh/issue1393-q4-snapshot-20260930/target/release/xtask, 20134 MiB
 02:14:51 up 7 days, 10:05,  6 users,  load average: 1.55, 1.67, 1.67
2026-10-01T02:14:53-04:00
93 %, 20571 MiB, 2925 MHz, 13801 MHz, 94.34 W, 33
0 %, 20 MiB, 210 MHz, 405 MHz, 21.24 W, 28
1875905, /home/ndizazzo/dev/mesh/issue1393-q4-snapshot-20260930/target/release/xtask, 20134 MiB
 02:14:53 up 7 days, 10:05,  6 users,  load average: 1.55, 1.67, 1.67
2026-10-01T02:14:55-04:00
95 %, 20571 MiB, 2925 MHz, 13801 MHz, 93.70 W, 33
0 %, 20 MiB, 210 MHz, 405 MHz, 21.09 W, 28
1875905, /home/ndizazzo/dev/mesh/issue1393-q4-snapshot-20260930/target/release/xtask, 20134 MiB
 02:14:55 up 7 days, 10:05,  6 users,  load average: 1.59, 1.68, 1.67
2026-10-01T02:14:57-04:00
91 %, 20571 MiB, 2925 MHz, 13801 MHz, 93.47 W, 33
0 %, 20 MiB, 210 MHz, 405 MHz, 24.06 W, 28
1875905, /home/ndizazzo/dev/mesh/issue1393-q4-snapshot-20260930/target/release/xtask, 20134 MiB
 02:14:57 up 7 days, 10:06,  6 users,  load average: 1.59, 1.68, 1.67
2026-10-01T02:14:59-04:00
96 %, 20571 MiB, 2925 MHz, 13801 MHz, 92.73 W, 33
0 %, 20 MiB, 210 MHz, 405 MHz, 22.43 W, 29
1875905, /home/ndizazzo/dev/mesh/issue1393-q4-snapshot-20260930/target/release/xtask, 20134 MiB
 02:14:59 up 7 days, 10:06,  6 users,  load average: 1.59, 1.68, 1.67
2026-10-01T02:15:01-04:00
98 %, 20571 MiB, 2925 MHz, 13801 MHz, 93.43 W, 33
0 %, 20 MiB, 210 MHz, 405 MHz, 21.16 W, 28
1875905, /home/ndizazzo/dev/mesh/issue1393-q4-snapshot-20260930/target/release/xtask, 20134 MiB
 02:15:01 up 7 days, 10:06,  6 users,  load average: 1.62, 1.68, 1.67
2026-10-01T02:15:03-04:00
100 %, 20571 MiB, 2925 MHz, 13801 MHz, 93.72 W, 33
0 %, 20 MiB, 210 MHz, 405 MHz, 21.28 W, 28
1875905, /home/ndizazzo/dev/mesh/issue1393-q4-snapshot-20260930/target/release/xtask, 20134 MiB
 02:15:04 up 7 days, 10:06,  6 users,  load average: 1.62, 1.68, 1.67
2026-10-01T02:15:06-04:00
100 %, 20571 MiB, 2925 MHz, 13801 MHz, 93.99 W, 33
0 %, 20 MiB, 210 MHz, 405 MHz, 27.10 W, 28
1875905, /home/ndizazzo/dev/mesh/issue1393-q4-snapshot-20260930/target/release/xtask, 20134 MiB
 02:15:06 up 7 days, 10:06,  6 users,  load average: 1.65, 1.69, 1.67
2026-10-01T02:15:08-04:00
99 %, 20571 MiB, 2925 MHz, 13801 MHz, 93.39 W, 33
0 %, 20 MiB, 210 MHz, 405 MHz, 21.38 W, 28
1875905, /home/ndizazzo/dev/mesh/issue1393-q4-snapshot-20260930/target/release/xtask, 20134 MiB
 02:15:08 up 7 days, 10:06,  6 users,  load average: 1.65, 1.69, 1.67
2026-10-01T02:15:10-04:00
89 %, 20571 MiB, 2925 MHz, 13801 MHz, 93.01 W, 33
0 %, 20 MiB, 210 MHz, 405 MHz, 21.35 W, 28
1875905, /home/ndizazzo/dev/mesh/issue1393-q4-snapshot-20260930/target/release/xtask, 20134 MiB
 02:15:10 up 7 days, 10:06,  6 users,  load average: 1.65, 1.69, 1.67
2026-10-01T02:15:12-04:00
92 %, 20571 MiB, 2925 MHz, 13801 MHz, 93.87 W, 33
0 %, 20 MiB, 210 MHz, 405 MHz, 27.15 W, 28
1875905, /home/ndizazzo/dev/mesh/issue1393-q4-snapshot-20260930/target/release/xtask, 20134 MiB
 02:15:12 up 7 days, 10:06,  6 users,  load average: 1.68, 1.70, 1.67
2026-10-01T02:15:14-04:00
94 %, 20571 MiB, 2925 MHz, 13801 MHz, 94.66 W, 33
0 %, 20 MiB, 210 MHz, 405 MHz, 22.06 W, 29
1875905, /home/ndizazzo/dev/mesh/issue1393-q4-snapshot-20260930/target/release/xtask, 20134 MiB
 02:15:14 up 7 days, 10:06,  6 users,  load average: 1.68, 1.70, 1.67
2026-10-01T02:15:16-04:00
95 %, 20571 MiB, 2925 MHz, 13801 MHz, 93.88 W, 33
0 %, 20 MiB, 210 MHz, 405 MHz, 21.20 W, 28
1875905, /home/ndizazzo/dev/mesh/issue1393-q4-snapshot-20260930/target/release/xtask, 20134 MiB
 02:15:16 up 7 days, 10:06,  6 users,  load average: 1.63, 1.68, 1.67
2026-10-01T02:15:18-04:00
93 %, 20571 MiB, 2925 MHz, 13801 MHz, 93.63 W, 33
0 %, 20 MiB, 210 MHz, 405 MHz, 21.20 W, 28
1875905, /home/ndizazzo/dev/mesh/issue1393-q4-snapshot-20260930/target/release/xtask, 20134 MiB
 02:15:18 up 7 days, 10:06,  6 users,  load average: 1.63, 1.68, 1.67
2026-10-01T02:15:20-04:00
96 %, 20571 MiB, 2925 MHz, 13801 MHz, 93.42 W, 33
0 %, 20 MiB, 210 MHz, 405 MHz, 27.62 W, 29
1875905, /home/ndizazzo/dev/mesh/issue1393-q4-snapshot-20260930/target/release/xtask, 20134 MiB
 02:15:20 up 7 days, 10:06,  6 users,  load average: 1.66, 1.69, 1.67
2026-10-01T02:15:22-04:00
96 %, 20571 MiB, 2925 MHz, 13801 MHz, 94.47 W, 33
0 %, 20 MiB, 210 MHz, 405 MHz, 21.25 W, 28
1875905, /home/ndizazzo/dev/mesh/issue1393-q4-snapshot-20260930/target/release/xtask, 20134 MiB
 02:15:22 up 7 days, 10:06,  6 users,  load average: 1.66, 1.69, 1.67
2026-10-01T02:15:24-04:00
87 %, 20571 MiB, 2925 MHz, 13801 MHz, 94.29 W, 33
0 %, 20 MiB, 210 MHz, 405 MHz, 21.15 W, 28
1875905, /home/ndizazzo/dev/mesh/issue1393-q4-snapshot-20260930/target/release/xtask, 20134 MiB
 02:15:24 up 7 days, 10:06,  6 users,  load average: 1.66, 1.69, 1.67
2026-10-01T02:15:26-04:00
93 %, 20571 MiB, 2925 MHz, 13801 MHz, 93.81 W, 33
0 %, 20 MiB, 210 MHz, 405 MHz, 23.63 W, 28
1875905, /home/ndizazzo/dev/mesh/issue1393-q4-snapshot-20260930/target/release/xtask, 20134 MiB
 02:15:26 up 7 days, 10:06,  6 users,  load average: 1.60, 1.68, 1.67
2026-10-01T02:15:28-04:00
96 %, 20571 MiB, 2925 MHz, 13801 MHz, 93.57 W, 33
0 %, 20 MiB, 210 MHz, 405 MHz, 21.49 W, 28
1875905, /home/ndizazzo/dev/mesh/issue1393-q4-snapshot-20260930/target/release/xtask, 20134 MiB
 02:15:28 up 7 days, 10:06,  6 users,  load average: 1.60, 1.68, 1.67
2026-10-01T02:15:30-04:00
95 %, 20571 MiB, 2925 MHz, 13801 MHz, 95.16 W, 33
0 %, 20 MiB, 210 MHz, 405 MHz, 21.20 W, 28
1875905, /home/ndizazzo/dev/mesh/issue1393-q4-snapshot-20260930/target/release/xtask, 20134 MiB
 02:15:30 up 7 days, 10:06,  6 users,  load average: 1.64, 1.68, 1.67
2026-10-01T02:15:32-04:00
90 %, 20571 MiB, 2925 MHz, 13801 MHz, 93.89 W, 33
0 %, 20 MiB, 210 MHz, 405 MHz, 21.13 W, 28
1875905, /home/ndizazzo/dev/mesh/issue1393-q4-snapshot-20260930/target/release/xtask, 20134 MiB
 02:15:32 up 7 days, 10:06,  6 users,  load average: 1.64, 1.68, 1.67
2026-10-01T02:15:34-04:00
87 %, 20571 MiB, 2925 MHz, 13801 MHz, 94.35 W, 33
0 %, 20 MiB, 210 MHz, 405 MHz, 27.17 W, 29
1875905, /home/ndizazzo/dev/mesh/issue1393-q4-snapshot-20260930/target/release/xtask, 20134 MiB
 02:15:34 up 7 days, 10:06,  6 users,  load average: 1.64, 1.68, 1.67
2026-10-01T02:15:36-04:00
100 %, 20571 MiB, 2925 MHz, 13801 MHz, 93.80 W, 33
0 %, 20 MiB, 210 MHz, 405 MHz, 21.31 W, 28
1875905, /home/ndizazzo/dev/mesh/issue1393-q4-snapshot-20260930/target/release/xtask, 20134 MiB
 02:15:36 up 7 days, 10:06,  6 users,  load average: 1.58, 1.67, 1.67
2026-10-01T02:15:38-04:00
96 %, 20571 MiB, 2925 MHz, 13801 MHz, 93.56 W, 33
0 %, 20 MiB, 210 MHz, 405 MHz, 21.13 W, 28
1875905, /home/ndizazzo/dev/mesh/issue1393-q4-snapshot-20260930/target/release/xtask, 20134 MiB
 02:15:39 up 7 days, 10:06,  6 users,  load average: 1.58, 1.67, 1.67
2026-10-01T02:15:41-04:00
88 %, 20571 MiB, 2925 MHz, 13801 MHz, 93.17 W, 33
0 %, 20 MiB, 210 MHz, 405 MHz, 23.93 W, 28
1875905, /home/ndizazzo/dev/mesh/issue1393-q4-snapshot-20260930/target/release/xtask, 20134 MiB
 02:15:41 up 7 days, 10:06,  6 users,  load average: 1.54, 1.66, 1.66
2026-10-01T02:15:43-04:00
88 %, 20571 MiB, 2925 MHz, 13801 MHz, 94.42 W, 33
0 %, 20 MiB, 210 MHz, 405 MHz, 21.72 W, 28
1875905, /home/ndizazzo/dev/mesh/issue1393-q4-snapshot-20260930/target/release/xtask, 20134 MiB
 02:15:43 up 7 days, 10:06,  6 users,  load average: 1.54, 1.66, 1.66
2026-10-01T02:15:45-04:00
95 %, 20571 MiB, 2925 MHz, 13801 MHz, 94.32 W, 33
0 %, 20 MiB, 210 MHz, 405 MHz, 21.14 W, 28
1875905, /home/ndizazzo/dev/mesh/issue1393-q4-snapshot-20260930/target/release/xtask, 20134 MiB
 02:15:45 up 7 days, 10:06,  6 users,  load average: 1.54, 1.66, 1.66
2026-10-01T02:15:47-04:00
100 %, 20571 MiB, 2925 MHz, 13801 MHz, 93.32 W, 33
1 %, 20 MiB, 210 MHz, 405 MHz, 21.29 W, 28
1875905, /home/ndizazzo/dev/mesh/issue1393-q4-snapshot-20260930/target/release/xtask, 20134 MiB
 02:15:47 up 7 days, 10:06,  6 users,  load average: 1.57, 1.67, 1.66
2026-10-01T02:15:49-04:00
96 %, 20571 MiB, 2925 MHz, 13801 MHz, 93.20 W, 33
0 %, 20 MiB, 210 MHz, 405 MHz, 22.24 W, 29
1875905, /home/ndizazzo/dev/mesh/issue1393-q4-snapshot-20260930/target/release/xtask, 20134 MiB
 02:15:49 up 7 days, 10:06,  6 users,  load average: 1.57, 1.67, 1.66
2026-10-01T02:15:51-04:00
96 %, 20571 MiB, 2925 MHz, 13801 MHz, 94.12 W, 33
0 %, 20 MiB, 210 MHz, 405 MHz, 21.07 W, 28
1875905, /home/ndizazzo/dev/mesh/issue1393-q4-snapshot-20260930/target/release/xtask, 20134 MiB
 02:15:51 up 7 days, 10:06,  6 users,  load average: 1.53, 1.65, 1.66
2026-10-01T02:15:53-04:00
95 %, 20571 MiB, 2925 MHz, 13801 MHz, 94.96 W, 33
0 %, 20 MiB, 210 MHz, 405 MHz, 21.03 W, 28
1875905, /home/ndizazzo/dev/mesh/issue1393-q4-snapshot-20260930/target/release/xtask, 20134 MiB
 02:15:53 up 7 days, 10:06,  6 users,  load average: 1.53, 1.65, 1.66
2026-10-01T02:15:55-04:00
95 %, 20571 MiB, 2925 MHz, 13801 MHz, 94.25 W, 33
0 %, 20 MiB, 210 MHz, 405 MHz, 27.13 W, 28
1875905, /home/ndizazzo/dev/mesh/issue1393-q4-snapshot-20260930/target/release/xtask, 20134 MiB
 02:15:55 up 7 days, 10:06,  6 users,  load average: 1.49, 1.64, 1.66
2026-10-01T02:15:57-04:00
98 %, 20571 MiB, 2925 MHz, 13801 MHz, 94.13 W, 33
0 %, 20 MiB, 210 MHz, 405 MHz, 22.09 W, 28
1875905, /home/ndizazzo/dev/mesh/issue1393-q4-snapshot-20260930/target/release/xtask, 20134 MiB
 02:15:57 up 7 days, 10:07,  6 users,  load average: 1.49, 1.64, 1.66
2026-10-01T02:15:59-04:00
95 %, 20571 MiB, 2925 MHz, 13801 MHz, 94.43 W, 33
0 %, 20 MiB, 210 MHz, 405 MHz, 21.07 W, 28
1875905, /home/ndizazzo/dev/mesh/issue1393-q4-snapshot-20260930/target/release/xtask, 20134 MiB
 02:15:59 up 7 days, 10:07,  6 users,  load average: 1.49, 1.64, 1.66
2026-10-01T02:16:01-04:00
94 %, 20571 MiB, 2925 MHz, 13801 MHz, 96.87 W, 33
0 %, 20 MiB, 210 MHz, 405 MHz, 21.22 W, 28
1875905, /home/ndizazzo/dev/mesh/issue1393-q4-snapshot-20260930/target/release/xtask, 20134 MiB
 02:16:01 up 7 days, 10:07,  6 users,  load average: 1.53, 1.65, 1.66
2026-10-01T02:16:03-04:00
92 %, 20571 MiB, 2925 MHz, 13801 MHz, 93.92 W, 33
0 %, 20 MiB, 210 MHz, 405 MHz, 22.09 W, 28
1875905, /home/ndizazzo/dev/mesh/issue1393-q4-snapshot-20260930/target/release/xtask, 20134 MiB
 02:16:03 up 7 days, 10:07,  6 users,  load average: 1.53, 1.65, 1.66
2026-10-01T02:16:05-04:00
96 %, 20571 MiB, 2925 MHz, 13801 MHz, 94.13 W, 33
0 %, 20 MiB, 210 MHz, 405 MHz, 21.14 W, 28
1875905, /home/ndizazzo/dev/mesh/issue1393-q4-snapshot-20260930/target/release/xtask, 20134 MiB
 02:16:05 up 7 days, 10:07,  6 users,  load average: 1.48, 1.64, 1.65
2026-10-01T02:16:07-04:00
96 %, 20571 MiB, 2925 MHz, 13801 MHz, 93.28 W, 33
0 %, 20 MiB, 210 MHz, 405 MHz, 21.26 W, 28
1875905, /home/ndizazzo/dev/mesh/issue1393-q4-snapshot-20260930/target/release/xtask, 20134 MiB
 02:16:07 up 7 days, 10:07,  6 users,  load average: 1.48, 1.64, 1.65
2026-10-01T02:16:09-04:00
96 %, 20571 MiB, 2925 MHz, 13801 MHz, 93.66 W, 33
0 %, 20 MiB, 210 MHz, 405 MHz, 27.53 W, 28
1875905, /home/ndizazzo/dev/mesh/issue1393-q4-snapshot-20260930/target/release/xtask, 20134 MiB
 02:16:09 up 7 days, 10:07,  6 users,  load average: 1.48, 1.64, 1.65
2026-10-01T02:16:11-04:00
87 %, 20571 MiB, 2925 MHz, 13801 MHz, 94.18 W, 33
0 %, 20 MiB, 210 MHz, 405 MHz, 21.53 W, 28
1875905, /home/ndizazzo/dev/mesh/issue1393-q4-snapshot-20260930/target/release/xtask, 20134 MiB
 02:16:11 up 7 days, 10:07,  6 users,  load average: 1.53, 1.64, 1.66
2026-10-01T02:16:13-04:00
91 %, 20571 MiB, 2925 MHz, 13801 MHz, 94.79 W, 33
0 %, 20 MiB, 210 MHz, 405 MHz, 21.15 W, 28
1875905, /home/ndizazzo/dev/mesh/issue1393-q4-snapshot-20260930/target/release/xtask, 20134 MiB
 02:16:14 up 7 days, 10:07,  6 users,  load average: 1.53, 1.64, 1.66
2026-10-01T02:16:16-04:00
100 %, 20571 MiB, 2925 MHz, 13801 MHz, 93.64 W, 33
0 %, 20 MiB, 210 MHz, 405 MHz, 21.11 W, 28
1875905, /home/ndizazzo/dev/mesh/issue1393-q4-snapshot-20260930/target/release/xtask, 20134 MiB
 02:16:16 up 7 days, 10:07,  6 users,  load average: 1.48, 1.63, 1.65
2026-10-01T02:16:18-04:00
88 %, 20571 MiB, 2925 MHz, 13801 MHz, 93.66 W, 33
0 %, 20 MiB, 210 MHz, 405 MHz, 27.07 W, 28
1875905, /home/ndizazzo/dev/mesh/issue1393-q4-snapshot-20260930/target/release/xtask, 20134 MiB
 02:16:18 up 7 days, 10:07,  6 users,  load average: 1.48, 1.63, 1.65
2026-10-01T02:16:20-04:00
87 %, 20571 MiB, 2925 MHz, 13801 MHz, 93.08 W, 33
0 %, 20 MiB, 210 MHz, 405 MHz, 21.10 W, 28
1875905, /home/ndizazzo/dev/mesh/issue1393-q4-snapshot-20260930/target/release/xtask, 20134 MiB
 02:16:20 up 7 days, 10:07,  6 users,  load average: 1.48, 1.63, 1.65
2026-10-01T02:16:22-04:00
92 %, 20571 MiB, 2925 MHz, 13801 MHz, 94.31 W, 33
0 %, 20 MiB, 210 MHz, 405 MHz, 21.15 W, 28
1875905, /home/ndizazzo/dev/mesh/issue1393-q4-snapshot-20260930/target/release/xtask, 20134 MiB
 02:16:22 up 7 days, 10:07,  6 users,  load average: 1.53, 1.64, 1.65
2026-10-01T02:16:24-04:00
96 %, 20571 MiB, 2925 MHz, 13801 MHz, 93.41 W, 33
0 %, 20 MiB, 210 MHz, 405 MHz, 27.24 W, 28
1875905, /home/ndizazzo/dev/mesh/issue1393-q4-snapshot-20260930/target/release/xtask, 20134 MiB
 02:16:24 up 7 days, 10:07,  6 users,  load average: 1.53, 1.64, 1.65
2026-10-01T02:16:26-04:00
97 %, 20571 MiB, 2925 MHz, 13801 MHz, 94.68 W, 33
0 %, 20 MiB, 210 MHz, 405 MHz, 21.27 W, 28
1875905, /home/ndizazzo/dev/mesh/issue1393-q4-snapshot-20260930/target/release/xtask, 20134 MiB
 02:16:26 up 7 days, 10:07,  6 users,  load average: 1.48, 1.63, 1.65
2026-10-01T02:16:28-04:00
100 %, 20571 MiB, 2925 MHz, 13801 MHz, 96.13 W, 33
0 %, 20 MiB, 210 MHz, 405 MHz, 21.13 W, 28
1875905, /home/ndizazzo/dev/mesh/issue1393-q4-snapshot-20260930/target/release/xtask, 20134 MiB
 02:16:28 up 7 days, 10:07,  6 users,  load average: 1.48, 1.63, 1.65
2026-10-01T02:16:30-04:00
95 %, 20571 MiB, 2925 MHz, 13801 MHz, 93.22 W, 33
1 %, 20 MiB, 210 MHz, 405 MHz, 21.33 W, 28
1875905, /home/ndizazzo/dev/mesh/issue1393-q4-snapshot-20260930/target/release/xtask, 20134 MiB
 02:16:30 up 7 days, 10:07,  6 users,  load average: 1.52, 1.64, 1.65
2026-10-01T02:16:32-04:00
88 %, 20571 MiB, 2925 MHz, 13801 MHz, 93.58 W, 33
0 %, 20 MiB, 210 MHz, 405 MHz, 21.83 W, 28
1875905, /home/ndizazzo/dev/mesh/issue1393-q4-snapshot-20260930/target/release/xtask, 20134 MiB
 02:16:32 up 7 days, 10:07,  6 users,  load average: 1.52, 1.64, 1.65
2026-10-01T02:16:34-04:00
90 %, 20571 MiB, 2925 MHz, 13801 MHz, 94.38 W, 33
0 %, 20 MiB, 210 MHz, 405 MHz, 21.14 W, 28
1875905, /home/ndizazzo/dev/mesh/issue1393-q4-snapshot-20260930/target/release/xtask, 20134 MiB
 02:16:34 up 7 days, 10:07,  6 users,  load average: 1.52, 1.64, 1.65
2026-10-01T02:16:36-04:00
92 %, 20571 MiB, 2925 MHz, 13801 MHz, 94.46 W, 33
0 %, 20 MiB, 210 MHz, 405 MHz, 21.11 W, 28
1875905, /home/ndizazzo/dev/mesh/issue1393-q4-snapshot-20260930/target/release/xtask, 20134 MiB
 02:16:36 up 7 days, 10:07,  6 users,  load average: 1.48, 1.62, 1.65
2026-10-01T02:16:38-04:00
100 %, 20571 MiB, 2925 MHz, 13801 MHz, 94.12 W, 33
0 %, 20 MiB, 210 MHz, 405 MHz, 27.55 W, 28
1875905, /home/ndizazzo/dev/mesh/issue1393-q4-snapshot-20260930/target/release/xtask, 20134 MiB
 02:16:38 up 7 days, 10:07,  6 users,  load average: 1.48, 1.62, 1.65
2026-10-01T02:16:40-04:00
96 %, 20571 MiB, 2925 MHz, 13801 MHz, 93.93 W, 33
0 %, 20 MiB, 210 MHz, 405 MHz, 21.57 W, 28
1875905, /home/ndizazzo/dev/mesh/issue1393-q4-snapshot-20260930/target/release/xtask, 20134 MiB
 02:16:40 up 7 days, 10:07,  6 users,  load average: 1.52, 1.63, 1.65
2026-10-01T02:16:42-04:00
88 %, 20571 MiB, 2925 MHz, 13801 MHz, 94.67 W, 33
0 %, 20 MiB, 210 MHz, 405 MHz, 21.25 W, 28
1875905, /home/ndizazzo/dev/mesh/issue1393-q4-snapshot-20260930/target/release/xtask, 20134 MiB
 02:16:42 up 7 days, 10:07,  6 users,  load average: 1.52, 1.63, 1.65
2026-10-01T02:16:44-04:00
94 %, 20571 MiB, 2925 MHz, 13801 MHz, 94.41 W, 33
0 %, 20 MiB, 210 MHz, 405 MHz, 22.00 W, 28
1875905, /home/ndizazzo/dev/mesh/issue1393-q4-snapshot-20260930/target/release/xtask, 20134 MiB
 02:16:44 up 7 days, 10:07,  6 users,  load average: 1.52, 1.63, 1.65
2026-10-01T02:16:46-04:00
100 %, 20571 MiB, 2925 MHz, 13801 MHz, 93.52 W, 33
0 %, 20 MiB, 210 MHz, 405 MHz, 22.14 W, 28
1875905, /home/ndizazzo/dev/mesh/issue1393-q4-snapshot-20260930/target/release/xtask, 20134 MiB
 02:16:46 up 7 days, 10:07,  6 users,  load average: 1.48, 1.62, 1.65
2026-10-01T02:16:48-04:00
89 %, 20571 MiB, 2925 MHz, 13801 MHz, 93.59 W, 33
0 %, 20 MiB, 210 MHz, 405 MHz, 21.12 W, 28
1875905, /home/ndizazzo/dev/mesh/issue1393-q4-snapshot-20260930/target/release/xtask, 20134 MiB
 02:16:49 up 7 days, 10:07,  6 users,  load average: 1.48, 1.62, 1.65
2026-10-01T02:16:51-04:00
92 %, 20571 MiB, 2925 MHz, 13801 MHz, 92.71 W, 33
0 %, 20 MiB, 210 MHz, 405 MHz, 21.18 W, 28
1875905, /home/ndizazzo/dev/mesh/issue1393-q4-snapshot-20260930/target/release/xtask, 20134 MiB
 02:16:51 up 7 days, 10:07,  6 users,  load average: 1.44, 1.61, 1.64
2026-10-01T02:16:53-04:00
98 %, 20571 MiB, 2925 MHz, 13801 MHz, 93.60 W, 33
0 %, 20 MiB, 210 MHz, 405 MHz, 27.43 W, 28
1875905, /home/ndizazzo/dev/mesh/issue1393-q4-snapshot-20260930/target/release/xtask, 20134 MiB
 02:16:53 up 7 days, 10:07,  6 users,  load average: 1.44, 1.61, 1.64
2026-10-01T02:16:55-04:00
97 %, 20571 MiB, 2925 MHz, 13801 MHz, 94.54 W, 33
0 %, 20 MiB, 210 MHz, 405 MHz, 21.22 W, 28
1875905, /home/ndizazzo/dev/mesh/issue1393-q4-snapshot-20260930/target/release/xtask, 20134 MiB
 02:16:55 up 7 days, 10:07,  6 users,  load average: 1.44, 1.61, 1.64
2026-10-01T02:16:57-04:00
96 %, 20571 MiB, 2925 MHz, 13801 MHz, 94.84 W, 33
0 %, 20 MiB, 210 MHz, 405 MHz, 21.05 W, 28
1875905, /home/ndizazzo/dev/mesh/issue1393-q4-snapshot-20260930/target/release/xtask, 20134 MiB
 02:16:57 up 7 days, 10:08,  6 users,  load average: 1.49, 1.62, 1.64
2026-10-01T02:16:59-04:00
100 %, 20571 MiB, 2925 MHz, 13801 MHz, 93.17 W, 33
0 %, 20 MiB, 210 MHz, 405 MHz, 22.67 W, 28
1875905, /home/ndizazzo/dev/mesh/issue1393-q4-snapshot-20260930/target/release/xtask, 20134 MiB
 02:16:59 up 7 days, 10:08,  6 users,  load average: 1.49, 1.62, 1.64
2026-10-01T02:17:01-04:00
92 %, 20571 MiB, 2925 MHz, 13801 MHz, 93.37 W, 33
0 %, 20 MiB, 210 MHz, 405 MHz, 22.42 W, 28
1875905, /home/ndizazzo/dev/mesh/issue1393-q4-snapshot-20260930/target/release/xtask, 20134 MiB
 02:17:01 up 7 days, 10:08,  6 users,  load average: 1.53, 1.62, 1.65
2026-10-01T02:17:03-04:00
96 %, 20571 MiB, 2925 MHz, 13801 MHz, 93.09 W, 33
0 %, 20 MiB, 210 MHz, 405 MHz, 21.16 W, 28
1875905, /home/ndizazzo/dev/mesh/issue1393-q4-snapshot-20260930/target/release/xtask, 20134 MiB
 02:17:03 up 7 days, 10:08,  6 users,  load average: 1.53, 1.62, 1.65
2026-10-01T02:17:05-04:00
96 %, 20571 MiB, 2925 MHz, 13801 MHz, 92.68 W, 33
0 %, 20 MiB, 210 MHz, 405 MHz, 21.10 W, 28
1875905, /home/ndizazzo/dev/mesh/issue1393-q4-snapshot-20260930/target/release/xtask, 20134 MiB
 02:17:05 up 7 days, 10:08,  6 users,  load average: 1.57, 1.63, 1.65
2026-10-01T02:17:07-04:00
87 %, 20571 MiB, 2925 MHz, 13801 MHz, 94.03 W, 33
0 %, 20 MiB, 210 MHz, 405 MHz, 27.02 W, 28
1875905, /home/ndizazzo/dev/mesh/issue1393-q4-snapshot-20260930/target/release/xtask, 20134 MiB
 02:17:07 up 7 days, 10:08,  6 users,  load average: 1.57, 1.63, 1.65
2026-10-01T02:17:09-04:00
94 %, 20571 MiB, 2925 MHz, 13801 MHz, 94.34 W, 33
0 %, 20 MiB, 210 MHz, 405 MHz, 21.32 W, 28
1875905, /home/ndizazzo/dev/mesh/issue1393-q4-snapshot-20260930/target/release/xtask, 20134 MiB
 02:17:09 up 7 days, 10:08,  6 users,  load average: 1.57, 1.63, 1.65
2026-10-01T02:17:11-04:00
100 %, 20571 MiB, 2925 MHz, 13801 MHz, 93.40 W, 33
0 %, 20 MiB, 210 MHz, 405 MHz, 21.06 W, 28
1875905, /home/ndizazzo/dev/mesh/issue1393-q4-snapshot-20260930/target/release/xtask, 20134 MiB
 02:17:11 up 7 days, 10:08,  6 users,  load average: 1.60, 1.64, 1.65
2026-10-01T02:17:13-04:00
93 %, 20571 MiB, 2925 MHz, 13801 MHz, 92.99 W, 33
0 %, 20 MiB, 210 MHz, 405 MHz, 23.15 W, 28
1875905, /home/ndizazzo/dev/mesh/issue1393-q4-snapshot-20260930/target/release/xtask, 20134 MiB
 02:17:13 up 7 days, 10:08,  6 users,  load average: 1.60, 1.64, 1.65
2026-10-01T02:17:15-04:00
89 %, 20571 MiB, 2925 MHz, 13801 MHz, 93.45 W, 33
0 %, 20 MiB, 210 MHz, 405 MHz, 21.90 W, 28
1875905, /home/ndizazzo/dev/mesh/issue1393-q4-snapshot-20260930/target/release/xtask, 20134 MiB
 02:17:15 up 7 days, 10:08,  6 users,  load average: 1.55, 1.63, 1.65
2026-10-01T02:17:17-04:00
91 %, 20571 MiB, 2925 MHz, 13801 MHz, 93.91 W, 33
0 %, 20 MiB, 210 MHz, 405 MHz, 21.06 W, 28
1875905, /home/ndizazzo/dev/mesh/issue1393-q4-snapshot-20260930/target/release/xtask, 20134 MiB
 02:17:17 up 7 days, 10:08,  6 users,  load average: 1.55, 1.63, 1.65
2026-10-01T02:17:19-04:00
100 %, 20571 MiB, 2925 MHz, 13801 MHz, 93.41 W, 33
0 %, 20 MiB, 210 MHz, 405 MHz, 21.17 W, 28
1875905, /home/ndizazzo/dev/mesh/issue1393-q4-snapshot-20260930/target/release/xtask, 20134 MiB
 02:17:19 up 7 days, 10:08,  6 users,  load average: 1.55, 1.63, 1.65
2026-10-01T02:17:21-04:00
94 %, 20571 MiB, 2925 MHz, 13801 MHz, 94.25 W, 33
0 %, 20 MiB, 210 MHz, 405 MHz, 27.34 W, 28
1875905, /home/ndizazzo/dev/mesh/issue1393-q4-snapshot-20260930/target/release/xtask, 20134 MiB
 02:17:21 up 7 days, 10:08,  6 users,  load average: 1.51, 1.61, 1.64
2026-10-01T02:17:23-04:00
100 %, 20571 MiB, 2925 MHz, 13801 MHz, 95.01 W, 33
0 %, 20 MiB, 210 MHz, 405 MHz, 21.48 W, 28
1875905, /home/ndizazzo/dev/mesh/issue1393-q4-snapshot-20260930/target/release/xtask, 20134 MiB
 02:17:24 up 7 days, 10:08,  6 users,  load average: 1.51, 1.61, 1.64
2026-10-01T02:17:26-04:00
88 %, 20571 MiB, 2925 MHz, 13801 MHz, 93.22 W, 33
0 %, 20 MiB, 210 MHz, 405 MHz, 20.98 W, 28
1875905, /home/ndizazzo/dev/mesh/issue1393-q4-snapshot-20260930/target/release/xtask, 20134 MiB
 02:17:26 up 7 days, 10:08,  6 users,  load average: 1.55, 1.62, 1.64
2026-10-01T02:17:28-04:00
95 %, 20571 MiB, 2925 MHz, 13801 MHz, 93.31 W, 33
0 %, 20 MiB, 210 MHz, 405 MHz, 22.30 W, 28
1875905, /home/ndizazzo/dev/mesh/issue1393-q4-snapshot-20260930/target/release/xtask, 20134 MiB
 02:17:28 up 7 days, 10:08,  6 users,  load average: 1.55, 1.62, 1.64
2026-10-01T02:17:30-04:00
96 %, 20571 MiB, 2925 MHz, 13801 MHz, 93.18 W, 33
0 %, 20 MiB, 210 MHz, 405 MHz, 22.06 W, 28
1875905, /home/ndizazzo/dev/mesh/issue1393-q4-snapshot-20260930/target/release/xtask, 20134 MiB
 02:17:30 up 7 days, 10:08,  6 users,  load average: 1.55, 1.62, 1.64
2026-10-01T02:17:32-04:00
96 %, 20571 MiB, 2925 MHz, 13801 MHz, 94.01 W, 33
0 %, 20 MiB, 210 MHz, 405 MHz, 21.07 W, 28
1875905, /home/ndizazzo/dev/mesh/issue1393-q4-snapshot-20260930/target/release/xtask, 20134 MiB
 02:17:32 up 7 days, 10:08,  6 users,  load average: 1.58, 1.63, 1.65
2026-10-01T02:17:34-04:00
91 %, 20571 MiB, 2925 MHz, 13801 MHz, 93.20 W, 33
0 %, 20 MiB, 210 MHz, 405 MHz, 21.20 W, 28
1875905, /home/ndizazzo/dev/mesh/issue1393-q4-snapshot-20260930/target/release/xtask, 20134 MiB
 02:17:34 up 7 days, 10:08,  6 users,  load average: 1.58, 1.63, 1.65
2026-10-01T02:17:36-04:00
96 %, 20571 MiB, 2925 MHz, 13801 MHz, 92.34 W, 33
0 %, 20 MiB, 210 MHz, 405 MHz, 27.16 W, 28
1875905, /home/ndizazzo/dev/mesh/issue1393-q4-snapshot-20260930/target/release/xtask, 20134 MiB
 02:17:36 up 7 days, 10:08,  6 users,  load average: 1.54, 1.62, 1.64
2026-10-01T02:17:38-04:00
96 %, 20571 MiB, 2925 MHz, 13801 MHz, 92.40 W, 33
0 %, 20 MiB, 210 MHz, 405 MHz, 21.19 W, 28
1875905, /home/ndizazzo/dev/mesh/issue1393-q4-snapshot-20260930/target/release/xtask, 20134 MiB
 02:17:38 up 7 days, 10:08,  6 users,  load average: 1.54, 1.62, 1.64
2026-10-01T02:17:40-04:00
89 %, 20571 MiB, 2925 MHz, 13801 MHz, 93.23 W, 33
0 %, 20 MiB, 210 MHz, 405 MHz, 21.12 W, 28
1875905, /home/ndizazzo/dev/mesh/issue1393-q4-snapshot-20260930/target/release/xtask, 20134 MiB
 02:17:40 up 7 days, 10:08,  6 users,  load average: 1.58, 1.62, 1.64
2026-10-01T02:17:42-04:00
92 %, 20571 MiB, 2925 MHz, 13801 MHz, 94.06 W, 33
0 %, 20 MiB, 210 MHz, 405 MHz, 23.00 W, 28
1875905, /home/ndizazzo/dev/mesh/issue1393-q4-snapshot-20260930/target/release/xtask, 20134 MiB
 02:17:42 up 7 days, 10:08,  6 users,  load average: 1.58, 1.62, 1.64
2026-10-01T02:17:44-04:00
100 %, 20571 MiB, 2925 MHz, 13801 MHz, 93.56 W, 33
0 %, 20 MiB, 210 MHz, 405 MHz, 21.73 W, 28
1875905, /home/ndizazzo/dev/mesh/issue1393-q4-snapshot-20260930/target/release/xtask, 20134 MiB
 02:17:44 up 7 days, 10:08,  6 users,  load average: 1.58, 1.62, 1.64
2026-10-01T02:17:46-04:00
95 %, 20571 MiB, 2925 MHz, 13801 MHz, 93.11 W, 33
0 %, 20 MiB, 210 MHz, 405 MHz, 21.15 W, 28
1875905, /home/ndizazzo/dev/mesh/issue1393-q4-snapshot-20260930/target/release/xtask, 20134 MiB
 02:17:46 up 7 days, 10:08,  6 users,  load average: 1.61, 1.63, 1.65
2026-10-01T02:17:48-04:00
98 %, 20571 MiB, 2925 MHz, 13801 MHz, 93.08 W, 33
0 %, 20 MiB, 210 MHz, 405 MHz, 21.20 W, 28
1875905, /home/ndizazzo/dev/mesh/issue1393-q4-snapshot-20260930/target/release/xtask, 20134 MiB
 02:17:48 up 7 days, 10:08,  6 users,  load average: 1.61, 1.63, 1.65
2026-10-01T02:17:50-04:00
97 %, 20571 MiB, 2925 MHz, 13801 MHz, 94.92 W, 33
0 %, 20 MiB, 210 MHz, 405 MHz, 27.55 W, 28
1875905, /home/ndizazzo/dev/mesh/issue1393-q4-snapshot-20260930/target/release/xtask, 20134 MiB
 02:17:50 up 7 days, 10:08,  6 users,  load average: 1.56, 1.62, 1.64
2026-10-01T02:17:52-04:00
95 %, 20571 MiB, 2925 MHz, 13801 MHz, 94.85 W, 33
0 %, 20 MiB, 210 MHz, 405 MHz, 21.42 W, 28
1875905, /home/ndizazzo/dev/mesh/issue1393-q4-snapshot-20260930/target/release/xtask, 20134 MiB
 02:17:52 up 7 days, 10:08,  6 users,  load average: 1.56, 1.62, 1.64
2026-10-01T02:17:54-04:00
96 %, 20571 MiB, 2925 MHz, 13801 MHz, 94.15 W, 33
0 %, 20 MiB, 210 MHz, 405 MHz, 21.18 W, 28
1875905, /home/ndizazzo/dev/mesh/issue1393-q4-snapshot-20260930/target/release/xtask, 20134 MiB
 02:17:54 up 7 days, 10:08,  6 users,  load average: 1.56, 1.62, 1.64
2026-10-01T02:17:56-04:00
95 %, 20571 MiB, 2925 MHz, 13801 MHz, 94.40 W, 33
0 %, 20 MiB, 210 MHz, 405 MHz, 23.23 W, 28
1875905, /home/ndizazzo/dev/mesh/issue1393-q4-snapshot-20260930/target/release/xtask, 20134 MiB
 02:17:56 up 7 days, 10:08,  6 users,  load average: 1.52, 1.61, 1.64
2026-10-01T02:17:58-04:00
98 %, 20571 MiB, 2925 MHz, 13801 MHz, 93.03 W, 33
0 %, 20 MiB, 210 MHz, 405 MHz, 22.01 W, 28
1875905, /home/ndizazzo/dev/mesh/issue1393-q4-snapshot-20260930/target/release/xtask, 20134 MiB
 02:17:59 up 7 days, 10:09,  6 users,  load average: 1.52, 1.61, 1.64
2026-10-01T02:18:01-04:00
88 %, 20571 MiB, 2925 MHz, 13801 MHz, 92.80 W, 33
0 %, 20 MiB, 210 MHz, 405 MHz, 20.95 W, 28
1875905, /home/ndizazzo/dev/mesh/issue1393-q4-snapshot-20260930/target/release/xtask, 20134 MiB
 02:18:01 up 7 days, 10:09,  6 users,  load average: 1.55, 1.62, 1.64
2026-10-01T02:18:03-04:00
95 %, 20571 MiB, 2925 MHz, 13801 MHz, 93.19 W, 33
0 %, 20 MiB, 210 MHz, 405 MHz, 21.21 W, 28
1875905, /home/ndizazzo/dev/mesh/issue1393-q4-snapshot-20260930/target/release/xtask, 20134 MiB
 02:18:03 up 7 days, 10:09,  6 users,  load average: 1.55, 1.62, 1.64
2026-10-01T02:18:05-04:00
96 %, 20571 MiB, 2925 MHz, 13801 MHz, 93.16 W, 33
0 %, 20 MiB, 210 MHz, 405 MHz, 27.34 W, 28
1875905, /home/ndizazzo/dev/mesh/issue1393-q4-snapshot-20260930/target/release/xtask, 20134 MiB
 02:18:05 up 7 days, 10:09,  6 users,  load average: 1.55, 1.62, 1.64
2026-10-01T02:18:07-04:00
100 %, 20571 MiB, 2925 MHz, 13801 MHz, 93.33 W, 33
0 %, 20 MiB, 210 MHz, 405 MHz, 21.23 W, 28
1875905, /home/ndizazzo/dev/mesh/issue1393-q4-snapshot-20260930/target/release/xtask, 20134 MiB
 02:18:07 up 7 days, 10:09,  6 users,  load average: 1.59, 1.62, 1.64
2026-10-01T02:18:09-04:00
95 %, 20571 MiB, 2925 MHz, 13801 MHz, 93.13 W, 33
0 %, 20 MiB, 210 MHz, 405 MHz, 21.20 W, 28
1875905, /home/ndizazzo/dev/mesh/issue1393-q4-snapshot-20260930/target/release/xtask, 20134 MiB
 02:18:09 up 7 days, 10:09,  6 users,  load average: 1.59, 1.62, 1.64
2026-10-01T02:18:11-04:00
96 %, 20571 MiB, 2925 MHz, 13801 MHz, 92.56 W, 33
0 %, 20 MiB, 210 MHz, 405 MHz, 24.09 W, 28
1875905, /home/ndizazzo/dev/mesh/issue1393-q4-snapshot-20260930/target/release/xtask, 20134 MiB
 02:18:11 up 7 days, 10:09,  6 users,  load average: 1.54, 1.61, 1.64
2026-10-01T02:18:13-04:00
96 %, 20571 MiB, 2925 MHz, 13801 MHz, 92.79 W, 33
0 %, 20 MiB, 210 MHz, 405 MHz, 22.41 W, 28
1875905, /home/ndizazzo/dev/mesh/issue1393-q4-snapshot-20260930/target/release/xtask, 20134 MiB
 02:18:13 up 7 days, 10:09,  6 users,  load average: 1.54, 1.61, 1.64
2026-10-01T02:18:15-04:00
87 %, 20571 MiB, 2925 MHz, 13801 MHz, 93.37 W, 33
0 %, 20 MiB, 210 MHz, 405 MHz, 21.11 W, 28
1875905, /home/ndizazzo/dev/mesh/issue1393-q4-snapshot-20260930/target/release/xtask, 20134 MiB
 02:18:15 up 7 days, 10:09,  6 users,  load average: 1.58, 1.62, 1.64
2026-10-01T02:18:17-04:00
95 %, 20571 MiB, 2925 MHz, 13801 MHz, 94.58 W, 33
0 %, 20 MiB, 210 MHz, 405 MHz, 21.36 W, 28
1875905, /home/ndizazzo/dev/mesh/issue1393-q4-snapshot-20260930/target/release/xtask, 20134 MiB
 02:18:17 up 7 days, 10:09,  6 users,  load average: 1.58, 1.62, 1.64
2026-10-01T02:18:19-04:00
97 %, 20571 MiB, 2925 MHz, 13801 MHz, 93.84 W, 33
0 %, 20 MiB, 210 MHz, 405 MHz, 27.22 W, 28
1875905, /home/ndizazzo/dev/mesh/issue1393-q4-snapshot-20260930/target/release/xtask, 20134 MiB
 02:18:19 up 7 days, 10:09,  6 users,  load average: 1.58, 1.62, 1.64
2026-10-01T02:18:21-04:00
96 %, 20571 MiB, 2925 MHz, 13801 MHz, 94.14 W, 33
0 %, 20 MiB, 210 MHz, 405 MHz, 21.34 W, 28
1875905, /home/ndizazzo/dev/mesh/issue1393-q4-snapshot-20260930/target/release/xtask, 20134 MiB
 02:18:21 up 7 days, 10:09,  6 users,  load average: 1.53, 1.61, 1.64
2026-10-01T02:18:23-04:00
97 %, 20571 MiB, 2925 MHz, 13801 MHz, 93.72 W, 33
0 %, 20 MiB, 210 MHz, 405 MHz, 21.31 W, 28
1875905, /home/ndizazzo/dev/mesh/issue1393-q4-snapshot-20260930/target/release/xtask, 20134 MiB
 02:18:23 up 7 days, 10:09,  6 users,  load average: 1.53, 1.61, 1.64
2026-10-01T02:18:25-04:00
95 %, 20571 MiB, 2925 MHz, 13801 MHz, 93.24 W, 33
0 %, 20 MiB, 210 MHz, 405 MHz, 27.23 W, 28
1875905, /home/ndizazzo/dev/mesh/issue1393-q4-snapshot-20260930/target/release/xtask, 20134 MiB
 02:18:25 up 7 days, 10:09,  6 users,  load average: 1.57, 1.61, 1.64
2026-10-01T02:18:27-04:00
96 %, 20571 MiB, 2925 MHz, 13801 MHz, 93.33 W, 33
0 %, 20 MiB, 210 MHz, 405 MHz, 21.96 W, 28
1875905, /home/ndizazzo/dev/mesh/issue1393-q4-snapshot-20260930/target/release/xtask, 20134 MiB
 02:18:27 up 7 days, 10:09,  6 users,  load average: 1.57, 1.61, 1.64
2026-10-01T02:18:29-04:00
95 %, 20571 MiB, 2925 MHz, 13801 MHz, 94.09 W, 33
0 %, 20 MiB, 210 MHz, 405 MHz, 21.17 W, 28
1875905, /home/ndizazzo/dev/mesh/issue1393-q4-snapshot-20260930/target/release/xtask, 20134 MiB
 02:18:29 up 7 days, 10:09,  6 users,  load average: 1.57, 1.61, 1.64
2026-10-01T02:18:31-04:00
93 %, 20571 MiB, 2925 MHz, 13801 MHz, 93.78 W, 33
0 %, 20 MiB, 210 MHz, 405 MHz, 21.38 W, 28
1875905, /home/ndizazzo/dev/mesh/issue1393-q4-snapshot-20260930/target/release/xtask, 20134 MiB
 02:18:31 up 7 days, 10:09,  6 users,  load average: 1.61, 1.62, 1.64
2026-10-01T02:18:33-04:00
100 %, 20571 MiB, 2925 MHz, 13801 MHz, 93.24 W, 33
0 %, 20 MiB, 210 MHz, 405 MHz, 27.56 W, 28
1875905, /home/ndizazzo/dev/mesh/issue1393-q4-snapshot-20260930/target/release/xtask, 20134 MiB
 02:18:34 up 7 days, 10:09,  6 users,  load average: 1.61, 1.62, 1.64
2026-10-01T02:18:36-04:00
91 %, 20571 MiB, 2925 MHz, 13801 MHz, 93.22 W, 33
0 %, 20 MiB, 210 MHz, 405 MHz, 21.65 W, 28
1875905, /home/ndizazzo/dev/mesh/issue1393-q4-snapshot-20260930/target/release/xtask, 20134 MiB
 02:18:36 up 7 days, 10:09,  6 users,  load average: 1.64, 1.63, 1.64
2026-10-01T02:18:38-04:00
96 %, 20571 MiB, 2925 MHz, 13801 MHz, 92.49 W, 33
0 %, 20 MiB, 210 MHz, 405 MHz, 21.12 W, 28
1875905, /home/ndizazzo/dev/mesh/issue1393-q4-snapshot-20260930/target/release/xtask, 20134 MiB
 02:18:38 up 7 days, 10:09,  6 users,  load average: 1.64, 1.63, 1.64
2026-10-01T02:18:40-04:00
96 %, 20571 MiB, 2925 MHz, 13801 MHz, 93.00 W, 33
0 %, 20 MiB, 210 MHz, 405 MHz, 27.17 W, 28
1875905, /home/ndizazzo/dev/mesh/issue1393-q4-snapshot-20260930/target/release/xtask, 20134 MiB
 02:18:40 up 7 days, 10:09,  6 users,  load average: 1.64, 1.63, 1.64
2026-10-01T02:18:42-04:00
97 %, 20571 MiB, 2925 MHz, 13801 MHz, 94.15 W, 33
0 %, 20 MiB, 210 MHz, 405 MHz, 21.54 W, 28
1875905, /home/ndizazzo/dev/mesh/issue1393-q4-snapshot-20260930/target/release/xtask, 20134 MiB
 02:18:42 up 7 days, 10:09,  6 users,  load average: 1.59, 1.62, 1.64
2026-10-01T02:18:44-04:00
93 %, 20571 MiB, 2925 MHz, 13801 MHz, 92.72 W, 33
0 %, 20 MiB, 210 MHz, 405 MHz, 21.28 W, 28
1875905, /home/ndizazzo/dev/mesh/issue1393-q4-snapshot-20260930/target/release/xtask, 20134 MiB
 02:18:44 up 7 days, 10:09,  6 users,  load average: 1.59, 1.62, 1.64
2026-10-01T02:18:46-04:00
94 %, 20571 MiB, 2925 MHz, 13801 MHz, 93.66 W, 33
0 %, 20 MiB, 210 MHz, 405 MHz, 21.31 W, 28
1875905, /home/ndizazzo/dev/mesh/issue1393-q4-snapshot-20260930/target/release/xtask, 20134 MiB
 02:18:46 up 7 days, 10:09,  6 users,  load average: 1.54, 1.61, 1.63
2026-10-01T02:18:48-04:00
100 %, 20571 MiB, 2925 MHz, 13801 MHz, 96.15 W, 33
0 %, 20 MiB, 210 MHz, 405 MHz, 27.40 W, 28
1875905, /home/ndizazzo/dev/mesh/issue1393-q4-snapshot-20260930/target/release/xtask, 20134 MiB
 02:18:48 up 7 days, 10:09,  6 users,  load average: 1.54, 1.61, 1.63
2026-10-01T02:18:50-04:00
96 %, 20571 MiB, 2925 MHz, 13801 MHz, 93.15 W, 33
0 %, 20 MiB, 210 MHz, 405 MHz, 21.45 W, 28
1875905, /home/ndizazzo/dev/mesh/issue1393-q4-snapshot-20260930/target/release/xtask, 20134 MiB
 02:18:50 up 7 days, 10:09,  6 users,  load average: 1.50, 1.60, 1.63
2026-10-01T02:18:52-04:00
88 %, 20571 MiB, 2925 MHz, 13801 MHz, 92.71 W, 33
0 %, 20 MiB, 210 MHz, 405 MHz, 21.19 W, 28
1875905, /home/ndizazzo/dev/mesh/issue1393-q4-snapshot-20260930/target/release/xtask, 20134 MiB
 02:18:52 up 7 days, 10:09,  6 users,  load average: 1.50, 1.60, 1.63
2026-10-01T02:18:54-04:00
91 %, 20571 MiB, 2925 MHz, 13801 MHz, 92.87 W, 33
0 %, 20 MiB, 210 MHz, 405 MHz, 23.96 W, 28
1875905, /home/ndizazzo/dev/mesh/issue1393-q4-snapshot-20260930/target/release/xtask, 20134 MiB
 02:18:54 up 7 days, 10:09,  6 users,  load average: 1.50, 1.60, 1.63
2026-10-01T02:18:56-04:00
96 %, 20571 MiB, 2925 MHz, 13801 MHz, 94.04 W, 33
0 %, 20 MiB, 210 MHz, 405 MHz, 21.78 W, 28
1875905, /home/ndizazzo/dev/mesh/issue1393-q4-snapshot-20260930/target/release/xtask, 20134 MiB
 02:18:56 up 7 days, 10:09,  6 users,  load average: 1.54, 1.60, 1.63
2026-10-01T02:18:58-04:00
95 %, 20571 MiB, 2925 MHz, 13801 MHz, 94.47 W, 33
0 %, 20 MiB, 210 MHz, 405 MHz, 21.11 W, 28
1875905, /home/ndizazzo/dev/mesh/issue1393-q4-snapshot-20260930/target/release/xtask, 20134 MiB
 02:18:58 up 7 days, 10:10,  6 users,  load average: 1.54, 1.60, 1.63
2026-10-01T02:19:00-04:00
92 %, 20571 MiB, 2925 MHz, 13801 MHz, 93.14 W, 33
1 %, 20 MiB, 210 MHz, 405 MHz, 21.42 W, 28
1875905, /home/ndizazzo/dev/mesh/issue1393-q4-snapshot-20260930/target/release/xtask, 20134 MiB
 02:19:00 up 7 days, 10:10,  6 users,  load average: 1.49, 1.59, 1.63
2026-10-01T02:19:02-04:00
96 %, 20571 MiB, 2925 MHz, 13801 MHz, 92.82 W, 33
0 %, 20 MiB, 210 MHz, 405 MHz, 22.45 W, 28
1875905, /home/ndizazzo/dev/mesh/issue1393-q4-snapshot-20260930/target/release/xtask, 20134 MiB
 02:19:02 up 7 days, 10:10,  6 users,  load average: 1.49, 1.59, 1.63
2026-10-01T02:19:04-04:00
87 %, 20571 MiB, 2925 MHz, 13801 MHz, 94.57 W, 33
0 %, 20 MiB, 210 MHz, 405 MHz, 21.28 W, 28
1875905, /home/ndizazzo/dev/mesh/issue1393-q4-snapshot-20260930/target/release/xtask, 20134 MiB
 02:19:04 up 7 days, 10:10,  6 users,  load average: 1.49, 1.59, 1.63
2026-10-01T02:19:06-04:00
91 %, 20571 MiB, 2925 MHz, 13801 MHz, 93.89 W, 33
0 %, 20 MiB, 210 MHz, 405 MHz, 21.47 W, 28
1875905, /home/ndizazzo/dev/mesh/issue1393-q4-snapshot-20260930/target/release/xtask, 20134 MiB
 02:19:07 up 7 days, 10:10,  6 users,  load average: 1.45, 1.58, 1.63
2026-10-01T02:19:09-04:00
97 %, 20571 MiB, 2925 MHz, 13801 MHz, 94.23 W, 33
0 %, 20 MiB, 210 MHz, 405 MHz, 27.14 W, 28
1875905, /home/ndizazzo/dev/mesh/issue1393-q4-snapshot-20260930/target/release/xtask, 20134 MiB
 02:19:09 up 7 days, 10:10,  6 users,  load average: 1.45, 1.58, 1.63
2026-10-01T02:19:11-04:00
96 %, 20571 MiB, 2925 MHz, 13801 MHz, 93.28 W, 33
0 %, 20 MiB, 210 MHz, 405 MHz, 22.25 W, 28
1875905, /home/ndizazzo/dev/mesh/issue1393-q4-snapshot-20260930/target/release/xtask, 20134 MiB
 02:19:11 up 7 days, 10:10,  6 users,  load average: 1.42, 1.57, 1.62
2026-10-01T02:19:13-04:00
96 %, 20571 MiB, 2925 MHz, 13801 MHz, 93.02 W, 33
0 %, 20 MiB, 210 MHz, 405 MHz, 21.30 W, 28
1875905, /home/ndizazzo/dev/mesh/issue1393-q4-snapshot-20260930/target/release/xtask, 20134 MiB
 02:19:13 up 7 days, 10:10,  6 users,  load average: 1.42, 1.57, 1.62
2026-10-01T02:19:15-04:00
98 %, 20571 MiB, 2925 MHz, 13801 MHz, 93.62 W, 33
0 %, 20 MiB, 210 MHz, 405 MHz, 22.34 W, 28
1875905, /home/ndizazzo/dev/mesh/issue1393-q4-snapshot-20260930/target/release/xtask, 20134 MiB
 02:19:15 up 7 days, 10:10,  6 users,  load average: 1.42, 1.57, 1.62
2026-10-01T02:19:17-04:00
96 %, 20571 MiB, 2925 MHz, 13801 MHz, 94.96 W, 33
0 %, 20 MiB, 210 MHz, 405 MHz, 21.88 W, 28
1875905, /home/ndizazzo/dev/mesh/issue1393-q4-snapshot-20260930/target/release/xtask, 20134 MiB
 02:19:17 up 7 days, 10:10,  6 users,  load average: 1.46, 1.58, 1.63
2026-10-01T02:19:19-04:00
88 %, 20571 MiB, 2925 MHz, 13801 MHz, 94.10 W, 33
0 %, 20 MiB, 210 MHz, 405 MHz, 21.25 W, 28
1875905, /home/ndizazzo/dev/mesh/issue1393-q4-snapshot-20260930/target/release/xtask, 20134 MiB
 02:19:19 up 7 days, 10:10,  6 users,  load average: 1.46, 1.58, 1.63
2026-10-01T02:19:21-04:00
95 %, 20571 MiB, 2925 MHz, 13801 MHz, 93.68 W, 33
0 %, 20 MiB, 210 MHz, 405 MHz, 21.33 W, 28
1875905, /home/ndizazzo/dev/mesh/issue1393-q4-snapshot-20260930/target/release/xtask, 20134 MiB
 02:19:21 up 7 days, 10:10,  6 users,  load average: 1.43, 1.57, 1.62
2026-10-01T02:19:23-04:00
100 %, 20571 MiB, 2925 MHz, 13801 MHz, 93.44 W, 33
0 %, 20 MiB, 210 MHz, 405 MHz, 27.47 W, 28
1875905, /home/ndizazzo/dev/mesh/issue1393-q4-snapshot-20260930/target/release/xtask, 20134 MiB
 02:19:23 up 7 days, 10:10,  6 users,  load average: 1.43, 1.57, 1.62
2026-10-01T02:19:25-04:00
96 %, 20571 MiB, 2925 MHz, 13801 MHz, 92.16 W, 33
0 %, 20 MiB, 210 MHz, 405 MHz, 21.50 W, 28
1875905, /home/ndizazzo/dev/mesh/issue1393-q4-snapshot-20260930/target/release/xtask, 20134 MiB
 02:19:25 up 7 days, 10:10,  6 users,  load average: 1.39, 1.56, 1.62
2026-10-01T02:19:27-04:00
94 %, 20571 MiB, 2925 MHz, 13801 MHz, 92.42 W, 33
0 %, 20 MiB, 210 MHz, 405 MHz, 21.22 W, 28
1875905, /home/ndizazzo/dev/mesh/issue1393-q4-snapshot-20260930/target/release/xtask, 20134 MiB
 02:19:27 up 7 days, 10:10,  6 users,  load average: 1.39, 1.56, 1.62
2026-10-01T02:19:29-04:00
91 %, 20571 MiB, 2925 MHz, 13801 MHz, 92.45 W, 33
0 %, 20 MiB, 210 MHz, 405 MHz, 21.19 W, 28
1875905, /home/ndizazzo/dev/mesh/issue1393-q4-snapshot-20260930/target/release/xtask, 20134 MiB
 02:19:29 up 7 days, 10:10,  6 users,  load average: 1.39, 1.56, 1.62
2026-10-01T02:19:31-04:00
96 %, 20571 MiB, 2925 MHz, 13801 MHz, 92.75 W, 33
0 %, 20 MiB, 210 MHz, 405 MHz, 27.25 W, 28
1875905, /home/ndizazzo/dev/mesh/issue1393-q4-snapshot-20260930/target/release/xtask, 20134 MiB
 02:19:31 up 7 days, 10:10,  6 users,  load average: 1.44, 1.57, 1.62
2026-10-01T02:19:33-04:00
94 %, 20571 MiB, 2925 MHz, 13801 MHz, 93.85 W, 33
0 %, 20 MiB, 210 MHz, 405 MHz, 21.12 W, 28
1875905, /home/ndizazzo/dev/mesh/issue1393-q4-snapshot-20260930/target/release/xtask, 20134 MiB
 02:19:33 up 7 days, 10:10,  6 users,  load average: 1.44, 1.57, 1.62
2026-10-01T02:19:35-04:00
96 %, 20571 MiB, 2925 MHz, 13801 MHz, 92.63 W, 33
0 %, 20 MiB, 210 MHz, 405 MHz, 21.10 W, 28
1875905, /home/ndizazzo/dev/mesh/issue1393-q4-snapshot-20260930/target/release/xtask, 20134 MiB
 02:19:35 up 7 days, 10:10,  6 users,  load average: 1.49, 1.58, 1.62
2026-10-01T02:19:37-04:00
96 %, 20571 MiB, 2925 MHz, 13801 MHz, 92.77 W, 33
0 %, 20 MiB, 210 MHz, 405 MHz, 27.21 W, 28
1875905, /home/ndizazzo/dev/mesh/issue1393-q4-snapshot-20260930/target/release/xtask, 20134 MiB
 02:19:37 up 7 days, 10:10,  6 users,  load average: 1.49, 1.58, 1.62
2026-10-01T02:19:39-04:00
89 %, 20571 MiB, 2925 MHz, 13801 MHz, 92.56 W, 33
0 %, 20 MiB, 210 MHz, 405 MHz, 21.22 W, 28
1875905, /home/ndizazzo/dev/mesh/issue1393-q4-snapshot-20260930/target/release/xtask, 20134 MiB
 02:19:39 up 7 days, 10:10,  6 users,  load average: 1.49, 1.58, 1.62
2026-10-01T02:19:41-04:00
95 %, 20571 MiB, 2925 MHz, 13801 MHz, 93.57 W, 33
0 %, 20 MiB, 210 MHz, 405 MHz, 21.23 W, 28
1875905, /home/ndizazzo/dev/mesh/issue1393-q4-snapshot-20260930/target/release/xtask, 20134 MiB
 02:19:42 up 7 days, 10:10,  6 users,  load average: 1.53, 1.58, 1.63
2026-10-01T02:19:44-04:00
97 %, 20571 MiB, 2925 MHz, 13801 MHz, 94.77 W, 33
0 %, 20 MiB, 210 MHz, 405 MHz, 21.32 W, 28
1875905, /home/ndizazzo/dev/mesh/issue1393-q4-snapshot-20260930/target/release/xtask, 20134 MiB
 02:19:44 up 7 days, 10:10,  6 users,  load average: 1.53, 1.58, 1.63
2026-10-01T02:19:46-04:00
96 %, 20571 MiB, 2925 MHz, 13801 MHz, 95.49 W, 33
0 %, 20 MiB, 210 MHz, 405 MHz, 22.33 W, 28
1875905, /home/ndizazzo/dev/mesh/issue1393-q4-snapshot-20260930/target/release/xtask, 20134 MiB
 02:19:46 up 7 days, 10:10,  6 users,  load average: 1.57, 1.59, 1.63
2026-10-01T02:19:48-04:00
89 %, 20571 MiB, 2925 MHz, 13801 MHz, 94.22 W, 33
0 %, 20 MiB, 210 MHz, 405 MHz, 21.16 W, 28
1875905, /home/ndizazzo/dev/mesh/issue1393-q4-snapshot-20260930/target/release/xtask, 20134 MiB
 02:19:48 up 7 days, 10:10,  6 users,  load average: 1.57, 1.59, 1.63
2026-10-01T02:19:50-04:00
96 %, 20571 MiB, 2925 MHz, 13801 MHz, 93.99 W, 33
0 %, 20 MiB, 210 MHz, 405 MHz, 21.22 W, 28
1875905, /home/ndizazzo/dev/mesh/issue1393-q4-snapshot-20260930/target/release/xtask, 20134 MiB
 02:19:50 up 7 days, 10:10,  6 users,  load average: 1.57, 1.59, 1.63
2026-10-01T02:19:52-04:00
90 %, 20571 MiB, 2925 MHz, 13801 MHz, 93.25 W, 33
0 %, 20 MiB, 210 MHz, 405 MHz, 27.10 W, 28
1875905, /home/ndizazzo/dev/mesh/issue1393-q4-snapshot-20260930/target/release/xtask, 20134 MiB
 02:19:52 up 7 days, 10:10,  6 users,  load average: 1.52, 1.58, 1.63
2026-10-01T02:19:54-04:00
94 %, 20571 MiB, 2925 MHz, 13801 MHz, 92.95 W, 33
0 %, 20 MiB, 210 MHz, 405 MHz, 21.45 W, 28
1875905, /home/ndizazzo/dev/mesh/issue1393-q4-snapshot-20260930/target/release/xtask, 20134 MiB
 02:19:54 up 7 days, 10:10,  6 users,  load average: 1.52, 1.58, 1.63
2026-10-01T02:19:56-04:00
98 %, 20571 MiB, 2925 MHz, 13801 MHz, 92.55 W, 33
0 %, 20 MiB, 210 MHz, 405 MHz, 21.18 W, 28
1875905, /home/ndizazzo/dev/mesh/issue1393-q4-snapshot-20260930/target/release/xtask, 20134 MiB
 02:19:56 up 7 days, 10:10,  6 users,  load average: 1.56, 1.59, 1.63
2026-10-01T02:19:58-04:00
87 %, 20571 MiB, 2925 MHz, 13801 MHz, 92.93 W, 33
0 %, 20 MiB, 210 MHz, 405 MHz, 22.22 W, 28
1875905, /home/ndizazzo/dev/mesh/issue1393-q4-snapshot-20260930/target/release/xtask, 20134 MiB
 02:19:58 up 7 days, 10:11,  6 users,  load average: 1.56, 1.59, 1.63
2026-10-01T02:20:00-04:00
95 %, 20571 MiB, 2925 MHz, 13801 MHz, 93.87 W, 33
0 %, 20 MiB, 210 MHz, 405 MHz, 22.12 W, 28
1875905, /home/ndizazzo/dev/mesh/issue1393-q4-snapshot-20260930/target/release/xtask, 20134 MiB
 02:20:00 up 7 days, 10:11,  6 users,  load average: 1.51, 1.58, 1.62
2026-10-01T02:20:02-04:00
99 %, 20571 MiB, 2925 MHz, 13801 MHz, 93.03 W, 33
0 %, 20 MiB, 210 MHz, 405 MHz, 21.19 W, 28
1875905, /home/ndizazzo/dev/mesh/issue1393-q4-snapshot-20260930/target/release/xtask, 20134 MiB
 02:20:02 up 7 days, 10:11,  6 users,  load average: 1.51, 1.58, 1.62
2026-10-01T02:20:04-04:00
96 %, 20571 MiB, 2925 MHz, 13801 MHz, 92.23 W, 33
0 %, 20 MiB, 210 MHz, 405 MHz, 21.32 W, 28
1875905, /home/ndizazzo/dev/mesh/issue1393-q4-snapshot-20260930/target/release/xtask, 20134 MiB
 02:20:04 up 7 days, 10:11,  6 users,  load average: 1.51, 1.58, 1.62
2026-10-01T02:20:06-04:00
94 %, 20571 MiB, 2925 MHz, 13801 MHz, 92.81 W, 33
0 %, 20 MiB, 210 MHz, 405 MHz, 27.58 W, 28
1875905, /home/ndizazzo/dev/mesh/issue1393-q4-snapshot-20260930/target/release/xtask, 20134 MiB
 02:20:06 up 7 days, 10:11,  6 users,  load average: 1.55, 1.58, 1.63
2026-10-01T02:20:08-04:00
92 %, 20571 MiB, 2925 MHz, 13801 MHz, 92.37 W, 33
0 %, 20 MiB, 210 MHz, 405 MHz, 21.29 W, 28
1875905, /home/ndizazzo/dev/mesh/issue1393-q4-snapshot-20260930/target/release/xtask, 20134 MiB
 02:20:08 up 7 days, 10:11,  6 users,  load average: 1.55, 1.58, 1.63
2026-10-01T02:20:10-04:00
95 %, 20571 MiB, 2925 MHz, 13801 MHz, 93.96 W, 33
0 %, 20 MiB, 210 MHz, 405 MHz, 21.31 W, 28
1875905, /home/ndizazzo/dev/mesh/issue1393-q4-snapshot-20260930/target/release/xtask, 20134 MiB
 02:20:10 up 7 days, 10:11,  6 users,  load average: 1.59, 1.59, 1.63
2026-10-01T02:20:12-04:00
95 %, 20571 MiB, 2925 MHz, 13801 MHz, 92.56 W, 33
0 %, 20 MiB, 210 MHz, 405 MHz, 23.03 W, 28
1875905, /home/ndizazzo/dev/mesh/issue1393-q4-snapshot-20260930/target/release/xtask, 20134 MiB
 02:20:12 up 7 days, 10:11,  6 users,  load average: 1.59, 1.59, 1.63
2026-10-01T02:20:14-04:00
96 %, 20571 MiB, 2925 MHz, 13801 MHz, 93.52 W, 33
0 %, 20 MiB, 210 MHz, 405 MHz, 22.06 W, 28
1875905, /home/ndizazzo/dev/mesh/issue1393-q4-snapshot-20260930/target/release/xtask, 20134 MiB
 02:20:14 up 7 days, 10:11,  6 users,  load average: 1.59, 1.59, 1.63
2026-10-01T02:20:16-04:00
90 %, 20571 MiB, 2925 MHz, 13801 MHz, 93.78 W, 33
0 %, 20 MiB, 210 MHz, 405 MHz, 21.12 W, 28
1875905, /home/ndizazzo/dev/mesh/issue1393-q4-snapshot-20260930/target/release/xtask, 20134 MiB
 02:20:17 up 7 days, 10:11,  6 users,  load average: 1.62, 1.60, 1.63
2026-10-01T02:20:19-04:00
100 %, 20571 MiB, 2925 MHz, 13801 MHz, 92.19 W, 33
0 %, 20 MiB, 210 MHz, 405 MHz, 21.08 W, 28
1875905, /home/ndizazzo/dev/mesh/issue1393-q4-snapshot-20260930/target/release/xtask, 20134 MiB
 02:20:19 up 7 days, 10:11,  6 users,  load average: 1.62, 1.60, 1.63
2026-10-01T02:20:21-04:00
94 %, 20571 MiB, 2925 MHz, 13801 MHz, 92.33 W, 33
0 %, 20 MiB, 210 MHz, 405 MHz, 27.18 W, 28
1875905, /home/ndizazzo/dev/mesh/issue1393-q4-snapshot-20260930/target/release/xtask, 20134 MiB
 02:20:21 up 7 days, 10:11,  6 users,  load average: 1.65, 1.61, 1.63
2026-10-01T02:20:23-04:00
97 %, 20571 MiB, 2925 MHz, 13801 MHz, 92.46 W, 33
0 %, 20 MiB, 210 MHz, 405 MHz, 21.40 W, 28
1875905, /home/ndizazzo/dev/mesh/issue1393-q4-snapshot-20260930/target/release/xtask, 20134 MiB
 02:20:23 up 7 days, 10:11,  6 users,  load average: 1.65, 1.61, 1.63
2026-10-01T02:20:25-04:00
87 %, 20571 MiB, 2925 MHz, 13801 MHz, 92.41 W, 33
0 %, 20 MiB, 210 MHz, 405 MHz, 21.10 W, 28
1875905, /home/ndizazzo/dev/mesh/issue1393-q4-snapshot-20260930/target/release/xtask, 20134 MiB
 02:20:25 up 7 days, 10:11,  6 users,  load average: 1.65, 1.61, 1.63
2026-10-01T02:20:27-04:00
89 %, 20571 MiB, 2925 MHz, 13801 MHz, 93.92 W, 33
0 %, 20 MiB, 210 MHz, 405 MHz, 23.23 W, 28
1875905, /home/ndizazzo/dev/mesh/issue1393-q4-snapshot-20260930/target/release/xtask, 20134 MiB
 02:20:27 up 7 days, 10:11,  6 users,  load average: 1.60, 1.60, 1.63
2026-10-01T02:20:29-04:00
100 %, 20571 MiB, 2925 MHz, 13801 MHz, 93.17 W, 33
0 %, 20 MiB, 210 MHz, 405 MHz, 22.09 W, 28
1875905, /home/ndizazzo/dev/mesh/issue1393-q4-snapshot-20260930/target/release/xtask, 20134 MiB
 02:20:29 up 7 days, 10:11,  6 users,  load average: 1.60, 1.60, 1.63
2026-10-01T02:20:31-04:00
96 %, 20571 MiB, 2925 MHz, 13801 MHz, 92.39 W, 33
0 %, 20 MiB, 210 MHz, 405 MHz, 21.25 W, 28
1875905, /home/ndizazzo/dev/mesh/issue1393-q4-snapshot-20260930/target/release/xtask, 20134 MiB
 02:20:31 up 7 days, 10:11,  6 users,  load average: 1.55, 1.59, 1.63
2026-10-01T02:20:33-04:00
87 %, 20571 MiB, 2925 MHz, 13801 MHz, 92.51 W, 33
0 %, 20 MiB, 210 MHz, 405 MHz, 21.33 W, 28
1875905, /home/ndizazzo/dev/mesh/issue1393-q4-snapshot-20260930/target/release/xtask, 20134 MiB
 02:20:33 up 7 days, 10:11,  6 users,  load average: 1.55, 1.59, 1.63
2026-10-01T02:20:35-04:00
95 %, 20571 MiB, 2925 MHz, 13801 MHz, 92.35 W, 33
0 %, 20 MiB, 210 MHz, 405 MHz, 27.54 W, 28
1875905, /home/ndizazzo/dev/mesh/issue1393-q4-snapshot-20260930/target/release/xtask, 20134 MiB
 02:20:35 up 7 days, 10:11,  6 users,  load average: 1.51, 1.58, 1.62
2026-10-01T02:20:37-04:00
97 %, 20571 MiB, 2925 MHz, 13801 MHz, 92.14 W, 33
0 %, 20 MiB, 210 MHz, 405 MHz, 21.55 W, 28
1875905, /home/ndizazzo/dev/mesh/issue1393-q4-snapshot-20260930/target/release/xtask, 20134 MiB
 02:20:37 up 7 days, 10:11,  6 users,  load average: 1.51, 1.58, 1.62
2026-10-01T02:20:39-04:00
96 %, 20571 MiB, 2925 MHz, 13801 MHz, 93.98 W, 33
0 %, 20 MiB, 210 MHz, 405 MHz, 21.17 W, 28
1875905, /home/ndizazzo/dev/mesh/issue1393-q4-snapshot-20260930/target/release/xtask, 20134 MiB
 02:20:39 up 7 days, 10:11,  6 users,  load average: 1.51, 1.58, 1.62
2026-10-01T02:20:41-04:00
100 %, 20571 MiB, 2925 MHz, 13801 MHz, 93.46 W, 33
0 %, 20 MiB, 210 MHz, 405 MHz, 21.94 W, 28
1875905, /home/ndizazzo/dev/mesh/issue1393-q4-snapshot-20260930/target/release/xtask, 20134 MiB
 02:20:41 up 7 days, 10:11,  6 users,  load average: 1.47, 1.57, 1.62
2026-10-01T02:20:43-04:00
91 %, 20571 MiB, 2925 MHz, 13801 MHz, 94.24 W, 33
0 %, 20 MiB, 210 MHz, 405 MHz, 22.06 W, 28
1875905, /home/ndizazzo/dev/mesh/issue1393-q4-snapshot-20260930/target/release/xtask, 20134 MiB
 02:20:43 up 7 days, 10:11,  6 users,  load average: 1.47, 1.57, 1.62
2026-10-01T02:20:45-04:00
100 %, 20571 MiB, 2925 MHz, 13801 MHz, 92.36 W, 33
0 %, 20 MiB, 210 MHz, 405 MHz, 21.09 W, 28
1875905, /home/ndizazzo/dev/mesh/issue1393-q4-snapshot-20260930/target/release/xtask, 20134 MiB
 02:20:45 up 7 days, 10:11,  6 users,  load average: 1.43, 1.56, 1.62
2026-10-01T02:20:47-04:00
95 %, 20571 MiB, 2925 MHz, 13801 MHz, 93.03 W, 33
0 %, 20 MiB, 210 MHz, 405 MHz, 21.14 W, 28
1875905, /home/ndizazzo/dev/mesh/issue1393-q4-snapshot-20260930/target/release/xtask, 20134 MiB
 02:20:47 up 7 days, 10:11,  6 users,  load average: 1.43, 1.56, 1.62
2026-10-01T02:20:49-04:00
96 %, 20571 MiB, 2925 MHz, 13801 MHz, 92.12 W, 33
0 %, 20 MiB, 210 MHz, 405 MHz, 27.25 W, 28
1875905, /home/ndizazzo/dev/mesh/issue1393-q4-snapshot-20260930/target/release/xtask, 20134 MiB
 02:20:49 up 7 days, 10:11,  6 users,  load average: 1.43, 1.56, 1.62
2026-10-01T02:20:51-04:00
87 %, 20571 MiB, 2925 MHz, 13801 MHz, 92.14 W, 33
0 %, 20 MiB, 210 MHz, 405 MHz, 21.11 W, 28
1875905, /home/ndizazzo/dev/mesh/issue1393-q4-snapshot-20260930/target/release/xtask, 20134 MiB
 02:20:52 up 7 days, 10:11,  6 users,  load average: 1.39, 1.55, 1.61
2026-10-01T02:20:54-04:00
95 %, 20571 MiB, 2925 MHz, 13801 MHz, 93.50 W, 33
0 %, 20 MiB, 210 MHz, 405 MHz, 21.04 W, 28
1875905, /home/ndizazzo/dev/mesh/issue1393-q4-snapshot-20260930/target/release/xtask, 20134 MiB
 02:20:54 up 7 days, 10:11,  6 users,  load average: 1.39, 1.55, 1.61
2026-10-01T02:20:56-04:00
96 %, 20571 MiB, 2925 MHz, 13801 MHz, 94.05 W, 33
0 %, 20 MiB, 210 MHz, 405 MHz, 23.01 W, 28
1875905, /home/ndizazzo/dev/mesh/issue1393-q4-snapshot-20260930/target/release/xtask, 20134 MiB
 02:20:56 up 7 days, 10:11,  6 users,  load average: 1.44, 1.55, 1.62
2026-10-01T02:20:58-04:00
87 %, 20571 MiB, 2925 MHz, 13801 MHz, 93.90 W, 33
0 %, 20 MiB, 210 MHz, 405 MHz, 22.50 W, 28
1875905, /home/ndizazzo/dev/mesh/issue1393-q4-snapshot-20260930/target/release/xtask, 20134 MiB
 02:20:58 up 7 days, 10:12,  6 users,  load average: 1.44, 1.55, 1.62
2026-10-01T02:21:00-04:00
100 %, 20571 MiB, 2925 MHz, 13801 MHz, 92.50 W, 33
0 %, 20 MiB, 210 MHz, 405 MHz, 21.11 W, 28
1875905, /home/ndizazzo/dev/mesh/issue1393-q4-snapshot-20260930/target/release/xtask, 20134 MiB
 02:21:00 up 7 days, 10:12,  6 users,  load average: 1.44, 1.55, 1.62
2026-10-01T02:21:02-04:00
90 %, 20571 MiB, 2925 MHz, 13801 MHz, 92.04 W, 33
0 %, 20 MiB, 210 MHz, 405 MHz, 21.14 W, 28
1875905, /home/ndizazzo/dev/mesh/issue1393-q4-snapshot-20260930/target/release/xtask, 20134 MiB
 02:21:02 up 7 days, 10:12,  6 users,  load average: 1.41, 1.55, 1.61
2026-10-01T02:21:04-04:00
95 %, 20571 MiB, 2925 MHz, 13801 MHz, 92.81 W, 33
0 %, 20 MiB, 210 MHz, 405 MHz, 27.12 W, 28
1875905, /home/ndizazzo/dev/mesh/issue1393-q4-snapshot-20260930/target/release/xtask, 20134 MiB
 02:21:04 up 7 days, 10:12,  6 users,  load average: 1.41, 1.55, 1.61
2026-10-01T02:21:06-04:00
96 %, 20571 MiB, 2925 MHz, 13801 MHz, 93.40 W, 33
0 %, 20 MiB, 210 MHz, 405 MHz, 21.45 W, 28
1875905, /home/ndizazzo/dev/mesh/issue1393-q4-snapshot-20260930/target/release/xtask, 20134 MiB
 02:21:06 up 7 days, 10:12,  6 users,  load average: 1.37, 1.54, 1.61
2026-10-01T02:21:08-04:00
96 %, 20571 MiB, 2925 MHz, 13801 MHz, 94.67 W, 33
0 %, 20 MiB, 210 MHz, 405 MHz, 21.17 W, 28
1875905, /home/ndizazzo/dev/mesh/issue1393-q4-snapshot-20260930/target/release/xtask, 20134 MiB
 02:21:08 up 7 days, 10:12,  6 users,  load average: 1.37, 1.54, 1.61
2026-10-01T02:21:10-04:00
98 %, 20571 MiB, 2925 MHz, 13801 MHz, 93.67 W, 33
0 %, 20 MiB, 210 MHz, 405 MHz, 23.63 W, 28
1875905, /home/ndizazzo/dev/mesh/issue1393-q4-snapshot-20260930/target/release/xtask, 20134 MiB
 02:21:10 up 7 days, 10:12,  6 users,  load average: 1.42, 1.54, 1.61
2026-10-01T02:21:12-04:00
96 %, 20571 MiB, 2925 MHz, 13801 MHz, 93.92 W, 33
0 %, 20 MiB, 210 MHz, 405 MHz, 22.15 W, 28
1875905, /home/ndizazzo/dev/mesh/issue1393-q4-snapshot-20260930/target/release/xtask, 20134 MiB
 02:21:12 up 7 days, 10:12,  6 users,  load average: 1.42, 1.54, 1.61
2026-10-01T02:21:14-04:00
88 %, 20571 MiB, 2925 MHz, 13801 MHz, 94.36 W, 33
0 %, 20 MiB, 210 MHz, 405 MHz, 21.12 W, 28
1875905, /home/ndizazzo/dev/mesh/issue1393-q4-snapshot-20260930/target/release/xtask, 20134 MiB
 02:21:14 up 7 days, 10:12,  6 users,  load average: 1.42, 1.54, 1.61
2026-10-01T02:21:16-04:00
100 %, 20571 MiB, 2925 MHz, 13801 MHz, 92.74 W, 33
0 %, 20 MiB, 210 MHz, 405 MHz, 21.37 W, 28
1875905, /home/ndizazzo/dev/mesh/issue1393-q4-snapshot-20260930/target/release/xtask, 20134 MiB
 02:21:16 up 7 days, 10:12,  6 users,  load average: 1.55, 1.57, 1.62
2026-10-01T02:21:18-04:00
87 %, 20571 MiB, 2925 MHz, 13801 MHz, 92.54 W, 33
0 %, 20 MiB, 210 MHz, 405 MHz, 27.53 W, 28
1875905, /home/ndizazzo/dev/mesh/issue1393-q4-snapshot-20260930/target/release/xtask, 20134 MiB
 02:21:18 up 7 days, 10:12,  6 users,  load average: 1.55, 1.57, 1.62
2026-10-01T02:21:20-04:00
92 %, 20571 MiB, 2925 MHz, 13801 MHz, 93.00 W, 33
0 %, 20 MiB, 210 MHz, 405 MHz, 21.30 W, 28
1875905, /home/ndizazzo/dev/mesh/issue1393-q4-snapshot-20260930/target/release/xtask, 20134 MiB
 02:21:20 up 7 days, 10:12,  6 users,  load average: 1.59, 1.58, 1.62
2026-10-01T02:21:22-04:00
96 %, 20571 MiB, 2925 MHz, 13801 MHz, 93.73 W, 33
0 %, 20 MiB, 210 MHz, 405 MHz, 21.31 W, 28
1875905, /home/ndizazzo/dev/mesh/issue1393-q4-snapshot-20260930/target/release/xtask, 20134 MiB
 02:21:22 up 7 days, 10:12,  6 users,  load average: 1.59, 1.58, 1.62
2026-10-01T02:21:24-04:00
87 %, 20571 MiB, 2925 MHz, 13801 MHz, 94.19 W, 33
0 %, 20 MiB, 210 MHz, 405 MHz, 24.02 W, 28
1875905, /home/ndizazzo/dev/mesh/issue1393-q4-snapshot-20260930/target/release/xtask, 20134 MiB
 02:21:24 up 7 days, 10:12,  6 users,  load average: 1.59, 1.58, 1.62
2026-10-01T02:21:26-04:00
100 %, 20571 MiB, 2925 MHz, 13801 MHz, 93.04 W, 33
0 %, 20 MiB, 210 MHz, 405 MHz, 22.51 W, 28
1875905, /home/ndizazzo/dev/mesh/issue1393-q4-snapshot-20260930/target/release/xtask, 20134 MiB
 02:21:27 up 7 days, 10:12,  6 users,  load average: 1.54, 1.57, 1.62
2026-10-01T02:21:29-04:00
94 %, 20571 MiB, 2925 MHz, 13801 MHz, 93.39 W, 33
0 %, 20 MiB, 210 MHz, 405 MHz, 21.24 W, 28
1875905, /home/ndizazzo/dev/mesh/issue1393-q4-snapshot-20260930/target/release/xtask, 20134 MiB
 02:21:29 up 7 days, 10:12,  6 users,  load average: 1.54, 1.57, 1.62
2026-10-01T02:21:31-04:00
96 %, 20571 MiB, 2925 MHz, 13801 MHz, 93.22 W, 33
0 %, 20 MiB, 210 MHz, 405 MHz, 21.25 W, 28
1875905, /home/ndizazzo/dev/mesh/issue1393-q4-snapshot-20260930/target/release/xtask, 20134 MiB
 02:21:31 up 7 days, 10:12,  6 users,  load average: 1.50, 1.56, 1.62
2026-10-01T02:21:33-04:00
95 %, 20571 MiB, 2925 MHz, 13801 MHz, 92.61 W, 33
0 %, 20 MiB, 210 MHz, 405 MHz, 27.24 W, 28
1875905, /home/ndizazzo/dev/mesh/issue1393-q4-snapshot-20260930/target/release/xtask, 20134 MiB
 02:21:33 up 7 days, 10:12,  6 users,  load average: 1.50, 1.56, 1.62
2026-10-01T02:21:35-04:00
96 %, 20571 MiB, 2925 MHz, 13801 MHz, 92.80 W, 33
0 %, 20 MiB, 210 MHz, 405 MHz, 21.17 W, 28
1875905, /home/ndizazzo/dev/mesh/issue1393-q4-snapshot-20260930/target/release/xtask, 20134 MiB
 02:21:35 up 7 days, 10:12,  6 users,  load average: 1.50, 1.56, 1.62
2026-10-01T02:21:37-04:00
100 %, 20571 MiB, 2925 MHz, 13801 MHz, 94.71 W, 33
0 %, 20 MiB, 210 MHz, 405 MHz, 21.28 W, 28
1875905, /home/ndizazzo/dev/mesh/issue1393-q4-snapshot-20260930/target/release/xtask, 20134 MiB
 02:21:37 up 7 days, 10:12,  6 users,  load average: 1.54, 1.56, 1.62
2026-10-01T02:21:39-04:00
94 %, 20571 MiB, 2925 MHz, 13801 MHz, 93.70 W, 33
0 %, 20 MiB, 210 MHz, 405 MHz, 27.43 W, 28
1875905, /home/ndizazzo/dev/mesh/issue1393-q4-snapshot-20260930/target/release/xtask, 20134 MiB
 02:21:39 up 7 days, 10:12,  6 users,  load average: 1.54, 1.56, 1.62
2026-10-01T02:21:41-04:00
96 %, 20873 MiB, 2925 MHz, 13801 MHz, 92.40 W, 33
0 %, 20 MiB, 210 MHz, 405 MHz, 22.02 W, 28
1875905, /home/ndizazzo/dev/mesh/issue1393-q4-snapshot-20260930/target/release/xtask, 20436 MiB
 02:21:41 up 7 days, 10:12,  6 users,  load average: 1.57, 1.57, 1.62
2026-10-01T02:21:43-04:00
81 %, 20873 MiB, 2925 MHz, 13801 MHz, 91.20 W, 33
0 %, 20 MiB, 210 MHz, 405 MHz, 21.26 W, 28
1875905, /home/ndizazzo/dev/mesh/issue1393-q4-snapshot-20260930/target/release/xtask, 20436 MiB
 02:21:43 up 7 days, 10:12,  6 users,  load average: 1.57, 1.57, 1.62
2026-10-01T02:21:45-04:00
100 %, 20873 MiB, 2925 MHz, 13801 MHz, 90.09 W, 33
0 %, 20 MiB, 210 MHz, 405 MHz, 21.33 W, 28
1875905, /home/ndizazzo/dev/mesh/issue1393-q4-snapshot-20260930/target/release/xtask, 20436 MiB
 02:21:45 up 7 days, 10:12,  6 users,  load average: 1.61, 1.58, 1.62
2026-10-01T02:21:47-04:00
100 %, 20873 MiB, 2925 MHz, 13801 MHz, 92.49 W, 33
0 %, 20 MiB, 210 MHz, 405 MHz, 27.53 W, 28
1875905, /home/ndizazzo/dev/mesh/issue1393-q4-snapshot-20260930/target/release/xtask, 20436 MiB
 02:21:47 up 7 days, 10:12,  6 users,  load average: 1.61, 1.58, 1.62
2026-10-01T02:21:49-04:00
88 %, 20875 MiB, 2925 MHz, 13801 MHz, 93.07 W, 33
0 %, 20 MiB, 210 MHz, 405 MHz, 21.62 W, 28
1875905, /home/ndizazzo/dev/mesh/issue1393-q4-snapshot-20260930/target/release/xtask, 20438 MiB
 02:21:49 up 7 days, 10:12,  6 users,  load average: 1.61, 1.58, 1.62
2026-10-01T02:21:51-04:00
96 %, 20875 MiB, 2925 MHz, 13801 MHz, 91.19 W, 33
0 %, 20 MiB, 210 MHz, 405 MHz, 21.34 W, 28
1875905, /home/ndizazzo/dev/mesh/issue1393-q4-snapshot-20260930/target/release/xtask, 20438 MiB
 02:21:51 up 7 days, 10:12,  6 users,  load average: 1.64, 1.59, 1.62
2026-10-01T02:21:53-04:00
88 %, 20875 MiB, 2925 MHz, 13801 MHz, 90.62 W, 33
0 %, 20 MiB, 210 MHz, 405 MHz, 27.33 W, 28
1875905, /home/ndizazzo/dev/mesh/issue1393-q4-snapshot-20260930/target/release/xtask, 20438 MiB
 02:21:53 up 7 days, 10:12,  6 users,  load average: 1.64, 1.59, 1.62
2026-10-01T02:21:55-04:00
100 %, 20875 MiB, 2925 MHz, 13801 MHz, 91.89 W, 33
0 %, 20 MiB, 210 MHz, 405 MHz, 21.56 W, 28
1875905, /home/ndizazzo/dev/mesh/issue1393-q4-snapshot-20260930/target/release/xtask, 20438 MiB
 02:21:55 up 7 days, 10:12,  6 users,  load average: 1.67, 1.59, 1.63
2026-10-01T02:21:57-04:00
98 %, 20877 MiB, 2925 MHz, 13801 MHz, 92.96 W, 33
0 %, 20 MiB, 210 MHz, 405 MHz, 21.32 W, 28
1875905, /home/ndizazzo/dev/mesh/issue1393-q4-snapshot-20260930/target/release/xtask, 20440 MiB
 02:21:57 up 7 days, 10:13,  6 users,  load average: 1.67, 1.59, 1.63
2026-10-01T02:21:59-04:00
77 %, 20877 MiB, 2925 MHz, 13801 MHz, 91.64 W, 33
0 %, 20 MiB, 210 MHz, 405 MHz, 21.27 W, 28
1875905, /home/ndizazzo/dev/mesh/issue1393-q4-snapshot-20260930/target/release/xtask, 20440 MiB
 02:21:59 up 7 days, 10:13,  6 users,  load average: 1.67, 1.59, 1.63
2026-10-01T02:22:01-04:00
100 %, 20877 MiB, 2925 MHz, 13801 MHz, 90.35 W, 33
0 %, 20 MiB, 210 MHz, 405 MHz, 27.43 W, 28
1875905, /home/ndizazzo/dev/mesh/issue1393-q4-snapshot-20260930/target/release/xtask, 20440 MiB
 02:22:02 up 7 days, 10:13,  6 users,  load average: 1.62, 1.58, 1.62
2026-10-01T02:22:04-04:00
100 %, 20877 MiB, 2925 MHz, 13801 MHz, 92.52 W, 33
0 %, 20 MiB, 210 MHz, 405 MHz, 21.31 W, 28
1875905, /home/ndizazzo/dev/mesh/issue1393-q4-snapshot-20260930/target/release/xtask, 20440 MiB
 02:22:04 up 7 days, 10:13,  6 users,  load average: 1.62, 1.58, 1.62
2026-10-01T02:22:06-04:00
88 %, 20879 MiB, 2925 MHz, 13801 MHz, 93.16 W, 33
0 %, 20 MiB, 210 MHz, 405 MHz, 21.19 W, 28
1875905, /home/ndizazzo/dev/mesh/issue1393-q4-snapshot-20260930/target/release/xtask, 20442 MiB
 02:22:06 up 7 days, 10:13,  6 users,  load average: 1.65, 1.59, 1.63
2026-10-01T02:22:08-04:00
87 %, 20879 MiB, 2925 MHz, 13801 MHz, 90.89 W, 33
0 %, 20 MiB, 210 MHz, 405 MHz, 24.06 W, 28
1875905, /home/ndizazzo/dev/mesh/issue1393-q4-snapshot-20260930/target/release/xtask, 20442 MiB
 02:22:08 up 7 days, 10:13,  6 users,  load average: 1.65, 1.59, 1.63
2026-10-01T02:22:10-04:00
88 %, 20879 MiB, 2925 MHz, 13801 MHz, 90.82 W, 33
0 %, 20 MiB, 210 MHz, 405 MHz, 21.63 W, 28
1875905, /home/ndizazzo/dev/mesh/issue1393-q4-snapshot-20260930/target/release/xtask, 20442 MiB
 02:22:10 up 7 days, 10:13,  6 users,  load average: 1.65, 1.59, 1.63
2026-10-01T02:22:12-04:00
100 %, 20879 MiB, 2925 MHz, 13801 MHz, 92.30 W, 33
0 %, 20 MiB, 210 MHz, 405 MHz, 21.22 W, 28
1875905, /home/ndizazzo/dev/mesh/issue1393-q4-snapshot-20260930/target/release/xtask, 20442 MiB
 02:22:12 up 7 days, 10:13,  6 users,  load average: 1.59, 1.58, 1.62
2026-10-01T02:22:14-04:00
60 %, 20881 MiB, 2925 MHz, 13801 MHz, 93.16 W, 33
0 %, 20 MiB, 210 MHz, 405 MHz, 21.49 W, 28
1875905, /home/ndizazzo/dev/mesh/issue1393-q4-snapshot-20260930/target/release/xtask, 20444 MiB
 02:22:14 up 7 days, 10:13,  6 users,  load average: 1.59, 1.58, 1.62
2026-10-01T02:22:16-04:00
96 %, 20881 MiB, 2925 MHz, 13801 MHz, 91.35 W, 33
0 %, 20 MiB, 210 MHz, 405 MHz, 22.28 W, 28
1875905, /home/ndizazzo/dev/mesh/issue1393-q4-snapshot-20260930/target/release/xtask, 20444 MiB
 02:22:16 up 7 days, 10:13,  6 users,  load average: 1.63, 1.59, 1.63
2026-10-01T02:22:18-04:00
100 %, 20881 MiB, 2925 MHz, 13801 MHz, 91.31 W, 33
0 %, 20 MiB, 210 MHz, 405 MHz, 21.24 W, 28
1875905, /home/ndizazzo/dev/mesh/issue1393-q4-snapshot-20260930/target/release/xtask, 20444 MiB
 02:22:18 up 7 days, 10:13,  6 users,  load average: 1.63, 1.59, 1.63
2026-10-01T02:22:20-04:00
100 %, 20881 MiB, 2925 MHz, 13801 MHz, 93.21 W, 33
0 %, 20 MiB, 210 MHz, 405 MHz, 21.28 W, 28
1875905, /home/ndizazzo/dev/mesh/issue1393-q4-snapshot-20260930/target/release/xtask, 20444 MiB
 02:22:20 up 7 days, 10:13,  6 users,  load average: 1.66, 1.59, 1.63
2026-10-01T02:22:22-04:00
100 %, 20883 MiB, 2925 MHz, 13801 MHz, 93.69 W, 33
0 %, 20 MiB, 210 MHz, 405 MHz, 27.27 W, 28
1875905, /home/ndizazzo/dev/mesh/issue1393-q4-snapshot-20260930/target/release/xtask, 20446 MiB
 02:22:22 up 7 days, 10:13,  6 users,  load average: 1.66, 1.59, 1.63
2026-10-01T02:22:24-04:00
91 %, 20871 MiB, 2925 MHz, 13801 MHz, 95.36 W, 33
0 %, 20 MiB, 210 MHz, 405 MHz, 22.12 W, 28
1875905, /home/ndizazzo/dev/mesh/issue1393-q4-snapshot-20260930/target/release/xtask, 20434 MiB
 02:22:24 up 7 days, 10:13,  6 users,  load average: 1.66, 1.59, 1.63
2026-10-01T02:22:26-04:00
95 %, 20871 MiB, 2925 MHz, 13801 MHz, 94.27 W, 33
0 %, 20 MiB, 210 MHz, 405 MHz, 21.28 W, 28
1875905, /home/ndizazzo/dev/mesh/issue1393-q4-snapshot-20260930/target/release/xtask, 20434 MiB
 02:22:26 up 7 days, 10:13,  6 users,  load average: 1.60, 1.58, 1.62
2026-10-01T02:22:28-04:00
97 %, 20871 MiB, 2925 MHz, 13801 MHz, 93.33 W, 33
0 %, 20 MiB, 210 MHz, 405 MHz, 22.29 W, 28
1875905, /home/ndizazzo/dev/mesh/issue1393-q4-snapshot-20260930/target/release/xtask, 20434 MiB
 02:22:28 up 7 days, 10:13,  6 users,  load average: 1.60, 1.58, 1.62
2026-10-01T02:22:30-04:00
89 %, 20871 MiB, 2925 MHz, 13801 MHz, 93.71 W, 33
0 %, 20 MiB, 210 MHz, 405 MHz, 21.86 W, 28
1875905, /home/ndizazzo/dev/mesh/issue1393-q4-snapshot-20260930/target/release/xtask, 20434 MiB
 02:22:30 up 7 days, 10:13,  6 users,  load average: 1.56, 1.57, 1.62
2026-10-01T02:22:32-04:00
96 %, 20871 MiB, 2925 MHz, 13801 MHz, 93.91 W, 33
0 %, 20 MiB, 210 MHz, 405 MHz, 21.12 W, 28
1875905, /home/ndizazzo/dev/mesh/issue1393-q4-snapshot-20260930/target/release/xtask, 20434 MiB
 02:22:32 up 7 days, 10:13,  6 users,  load average: 1.56, 1.57, 1.62
2026-10-01T02:22:34-04:00
95 %, 20871 MiB, 2925 MHz, 13801 MHz, 94.86 W, 33
0 %, 20 MiB, 210 MHz, 405 MHz, 21.28 W, 28
1875905, /home/ndizazzo/dev/mesh/issue1393-q4-snapshot-20260930/target/release/xtask, 20434 MiB
 02:22:34 up 7 days, 10:13,  6 users,  load average: 1.56, 1.57, 1.62
2026-10-01T02:22:36-04:00
91 %, 20871 MiB, 2925 MHz, 13801 MHz, 94.58 W, 33
0 %, 20 MiB, 210 MHz, 405 MHz, 27.56 W, 28
1875905, /home/ndizazzo/dev/mesh/issue1393-q4-snapshot-20260930/target/release/xtask, 20434 MiB
 02:22:37 up 7 days, 10:13,  6 users,  load average: 1.51, 1.56, 1.62
2026-10-01T02:22:39-04:00
97 %, 20871 MiB, 2925 MHz, 13801 MHz, 94.46 W, 33
0 %, 20 MiB, 210 MHz, 405 MHz, 21.47 W, 28
1875905, /home/ndizazzo/dev/mesh/issue1393-q4-snapshot-20260930/target/release/xtask, 20434 MiB
 02:22:39 up 7 days, 10:13,  6 users,  load average: 1.51, 1.56, 1.62
2026-10-01T02:22:41-04:00
100 %, 20871 MiB, 2925 MHz, 13801 MHz, 93.00 W, 33
0 %, 20 MiB, 210 MHz, 405 MHz, 21.22 W, 28
1875905, /home/ndizazzo/dev/mesh/issue1393-q4-snapshot-20260930/target/release/xtask, 20434 MiB
 02:22:41 up 7 days, 10:13,  6 users,  load average: 1.55, 1.57, 1.62
2026-10-01T02:22:43-04:00
95 %, 20871 MiB, 2925 MHz, 13801 MHz, 92.89 W, 33
0 %, 20 MiB, 210 MHz, 405 MHz, 21.18 W, 28
1875905, /home/ndizazzo/dev/mesh/issue1393-q4-snapshot-20260930/target/release/xtask, 20434 MiB
 02:22:43 up 7 days, 10:13,  6 users,  load average: 1.55, 1.57, 1.62
2026-10-01T02:22:45-04:00
96 %, 20871 MiB, 2925 MHz, 13801 MHz, 93.56 W, 33
0 %, 20 MiB, 210 MHz, 405 MHz, 22.24 W, 28
1875905, /home/ndizazzo/dev/mesh/issue1393-q4-snapshot-20260930/target/release/xtask, 20434 MiB
 02:22:45 up 7 days, 10:13,  6 users,  load average: 1.55, 1.57, 1.62
2026-10-01T02:22:47-04:00
94 %, 20871 MiB, 2925 MHz, 13801 MHz, 94.86 W, 33
0 %, 20 MiB, 210 MHz, 405 MHz, 21.26 W, 28
1875905, /home/ndizazzo/dev/mesh/issue1393-q4-snapshot-20260930/target/release/xtask, 20434 MiB
 02:22:47 up 7 days, 10:13,  6 users,  load average: 1.51, 1.56, 1.62
2026-10-01T02:22:49-04:00
95 %, 20871 MiB, 2925 MHz, 13801 MHz, 95.20 W, 33
0 %, 20 MiB, 210 MHz, 405 MHz, 21.42 W, 28
1875905, /home/ndizazzo/dev/mesh/issue1393-q4-snapshot-20260930/target/release/xtask, 20434 MiB
 02:22:49 up 7 days, 10:13,  6 users,  load average: 1.51, 1.56, 1.62
2026-10-01T02:22:51-04:00
98 %, 20871 MiB, 2925 MHz, 13801 MHz, 93.13 W, 33
0 %, 20 MiB, 210 MHz, 405 MHz, 27.60 W, 28
1875905, /home/ndizazzo/dev/mesh/issue1393-q4-snapshot-20260930/target/release/xtask, 20434 MiB
 02:22:51 up 7 days, 10:13,  6 users,  load average: 1.47, 1.55, 1.61
2026-10-01T02:22:53-04:00
96 %, 20871 MiB, 2925 MHz, 13801 MHz, 94.49 W, 33
0 %, 20 MiB, 210 MHz, 405 MHz, 21.51 W, 28
1875905, /home/ndizazzo/dev/mesh/issue1393-q4-snapshot-20260930/target/release/xtask, 20434 MiB
 02:22:53 up 7 days, 10:13,  6 users,  load average: 1.47, 1.55, 1.61
2026-10-01T02:22:55-04:00
87 %, 20871 MiB, 2925 MHz, 13801 MHz, 93.53 W, 33
0 %, 20 MiB, 210 MHz, 405 MHz, 21.24 W, 28
1875905, /home/ndizazzo/dev/mesh/issue1393-q4-snapshot-20260930/target/release/xtask, 20434 MiB
 02:22:55 up 7 days, 10:13,  6 users,  load average: 1.51, 1.56, 1.62
2026-10-01T02:22:57-04:00
100 %, 20871 MiB, 2925 MHz, 13801 MHz, 93.71 W, 33
0 %, 20 MiB, 210 MHz, 405 MHz, 21.41 W, 28
1875905, /home/ndizazzo/dev/mesh/issue1393-q4-snapshot-20260930/target/release/xtask, 20434 MiB
 02:22:57 up 7 days, 10:14,  6 users,  load average: 1.51, 1.56, 1.62
2026-10-01T02:22:59-04:00
100 %, 20871 MiB, 2925 MHz, 13801 MHz, 92.37 W, 33
0 %, 20 MiB, 210 MHz, 405 MHz, 22.56 W, 28
1875905, /home/ndizazzo/dev/mesh/issue1393-q4-snapshot-20260930/target/release/xtask, 20434 MiB
 02:22:59 up 7 days, 10:14,  6 users,  load average: 1.51, 1.56, 1.62
2026-10-01T02:23:01-04:00
94 %, 20871 MiB, 2925 MHz, 13801 MHz, 92.21 W, 33
0 %, 20 MiB, 210 MHz, 405 MHz, 21.23 W, 28
1875905, /home/ndizazzo/dev/mesh/issue1393-q4-snapshot-20260930/target/release/xtask, 20434 MiB
 02:23:01 up 7 days, 10:14,  6 users,  load average: 1.47, 1.55, 1.61
2026-10-01T02:23:03-04:00
94 %, 20871 MiB, 2925 MHz, 13801 MHz, 93.42 W, 33
0 %, 20 MiB, 210 MHz, 405 MHz, 21.40 W, 28
1875905, /home/ndizazzo/dev/mesh/issue1393-q4-snapshot-20260930/target/release/xtask, 20434 MiB
 02:23:03 up 7 days, 10:14,  6 users,  load average: 1.47, 1.55, 1.61
2026-10-01T02:23:05-04:00
94 %, 20871 MiB, 2925 MHz, 13801 MHz, 94.67 W, 33
0 %, 20 MiB, 210 MHz, 405 MHz, 27.29 W, 28
1875905, /home/ndizazzo/dev/mesh/issue1393-q4-snapshot-20260930/target/release/xtask, 20434 MiB
 02:23:05 up 7 days, 10:14,  6 users,  load average: 1.51, 1.56, 1.61
2026-10-01T02:23:07-04:00
95 %, 20871 MiB, 2925 MHz, 13801 MHz, 94.31 W, 33
0 %, 20 MiB, 210 MHz, 405 MHz, 21.54 W, 28
1875905, /home/ndizazzo/dev/mesh/issue1393-q4-snapshot-20260930/target/release/xtask, 20434 MiB
 02:23:07 up 7 days, 10:14,  6 users,  load average: 1.51, 1.56, 1.61
2026-10-01T02:23:09-04:00
96 %, 20871 MiB, 2925 MHz, 13801 MHz, 94.12 W, 33
0 %, 20 MiB, 210 MHz, 405 MHz, 21.19 W, 28
1875905, /home/ndizazzo/dev/mesh/issue1393-q4-snapshot-20260930/target/release/xtask, 20434 MiB
 02:23:09 up 7 days, 10:14,  6 users,  load average: 1.51, 1.56, 1.61
2026-10-01T02:23:11-04:00
100 %, 20871 MiB, 2925 MHz, 13801 MHz, 92.44 W, 33
0 %, 20 MiB, 210 MHz, 405 MHz, 22.18 W, 28
1875905, /home/ndizazzo/dev/mesh/issue1393-q4-snapshot-20260930/target/release/xtask, 20434 MiB
 02:23:12 up 7 days, 10:14,  6 users,  load average: 1.47, 1.55, 1.61
2026-10-01T02:23:14-04:00
90 %, 20871 MiB, 2925 MHz, 13801 MHz, 92.50 W, 33
0 %, 20 MiB, 210 MHz, 405 MHz, 22.17 W, 28
1875905, /home/ndizazzo/dev/mesh/issue1393-q4-snapshot-20260930/target/release/xtask, 20434 MiB
 02:23:14 up 7 days, 10:14,  6 users,  load average: 1.47, 1.55, 1.61
2026-10-01T02:23:16-04:00
94 %, 20871 MiB, 2925 MHz, 13801 MHz, 92.79 W, 33
0 %, 20 MiB, 210 MHz, 405 MHz, 21.36 W, 28
1875905, /home/ndizazzo/dev/mesh/issue1393-q4-snapshot-20260930/target/release/xtask, 20434 MiB
 02:23:16 up 7 days, 10:14,  6 users,  load average: 1.51, 1.56, 1.61
2026-10-01T02:23:18-04:00
97 %, 20871 MiB, 2925 MHz, 13801 MHz, 92.85 W, 33
0 %, 20 MiB, 210 MHz, 405 MHz, 21.43 W, 28
1875905, /home/ndizazzo/dev/mesh/issue1393-q4-snapshot-20260930/target/release/xtask, 20434 MiB
 02:23:18 up 7 days, 10:14,  6 users,  load average: 1.51, 1.56, 1.61
2026-10-01T02:23:20-04:00
94 %, 20871 MiB, 2925 MHz, 13801 MHz, 95.20 W, 33
0 %, 20 MiB, 210 MHz, 405 MHz, 27.54 W, 28
1875905, /home/ndizazzo/dev/mesh/issue1393-q4-snapshot-20260930/target/release/xtask, 20434 MiB
 02:23:20 up 7 days, 10:14,  6 users,  load average: 1.51, 1.56, 1.61
2026-10-01T02:23:22-04:00
93 %, 20871 MiB, 2925 MHz, 13801 MHz, 95.71 W, 33
0 %, 20 MiB, 210 MHz, 405 MHz, 21.28 W, 28
1875905, /home/ndizazzo/dev/mesh/issue1393-q4-snapshot-20260930/target/release/xtask, 20434 MiB
 02:23:22 up 7 days, 10:14,  6 users,  load average: 1.55, 1.56, 1.62
2026-10-01T02:23:24-04:00
96 %, 20871 MiB, 2925 MHz, 13801 MHz, 94.49 W, 33
0 %, 20 MiB, 210 MHz, 405 MHz, 21.37 W, 28
1875905, /home/ndizazzo/dev/mesh/issue1393-q4-snapshot-20260930/target/release/xtask, 20434 MiB
 02:23:24 up 7 days, 10:14,  6 users,  load average: 1.55, 1.56, 1.62
2026-10-01T02:23:26-04:00
92 %, 20871 MiB, 2925 MHz, 13801 MHz, 94.28 W, 33
0 %, 20 MiB, 210 MHz, 405 MHz, 23.06 W, 28
1875905, /home/ndizazzo/dev/mesh/issue1393-q4-snapshot-20260930/target/release/xtask, 20434 MiB
 02:23:26 up 7 days, 10:14,  6 users,  load average: 1.51, 1.56, 1.61
2026-10-01T02:23:28-04:00
97 %, 20871 MiB, 2925 MHz, 13801 MHz, 94.39 W, 33
0 %, 20 MiB, 210 MHz, 405 MHz, 22.48 W, 28
1875905, /home/ndizazzo/dev/mesh/issue1393-q4-snapshot-20260930/target/release/xtask, 20434 MiB
 02:23:28 up 7 days, 10:14,  6 users,  load average: 1.51, 1.56, 1.61
2026-10-01T02:23:30-04:00
100 %, 20871 MiB, 2925 MHz, 13801 MHz, 93.46 W, 33
0 %, 20 MiB, 210 MHz, 405 MHz, 21.30 W, 28
1875905, /home/ndizazzo/dev/mesh/issue1393-q4-snapshot-20260930/target/release/xtask, 20434 MiB
 02:23:30 up 7 days, 10:14,  6 users,  load average: 1.47, 1.55, 1.61
2026-10-01T02:23:32-04:00
93 %, 20871 MiB, 2925 MHz, 13801 MHz, 92.95 W, 33
0 %, 20 MiB, 210 MHz, 405 MHz, 21.34 W, 28
1875905, /home/ndizazzo/dev/mesh/issue1393-q4-snapshot-20260930/target/release/xtask, 20434 MiB
 02:23:32 up 7 days, 10:14,  6 users,  load average: 1.47, 1.55, 1.61
2026-10-01T02:23:34-04:00
96 %, 20871 MiB, 2925 MHz, 13801 MHz, 92.63 W, 33
0 %, 20 MiB, 210 MHz, 405 MHz, 27.38 W, 28
1875905, /home/ndizazzo/dev/mesh/issue1393-q4-snapshot-20260930/target/release/xtask, 20434 MiB
 02:23:34 up 7 days, 10:14,  6 users,  load average: 1.47, 1.55, 1.61
2026-10-01T02:23:36-04:00
95 %, 20871 MiB, 2925 MHz, 13801 MHz, 92.72 W, 33
0 %, 20 MiB, 210 MHz, 405 MHz, 21.55 W, 28
1875905, /home/ndizazzo/dev/mesh/issue1393-q4-snapshot-20260930/target/release/xtask, 20434 MiB
 02:23:36 up 7 days, 10:14,  6 users,  load average: 1.51, 1.55, 1.61
2026-10-01T02:23:38-04:00
96 %, 20871 MiB, 2925 MHz, 13801 MHz, 94.02 W, 33
0 %, 20 MiB, 210 MHz, 405 MHz, 21.31 W, 28
1875905, /home/ndizazzo/dev/mesh/issue1393-q4-snapshot-20260930/target/release/xtask, 20434 MiB
 02:23:38 up 7 days, 10:14,  6 users,  load average: 1.51, 1.55, 1.61
2026-10-01T02:23:40-04:00
90 %, 20871 MiB, 2925 MHz, 13801 MHz, 94.28 W, 33
0 %, 20 MiB, 210 MHz, 405 MHz, 23.39 W, 28
1875905, /home/ndizazzo/dev/mesh/issue1393-q4-snapshot-20260930/target/release/xtask, 20434 MiB
 02:23:40 up 7 days, 10:14,  6 users,  load average: 1.55, 1.56, 1.61
2026-10-01T02:23:42-04:00
100 %, 20871 MiB, 2925 MHz, 13801 MHz, 93.08 W, 33
0 %, 20 MiB, 210 MHz, 405 MHz, 21.97 W, 28
1875905, /home/ndizazzo/dev/mesh/issue1393-q4-snapshot-20260930/target/release/xtask, 20434 MiB
 02:23:42 up 7 days, 10:14,  6 users,  load average: 1.55, 1.56, 1.61
2026-10-01T02:23:44-04:00
96 %, 20871 MiB, 2925 MHz, 13801 MHz, 92.22 W, 33
0 %, 20 MiB, 210 MHz, 405 MHz, 21.28 W, 28
1875905, /home/ndizazzo/dev/mesh/issue1393-q4-snapshot-20260930/target/release/xtask, 20434 MiB
 02:23:44 up 7 days, 10:14,  6 users,  load average: 1.55, 1.56, 1.61
2026-10-01T02:23:46-04:00
88 %, 20871 MiB, 2925 MHz, 13801 MHz, 92.39 W, 33
0 %, 20 MiB, 210 MHz, 405 MHz, 21.27 W, 28
1875905, /home/ndizazzo/dev/mesh/issue1393-q4-snapshot-20260930/target/release/xtask, 20434 MiB
 02:23:47 up 7 days, 10:14,  6 users,  load average: 1.58, 1.57, 1.62
2026-10-01T02:23:49-04:00
95 %, 20871 MiB, 2925 MHz, 13801 MHz, 92.98 W, 33
0 %, 20 MiB, 210 MHz, 405 MHz, 27.52 W, 28
1875905, /home/ndizazzo/dev/mesh/issue1393-q4-snapshot-20260930/target/release/xtask, 20434 MiB
 02:23:49 up 7 days, 10:14,  6 users,  load average: 1.58, 1.57, 1.62
2026-10-01T02:23:51-04:00
100 %, 20871 MiB, 2925 MHz, 13801 MHz, 95.97 W, 33
0 %, 20 MiB, 210 MHz, 405 MHz, 21.61 W, 28
1875905, /home/ndizazzo/dev/mesh/issue1393-q4-snapshot-20260930/target/release/xtask, 20434 MiB
 02:23:51 up 7 days, 10:14,  6 users,  load average: 1.62, 1.58, 1.62
2026-10-01T02:23:53-04:00
87 %, 20871 MiB, 2925 MHz, 13801 MHz, 92.14 W, 33
0 %, 20 MiB, 210 MHz, 405 MHz, 21.26 W, 28
1875905, /home/ndizazzo/dev/mesh/issue1393-q4-snapshot-20260930/target/release/xtask, 20434 MiB
 02:23:53 up 7 days, 10:14,  6 users,  load average: 1.62, 1.58, 1.62
2026-10-01T02:23:55-04:00
96 %, 20871 MiB, 2925 MHz, 13801 MHz, 91.97 W, 33
0 %, 20 MiB, 210 MHz, 405 MHz, 23.79 W, 28
1875905, /home/ndizazzo/dev/mesh/issue1393-q4-snapshot-20260930/target/release/xtask, 20434 MiB
 02:23:55 up 7 days, 10:14,  6 users,  load average: 1.62, 1.58, 1.62
2026-10-01T02:23:57-04:00
96 %, 20871 MiB, 2925 MHz, 13801 MHz, 93.38 W, 33
0 %, 20 MiB, 210 MHz, 405 MHz, 22.05 W, 28
1875905, /home/ndizazzo/dev/mesh/issue1393-q4-snapshot-20260930/target/release/xtask, 20434 MiB
 02:23:57 up 7 days, 10:15,  6 users,  load average: 1.65, 1.58, 1.62
2026-10-01T02:23:59-04:00
95 %, 20871 MiB, 2925 MHz, 13801 MHz, 93.33 W, 33
0 %, 20 MiB, 210 MHz, 405 MHz, 21.14 W, 28
1875905, /home/ndizazzo/dev/mesh/issue1393-q4-snapshot-20260930/target/release/xtask, 20434 MiB
 02:23:59 up 7 days, 10:15,  6 users,  load average: 1.65, 1.58, 1.62
2026-10-01T02:24:01-04:00
97 %, 20871 MiB, 2925 MHz, 13801 MHz, 93.33 W, 33
0 %, 20 MiB, 210 MHz, 405 MHz, 21.09 W, 28
1875905, /home/ndizazzo/dev/mesh/issue1393-q4-snapshot-20260930/target/release/xtask, 20434 MiB
 02:24:01 up 7 days, 10:15,  6 users,  load average: 1.68, 1.59, 1.62
2026-10-01T02:24:03-04:00
100 %, 20871 MiB, 2925 MHz, 13801 MHz, 92.05 W, 33
0 %, 20 MiB, 210 MHz, 405 MHz, 27.39 W, 28
1875905, /home/ndizazzo/dev/mesh/issue1393-q4-snapshot-20260930/target/release/xtask, 20434 MiB
 02:24:03 up 7 days, 10:15,  6 users,  load average: 1.68, 1.59, 1.62
2026-10-01T02:24:05-04:00
95 %, 20871 MiB, 2925 MHz, 13801 MHz, 92.00 W, 33
0 %, 20 MiB, 210 MHz, 405 MHz, 21.18 W, 28
1875905, /home/ndizazzo/dev/mesh/issue1393-q4-snapshot-20260930/target/release/xtask, 20434 MiB
 02:24:05 up 7 days, 10:15,  6 users,  load average: 1.70, 1.60, 1.63
2026-10-01T02:24:07-04:00
95 %, 20871 MiB, 2925 MHz, 13801 MHz, 92.31 W, 33
0 %, 20 MiB, 210 MHz, 405 MHz, 21.08 W, 28
1875905, /home/ndizazzo/dev/mesh/issue1393-q4-snapshot-20260930/target/release/xtask, 20434 MiB
 02:24:07 up 7 days, 10:15,  6 users,  load average: 1.70, 1.60, 1.63
2026-10-01T02:24:09-04:00
94 %, 20871 MiB, 2925 MHz, 13801 MHz, 92.78 W, 33
0 %, 20 MiB, 210 MHz, 405 MHz, 22.72 W, 28
1875905, /home/ndizazzo/dev/mesh/issue1393-q4-snapshot-20260930/target/release/xtask, 20434 MiB
 02:24:09 up 7 days, 10:15,  6 users,  load average: 1.70, 1.60, 1.63
2026-10-01T02:24:11-04:00
96 %, 20871 MiB, 2925 MHz, 13801 MHz, 92.21 W, 33
0 %, 20 MiB, 210 MHz, 405 MHz, 22.42 W, 28
1875905, /home/ndizazzo/dev/mesh/issue1393-q4-snapshot-20260930/target/release/xtask, 20434 MiB
 02:24:11 up 7 days, 10:15,  6 users,  load average: 1.73, 1.60, 1.63
2026-10-01T02:24:13-04:00
97 %, 20871 MiB, 2925 MHz, 13801 MHz, 94.29 W, 33
0 %, 20 MiB, 210 MHz, 405 MHz, 21.15 W, 28
1875905, /home/ndizazzo/dev/mesh/issue1393-q4-snapshot-20260930/target/release/xtask, 20434 MiB
 02:24:13 up 7 days, 10:15,  6 users,  load average: 1.73, 1.60, 1.63
2026-10-01T02:24:15-04:00
100 %, 20871 MiB, 2925 MHz, 13801 MHz, 92.53 W, 33
0 %, 20 MiB, 210 MHz, 405 MHz, 21.21 W, 28
1875905, /home/ndizazzo/dev/mesh/issue1393-q4-snapshot-20260930/target/release/xtask, 20434 MiB
 02:24:15 up 7 days, 10:15,  6 users,  load average: 1.75, 1.61, 1.63
2026-10-01T02:24:17-04:00
93 %, 20871 MiB, 2925 MHz, 13801 MHz, 93.23 W, 33
0 %, 20 MiB, 210 MHz, 405 MHz, 27.11 W, 28
1875905, /home/ndizazzo/dev/mesh/issue1393-q4-snapshot-20260930/target/release/xtask, 20434 MiB
 02:24:17 up 7 days, 10:15,  6 users,  load average: 1.75, 1.61, 1.63
2026-10-01T02:24:19-04:00
100 %, 20871 MiB, 2925 MHz, 13801 MHz, 94.20 W, 33
0 %, 20 MiB, 210 MHz, 405 MHz, 21.33 W, 28
1875905, /home/ndizazzo/dev/mesh/issue1393-q4-snapshot-20260930/target/release/xtask, 20434 MiB
 02:24:20 up 7 days, 10:15,  6 users,  load average: 1.75, 1.61, 1.63
2026-10-01T02:24:22-04:00
97 %, 20871 MiB, 2925 MHz, 13801 MHz, 93.66 W, 33
0 %, 20 MiB, 210 MHz, 405 MHz, 21.16 W, 28
1875905, /home/ndizazzo/dev/mesh/issue1393-q4-snapshot-20260930/target/release/xtask, 20434 MiB
 02:24:22 up 7 days, 10:15,  6 users,  load average: 1.69, 1.60, 1.63
2026-10-01T02:24:24-04:00
100 %, 20871 MiB, 2925 MHz, 13801 MHz, 92.92 W, 33
0 %, 20 MiB, 210 MHz, 405 MHz, 23.61 W, 28
1875905, /home/ndizazzo/dev/mesh/issue1393-q4-snapshot-20260930/target/release/xtask, 20434 MiB
 02:24:24 up 7 days, 10:15,  6 users,  load average: 1.69, 1.60, 1.63
2026-10-01T02:24:26-04:00
92 %, 20871 MiB, 2925 MHz, 13801 MHz, 92.86 W, 33
0 %, 20 MiB, 210 MHz, 405 MHz, 21.92 W, 28
1875905, /home/ndizazzo/dev/mesh/issue1393-q4-snapshot-20260930/target/release/xtask, 20434 MiB
 02:24:26 up 7 days, 10:15,  6 users,  load average: 1.71, 1.61, 1.63
2026-10-01T02:24:28-04:00
95 %, 20871 MiB, 2925 MHz, 13801 MHz, 92.62 W, 33
0 %, 20 MiB, 210 MHz, 405 MHz, 21.10 W, 28
1875905, /home/ndizazzo/dev/mesh/issue1393-q4-snapshot-20260930/target/release/xtask, 20434 MiB
 02:24:28 up 7 days, 10:15,  6 users,  load average: 1.71, 1.61, 1.63
2026-10-01T02:24:30-04:00
87 %, 20871 MiB, 2925 MHz, 13801 MHz, 94.10 W, 33
0 %, 20 MiB, 210 MHz, 405 MHz, 21.07 W, 28
1875905, /home/ndizazzo/dev/mesh/issue1393-q4-snapshot-20260930/target/release/xtask, 20434 MiB
 02:24:30 up 7 days, 10:15,  6 users,  load average: 1.71, 1.61, 1.63
2026-10-01T02:24:32-04:00
96 %, 20871 MiB, 2925 MHz, 13801 MHz, 93.26 W, 33
0 %, 20 MiB, 210 MHz, 405 MHz, 27.48 W, 28
1875905, /home/ndizazzo/dev/mesh/issue1393-q4-snapshot-20260930/target/release/xtask, 20434 MiB
 02:24:32 up 7 days, 10:15,  6 users,  load average: 1.66, 1.60, 1.63
2026-10-01T02:24:34-04:00
87 %, 20871 MiB, 2925 MHz, 13801 MHz, 93.38 W, 33
0 %, 20 MiB, 210 MHz, 405 MHz, 21.13 W, 28
1875905, /home/ndizazzo/dev/mesh/issue1393-q4-snapshot-20260930/target/release/xtask, 20434 MiB
 02:24:34 up 7 days, 10:15,  6 users,  load average: 1.66, 1.60, 1.63
2026-10-01T02:24:36-04:00
100 %, 20871 MiB, 2925 MHz, 13801 MHz, 93.45 W, 33
0 %, 20 MiB, 210 MHz, 405 MHz, 21.15 W, 28
1875905, /home/ndizazzo/dev/mesh/issue1393-q4-snapshot-20260930/target/release/xtask, 20434 MiB
 02:24:36 up 7 days, 10:15,  6 users,  load average: 1.68, 1.60, 1.63
2026-10-01T02:24:38-04:00
100 %, 20871 MiB, 2925 MHz, 13801 MHz, 92.73 W, 33
0 %, 20 MiB, 210 MHz, 405 MHz, 24.01 W, 28
1875905, /home/ndizazzo/dev/mesh/issue1393-q4-snapshot-20260930/target/release/xtask, 20434 MiB
 02:24:38 up 7 days, 10:15,  6 users,  load average: 1.68, 1.60, 1.63
2026-10-01T02:24:40-04:00
92 %, 20871 MiB, 2925 MHz, 13801 MHz, 92.21 W, 33
0 %, 20 MiB, 210 MHz, 405 MHz, 22.24 W, 28
1875905, /home/ndizazzo/dev/mesh/issue1393-q4-snapshot-20260930/target/release/xtask, 20434 MiB
 02:24:40 up 7 days, 10:15,  6 users,  load average: 1.71, 1.61, 1.63
2026-10-01T02:24:42-04:00
96 %, 20871 MiB, 2925 MHz, 13801 MHz, 92.43 W, 33
0 %, 20 MiB, 210 MHz, 405 MHz, 21.07 W, 28
1875905, /home/ndizazzo/dev/mesh/issue1393-q4-snapshot-20260930/target/release/xtask, 20434 MiB
 02:24:42 up 7 days, 10:15,  6 users,  load average: 1.71, 1.61, 1.63
2026-10-01T02:24:44-04:00
92 %, 20871 MiB, 2925 MHz, 13801 MHz, 91.93 W, 33
0 %, 20 MiB, 210 MHz, 405 MHz, 21.21 W, 28
1875905, /home/ndizazzo/dev/mesh/issue1393-q4-snapshot-20260930/target/release/xtask, 20434 MiB
 02:24:44 up 7 days, 10:15,  6 users,  load average: 1.71, 1.61, 1.63
2026-10-01T02:24:46-04:00
96 %, 20871 MiB, 2925 MHz, 13801 MHz, 92.26 W, 33
0 %, 20 MiB, 210 MHz, 405 MHz, 22.03 W, 28
1875905, /home/ndizazzo/dev/mesh/issue1393-q4-snapshot-20260930/target/release/xtask, 20434 MiB
 02:24:46 up 7 days, 10:15,  6 users,  load average: 1.73, 1.62, 1.63
2026-10-01T02:24:48-04:00
100 %, 20871 MiB, 2925 MHz, 13801 MHz, 92.88 W, 33
0 %, 20 MiB, 210 MHz, 405 MHz, 21.05 W, 28
1875905, /home/ndizazzo/dev/mesh/issue1393-q4-snapshot-20260930/target/release/xtask, 20434 MiB
 02:24:48 up 7 days, 10:15,  6 users,  load average: 1.73, 1.62, 1.63
2026-10-01T02:24:50-04:00
89 %, 20871 MiB, 2925 MHz, 13801 MHz, 94.75 W, 33
0 %, 20 MiB, 210 MHz, 405 MHz, 21.23 W, 28
1875905, /home/ndizazzo/dev/mesh/issue1393-q4-snapshot-20260930/target/release/xtask, 20434 MiB
 02:24:50 up 7 days, 10:15,  6 users,  load average: 1.75, 1.62, 1.64
2026-10-01T02:24:52-04:00
96 %, 20871 MiB, 2925 MHz, 13801 MHz, 93.52 W, 33
0 %, 20 MiB, 210 MHz, 405 MHz, 27.30 W, 28
1875905, /home/ndizazzo/dev/mesh/issue1393-q4-snapshot-20260930/target/release/xtask, 20434 MiB
 02:24:52 up 7 days, 10:15,  6 users,  load average: 1.75, 1.62, 1.64
2026-10-01T02:24:54-04:00
95 %, 20871 MiB, 2925 MHz, 13801 MHz, 93.81 W, 33
0 %, 20 MiB, 210 MHz, 405 MHz, 21.81 W, 28
1875905, /home/ndizazzo/dev/mesh/issue1393-q4-snapshot-20260930/target/release/xtask, 20434 MiB
 02:24:55 up 7 days, 10:15,  6 users,  load average: 1.75, 1.62, 1.64
2026-10-01T02:24:57-04:00
95 %, 20871 MiB, 2925 MHz, 13801 MHz, 93.90 W, 33
0 %, 20 MiB, 210 MHz, 405 MHz, 21.17 W, 28
1875905, /home/ndizazzo/dev/mesh/issue1393-q4-snapshot-20260930/target/release/xtask, 20434 MiB
 02:24:57 up 7 days, 10:16,  6 users,  load average: 1.69, 1.61, 1.63
2026-10-01T02:24:59-04:00
100 %, 20871 MiB, 2925 MHz, 13801 MHz, 93.38 W, 33
0 %, 20 MiB, 210 MHz, 405 MHz, 21.23 W, 28
1875905, /home/ndizazzo/dev/mesh/issue1393-q4-snapshot-20260930/target/release/xtask, 20434 MiB
 02:24:59 up 7 days, 10:16,  6 users,  load average: 1.69, 1.61, 1.63
2026-10-01T02:25:01-04:00
96 %, 20871 MiB, 2925 MHz, 13801 MHz, 92.76 W, 33
0 %, 20 MiB, 210 MHz, 405 MHz, 27.50 W, 28
1875905, /home/ndizazzo/dev/mesh/issue1393-q4-snapshot-20260930/target/release/xtask, 20434 MiB
 02:25:01 up 7 days, 10:16,  6 users,  load average: 1.72, 1.62, 1.64
2026-10-01T02:25:03-04:00
89 %, 20871 MiB, 2925 MHz, 13801 MHz, 92.15 W, 33
0 %, 20 MiB, 210 MHz, 405 MHz, 21.45 W, 28
1875905, /home/ndizazzo/dev/mesh/issue1393-q4-snapshot-20260930/target/release/xtask, 20434 MiB
 02:25:03 up 7 days, 10:16,  6 users,  load average: 1.72, 1.62, 1.64
2026-10-01T02:25:05-04:00
92 %, 20871 MiB, 2925 MHz, 13801 MHz, 92.95 W, 33
0 %, 20 MiB, 210 MHz, 405 MHz, 21.14 W, 28
1875905, /home/ndizazzo/dev/mesh/issue1393-q4-snapshot-20260930/target/release/xtask, 20434 MiB
 02:25:05 up 7 days, 10:16,  6 users,  load average: 1.72, 1.62, 1.64
2026-10-01T02:25:07-04:00
94 %, 20871 MiB, 2925 MHz, 13801 MHz, 93.59 W, 33
0 %, 20 MiB, 210 MHz, 405 MHz, 27.04 W, 28
1875905, /home/ndizazzo/dev/mesh/issue1393-q4-snapshot-20260930/target/release/xtask, 20434 MiB
 02:25:07 up 7 days, 10:16,  6 users,  load average: 1.82, 1.64, 1.64
2026-10-01T02:25:09-04:00
93 %, 20871 MiB, 2925 MHz, 13801 MHz, 93.43 W, 33
0 %, 20 MiB, 210 MHz, 405 MHz, 21.34 W, 28
1875905, /home/ndizazzo/dev/mesh/issue1393-q4-snapshot-20260930/target/release/xtask, 20434 MiB
 02:25:09 up 7 days, 10:16,  6 users,  load average: 1.82, 1.64, 1.64
2026-10-01T02:25:11-04:00
87 %, 20871 MiB, 2925 MHz, 13801 MHz, 93.63 W, 33
0 %, 20 MiB, 210 MHz, 405 MHz, 21.08 W, 28
1875905, /home/ndizazzo/dev/mesh/issue1393-q4-snapshot-20260930/target/release/xtask, 20434 MiB
 02:25:11 up 7 days, 10:16,  6 users,  load average: 1.84, 1.65, 1.64
2026-10-01T02:25:13-04:00
100 %, 20871 MiB, 2925 MHz, 13801 MHz, 93.06 W, 33
0 %, 20 MiB, 210 MHz, 405 MHz, 21.09 W, 28
1875905, /home/ndizazzo/dev/mesh/issue1393-q4-snapshot-20260930/target/release/xtask, 20434 MiB
 02:25:13 up 7 days, 10:16,  6 users,  load average: 1.84, 1.65, 1.64
2026-10-01T02:25:15-04:00
100 %, 20871 MiB, 2925 MHz, 13801 MHz, 92.68 W, 33
0 %, 20 MiB, 210 MHz, 405 MHz, 27.29 W, 28
1875905, /home/ndizazzo/dev/mesh/issue1393-q4-snapshot-20260930/target/release/xtask, 20434 MiB
 02:25:15 up 7 days, 10:16,  6 users,  load average: 1.77, 1.64, 1.64
2026-10-01T02:25:17-04:00
95 %, 20871 MiB, 2925 MHz, 13801 MHz, 92.68 W, 33
0 %, 20 MiB, 210 MHz, 405 MHz, 21.21 W, 28
1875905, /home/ndizazzo/dev/mesh/issue1393-q4-snapshot-20260930/target/release/xtask, 20434 MiB
 02:25:17 up 7 days, 10:16,  6 users,  load average: 1.77, 1.64, 1.64
2026-10-01T02:25:19-04:00
100 %, 20871 MiB, 2925 MHz, 13801 MHz, 93.06 W, 33
0 %, 20 MiB, 210 MHz, 405 MHz, 21.17 W, 28
1875905, /home/ndizazzo/dev/mesh/issue1393-q4-snapshot-20260930/target/release/xtask, 20434 MiB
 02:25:19 up 7 days, 10:16,  6 users,  load average: 1.77, 1.64, 1.64
2026-10-01T02:25:21-04:00
100 %, 20871 MiB, 2925 MHz, 13801 MHz, 92.44 W, 33
0 %, 20 MiB, 210 MHz, 405 MHz, 27.54 W, 28
1875905, /home/ndizazzo/dev/mesh/issue1393-q4-snapshot-20260930/target/release/xtask, 20434 MiB
 02:25:21 up 7 days, 10:16,  6 users,  load average: 1.79, 1.64, 1.64
2026-10-01T02:25:23-04:00
95 %, 20871 MiB, 2925 MHz, 13801 MHz, 92.14 W, 33
0 %, 20 MiB, 210 MHz, 405 MHz, 21.40 W, 28
1875905, /home/ndizazzo/dev/mesh/issue1393-q4-snapshot-20260930/target/release/xtask, 20434 MiB
 02:25:23 up 7 days, 10:16,  6 users,  load average: 1.79, 1.64, 1.64
2026-10-01T02:25:25-04:00
96 %, 20871 MiB, 2925 MHz, 13801 MHz, 92.15 W, 33
0 %, 20 MiB, 210 MHz, 405 MHz, 21.04 W, 28
1875905, /home/ndizazzo/dev/mesh/issue1393-q4-snapshot-20260930/target/release/xtask, 20434 MiB
 02:25:25 up 7 days, 10:16,  6 users,  load average: 1.72, 1.63, 1.64
2026-10-01T02:25:27-04:00
93 %, 20871 MiB, 2925 MHz, 13801 MHz, 92.91 W, 33
0 %, 20 MiB, 210 MHz, 405 MHz, 21.41 W, 28
1875905, /home/ndizazzo/dev/mesh/issue1393-q4-snapshot-20260930/target/release/xtask, 20434 MiB
 02:25:27 up 7 days, 10:16,  6 users,  load average: 1.72, 1.63, 1.64
2026-10-01T02:25:29-04:00
87 %, 20871 MiB, 2925 MHz, 13801 MHz, 94.86 W, 33
0 %, 20 MiB, 210 MHz, 405 MHz, 22.42 W, 28
1875905, /home/ndizazzo/dev/mesh/issue1393-q4-snapshot-20260930/target/release/xtask, 20434 MiB
 02:25:30 up 7 days, 10:16,  6 users,  load average: 1.72, 1.63, 1.64
2026-10-01T02:25:32-04:00
96 %, 20871 MiB, 2925 MHz, 13801 MHz, 94.42 W, 33
0 %, 20 MiB, 210 MHz, 405 MHz, 21.11 W, 28
1875905, /home/ndizazzo/dev/mesh/issue1393-q4-snapshot-20260930/target/release/xtask, 20434 MiB
 02:25:32 up 7 days, 10:16,  6 users,  load average: 1.67, 1.62, 1.64
2026-10-01T02:25:34-04:00
87 %, 20871 MiB, 2925 MHz, 13801 MHz, 94.20 W, 33
0 %, 20 MiB, 210 MHz, 405 MHz, 21.25 W, 28
1875905, /home/ndizazzo/dev/mesh/issue1393-q4-snapshot-20260930/target/release/xtask, 20434 MiB
 02:25:34 up 7 days, 10:16,  6 users,  load average: 1.67, 1.62, 1.64
2026-10-01T02:25:36-04:00
100 %, 20871 MiB, 2925 MHz, 13801 MHz, 93.60 W, 33
0 %, 20 MiB, 210 MHz, 405 MHz, 27.15 W, 28
1875905, /home/ndizazzo/dev/mesh/issue1393-q4-snapshot-20260930/target/release/xtask, 20434 MiB
 02:25:36 up 7 days, 10:16,  6 users,  load average: 1.69, 1.63, 1.64
2026-10-01T02:25:38-04:00
100 %, 20871 MiB, 2925 MHz, 13801 MHz, 93.16 W, 33
0 %, 20 MiB, 210 MHz, 405 MHz, 22.06 W, 28
1875905, /home/ndizazzo/dev/mesh/issue1393-q4-snapshot-20260930/target/release/xtask, 20434 MiB
 02:25:38 up 7 days, 10:16,  6 users,  load average: 1.69, 1.63, 1.64
2026-10-01T02:25:40-04:00
92 %, 20871 MiB, 2925 MHz, 13801 MHz, 92.62 W, 33
0 %, 20 MiB, 210 MHz, 405 MHz, 21.10 W, 28
1875905, /home/ndizazzo/dev/mesh/issue1393-q4-snapshot-20260930/target/release/xtask, 20434 MiB
 02:25:40 up 7 days, 10:16,  6 users,  load average: 1.69, 1.63, 1.64
2026-10-01T02:25:42-04:00
94 %, 20871 MiB, 2925 MHz, 13801 MHz, 92.20 W, 33
0 %, 20 MiB, 210 MHz, 405 MHz, 22.29 W, 28
1875905, /home/ndizazzo/dev/mesh/issue1393-q4-snapshot-20260930/target/release/xtask, 20434 MiB
 02:25:42 up 7 days, 10:16,  6 users,  load average: 1.64, 1.62, 1.63
2026-10-01T02:25:44-04:00
92 %, 20871 MiB, 2925 MHz, 13801 MHz, 93.33 W, 33
0 %, 20 MiB, 210 MHz, 405 MHz, 21.66 W, 28
1875905, /home/ndizazzo/dev/mesh/issue1393-q4-snapshot-20260930/target/release/xtask, 20434 MiB
 02:25:44 up 7 days, 10:16,  6 users,  load average: 1.64, 1.62, 1.63
2026-10-01T02:25:46-04:00
97 %, 20871 MiB, 2925 MHz, 13801 MHz, 94.34 W, 33
0 %, 20 MiB, 210 MHz, 405 MHz, 21.08 W, 28
1875905, /home/ndizazzo/dev/mesh/issue1393-q4-snapshot-20260930/target/release/xtask, 20434 MiB
 02:25:46 up 7 days, 10:16,  6 users,  load average: 1.67, 1.63, 1.64
2026-10-01T02:25:48-04:00
99 %, 20871 MiB, 2925 MHz, 13801 MHz, 94.29 W, 33
0 %, 20 MiB, 210 MHz, 405 MHz, 21.22 W, 28
1875905, /home/ndizazzo/dev/mesh/issue1393-q4-snapshot-20260930/target/release/xtask, 20434 MiB
 02:25:48 up 7 days, 10:16,  6 users,  load average: 1.67, 1.63, 1.64
2026-10-01T02:25:50-04:00
91 %, 20871 MiB, 2925 MHz, 13801 MHz, 95.46 W, 33
0 %, 20 MiB, 210 MHz, 405 MHz, 27.62 W, 28
1875905, /home/ndizazzo/dev/mesh/issue1393-q4-snapshot-20260930/target/release/xtask, 20434 MiB
 02:25:50 up 7 days, 10:16,  6 users,  load average: 1.69, 1.63, 1.64
2026-10-01T02:25:52-04:00
89 %, 20871 MiB, 2925 MHz, 13801 MHz, 93.80 W, 33
0 %, 20 MiB, 210 MHz, 405 MHz, 21.54 W, 28
1875905, /home/ndizazzo/dev/mesh/issue1393-q4-snapshot-20260930/target/release/xtask, 20434 MiB
 02:25:52 up 7 days, 10:16,  6 users,  load average: 1.69, 1.63, 1.64
2026-10-01T02:25:54-04:00
96 %, 20871 MiB, 2925 MHz, 13801 MHz, 93.81 W, 33
0 %, 20 MiB, 210 MHz, 405 MHz, 21.18 W, 28
1875905, /home/ndizazzo/dev/mesh/issue1393-q4-snapshot-20260930/target/release/xtask, 20434 MiB
 02:25:54 up 7 days, 10:16,  6 users,  load average: 1.69, 1.63, 1.64
2026-10-01T02:25:56-04:00
87 %, 20871 MiB, 2925 MHz, 13801 MHz, 93.92 W, 33
0 %, 20 MiB, 210 MHz, 405 MHz, 22.93 W, 28
1875905, /home/ndizazzo/dev/mesh/issue1393-q4-snapshot-20260930/target/release/xtask, 20434 MiB
 02:25:56 up 7 days, 10:16,  6 users,  load average: 1.64, 1.62, 1.63
2026-10-01T02:25:58-04:00
87 %, 20871 MiB, 2925 MHz, 13801 MHz, 92.15 W, 33
0 %, 20 MiB, 210 MHz, 405 MHz, 22.01 W, 28
1875905, /home/ndizazzo/dev/mesh/issue1393-q4-snapshot-20260930/target/release/xtask, 20434 MiB
 02:25:58 up 7 days, 10:17,  6 users,  load average: 1.64, 1.62, 1.63
2026-10-01T02:26:00-04:00
96 %, 20871 MiB, 2925 MHz, 13801 MHz, 92.34 W, 33
0 %, 20 MiB, 210 MHz, 405 MHz, 21.21 W, 28
1875905, /home/ndizazzo/dev/mesh/issue1393-q4-snapshot-20260930/target/release/xtask, 20434 MiB
 02:26:00 up 7 days, 10:17,  6 users,  load average: 1.67, 1.63, 1.64
2026-10-01T02:26:02-04:00
87 %, 20871 MiB, 2925 MHz, 13801 MHz, 92.73 W, 33
0 %, 20 MiB, 210 MHz, 405 MHz, 21.17 W, 28
1875905, /home/ndizazzo/dev/mesh/issue1393-q4-snapshot-20260930/target/release/xtask, 20434 MiB
 02:26:02 up 7 days, 10:17,  6 users,  load average: 1.67, 1.63, 1.64
2026-10-01T02:26:04-04:00
97 %, 20871 MiB, 2925 MHz, 13801 MHz, 92.69 W, 33
0 %, 20 MiB, 210 MHz, 405 MHz, 27.49 W, 28
1875905, /home/ndizazzo/dev/mesh/issue1393-q4-snapshot-20260930/target/release/xtask, 20434 MiB
 02:26:05 up 7 days, 10:17,  6 users,  load average: 1.67, 1.63, 1.64
2026-10-01T02:26:07-04:00
94 %, 20871 MiB, 2925 MHz, 13801 MHz, 93.19 W, 33
0 %, 20 MiB, 210 MHz, 405 MHz, 21.26 W, 28
1875905, /home/ndizazzo/dev/mesh/issue1393-q4-snapshot-20260930/target/release/xtask, 20434 MiB
 02:26:07 up 7 days, 10:17,  6 users,  load average: 1.69, 1.63, 1.64
2026-10-01T02:26:09-04:00
96 %, 20871 MiB, 2925 MHz, 13801 MHz, 93.69 W, 33
0 %, 20 MiB, 210 MHz, 405 MHz, 21.15 W, 28
1875905, /home/ndizazzo/dev/mesh/issue1393-q4-snapshot-20260930/target/release/xtask, 20434 MiB
 02:26:09 up 7 days, 10:17,  6 users,  load average: 1.69, 1.63, 1.64
2026-10-01T02:26:11-04:00
91 %, 20871 MiB, 2925 MHz, 13801 MHz, 93.50 W, 33
1 %, 20 MiB, 210 MHz, 405 MHz, 21.45 W, 28
1875905, /home/ndizazzo/dev/mesh/issue1393-q4-snapshot-20260930/target/release/xtask, 20434 MiB
 02:26:11 up 7 days, 10:17,  6 users,  load average: 1.64, 1.62, 1.64
2026-10-01T02:26:13-04:00
100 %, 20871 MiB, 2925 MHz, 13801 MHz, 92.90 W, 33
0 %, 20 MiB, 210 MHz, 405 MHz, 22.43 W, 28
1875905, /home/ndizazzo/dev/mesh/issue1393-q4-snapshot-20260930/target/release/xtask, 20434 MiB
 02:26:13 up 7 days, 10:17,  6 users,  load average: 1.64, 1.62, 1.64
2026-10-01T02:26:15-04:00
98 %, 20871 MiB, 2925 MHz, 13801 MHz, 92.30 W, 33
0 %, 20 MiB, 210 MHz, 405 MHz, 21.19 W, 28
1875905, /home/ndizazzo/dev/mesh/issue1393-q4-snapshot-20260930/target/release/xtask, 20434 MiB
 02:26:15 up 7 days, 10:17,  6 users,  load average: 1.64, 1.62, 1.64
2026-10-01T02:26:17-04:00
98 %, 20871 MiB, 2925 MHz, 13801 MHz, 92.98 W, 33
0 %, 20 MiB, 210 MHz, 405 MHz, 21.14 W, 28
1875905, /home/ndizazzo/dev/mesh/issue1393-q4-snapshot-20260930/target/release/xtask, 20434 MiB
 02:26:17 up 7 days, 10:17,  6 users,  load average: 1.67, 1.63, 1.64
2026-10-01T02:26:19-04:00
100 %, 20871 MiB, 2925 MHz, 13801 MHz, 97.07 W, 33
0 %, 20 MiB, 210 MHz, 405 MHz, 27.25 W, 28
1875905, /home/ndizazzo/dev/mesh/issue1393-q4-snapshot-20260930/target/release/xtask, 20434 MiB
 02:26:19 up 7 days, 10:17,  6 users,  load average: 1.67, 1.63, 1.64
2026-10-01T02:26:21-04:00
96 %, 20871 MiB, 2925 MHz, 13801 MHz, 91.93 W, 33
0 %, 20 MiB, 210 MHz, 405 MHz, 21.28 W, 28
1875905, /home/ndizazzo/dev/mesh/issue1393-q4-snapshot-20260930/target/release/xtask, 20434 MiB
 02:26:21 up 7 days, 10:17,  6 users,  load average: 1.61, 1.62, 1.63
2026-10-01T02:26:23-04:00
92 %, 20871 MiB, 2925 MHz, 13801 MHz, 92.49 W, 33
0 %, 20 MiB, 210 MHz, 405 MHz, 21.20 W, 28
1875905, /home/ndizazzo/dev/mesh/issue1393-q4-snapshot-20260930/target/release/xtask, 20434 MiB
 02:26:23 up 7 days, 10:17,  6 users,  load average: 1.61, 1.62, 1.63
2026-10-01T02:26:25-04:00
96 %, 20871 MiB, 2925 MHz, 13801 MHz, 92.56 W, 33
0 %, 20 MiB, 210 MHz, 405 MHz, 22.26 W, 28
1875905, /home/ndizazzo/dev/mesh/issue1393-q4-snapshot-20260930/target/release/xtask, 20434 MiB
 02:26:25 up 7 days, 10:17,  6 users,  load average: 1.65, 1.62, 1.64
2026-10-01T02:26:27-04:00
95 %, 20871 MiB, 2925 MHz, 13801 MHz, 93.16 W, 33
0 %, 20 MiB, 210 MHz, 405 MHz, 21.91 W, 28
1875905, /home/ndizazzo/dev/mesh/issue1393-q4-snapshot-20260930/target/release/xtask, 20434 MiB
 02:26:27 up 7 days, 10:17,  6 users,  load average: 1.65, 1.62, 1.64
2026-10-01T02:26:29-04:00
89 %, 20871 MiB, 2925 MHz, 13801 MHz, 93.74 W, 33
0 %, 20 MiB, 210 MHz, 405 MHz, 21.08 W, 28
1875905, /home/ndizazzo/dev/mesh/issue1393-q4-snapshot-20260930/target/release/xtask, 20434 MiB
 02:26:29 up 7 days, 10:17,  6 users,  load average: 1.65, 1.62, 1.64
2026-10-01T02:26:31-04:00
100 %, 20871 MiB, 2925 MHz, 13801 MHz, 91.87 W, 33
0 %, 20 MiB, 210 MHz, 405 MHz, 21.21 W, 28
1875905, /home/ndizazzo/dev/mesh/issue1393-q4-snapshot-20260930/target/release/xtask, 20434 MiB
 02:26:31 up 7 days, 10:17,  6 users,  load average: 1.67, 1.63, 1.64
2026-10-01T02:26:33-04:00
96 %, 20871 MiB, 2925 MHz, 13801 MHz, 91.79 W, 33
0 %, 20 MiB, 210 MHz, 405 MHz, 27.39 W, 28
1875905, /home/ndizazzo/dev/mesh/issue1393-q4-snapshot-20260930/target/release/xtask, 20434 MiB
 02:26:33 up 7 days, 10:17,  6 users,  load average: 1.67, 1.63, 1.64
2026-10-01T02:26:35-04:00
87 %, 20871 MiB, 2925 MHz, 13801 MHz, 91.63 W, 33
0 %, 20 MiB, 210 MHz, 405 MHz, 21.53 W, 28
1875905, /home/ndizazzo/dev/mesh/issue1393-q4-snapshot-20260930/target/release/xtask, 20434 MiB
 02:26:35 up 7 days, 10:17,  6 users,  load average: 1.70, 1.64, 1.64
2026-10-01T02:26:37-04:00
96 %, 20871 MiB, 2925 MHz, 13801 MHz, 92.29 W, 33
0 %, 20 MiB, 210 MHz, 405 MHz, 21.12 W, 28
1875905, /home/ndizazzo/dev/mesh/issue1393-q4-snapshot-20260930/target/release/xtask, 20434 MiB
 02:26:37 up 7 days, 10:17,  6 users,  load average: 1.70, 1.64, 1.64
2026-10-01T02:26:39-04:00
92 %, 20871 MiB, 2925 MHz, 13801 MHz, 92.30 W, 33
0 %, 20 MiB, 210 MHz, 405 MHz, 22.79 W, 28
1875905, /home/ndizazzo/dev/mesh/issue1393-q4-snapshot-20260930/target/release/xtask, 20434 MiB
 02:26:40 up 7 days, 10:17,  6 users,  load average: 1.70, 1.64, 1.64
2026-10-01T02:26:42-04:00
96 %, 20871 MiB, 2925 MHz, 13801 MHz, 91.95 W, 33
0 %, 20 MiB, 210 MHz, 405 MHz, 22.08 W, 28
1875905, /home/ndizazzo/dev/mesh/issue1393-q4-snapshot-20260930/target/release/xtask, 20434 MiB
 02:26:42 up 7 days, 10:17,  6 users,  load average: 1.72, 1.64, 1.64
2026-10-01T02:26:44-04:00
94 %, 20871 MiB, 2925 MHz, 13801 MHz, 93.04 W, 33
0 %, 20 MiB, 210 MHz, 405 MHz, 21.13 W, 28
1875905, /home/ndizazzo/dev/mesh/issue1393-q4-snapshot-20260930/target/release/xtask, 20434 MiB
 02:26:44 up 7 days, 10:17,  6 users,  load average: 1.72, 1.64, 1.64
2026-10-01T02:26:46-04:00
97 %, 20871 MiB, 2925 MHz, 13801 MHz, 93.67 W, 33
0 %, 20 MiB, 210 MHz, 405 MHz, 21.09 W, 28
1875905, /home/ndizazzo/dev/mesh/issue1393-q4-snapshot-20260930/target/release/xtask, 20434 MiB
 02:26:46 up 7 days, 10:17,  6 users,  load average: 1.75, 1.65, 1.64
2026-10-01T02:26:48-04:00
97 %, 20871 MiB, 2925 MHz, 13801 MHz, 94.23 W, 33
0 %, 20 MiB, 210 MHz, 405 MHz, 27.14 W, 28
1875905, /home/ndizazzo/dev/mesh/issue1393-q4-snapshot-20260930/target/release/xtask, 20434 MiB
 02:26:48 up 7 days, 10:17,  6 users,  load average: 1.75, 1.65, 1.64
2026-10-01T02:26:50-04:00
95 %, 20871 MiB, 2925 MHz, 13801 MHz, 92.82 W, 33
0 %, 20 MiB, 210 MHz, 405 MHz, 21.04 W, 28
1875905, /home/ndizazzo/dev/mesh/issue1393-q4-snapshot-20260930/target/release/xtask, 20434 MiB
 02:26:50 up 7 days, 10:17,  6 users,  load average: 1.75, 1.65, 1.64
2026-10-01T02:26:52-04:00
95 %, 20871 MiB, 2925 MHz, 13801 MHz, 93.60 W, 33
0 %, 20 MiB, 210 MHz, 405 MHz, 20.84 W, 28
1875905, /home/ndizazzo/dev/mesh/issue1393-q4-snapshot-20260930/target/release/xtask, 20434 MiB
 02:26:52 up 7 days, 10:17,  6 users,  load average: 1.77, 1.66, 1.65
2026-10-01T02:26:54-04:00
100 %, 20871 MiB, 2925 MHz, 13801 MHz, 92.82 W, 33
0 %, 20 MiB, 210 MHz, 405 MHz, 23.35 W, 28
1875905, /home/ndizazzo/dev/mesh/issue1393-q4-snapshot-20260930/target/release/xtask, 20434 MiB
 02:26:54 up 7 days, 10:17,  6 users,  load average: 1.77, 1.66, 1.65
2026-10-01T02:26:56-04:00
100 %, 20871 MiB, 2925 MHz, 13801 MHz, 91.42 W, 33
0 %, 20 MiB, 210 MHz, 405 MHz, 21.65 W, 29
1875905, /home/ndizazzo/dev/mesh/issue1393-q4-snapshot-20260930/target/release/xtask, 20434 MiB
 02:26:56 up 7 days, 10:17,  6 users,  load average: 1.71, 1.64, 1.64
2026-10-01T02:26:58-04:00
95 %, 20871 MiB, 2925 MHz, 13801 MHz, 91.56 W, 33
0 %, 20 MiB, 210 MHz, 405 MHz, 20.92 W, 28
1875905, /home/ndizazzo/dev/mesh/issue1393-q4-snapshot-20260930/target/release/xtask, 20434 MiB
 02:26:58 up 7 days, 10:18,  6 users,  load average: 1.71, 1.64, 1.64
2026-10-01T02:27:00-04:00
94 %, 20871 MiB, 2925 MHz, 13801 MHz, 92.03 W, 33
0 %, 20 MiB, 210 MHz, 405 MHz, 21.01 W, 28
1875905, /home/ndizazzo/dev/mesh/issue1393-q4-snapshot-20260930/target/release/xtask, 20434 MiB
 02:27:00 up 7 days, 10:18,  6 users,  load average: 1.65, 1.63, 1.64
2026-10-01T02:27:02-04:00
96 %, 20871 MiB, 2925 MHz, 13801 MHz, 91.67 W, 33
0 %, 20 MiB, 210 MHz, 405 MHz, 27.45 W, 28
1875905, /home/ndizazzo/dev/mesh/issue1393-q4-snapshot-20260930/target/release/xtask, 20434 MiB
 02:27:02 up 7 days, 10:18,  6 users,  load average: 1.65, 1.63, 1.64
2026-10-01T02:27:04-04:00
87 %, 20871 MiB, 2925 MHz, 13801 MHz, 91.30 W, 33
0 %, 20 MiB, 210 MHz, 405 MHz, 21.32 W, 28
1875905, /home/ndizazzo/dev/mesh/issue1393-q4-snapshot-20260930/target/release/xtask, 20434 MiB
 02:27:04 up 7 days, 10:18,  6 users,  load average: 1.65, 1.63, 1.64
2026-10-01T02:27:06-04:00
95 %, 20871 MiB, 2925 MHz, 13801 MHz, 92.97 W, 33
0 %, 20 MiB, 210 MHz, 405 MHz, 21.13 W, 28
1875905, /home/ndizazzo/dev/mesh/issue1393-q4-snapshot-20260930/target/release/xtask, 20434 MiB
 02:27:06 up 7 days, 10:18,  6 users,  load average: 1.60, 1.62, 1.63
2026-10-01T02:27:08-04:00
95 %, 20871 MiB, 2925 MHz, 13801 MHz, 92.96 W, 33
0 %, 20 MiB, 210 MHz, 405 MHz, 23.61 W, 28
1875905, /home/ndizazzo/dev/mesh/issue1393-q4-snapshot-20260930/target/release/xtask, 20434 MiB
 02:27:08 up 7 days, 10:18,  6 users,  load average: 1.60, 1.62, 1.63
2026-10-01T02:27:10-04:00
100 %, 20871 MiB, 2925 MHz, 13801 MHz, 92.32 W, 33
0 %, 20 MiB, 210 MHz, 405 MHz, 21.91 W, 28
1875905, /home/ndizazzo/dev/mesh/issue1393-q4-snapshot-20260930/target/release/xtask, 20434 MiB
 02:27:10 up 7 days, 10:18,  6 users,  load average: 1.55, 1.61, 1.63
2026-10-01T02:27:12-04:00
100 %, 20871 MiB, 2925 MHz, 13801 MHz, 91.75 W, 33
0 %, 20 MiB, 210 MHz, 405 MHz, 20.96 W, 28
1875905, /home/ndizazzo/dev/mesh/issue1393-q4-snapshot-20260930/target/release/xtask, 20434 MiB
 02:27:13 up 7 days, 10:18,  6 users,  load average: 1.55, 1.61, 1.63
2026-10-01T02:27:15-04:00
94 %, 20871 MiB, 2925 MHz, 13801 MHz, 91.62 W, 33
0 %, 20 MiB, 210 MHz, 405 MHz, 21.19 W, 28
1875905, /home/ndizazzo/dev/mesh/issue1393-q4-snapshot-20260930/target/release/xtask, 20434 MiB
 02:27:15 up 7 days, 10:18,  6 users,  load average: 1.55, 1.61, 1.63
2026-10-01T02:27:17-04:00
98 %, 20871 MiB, 2925 MHz, 13801 MHz, 92.49 W, 33
0 %, 20 MiB, 210 MHz, 405 MHz, 27.43 W, 28
1875905, /home/ndizazzo/dev/mesh/issue1393-q4-snapshot-20260930/target/release/xtask, 20434 MiB
 02:27:17 up 7 days, 10:18,  6 users,  load average: 1.59, 1.62, 1.63
2026-10-01T02:27:19-04:00
100 %, 20869 MiB, 2925 MHz, 13801 MHz, 94.83 W, 33
0 %, 20 MiB, 210 MHz, 405 MHz, 21.14 W, 28
1875905, /home/ndizazzo/dev/mesh/issue1393-q4-snapshot-20260930/target/release/xtask, 546 MiB
 02:27:19 up 7 days, 10:18,  6 users,  load average: 1.59, 1.62, 1.63
2026-10-01T02:27:21-04:00
0 %, 429 MiB, 2925 MHz, 14001 MHz, 66.57 W, 32
0 %, 17 MiB, 210 MHz, 405 MHz, 28.40 W, 28
 02:27:21 up 7 days, 10:18,  6 users,  load average: 1.54, 1.61, 1.63
2026-10-01T02:27:23-04:00
1 %, 429 MiB, 330 MHz, 810 MHz, 14.78 W, 31
0 %, 17 MiB, 210 MHz, 405 MHz, 24.27 W, 28
 02:27:23 up 7 days, 10:18,  6 users,  load average: 1.54, 1.61, 1.63
2026-10-01T02:27:25-04:00
0 %, 429 MiB, 232 MHz, 405 MHz, 5.31 W, 31
0 %, 17 MiB, 210 MHz, 405 MHz, 22.11 W, 28
 02:27:25 up 7 days, 10:18,  6 users,  load average: 1.54, 1.61, 1.63
2026-10-01T02:27:27-04:00
0 %, 429 MiB, 232 MHz, 405 MHz, 5.50 W, 31
0 %, 17 MiB, 210 MHz, 405 MHz, 20.93 W, 28
 02:27:27 up 7 days, 10:18,  6 users,  load average: 1.49, 1.60, 1.63
2026-10-01T02:27:29-04:00
0 %, 429 MiB, 232 MHz, 405 MHz, 5.78 W, 31
0 %, 17 MiB, 210 MHz, 405 MHz, 20.95 W, 28
 02:27:29 up 7 days, 10:18,  6 users,  load average: 1.49, 1.60, 1.63
2026-10-01T02:27:31-04:00
0 %, 429 MiB, 240 MHz, 405 MHz, 5.59 W, 31
0 %, 17 MiB, 210 MHz, 405 MHz, 27.26 W, 28
 02:27:31 up 7 days, 10:18,  6 users,  load average: 1.45, 1.59, 1.62
2026-10-01T02:27:33-04:00
0 %, 429 MiB, 232 MHz, 405 MHz, 5.41 W, 31
0 %, 17 MiB, 210 MHz, 405 MHz, 21.19 W, 28
 02:27:33 up 7 days, 10:18,  6 users,  load average: 1.45, 1.59, 1.62
2026-10-01T02:27:35-04:00
0 %, 429 MiB, 232 MHz, 405 MHz, 5.56 W, 31
0 %, 17 MiB, 210 MHz, 405 MHz, 21.00 W, 28
 02:27:35 up 7 days, 10:18,  6 users,  load average: 1.42, 1.58, 1.62
2026-10-01T02:27:37-04:00
0 %, 429 MiB, 232 MHz, 405 MHz, 5.35 W, 31
0 %, 17 MiB, 210 MHz, 405 MHz, 27.41 W, 28
 02:27:37 up 7 days, 10:18,  6 users,  load average: 1.42, 1.58, 1.62
2026-10-01T02:27:39-04:00
0 %, 429 MiB, 232 MHz, 405 MHz, 5.70 W, 31
0 %, 17 MiB, 210 MHz, 405 MHz, 21.02 W, 28
 02:27:39 up 7 days, 10:18,  6 users,  load average: 1.42, 1.58, 1.62
2026-10-01T02:27:41-04:00
0 %, 429 MiB, 232 MHz, 405 MHz, 5.73 W, 31
0 %, 17 MiB, 210 MHz, 405 MHz, 20.75 W, 28
 02:27:41 up 7 days, 10:18,  6 users,  load average: 1.38, 1.57, 1.62
2026-10-01T02:27:43-04:00
0 %, 429 MiB, 232 MHz, 405 MHz, 5.28 W, 31
0 %, 17 MiB, 210 MHz, 405 MHz, 20.70 W, 28
 02:27:44 up 7 days, 10:18,  6 users,  load average: 1.38, 1.57, 1.62
2026-10-01T02:27:46-04:00
0 %, 429 MiB, 232 MHz, 405 MHz, 5.48 W, 31
0 %, 17 MiB, 210 MHz, 405 MHz, 27.50 W, 28
 02:27:46 up 7 days, 10:18,  6 users,  load average: 1.35, 1.56, 1.61
2026-10-01T02:27:48-04:00
0 %, 429 MiB, 240 MHz, 405 MHz, 5.93 W, 31
0 %, 17 MiB, 210 MHz, 405 MHz, 21.19 W, 28
 02:27:48 up 7 days, 10:18,  6 users,  load average: 1.35, 1.56, 1.61
2026-10-01T02:27:50-04:00
0 %, 429 MiB, 232 MHz, 405 MHz, 5.58 W, 31
0 %, 17 MiB, 210 MHz, 405 MHz, 20.79 W, 28
 02:27:50 up 7 days, 10:18,  6 users,  load average: 1.35, 1.56, 1.61
2026-10-01T02:27:52-04:00
0 %, 429 MiB, 232 MHz, 405 MHz, 5.63 W, 31
0 %, 17 MiB, 210 MHz, 405 MHz, 27.17 W, 28
 02:27:52 up 7 days, 10:18,  6 users,  load average: 1.32, 1.55, 1.61
2026-10-01T02:27:54-04:00
0 %, 429 MiB, 232 MHz, 405 MHz, 5.62 W, 31
0 %, 17 MiB, 210 MHz, 405 MHz, 21.17 W, 28
 02:27:54 up 7 days, 10:18,  6 users,  load average: 1.32, 1.55, 1.61
2026-10-01T02:27:56-04:00
0 %, 429 MiB, 232 MHz, 405 MHz, 5.08 W, 31
0 %, 17 MiB, 210 MHz, 405 MHz, 20.99 W, 28
 02:27:56 up 7 days, 10:18,  6 users,  load average: 1.30, 1.54, 1.61
2026-10-01T02:27:58-04:00
0 %, 429 MiB, 255 MHz, 405 MHz, 5.58 W, 31
1 %, 17 MiB, 210 MHz, 405 MHz, 21.42 W, 28
 02:27:58 up 7 days, 10:19,  6 users,  load average: 1.30, 1.54, 1.61
2026-10-01T02:28:00-04:00
0 %, 429 MiB, 232 MHz, 405 MHz, 5.85 W, 31
0 %, 17 MiB, 210 MHz, 405 MHz, 21.81 W, 28
 02:28:00 up 7 days, 10:19,  6 users,  load average: 1.27, 1.53, 1.60
2026-10-01T02:28:02-04:00
0 %, 429 MiB, 232 MHz, 405 MHz, 5.66 W, 31
0 %, 17 MiB, 210 MHz, 405 MHz, 20.84 W, 28
 02:28:02 up 7 days, 10:19,  6 users,  load average: 1.27, 1.53, 1.60
2026-10-01T02:28:04-04:00
0 %, 429 MiB, 232 MHz, 405 MHz, 5.80 W, 31
0 %, 17 MiB, 210 MHz, 405 MHz, 20.84 W, 28
 02:28:04 up 7 days, 10:19,  6 users,  load average: 1.27, 1.53, 1.60
2026-10-01T02:28:06-04:00
0 %, 429 MiB, 232 MHz, 405 MHz, 5.53 W, 31
0 %, 17 MiB, 210 MHz, 405 MHz, 27.53 W, 28
 02:28:06 up 7 days, 10:19,  6 users,  load average: 1.25, 1.52, 1.60
2026-10-01T02:28:08-04:00
0 %, 429 MiB, 232 MHz, 405 MHz, 5.07 W, 31
0 %, 17 MiB, 210 MHz, 405 MHz, 20.88 W, 28
 02:28:08 up 7 days, 10:19,  6 users,  load average: 1.25, 1.52, 1.60
2026-10-01T02:28:10-04:00
0 %, 429 MiB, 232 MHz, 405 MHz, 5.29 W, 31
0 %, 17 MiB, 210 MHz, 405 MHz, 20.86 W, 28
 02:28:10 up 7 days, 10:19,  6 users,  load average: 1.23, 1.51, 1.60
2026-10-01T02:28:12-04:00
0 %, 20419 MiB, 255 MHz, 13801 MHz, 13.92 W, 31
0 %, 20 MiB, 210 MHz, 405 MHz, 22.23 W, 28
1883646, /home/ndizazzo/dev/mesh/issue1393-q4-snapshot-20260930/target/release/xtask, 19982 MiB
 02:28:13 up 7 days, 10:19,  6 users,  load average: 1.23, 1.51, 1.60
2026-10-01T02:28:15-04:00
5 %, 20419 MiB, 2827 MHz, 13801 MHz, 74.74 W, 32
0 %, 20 MiB, 210 MHz, 405 MHz, 21.62 W, 29
1883646, /home/ndizazzo/dev/mesh/issue1393-q4-snapshot-20260930/target/release/xtask, 19982 MiB
 02:28:15 up 7 days, 10:19,  6 users,  load average: 1.23, 1.51, 1.60
2026-10-01T02:28:17-04:00
6 %, 20419 MiB, 2827 MHz, 13801 MHz, 71.80 W, 32
0 %, 20 MiB, 210 MHz, 405 MHz, 20.90 W, 28
1883646, /home/ndizazzo/dev/mesh/issue1393-q4-snapshot-20260930/target/release/xtask, 19982 MiB
 02:28:17 up 7 days, 10:19,  6 users,  load average: 1.21, 1.50, 1.59
2026-10-01T02:28:19-04:00
6 %, 20419 MiB, 2805 MHz, 13801 MHz, 71.12 W, 32
0 %, 20 MiB, 210 MHz, 405 MHz, 21.05 W, 28
1883646, /home/ndizazzo/dev/mesh/issue1393-q4-snapshot-20260930/target/release/xtask, 19982 MiB
 02:28:19 up 7 days, 10:19,  6 users,  load average: 1.21, 1.50, 1.59
2026-10-01T02:28:21-04:00
6 %, 20419 MiB, 2782 MHz, 13801 MHz, 72.64 W, 32
0 %, 20 MiB, 210 MHz, 405 MHz, 24.57 W, 28
1883646, /home/ndizazzo/dev/mesh/issue1393-q4-snapshot-20260930/target/release/xtask, 19982 MiB
 02:28:21 up 7 days, 10:19,  6 users,  load average: 1.20, 1.50, 1.59
2026-10-01T02:28:23-04:00
7 %, 20419 MiB, 2925 MHz, 13801 MHz, 76.11 W, 32
0 %, 20 MiB, 210 MHz, 405 MHz, 21.13 W, 28
1883646, /home/ndizazzo/dev/mesh/issue1393-q4-snapshot-20260930/target/release/xtask, 19982 MiB
 02:28:23 up 7 days, 10:19,  6 users,  load average: 1.20, 1.50, 1.59
2026-10-01T02:28:25-04:00
95 %, 20571 MiB, 2917 MHz, 13801 MHz, 80.74 W, 33
0 %, 20 MiB, 210 MHz, 405 MHz, 20.82 W, 28
1883646, /home/ndizazzo/dev/mesh/issue1393-q4-snapshot-20260930/target/release/xtask, 20134 MiB
 02:28:25 up 7 days, 10:19,  6 users,  load average: 1.20, 1.50, 1.59
2026-10-01T02:28:27-04:00
96 %, 20571 MiB, 2925 MHz, 13801 MHz, 93.70 W, 33
0 %, 20 MiB, 210 MHz, 405 MHz, 22.96 W, 28
1883646, /home/ndizazzo/dev/mesh/issue1393-q4-snapshot-20260930/target/release/xtask, 20134 MiB
 02:28:27 up 7 days, 10:19,  6 users,  load average: 1.18, 1.49, 1.59
2026-10-01T02:28:29-04:00
94 %, 20571 MiB, 2925 MHz, 13801 MHz, 93.29 W, 33
0 %, 20 MiB, 210 MHz, 405 MHz, 21.68 W, 28
1883646, /home/ndizazzo/dev/mesh/issue1393-q4-snapshot-20260930/target/release/xtask, 20134 MiB
 02:28:29 up 7 days, 10:19,  6 users,  load average: 1.18, 1.49, 1.59
2026-10-01T02:28:31-04:00
88 %, 20571 MiB, 2925 MHz, 13801 MHz, 93.77 W, 33
0 %, 20 MiB, 210 MHz, 405 MHz, 20.90 W, 28
1883646, /home/ndizazzo/dev/mesh/issue1393-q4-snapshot-20260930/target/release/xtask, 20134 MiB
 02:28:31 up 7 days, 10:19,  6 users,  load average: 1.25, 1.50, 1.59
2026-10-01T02:28:33-04:00
94 %, 20571 MiB, 2925 MHz, 13801 MHz, 93.14 W, 33
0 %, 20 MiB, 210 MHz, 405 MHz, 21.03 W, 28
1883646, /home/ndizazzo/dev/mesh/issue1393-q4-snapshot-20260930/target/release/xtask, 20134 MiB
 02:28:33 up 7 days, 10:19,  6 users,  load average: 1.25, 1.50, 1.59
2026-10-01T02:28:35-04:00
98 %, 20571 MiB, 2925 MHz, 13801 MHz, 93.59 W, 33
0 %, 20 MiB, 210 MHz, 405 MHz, 27.26 W, 28
1883646, /home/ndizazzo/dev/mesh/issue1393-q4-snapshot-20260930/target/release/xtask, 20134 MiB
 02:28:35 up 7 days, 10:19,  6 users,  load average: 1.23, 1.49, 1.58
2026-10-01T02:28:37-04:00
96 %, 20571 MiB, 2925 MHz, 13801 MHz, 93.42 W, 33
0 %, 20 MiB, 210 MHz, 405 MHz, 21.29 W, 28
1883646, /home/ndizazzo/dev/mesh/issue1393-q4-snapshot-20260930/target/release/xtask, 20134 MiB
 02:28:37 up 7 days, 10:19,  6 users,  load average: 1.23, 1.49, 1.58
2026-10-01T02:28:39-04:00
90 %, 20571 MiB, 2925 MHz, 13801 MHz, 94.13 W, 33
0 %, 20 MiB, 210 MHz, 405 MHz, 21.08 W, 28
1883646, /home/ndizazzo/dev/mesh/issue1393-q4-snapshot-20260930/target/release/xtask, 20134 MiB
 02:28:39 up 7 days, 10:19,  6 users,  load average: 1.23, 1.49, 1.58
2026-10-01T02:28:41-04:00
96 %, 20571 MiB, 2925 MHz, 13801 MHz, 93.81 W, 33
0 %, 20 MiB, 210 MHz, 405 MHz, 23.27 W, 28
1883646, /home/ndizazzo/dev/mesh/issue1393-q4-snapshot-20260930/target/release/xtask, 20134 MiB
 02:28:41 up 7 days, 10:19,  6 users,  load average: 1.29, 1.50, 1.59
2026-10-01T02:28:43-04:00
96 %, 20571 MiB, 2925 MHz, 13801 MHz, 93.61 W, 33
0 %, 20 MiB, 210 MHz, 405 MHz, 22.05 W, 28
1883646, /home/ndizazzo/dev/mesh/issue1393-q4-snapshot-20260930/target/release/xtask, 20134 MiB
 02:28:43 up 7 days, 10:19,  6 users,  load average: 1.29, 1.50, 1.59
2026-10-01T02:28:45-04:00
94 %, 20571 MiB, 2925 MHz, 13801 MHz, 93.38 W, 33
0 %, 20 MiB, 210 MHz, 405 MHz, 21.06 W, 28
1883646, /home/ndizazzo/dev/mesh/issue1393-q4-snapshot-20260930/target/release/xtask, 20134 MiB
 02:28:45 up 7 days, 10:19,  6 users,  load average: 1.35, 1.50, 1.59
2026-10-01T02:28:47-04:00
98 %, 20571 MiB, 2925 MHz, 13801 MHz, 94.45 W, 33
0 %, 20 MiB, 210 MHz, 405 MHz, 21.05 W, 28
1883646, /home/ndizazzo/dev/mesh/issue1393-q4-snapshot-20260930/target/release/xtask, 20134 MiB
 02:28:48 up 7 days, 10:19,  6 users,  load average: 1.35, 1.50, 1.59
2026-10-01T02:28:50-04:00
100 %, 20571 MiB, 2925 MHz, 13801 MHz, 95.71 W, 33
0 %, 20 MiB, 210 MHz, 405 MHz, 27.25 W, 28
1883646, /home/ndizazzo/dev/mesh/issue1393-q4-snapshot-20260930/target/release/xtask, 20134 MiB
 02:28:50 up 7 days, 10:19,  6 users,  load average: 1.35, 1.50, 1.59
2026-10-01T02:28:52-04:00
86 %, 20571 MiB, 2925 MHz, 13801 MHz, 93.75 W, 33
0 %, 20 MiB, 210 MHz, 405 MHz, 21.20 W, 28
1883646, /home/ndizazzo/dev/mesh/issue1393-q4-snapshot-20260930/target/release/xtask, 20134 MiB
 02:28:52 up 7 days, 10:19,  6 users,  load average: 1.40, 1.51, 1.59
2026-10-01T02:28:54-04:00
94 %, 20571 MiB, 2925 MHz, 13801 MHz, 93.54 W, 33
0 %, 20 MiB, 210 MHz, 405 MHz, 21.06 W, 28
1883646, /home/ndizazzo/dev/mesh/issue1393-q4-snapshot-20260930/target/release/xtask, 20134 MiB
 02:28:54 up 7 days, 10:19,  6 users,  load average: 1.40, 1.51, 1.59
2026-10-01T02:28:56-04:00
95 %, 20571 MiB, 2925 MHz, 13801 MHz, 94.08 W, 33
0 %, 20 MiB, 210 MHz, 405 MHz, 22.06 W, 28
1883646, /home/ndizazzo/dev/mesh/issue1393-q4-snapshot-20260930/target/release/xtask, 20134 MiB
 02:28:56 up 7 days, 10:19,  6 users,  load average: 1.37, 1.50, 1.59
2026-10-01T02:28:58-04:00
93 %, 20571 MiB, 2925 MHz, 13801 MHz, 93.96 W, 33
0 %, 20 MiB, 210 MHz, 405 MHz, 22.28 W, 28
1883646, /home/ndizazzo/dev/mesh/issue1393-q4-snapshot-20260930/target/release/xtask, 20134 MiB
 02:28:58 up 7 days, 10:20,  6 users,  load average: 1.37, 1.50, 1.59
2026-10-01T02:29:00-04:00
86 %, 20571 MiB, 2925 MHz, 13801 MHz, 94.26 W, 33
0 %, 20 MiB, 210 MHz, 405 MHz, 20.92 W, 28
1883646, /home/ndizazzo/dev/mesh/issue1393-q4-snapshot-20260930/target/release/xtask, 20134 MiB
 02:29:00 up 7 days, 10:20,  6 users,  load average: 1.37, 1.50, 1.59
2026-10-01T02:29:02-04:00
95 %, 20571 MiB, 2925 MHz, 13801 MHz, 92.98 W, 33
0 %, 20 MiB, 210 MHz, 405 MHz, 21.07 W, 28
1883646, /home/ndizazzo/dev/mesh/issue1393-q4-snapshot-20260930/target/release/xtask, 20134 MiB
 02:29:02 up 7 days, 10:20,  6 users,  load average: 1.34, 1.50, 1.59
2026-10-01T02:29:04-04:00
96 %, 20571 MiB, 2925 MHz, 13801 MHz, 93.20 W, 33
0 %, 20 MiB, 210 MHz, 405 MHz, 26.96 W, 28
1883646, /home/ndizazzo/dev/mesh/issue1393-q4-snapshot-20260930/target/release/xtask, 20134 MiB
 02:29:04 up 7 days, 10:20,  6 users,  load average: 1.34, 1.50, 1.59
2026-10-01T02:29:06-04:00
91 %, 20571 MiB, 2925 MHz, 13801 MHz, 93.30 W, 33
0 %, 20 MiB, 210 MHz, 405 MHz, 21.27 W, 28
1883646, /home/ndizazzo/dev/mesh/issue1393-q4-snapshot-20260930/target/release/xtask, 20134 MiB
 02:29:06 up 7 days, 10:20,  6 users,  load average: 1.39, 1.50, 1.59
2026-10-01T02:29:08-04:00
87 %, 20571 MiB, 2925 MHz, 13801 MHz, 93.56 W, 33
0 %, 20 MiB, 210 MHz, 405 MHz, 20.93 W, 28
1883646, /home/ndizazzo/dev/mesh/issue1393-q4-snapshot-20260930/target/release/xtask, 20134 MiB
 02:29:08 up 7 days, 10:20,  6 users,  load average: 1.39, 1.50, 1.59
2026-10-01T02:29:10-04:00
95 %, 20571 MiB, 2925 MHz, 13801 MHz, 92.78 W, 33
0 %, 20 MiB, 210 MHz, 405 MHz, 22.74 W, 28
1883646, /home/ndizazzo/dev/mesh/issue1393-q4-snapshot-20260930/target/release/xtask, 20134 MiB
 02:29:10 up 7 days, 10:20,  6 users,  load average: 1.36, 1.50, 1.58
2026-10-01T02:29:12-04:00
98 %, 20571 MiB, 2925 MHz, 13801 MHz, 93.51 W, 33
0 %, 20 MiB, 210 MHz, 405 MHz, 21.79 W, 28
1883646, /home/ndizazzo/dev/mesh/issue1393-q4-snapshot-20260930/target/release/xtask, 20134 MiB
 02:29:12 up 7 days, 10:20,  6 users,  load average: 1.36, 1.50, 1.58
2026-10-01T02:29:14-04:00
97 %, 20571 MiB, 2925 MHz, 13801 MHz, 93.68 W, 33
0 %, 20 MiB, 210 MHz, 405 MHz, 20.95 W, 28
1883646, /home/ndizazzo/dev/mesh/issue1393-q4-snapshot-20260930/target/release/xtask, 20134 MiB
 02:29:14 up 7 days, 10:20,  6 users,  load average: 1.36, 1.50, 1.58
2026-10-01T02:29:16-04:00
96 %, 20571 MiB, 2925 MHz, 13801 MHz, 93.00 W, 33
0 %, 20 MiB, 210 MHz, 405 MHz, 21.06 W, 28
1883646, /home/ndizazzo/dev/mesh/issue1393-q4-snapshot-20260930/target/release/xtask, 20134 MiB
 02:29:16 up 7 days, 10:20,  6 users,  load average: 1.33, 1.49, 1.58
2026-10-01T02:29:18-04:00
96 %, 20571 MiB, 2925 MHz, 13801 MHz, 93.61 W, 33
0 %, 20 MiB, 210 MHz, 405 MHz, 27.29 W, 28
1883646, /home/ndizazzo/dev/mesh/issue1393-q4-snapshot-20260930/target/release/xtask, 20134 MiB
 02:29:18 up 7 days, 10:20,  6 users,  load average: 1.33, 1.49, 1.58
2026-10-01T02:29:20-04:00
94 %, 20571 MiB, 2925 MHz, 13801 MHz, 93.64 W, 33
0 %, 20 MiB, 210 MHz, 405 MHz, 21.01 W, 28
1883646, /home/ndizazzo/dev/mesh/issue1393-q4-snapshot-20260930/target/release/xtask, 20134 MiB
 02:29:20 up 7 days, 10:20,  6 users,  load average: 1.38, 1.50, 1.58
2026-10-01T02:29:22-04:00
88 %, 20571 MiB, 2925 MHz, 13801 MHz, 93.46 W, 33
0 %, 20 MiB, 210 MHz, 405 MHz, 21.01 W, 28
1883646, /home/ndizazzo/dev/mesh/issue1393-q4-snapshot-20260930/target/release/xtask, 20134 MiB
 02:29:23 up 7 days, 10:20,  6 users,  load average: 1.38, 1.50, 1.58
2026-10-01T02:29:25-04:00
89 %, 20571 MiB, 2925 MHz, 13801 MHz, 92.93 W, 33
0 %, 20 MiB, 210 MHz, 405 MHz, 23.44 W, 28
1883646, /home/ndizazzo/dev/mesh/issue1393-q4-snapshot-20260930/target/release/xtask, 20134 MiB
 02:29:25 up 7 days, 10:20,  6 users,  load average: 1.38, 1.50, 1.58
2026-10-01T02:29:27-04:00
96 %, 20571 MiB, 2925 MHz, 13801 MHz, 93.18 W, 33
0 %, 20 MiB, 210 MHz, 405 MHz, 22.23 W, 28
1883646, /home/ndizazzo/dev/mesh/issue1393-q4-snapshot-20260930/target/release/xtask, 20134 MiB
 02:29:27 up 7 days, 10:20,  6 users,  load average: 1.43, 1.50, 1.59
2026-10-01T02:29:29-04:00
93 %, 20571 MiB, 2925 MHz, 13801 MHz, 92.80 W, 33
0 %, 20 MiB, 210 MHz, 405 MHz, 21.00 W, 28
1883646, /home/ndizazzo/dev/mesh/issue1393-q4-snapshot-20260930/target/release/xtask, 20134 MiB
 02:29:29 up 7 days, 10:20,  6 users,  load average: 1.43, 1.50, 1.59
2026-10-01T02:29:31-04:00
90 %, 20571 MiB, 2925 MHz, 13801 MHz, 93.03 W, 33
0 %, 20 MiB, 210 MHz, 405 MHz, 21.14 W, 28
1883646, /home/ndizazzo/dev/mesh/issue1393-q4-snapshot-20260930/target/release/xtask, 20134 MiB
 02:29:31 up 7 days, 10:20,  6 users,  load average: 1.48, 1.51, 1.59
2026-10-01T02:29:33-04:00
95 %, 20571 MiB, 2925 MHz, 13801 MHz, 93.55 W, 33
0 %, 20 MiB, 210 MHz, 405 MHz, 26.94 W, 28
1883646, /home/ndizazzo/dev/mesh/issue1393-q4-snapshot-20260930/target/release/xtask, 20134 MiB
 02:29:33 up 7 days, 10:20,  6 users,  load average: 1.48, 1.51, 1.59
2026-10-01T02:29:35-04:00
96 %, 20571 MiB, 2925 MHz, 13801 MHz, 92.87 W, 33
0 %, 20 MiB, 210 MHz, 405 MHz, 21.29 W, 28
1883646, /home/ndizazzo/dev/mesh/issue1393-q4-snapshot-20260930/target/release/xtask, 20134 MiB
 02:29:35 up 7 days, 10:20,  6 users,  load average: 1.48, 1.51, 1.59
2026-10-01T02:29:37-04:00
94 %, 20571 MiB, 2925 MHz, 13801 MHz, 93.14 W, 33
0 %, 20 MiB, 210 MHz, 405 MHz, 20.97 W, 28
1883646, /home/ndizazzo/dev/mesh/issue1393-q4-snapshot-20260930/target/release/xtask, 20134 MiB
 02:29:37 up 7 days, 10:20,  6 users,  load average: 1.44, 1.50, 1.58
2026-10-01T02:29:39-04:00
95 %, 20571 MiB, 2925 MHz, 13801 MHz, 93.79 W, 33
0 %, 20 MiB, 210 MHz, 405 MHz, 23.66 W, 28
1883646, /home/ndizazzo/dev/mesh/issue1393-q4-snapshot-20260930/target/release/xtask, 20134 MiB
 02:29:39 up 7 days, 10:20,  6 users,  load average: 1.44, 1.50, 1.58
2026-10-01T02:29:41-04:00
95 %, 20571 MiB, 2925 MHz, 13801 MHz, 94.87 W, 33
0 %, 20 MiB, 210 MHz, 405 MHz, 21.79 W, 28
1883646, /home/ndizazzo/dev/mesh/issue1393-q4-snapshot-20260930/target/release/xtask, 20134 MiB
 02:29:41 up 7 days, 10:20,  6 users,  load average: 1.48, 1.51, 1.59
2026-10-01T02:29:43-04:00
96 %, 20571 MiB, 2925 MHz, 13801 MHz, 93.40 W, 33
0 %, 20 MiB, 210 MHz, 405 MHz, 20.99 W, 28
1883646, /home/ndizazzo/dev/mesh/issue1393-q4-snapshot-20260930/target/release/xtask, 20134 MiB
 02:29:43 up 7 days, 10:20,  6 users,  load average: 1.48, 1.51, 1.59
2026-10-01T02:29:45-04:00
96 %, 20571 MiB, 2925 MHz, 13801 MHz, 92.91 W, 33
0 %, 20 MiB, 210 MHz, 405 MHz, 21.03 W, 28
1883646, /home/ndizazzo/dev/mesh/issue1393-q4-snapshot-20260930/target/release/xtask, 20134 MiB
 02:29:45 up 7 days, 10:20,  6 users,  load average: 1.53, 1.52, 1.59
2026-10-01T02:29:47-04:00
94 %, 20571 MiB, 2925 MHz, 13801 MHz, 92.61 W, 33
0 %, 20 MiB, 210 MHz, 405 MHz, 27.23 W, 28
1883646, /home/ndizazzo/dev/mesh/issue1393-q4-snapshot-20260930/target/release/xtask, 20134 MiB
 02:29:47 up 7 days, 10:20,  6 users,  load average: 1.53, 1.52, 1.59
2026-10-01T02:29:49-04:00
88 %, 20571 MiB, 2925 MHz, 13801 MHz, 92.85 W, 33
0 %, 20 MiB, 210 MHz, 405 MHz, 21.44 W, 28
1883646, /home/ndizazzo/dev/mesh/issue1393-q4-snapshot-20260930/target/release/xtask, 20134 MiB
 02:29:49 up 7 days, 10:20,  6 users,  load average: 1.53, 1.52, 1.59
2026-10-01T02:29:51-04:00
96 %, 20571 MiB, 2925 MHz, 13801 MHz, 92.68 W, 33
0 %, 20 MiB, 210 MHz, 405 MHz, 21.23 W, 28
1883646, /home/ndizazzo/dev/mesh/issue1393-q4-snapshot-20260930/target/release/xtask, 20134 MiB
 02:29:51 up 7 days, 10:20,  6 users,  load average: 1.56, 1.53, 1.59
2026-10-01T02:29:53-04:00
96 %, 20571 MiB, 2925 MHz, 13801 MHz, 93.34 W, 33
0 %, 20 MiB, 210 MHz, 405 MHz, 26.85 W, 28
1883646, /home/ndizazzo/dev/mesh/issue1393-q4-snapshot-20260930/target/release/xtask, 20134 MiB
 02:29:53 up 7 days, 10:20,  6 users,  load average: 1.56, 1.53, 1.59
2026-10-01T02:29:55-04:00
91 %, 20571 MiB, 2925 MHz, 13801 MHz, 93.57 W, 33
0 %, 20 MiB, 210 MHz, 405 MHz, 22.13 W, 28
1883646, /home/ndizazzo/dev/mesh/issue1393-q4-snapshot-20260930/target/release/xtask, 20134 MiB
 02:29:55 up 7 days, 10:20,  6 users,  load average: 1.52, 1.52, 1.59
2026-10-01T02:29:57-04:00
86 %, 20571 MiB, 2925 MHz, 13801 MHz, 93.12 W, 33
0 %, 20 MiB, 210 MHz, 405 MHz, 21.19 W, 28
1883646, /home/ndizazzo/dev/mesh/issue1393-q4-snapshot-20260930/target/release/xtask, 20134 MiB
 02:29:58 up 7 days, 10:21,  6 users,  load average: 1.52, 1.52, 1.59
2026-10-01T02:30:00-04:00
94 %, 20571 MiB, 2925 MHz, 13801 MHz, 93.67 W, 33
0 %, 20 MiB, 210 MHz, 405 MHz, 21.23 W, 28
1883646, /home/ndizazzo/dev/mesh/issue1393-q4-snapshot-20260930/target/release/xtask, 20134 MiB
 02:30:00 up 7 days, 10:21,  6 users,  load average: 1.52, 1.52, 1.59
2026-10-01T02:30:02-04:00
98 %, 20571 MiB, 2925 MHz, 13801 MHz, 93.59 W, 33
0 %, 20 MiB, 210 MHz, 405 MHz, 27.25 W, 28
1883646, /home/ndizazzo/dev/mesh/issue1393-q4-snapshot-20260930/target/release/xtask, 20134 MiB
 02:30:02 up 7 days, 10:21,  6 users,  load average: 1.48, 1.51, 1.59
2026-10-01T02:30:04-04:00
96 %, 20571 MiB, 2925 MHz, 13801 MHz, 93.93 W, 33
0 %, 20 MiB, 210 MHz, 405 MHz, 21.31 W, 28
1883646, /home/ndizazzo/dev/mesh/issue1393-q4-snapshot-20260930/target/release/xtask, 20134 MiB
 02:30:04 up 7 days, 10:21,  6 users,  load average: 1.48, 1.51, 1.59
2026-10-01T02:30:06-04:00
100 %, 20571 MiB, 2925 MHz, 13801 MHz, 95.48 W, 33
0 %, 20 MiB, 210 MHz, 405 MHz, 21.22 W, 28
1883646, /home/ndizazzo/dev/mesh/issue1393-q4-snapshot-20260930/target/release/xtask, 20134 MiB
 02:30:06 up 7 days, 10:21,  6 users,  load average: 1.52, 1.52, 1.59
2026-10-01T02:30:08-04:00
96 %, 20571 MiB, 2925 MHz, 13801 MHz, 93.36 W, 33
0 %, 20 MiB, 210 MHz, 405 MHz, 27.39 W, 28
1883646, /home/ndizazzo/dev/mesh/issue1393-q4-snapshot-20260930/target/release/xtask, 20134 MiB
 02:30:08 up 7 days, 10:21,  6 users,  load average: 1.52, 1.52, 1.59
2026-10-01T02:30:10-04:00
93 %, 20571 MiB, 2925 MHz, 13801 MHz, 94.09 W, 33
0 %, 20 MiB, 210 MHz, 405 MHz, 21.47 W, 28
1883646, /home/ndizazzo/dev/mesh/issue1393-q4-snapshot-20260930/target/release/xtask, 20134 MiB
 02:30:10 up 7 days, 10:21,  6 users,  load average: 1.52, 1.52, 1.59
2026-10-01T02:30:12-04:00
94 %, 20571 MiB, 2925 MHz, 13801 MHz, 93.54 W, 33
0 %, 20 MiB, 210 MHz, 405 MHz, 21.08 W, 28
1883646, /home/ndizazzo/dev/mesh/issue1393-q4-snapshot-20260930/target/release/xtask, 20134 MiB
 02:30:12 up 7 days, 10:21,  6 users,  load average: 1.56, 1.53, 1.59
2026-10-01T02:30:14-04:00
93 %, 20571 MiB, 2925 MHz, 13801 MHz, 93.23 W, 33
0 %, 20 MiB, 210 MHz, 405 MHz, 20.92 W, 28
1883646, /home/ndizazzo/dev/mesh/issue1393-q4-snapshot-20260930/target/release/xtask, 20134 MiB
 02:30:14 up 7 days, 10:21,  6 users,  load average: 1.56, 1.53, 1.59
2026-10-01T02:30:16-04:00
87 %, 20571 MiB, 2925 MHz, 13801 MHz, 93.15 W, 33
0 %, 20 MiB, 210 MHz, 405 MHz, 26.90 W, 28
1883646, /home/ndizazzo/dev/mesh/issue1393-q4-snapshot-20260930/target/release/xtask, 20134 MiB
 02:30:16 up 7 days, 10:21,  6 users,  load average: 1.51, 1.52, 1.59
2026-10-01T02:30:18-04:00
90 %, 20571 MiB, 2925 MHz, 13801 MHz, 93.39 W, 33
0 %, 20 MiB, 210 MHz, 405 MHz, 21.23 W, 28
1883646, /home/ndizazzo/dev/mesh/issue1393-q4-snapshot-20260930/target/release/xtask, 20134 MiB
 02:30:18 up 7 days, 10:21,  6 users,  load average: 1.51, 1.52, 1.59
2026-10-01T02:30:20-04:00
89 %, 20571 MiB, 2925 MHz, 13801 MHz, 93.42 W, 33
0 %, 20 MiB, 210 MHz, 405 MHz, 21.13 W, 28
1883646, /home/ndizazzo/dev/mesh/issue1393-q4-snapshot-20260930/target/release/xtask, 20134 MiB
 02:30:20 up 7 days, 10:21,  6 users,  load average: 1.47, 1.51, 1.58
2026-10-01T02:30:22-04:00
94 %, 20571 MiB, 2925 MHz, 13801 MHz, 93.80 W, 33
0 %, 20 MiB, 210 MHz, 405 MHz, 23.77 W, 28
1883646, /home/ndizazzo/dev/mesh/issue1393-q4-snapshot-20260930/target/release/xtask, 20134 MiB
 02:30:22 up 7 days, 10:21,  6 users,  load average: 1.47, 1.51, 1.58
2026-10-01T02:30:24-04:00
95 %, 20571 MiB, 2925 MHz, 13801 MHz, 93.26 W, 33
0 %, 20 MiB, 210 MHz, 405 MHz, 21.93 W, 28
1883646, /home/ndizazzo/dev/mesh/issue1393-q4-snapshot-20260930/target/release/xtask, 20134 MiB
 02:30:24 up 7 days, 10:21,  6 users,  load average: 1.47, 1.51, 1.58
2026-10-01T02:30:26-04:00
94 %, 20571 MiB, 2925 MHz, 13801 MHz, 93.09 W, 33
0 %, 20 MiB, 210 MHz, 405 MHz, 21.02 W, 28
1883646, /home/ndizazzo/dev/mesh/issue1393-q4-snapshot-20260930/target/release/xtask, 20134 MiB
 02:30:26 up 7 days, 10:21,  6 users,  load average: 1.51, 1.52, 1.59
2026-10-01T02:30:28-04:00
95 %, 20571 MiB, 2925 MHz, 13801 MHz, 93.52 W, 33
1 %, 20 MiB, 210 MHz, 405 MHz, 21.24 W, 28
1883646, /home/ndizazzo/dev/mesh/issue1393-q4-snapshot-20260930/target/release/xtask, 20134 MiB
 02:30:28 up 7 days, 10:21,  6 users,  load average: 1.51, 1.52, 1.59
2026-10-01T02:30:30-04:00
96 %, 20571 MiB, 2925 MHz, 13801 MHz, 93.58 W, 33
0 %, 20 MiB, 210 MHz, 405 MHz, 21.81 W, 28
1883646, /home/ndizazzo/dev/mesh/issue1393-q4-snapshot-20260930/target/release/xtask, 20134 MiB
 02:30:31 up 7 days, 10:21,  6 users,  load average: 1.63, 1.54, 1.59
2026-10-01T02:30:33-04:00
96 %, 20571 MiB, 2925 MHz, 13801 MHz, 93.54 W, 33
0 %, 20 MiB, 210 MHz, 405 MHz, 21.08 W, 28
1883646, /home/ndizazzo/dev/mesh/issue1393-q4-snapshot-20260930/target/release/xtask, 20134 MiB
 02:30:33 up 7 days, 10:21,  6 users,  load average: 1.63, 1.54, 1.59
2026-10-01T02:30:35-04:00
93 %, 20571 MiB, 2925 MHz, 13801 MHz, 92.88 W, 33
0 %, 20 MiB, 210 MHz, 405 MHz, 21.11 W, 28
1883646, /home/ndizazzo/dev/mesh/issue1393-q4-snapshot-20260930/target/release/xtask, 20134 MiB
 02:30:35 up 7 days, 10:21,  6 users,  load average: 1.63, 1.54, 1.59
2026-10-01T02:30:37-04:00
92 %, 20571 MiB, 2925 MHz, 13801 MHz, 92.33 W, 33
0 %, 20 MiB, 210 MHz, 405 MHz, 24.15 W, 28
1883646, /home/ndizazzo/dev/mesh/issue1393-q4-snapshot-20260930/target/release/xtask, 20134 MiB
 02:30:37 up 7 days, 10:21,  6 users,  load average: 1.66, 1.55, 1.60
2026-10-01T02:30:39-04:00
94 %, 20571 MiB, 2925 MHz, 13801 MHz, 93.81 W, 33
0 %, 20 MiB, 210 MHz, 405 MHz, 22.21 W, 28
1883646, /home/ndizazzo/dev/mesh/issue1393-q4-snapshot-20260930/target/release/xtask, 20134 MiB
 02:30:39 up 7 days, 10:21,  6 users,  load average: 1.66, 1.55, 1.60
2026-10-01T02:30:41-04:00
91 %, 20571 MiB, 2925 MHz, 13801 MHz, 93.86 W, 33
0 %, 20 MiB, 210 MHz, 405 MHz, 21.11 W, 28
1883646, /home/ndizazzo/dev/mesh/issue1393-q4-snapshot-20260930/target/release/xtask, 20134 MiB
 02:30:41 up 7 days, 10:21,  6 users,  load average: 1.69, 1.56, 1.60
2026-10-01T02:30:43-04:00
94 %, 20571 MiB, 2925 MHz, 13801 MHz, 93.81 W, 33
0 %, 20 MiB, 210 MHz, 405 MHz, 22.01 W, 28
1883646, /home/ndizazzo/dev/mesh/issue1393-q4-snapshot-20260930/target/release/xtask, 20134 MiB
 02:30:43 up 7 days, 10:21,  6 users,  load average: 1.69, 1.56, 1.60
2026-10-01T02:30:45-04:00
95 %, 20571 MiB, 2925 MHz, 13801 MHz, 93.50 W, 33
0 %, 20 MiB, 210 MHz, 405 MHz, 22.00 W, 28
1883646, /home/ndizazzo/dev/mesh/issue1393-q4-snapshot-20260930/target/release/xtask, 20134 MiB
 02:30:45 up 7 days, 10:21,  6 users,  load average: 1.69, 1.56, 1.60
2026-10-01T02:30:47-04:00
96 %, 20571 MiB, 2925 MHz, 13801 MHz, 92.79 W, 33
0 %, 20 MiB, 210 MHz, 405 MHz, 20.91 W, 28
1883646, /home/ndizazzo/dev/mesh/issue1393-q4-snapshot-20260930/target/release/xtask, 20134 MiB
 02:30:47 up 7 days, 10:21,  6 users,  load average: 1.63, 1.55, 1.60
2026-10-01T02:30:49-04:00
95 %, 20571 MiB, 2925 MHz, 13801 MHz, 92.60 W, 33
0 %, 20 MiB, 210 MHz, 405 MHz, 21.13 W, 28
1883646, /home/ndizazzo/dev/mesh/issue1393-q4-snapshot-20260930/target/release/xtask, 20134 MiB
 02:30:49 up 7 days, 10:21,  6 users,  load average: 1.63, 1.55, 1.60
2026-10-01T02:30:51-04:00
96 %, 20571 MiB, 2925 MHz, 13801 MHz, 92.88 W, 33
0 %, 20 MiB, 210 MHz, 405 MHz, 27.35 W, 28
1883646, /home/ndizazzo/dev/mesh/issue1393-q4-snapshot-20260930/target/release/xtask, 20134 MiB
 02:30:51 up 7 days, 10:21,  6 users,  load average: 1.66, 1.56, 1.60
2026-10-01T02:30:53-04:00
96 %, 20571 MiB, 2925 MHz, 13801 MHz, 92.55 W, 33
0 %, 20 MiB, 210 MHz, 405 MHz, 21.12 W, 28
1883646, /home/ndizazzo/dev/mesh/issue1393-q4-snapshot-20260930/target/release/xtask, 20134 MiB
 02:30:53 up 7 days, 10:21,  6 users,  load average: 1.66, 1.56, 1.60
2026-10-01T02:30:55-04:00
95 %, 20571 MiB, 2925 MHz, 13801 MHz, 94.01 W, 33
0 %, 20 MiB, 210 MHz, 405 MHz, 21.07 W, 28
1883646, /home/ndizazzo/dev/mesh/issue1393-q4-snapshot-20260930/target/release/xtask, 20134 MiB
 02:30:55 up 7 days, 10:21,  6 users,  load average: 1.69, 1.57, 1.60
2026-10-01T02:30:57-04:00
100 %, 20571 MiB, 2925 MHz, 13801 MHz, 95.23 W, 33
0 %, 20 MiB, 210 MHz, 405 MHz, 21.10 W, 28
1883646, /home/ndizazzo/dev/mesh/issue1393-q4-snapshot-20260930/target/release/xtask, 20134 MiB
 02:30:57 up 7 days, 10:22,  6 users,  load average: 1.69, 1.57, 1.60
2026-10-01T02:30:59-04:00
87 %, 20571 MiB, 2925 MHz, 13801 MHz, 92.75 W, 33
0 %, 20 MiB, 210 MHz, 405 MHz, 27.37 W, 28
1883646, /home/ndizazzo/dev/mesh/issue1393-q4-snapshot-20260930/target/release/xtask, 20134 MiB
 02:30:59 up 7 days, 10:22,  6 users,  load average: 1.69, 1.57, 1.60
2026-10-01T02:31:01-04:00
96 %, 20571 MiB, 2925 MHz, 13801 MHz, 93.06 W, 33
0 %, 20 MiB, 210 MHz, 405 MHz, 21.15 W, 28
1883646, /home/ndizazzo/dev/mesh/issue1393-q4-snapshot-20260930/target/release/xtask, 20134 MiB
 02:31:01 up 7 days, 10:22,  6 users,  load average: 1.64, 1.56, 1.60
2026-10-01T02:31:03-04:00
98 %, 20571 MiB, 2925 MHz, 13801 MHz, 93.27 W, 33
0 %, 20 MiB, 210 MHz, 405 MHz, 21.18 W, 28
1883646, /home/ndizazzo/dev/mesh/issue1393-q4-snapshot-20260930/target/release/xtask, 20134 MiB
 02:31:03 up 7 days, 10:22,  6 users,  load average: 1.64, 1.56, 1.60
2026-10-01T02:31:05-04:00
96 %, 20571 MiB, 2925 MHz, 13801 MHz, 93.01 W, 33
0 %, 20 MiB, 210 MHz, 405 MHz, 26.99 W, 28
1883646, /home/ndizazzo/dev/mesh/issue1393-q4-snapshot-20260930/target/release/xtask, 20134 MiB
 02:31:05 up 7 days, 10:22,  6 users,  load average: 1.58, 1.55, 1.59
2026-10-01T02:31:07-04:00
96 %, 20571 MiB, 2925 MHz, 13801 MHz, 93.00 W, 33
0 %, 20 MiB, 210 MHz, 405 MHz, 21.30 W, 28
1883646, /home/ndizazzo/dev/mesh/issue1393-q4-snapshot-20260930/target/release/xtask, 20134 MiB
 02:31:08 up 7 days, 10:22,  6 users,  load average: 1.58, 1.55, 1.59
2026-10-01T02:31:10-04:00
94 %, 20571 MiB, 2925 MHz, 13801 MHz, 93.00 W, 33
0 %, 20 MiB, 210 MHz, 405 MHz, 21.10 W, 28
1883646, /home/ndizazzo/dev/mesh/issue1393-q4-snapshot-20260930/target/release/xtask, 20134 MiB
 02:31:10 up 7 days, 10:22,  6 users,  load average: 1.58, 1.55, 1.59
2026-10-01T02:31:12-04:00
94 %, 20571 MiB, 2925 MHz, 13801 MHz, 93.23 W, 33
1 %, 20 MiB, 210 MHz, 405 MHz, 21.17 W, 28
1883646, /home/ndizazzo/dev/mesh/issue1393-q4-snapshot-20260930/target/release/xtask, 20134 MiB
 02:31:12 up 7 days, 10:22,  6 users,  load average: 1.54, 1.54, 1.59
2026-10-01T02:31:14-04:00
91 %, 20571 MiB, 2925 MHz, 13801 MHz, 93.29 W, 33
0 %, 20 MiB, 210 MHz, 405 MHz, 21.81 W, 28
1883646, /home/ndizazzo/dev/mesh/issue1393-q4-snapshot-20260930/target/release/xtask, 20134 MiB
 02:31:14 up 7 days, 10:22,  6 users,  load average: 1.54, 1.54, 1.59
2026-10-01T02:31:16-04:00
88 %, 20571 MiB, 2925 MHz, 13801 MHz, 92.96 W, 33
0 %, 20 MiB, 210 MHz, 405 MHz, 21.09 W, 28
1883646, /home/ndizazzo/dev/mesh/issue1393-q4-snapshot-20260930/target/release/xtask, 20134 MiB
 02:31:16 up 7 days, 10:22,  6 users,  load average: 1.57, 1.54, 1.59
2026-10-01T02:31:18-04:00
86 %, 20571 MiB, 2925 MHz, 13801 MHz, 92.52 W, 33
0 %, 20 MiB, 210 MHz, 405 MHz, 21.10 W, 28
1883646, /home/ndizazzo/dev/mesh/issue1393-q4-snapshot-20260930/target/release/xtask, 20134 MiB
 02:31:18 up 7 days, 10:22,  6 users,  load average: 1.57, 1.54, 1.59
2026-10-01T02:31:20-04:00
98 %, 20571 MiB, 2925 MHz, 13801 MHz, 93.03 W, 33
0 %, 20 MiB, 210 MHz, 405 MHz, 27.29 W, 28
1883646, /home/ndizazzo/dev/mesh/issue1393-q4-snapshot-20260930/target/release/xtask, 20134 MiB
 02:31:20 up 7 days, 10:22,  6 users,  load average: 1.57, 1.54, 1.59
2026-10-01T02:31:22-04:00
95 %, 20571 MiB, 2925 MHz, 13801 MHz, 93.68 W, 33
0 %, 20 MiB, 210 MHz, 405 MHz, 21.03 W, 28
1883646, /home/ndizazzo/dev/mesh/issue1393-q4-snapshot-20260930/target/release/xtask, 20134 MiB
 02:31:22 up 7 days, 10:22,  6 users,  load average: 1.53, 1.54, 1.59
2026-10-01T02:31:24-04:00
86 %, 20571 MiB, 2925 MHz, 13801 MHz, 93.45 W, 33
0 %, 20 MiB, 210 MHz, 405 MHz, 21.06 W, 28
1883646, /home/ndizazzo/dev/mesh/issue1393-q4-snapshot-20260930/target/release/xtask, 20134 MiB
 02:31:24 up 7 days, 10:22,  6 users,  load average: 1.53, 1.54, 1.59
2026-10-01T02:31:26-04:00
86 %, 20571 MiB, 2925 MHz, 13801 MHz, 92.82 W, 33
0 %, 20 MiB, 210 MHz, 405 MHz, 21.69 W, 28
1883646, /home/ndizazzo/dev/mesh/issue1393-q4-snapshot-20260930/target/release/xtask, 20134 MiB
 02:31:26 up 7 days, 10:22,  6 users,  load average: 1.49, 1.53, 1.59
2026-10-01T02:31:28-04:00
87 %, 20571 MiB, 2925 MHz, 13801 MHz, 92.91 W, 33
0 %, 20 MiB, 210 MHz, 405 MHz, 22.23 W, 28
1883646, /home/ndizazzo/dev/mesh/issue1393-q4-snapshot-20260930/target/release/xtask, 20134 MiB
 02:31:28 up 7 days, 10:22,  6 users,  load average: 1.49, 1.53, 1.59
2026-10-01T02:31:30-04:00
87 %, 20571 MiB, 2925 MHz, 13801 MHz, 93.04 W, 33
0 %, 20 MiB, 210 MHz, 405 MHz, 21.03 W, 28
1883646, /home/ndizazzo/dev/mesh/issue1393-q4-snapshot-20260930/target/release/xtask, 20134 MiB
 02:31:30 up 7 days, 10:22,  6 users,  load average: 1.53, 1.53, 1.59
2026-10-01T02:31:32-04:00
87 %, 20571 MiB, 2925 MHz, 13801 MHz, 93.52 W, 33
0 %, 20 MiB, 210 MHz, 405 MHz, 21.13 W, 28
1883646, /home/ndizazzo/dev/mesh/issue1393-q4-snapshot-20260930/target/release/xtask, 20134 MiB
 02:31:32 up 7 days, 10:22,  6 users,  load average: 1.53, 1.53, 1.59
2026-10-01T02:31:34-04:00
87 %, 20571 MiB, 2925 MHz, 13801 MHz, 93.76 W, 33
0 %, 20 MiB, 210 MHz, 405 MHz, 27.10 W, 28
1883646, /home/ndizazzo/dev/mesh/issue1393-q4-snapshot-20260930/target/release/xtask, 20134 MiB
 02:31:34 up 7 days, 10:22,  6 users,  load average: 1.53, 1.53, 1.59
2026-10-01T02:31:36-04:00
96 %, 20571 MiB, 2925 MHz, 13801 MHz, 93.00 W, 33
0 %, 20 MiB, 210 MHz, 405 MHz, 21.18 W, 28
1883646, /home/ndizazzo/dev/mesh/issue1393-q4-snapshot-20260930/target/release/xtask, 20134 MiB
 02:31:36 up 7 days, 10:22,  6 users,  load average: 1.48, 1.53, 1.58
2026-10-01T02:31:38-04:00
96 %, 20571 MiB, 2925 MHz, 13801 MHz, 93.56 W, 33
0 %, 20 MiB, 210 MHz, 405 MHz, 20.88 W, 28
1883646, /home/ndizazzo/dev/mesh/issue1393-q4-snapshot-20260930/target/release/xtask, 20134 MiB
 02:31:38 up 7 days, 10:22,  6 users,  load average: 1.48, 1.53, 1.58
2026-10-01T02:31:40-04:00
96 %, 20571 MiB, 2925 MHz, 13801 MHz, 92.68 W, 33
0 %, 20 MiB, 210 MHz, 405 MHz, 22.85 W, 28
1883646, /home/ndizazzo/dev/mesh/issue1393-q4-snapshot-20260930/target/release/xtask, 20134 MiB
 02:31:40 up 7 days, 10:22,  6 users,  load average: 1.53, 1.53, 1.59
2026-10-01T02:31:43-04:00
95 %, 20571 MiB, 2925 MHz, 13801 MHz, 92.58 W, 33
0 %, 20 MiB, 210 MHz, 405 MHz, 21.68 W, 28
1883646, /home/ndizazzo/dev/mesh/issue1393-q4-snapshot-20260930/target/release/xtask, 20134 MiB
 02:31:43 up 7 days, 10:22,  6 users,  load average: 1.53, 1.53, 1.59
2026-10-01T02:31:45-04:00
96 %, 20571 MiB, 2925 MHz, 13801 MHz, 92.56 W, 33
0 %, 20 MiB, 210 MHz, 405 MHz, 20.87 W, 28
1883646, /home/ndizazzo/dev/mesh/issue1393-q4-snapshot-20260930/target/release/xtask, 20134 MiB
 02:31:45 up 7 days, 10:22,  6 users,  load average: 1.53, 1.53, 1.59
2026-10-01T02:31:47-04:00
95 %, 20571 MiB, 2925 MHz, 13801 MHz, 93.49 W, 33
0 %, 20 MiB, 210 MHz, 405 MHz, 21.04 W, 28
1883646, /home/ndizazzo/dev/mesh/issue1393-q4-snapshot-20260930/target/release/xtask, 20134 MiB
 02:31:47 up 7 days, 10:22,  6 users,  load average: 1.56, 1.54, 1.59
2026-10-01T02:31:49-04:00
92 %, 20571 MiB, 2925 MHz, 13801 MHz, 93.40 W, 33
0 %, 20 MiB, 210 MHz, 405 MHz, 27.50 W, 28
1883646, /home/ndizazzo/dev/mesh/issue1393-q4-snapshot-20260930/target/release/xtask, 20134 MiB
 02:31:49 up 7 days, 10:22,  6 users,  load average: 1.56, 1.54, 1.59
2026-10-01T02:31:51-04:00
87 %, 20571 MiB, 2925 MHz, 13801 MHz, 93.44 W, 33
0 %, 20 MiB, 210 MHz, 405 MHz, 21.36 W, 28
1883646, /home/ndizazzo/dev/mesh/issue1393-q4-snapshot-20260930/target/release/xtask, 20134 MiB
 02:31:51 up 7 days, 10:22,  6 users,  load average: 1.52, 1.53, 1.59
2026-10-01T02:31:53-04:00
95 %, 20571 MiB, 2925 MHz, 13801 MHz, 93.36 W, 33
0 %, 20 MiB, 210 MHz, 405 MHz, 21.05 W, 28
1883646, /home/ndizazzo/dev/mesh/issue1393-q4-snapshot-20260930/target/release/xtask, 20134 MiB
 02:31:53 up 7 days, 10:22,  6 users,  load average: 1.52, 1.53, 1.59
2026-10-01T02:31:55-04:00
98 %, 20571 MiB, 2925 MHz, 13801 MHz, 93.15 W, 33
0 %, 20 MiB, 210 MHz, 405 MHz, 23.53 W, 28
1883646, /home/ndizazzo/dev/mesh/issue1393-q4-snapshot-20260930/target/release/xtask, 20134 MiB
 02:31:55 up 7 days, 10:22,  6 users,  load average: 1.52, 1.53, 1.59
2026-10-01T02:31:57-04:00
99 %, 20571 MiB, 2925 MHz, 13801 MHz, 92.87 W, 33
0 %, 20 MiB, 210 MHz, 405 MHz, 22.14 W, 28
1883646, /home/ndizazzo/dev/mesh/issue1393-q4-snapshot-20260930/target/release/xtask, 20134 MiB
 02:31:57 up 7 days, 10:23,  6 users,  load average: 1.48, 1.52, 1.58
2026-10-01T02:31:59-04:00
96 %, 20571 MiB, 2925 MHz, 13801 MHz, 92.51 W, 33
0 %, 20 MiB, 210 MHz, 405 MHz, 21.36 W, 28
1883646, /home/ndizazzo/dev/mesh/issue1393-q4-snapshot-20260930/target/release/xtask, 20134 MiB
 02:31:59 up 7 days, 10:23,  6 users,  load average: 1.48, 1.52, 1.58
2026-10-01T02:32:01-04:00
95 %, 20571 MiB, 2925 MHz, 13801 MHz, 92.25 W, 33
0 %, 20 MiB, 210 MHz, 405 MHz, 21.25 W, 28
1883646, /home/ndizazzo/dev/mesh/issue1393-q4-snapshot-20260930/target/release/xtask, 20134 MiB
 02:32:01 up 7 days, 10:23,  6 users,  load average: 1.44, 1.51, 1.58
2026-10-01T02:32:03-04:00
95 %, 20571 MiB, 2925 MHz, 13801 MHz, 92.51 W, 33
0 %, 20 MiB, 210 MHz, 405 MHz, 27.39 W, 28
1883646, /home/ndizazzo/dev/mesh/issue1393-q4-snapshot-20260930/target/release/xtask, 20134 MiB
 02:32:03 up 7 days, 10:23,  6 users,  load average: 1.44, 1.51, 1.58
2026-10-01T02:32:05-04:00
97 %, 20571 MiB, 2925 MHz, 13801 MHz, 92.32 W, 33
0 %, 20 MiB, 210 MHz, 405 MHz, 21.36 W, 28
1883646, /home/ndizazzo/dev/mesh/issue1393-q4-snapshot-20260930/target/release/xtask, 20134 MiB
 02:32:05 up 7 days, 10:23,  6 users,  load average: 1.40, 1.51, 1.58
2026-10-01T02:32:07-04:00
95 %, 20571 MiB, 2925 MHz, 13801 MHz, 92.42 W, 33
0 %, 20 MiB, 210 MHz, 405 MHz, 21.08 W, 28
1883646, /home/ndizazzo/dev/mesh/issue1393-q4-snapshot-20260930/target/release/xtask, 20134 MiB
 02:32:07 up 7 days, 10:23,  6 users,  load average: 1.40, 1.51, 1.58
2026-10-01T02:32:09-04:00
96 %, 20571 MiB, 2925 MHz, 13801 MHz, 92.47 W, 33
0 %, 20 MiB, 210 MHz, 405 MHz, 22.37 W, 28
1883646, /home/ndizazzo/dev/mesh/issue1393-q4-snapshot-20260930/target/release/xtask, 20134 MiB
 02:32:09 up 7 days, 10:23,  6 users,  load average: 1.40, 1.51, 1.58
2026-10-01T02:32:11-04:00
96 %, 20571 MiB, 2925 MHz, 13801 MHz, 92.61 W, 33
0 %, 20 MiB, 210 MHz, 405 MHz, 22.38 W, 28
1883646, /home/ndizazzo/dev/mesh/issue1393-q4-snapshot-20260930/target/release/xtask, 20134 MiB
 02:32:11 up 7 days, 10:23,  6 users,  load average: 1.45, 1.51, 1.58
2026-10-01T02:32:13-04:00
94 %, 20571 MiB, 2925 MHz, 13801 MHz, 93.45 W, 33
0 %, 20 MiB, 210 MHz, 405 MHz, 21.13 W, 28
1883646, /home/ndizazzo/dev/mesh/issue1393-q4-snapshot-20260930/target/release/xtask, 20134 MiB
 02:32:13 up 7 days, 10:23,  6 users,  load average: 1.45, 1.51, 1.58
2026-10-01T02:32:15-04:00
88 %, 20571 MiB, 2925 MHz, 13801 MHz, 96.03 W, 33
0 %, 20 MiB, 210 MHz, 405 MHz, 21.12 W, 28
1883646, /home/ndizazzo/dev/mesh/issue1393-q4-snapshot-20260930/target/release/xtask, 20134 MiB
 02:32:16 up 7 days, 10:23,  6 users,  load average: 1.50, 1.52, 1.58
2026-10-01T02:32:18-04:00
88 %, 20571 MiB, 2925 MHz, 13801 MHz, 92.73 W, 33
0 %, 20 MiB, 210 MHz, 405 MHz, 27.10 W, 28
1883646, /home/ndizazzo/dev/mesh/issue1393-q4-snapshot-20260930/target/release/xtask, 20134 MiB
 02:32:18 up 7 days, 10:23,  6 users,  load average: 1.50, 1.52, 1.58
2026-10-01T02:32:20-04:00
90 %, 20571 MiB, 2925 MHz, 13801 MHz, 92.68 W, 33
0 %, 20 MiB, 210 MHz, 405 MHz, 21.48 W, 28
1883646, /home/ndizazzo/dev/mesh/issue1393-q4-snapshot-20260930/target/release/xtask, 20134 MiB
 02:32:20 up 7 days, 10:23,  6 users,  load average: 1.50, 1.52, 1.58
2026-10-01T02:32:22-04:00
88 %, 20571 MiB, 2925 MHz, 13801 MHz, 93.20 W, 33
0 %, 20 MiB, 210 MHz, 405 MHz, 21.19 W, 28
1883646, /home/ndizazzo/dev/mesh/issue1393-q4-snapshot-20260930/target/release/xtask, 20134 MiB
 02:32:22 up 7 days, 10:23,  6 users,  load average: 1.45, 1.51, 1.58
2026-10-01T02:32:24-04:00
87 %, 20571 MiB, 2925 MHz, 13801 MHz, 92.93 W, 33
0 %, 20 MiB, 210 MHz, 405 MHz, 22.99 W, 28
1883646, /home/ndizazzo/dev/mesh/issue1393-q4-snapshot-20260930/target/release/xtask, 20134 MiB
 02:32:24 up 7 days, 10:23,  6 users,  load average: 1.45, 1.51, 1.58
2026-10-01T02:32:26-04:00
88 %, 20571 MiB, 2925 MHz, 13801 MHz, 92.36 W, 33
0 %, 20 MiB, 210 MHz, 405 MHz, 22.03 W, 28
1883646, /home/ndizazzo/dev/mesh/issue1393-q4-snapshot-20260930/target/release/xtask, 20134 MiB
 02:32:26 up 7 days, 10:23,  6 users,  load average: 1.50, 1.52, 1.58
2026-10-01T02:32:28-04:00
95 %, 20571 MiB, 2925 MHz, 13801 MHz, 93.33 W, 33
0 %, 20 MiB, 210 MHz, 405 MHz, 21.15 W, 28
1883646, /home/ndizazzo/dev/mesh/issue1393-q4-snapshot-20260930/target/release/xtask, 20134 MiB
 02:32:28 up 7 days, 10:23,  6 users,  load average: 1.50, 1.52, 1.58
2026-10-01T02:32:30-04:00
87 %, 20571 MiB, 2925 MHz, 13801 MHz, 92.87 W, 33
0 %, 20 MiB, 210 MHz, 405 MHz, 21.25 W, 28
1883646, /home/ndizazzo/dev/mesh/issue1393-q4-snapshot-20260930/target/release/xtask, 20134 MiB
 02:32:30 up 7 days, 10:23,  6 users,  load average: 1.50, 1.52, 1.58
2026-10-01T02:32:32-04:00
86 %, 20571 MiB, 2925 MHz, 13801 MHz, 93.03 W, 33
0 %, 20 MiB, 210 MHz, 405 MHz, 27.51 W, 28
1883646, /home/ndizazzo/dev/mesh/issue1393-q4-snapshot-20260930/target/release/xtask, 20134 MiB
 02:32:32 up 7 days, 10:23,  6 users,  load average: 1.46, 1.51, 1.58
2026-10-01T02:32:34-04:00
86 %, 20571 MiB, 2925 MHz, 13801 MHz, 93.04 W, 33
0 %, 20 MiB, 210 MHz, 405 MHz, 21.16 W, 28
1883646, /home/ndizazzo/dev/mesh/issue1393-q4-snapshot-20260930/target/release/xtask, 20134 MiB
 02:32:34 up 7 days, 10:23,  6 users,  load average: 1.46, 1.51, 1.58
2026-10-01T02:32:36-04:00
86 %, 20571 MiB, 2925 MHz, 13801 MHz, 93.32 W, 33
0 %, 20 MiB, 210 MHz, 405 MHz, 21.05 W, 28
1883646, /home/ndizazzo/dev/mesh/issue1393-q4-snapshot-20260930/target/release/xtask, 20134 MiB
 02:32:36 up 7 days, 10:23,  6 users,  load average: 1.42, 1.50, 1.57
2026-10-01T02:32:38-04:00
91 %, 20571 MiB, 2925 MHz, 13801 MHz, 93.31 W, 33
0 %, 20 MiB, 210 MHz, 405 MHz, 23.56 W, 28
1883646, /home/ndizazzo/dev/mesh/issue1393-q4-snapshot-20260930/target/release/xtask, 20134 MiB
 02:32:38 up 7 days, 10:23,  6 users,  load average: 1.42, 1.50, 1.57
2026-10-01T02:32:40-04:00
95 %, 20571 MiB, 2925 MHz, 13801 MHz, 93.78 W, 33
0 %, 20 MiB, 210 MHz, 405 MHz, 22.35 W, 28
1883646, /home/ndizazzo/dev/mesh/issue1393-q4-snapshot-20260930/target/release/xtask, 20134 MiB
 02:32:40 up 7 days, 10:23,  6 users,  load average: 1.39, 1.50, 1.57
2026-10-01T02:32:42-04:00
95 %, 20571 MiB, 2925 MHz, 13801 MHz, 95.88 W, 33
0 %, 20 MiB, 210 MHz, 405 MHz, 21.26 W, 28
1883646, /home/ndizazzo/dev/mesh/issue1393-q4-snapshot-20260930/target/release/xtask, 20134 MiB
 02:32:42 up 7 days, 10:23,  6 users,  load average: 1.39, 1.50, 1.57
2026-10-01T02:32:44-04:00
95 %, 20571 MiB, 2925 MHz, 13801 MHz, 92.82 W, 33
0 %, 20 MiB, 210 MHz, 405 MHz, 21.40 W, 28
1883646, /home/ndizazzo/dev/mesh/issue1393-q4-snapshot-20260930/target/release/xtask, 20134 MiB
 02:32:44 up 7 days, 10:23,  6 users,  load average: 1.39, 1.50, 1.57
2026-10-01T02:32:46-04:00
100 %, 20571 MiB, 2925 MHz, 13801 MHz, 92.14 W, 33
0 %, 20 MiB, 210 MHz, 405 MHz, 27.34 W, 28
1883646, /home/ndizazzo/dev/mesh/issue1393-q4-snapshot-20260930/target/release/xtask, 20134 MiB
 02:32:46 up 7 days, 10:23,  6 users,  load average: 1.44, 1.50, 1.57
2026-10-01T02:32:48-04:00
96 %, 20571 MiB, 2925 MHz, 13801 MHz, 92.49 W, 33
0 %, 20 MiB, 210 MHz, 405 MHz, 21.57 W, 28
1883646, /home/ndizazzo/dev/mesh/issue1393-q4-snapshot-20260930/target/release/xtask, 20134 MiB
 02:32:48 up 7 days, 10:23,  6 users,  load average: 1.44, 1.50, 1.57
2026-10-01T02:32:50-04:00
96 %, 20571 MiB, 2925 MHz, 13801 MHz, 92.58 W, 33
0 %, 20 MiB, 210 MHz, 405 MHz, 21.35 W, 28
1883646, /home/ndizazzo/dev/mesh/issue1393-q4-snapshot-20260930/target/release/xtask, 20134 MiB
 02:32:51 up 7 days, 10:23,  6 users,  load average: 1.48, 1.51, 1.57
2026-10-01T02:32:53-04:00
96 %, 20571 MiB, 2925 MHz, 13801 MHz, 92.88 W, 33
0 %, 20 MiB, 210 MHz, 405 MHz, 24.10 W, 28
1883646, /home/ndizazzo/dev/mesh/issue1393-q4-snapshot-20260930/target/release/xtask, 20134 MiB
 02:32:53 up 7 days, 10:23,  6 users,  load average: 1.48, 1.51, 1.57
2026-10-01T02:32:55-04:00
100 %, 20571 MiB, 2925 MHz, 13801 MHz, 92.64 W, 33
0 %, 20 MiB, 210 MHz, 405 MHz, 22.03 W, 29
1883646, /home/ndizazzo/dev/mesh/issue1393-q4-snapshot-20260930/target/release/xtask, 20134 MiB
 02:32:55 up 7 days, 10:23,  6 users,  load average: 1.48, 1.51, 1.57
2026-10-01T02:32:57-04:00
95 %, 20571 MiB, 2925 MHz, 13801 MHz, 92.93 W, 33
0 %, 20 MiB, 210 MHz, 405 MHz, 21.24 W, 28
1883646, /home/ndizazzo/dev/mesh/issue1393-q4-snapshot-20260930/target/release/xtask, 20134 MiB
 02:32:57 up 7 days, 10:24,  6 users,  load average: 1.60, 1.54, 1.58
2026-10-01T02:32:59-04:00
96 %, 20571 MiB, 2925 MHz, 13801 MHz, 92.57 W, 33
0 %, 20 MiB, 210 MHz, 405 MHz, 21.32 W, 28
1883646, /home/ndizazzo/dev/mesh/issue1393-q4-snapshot-20260930/target/release/xtask, 20134 MiB
 02:32:59 up 7 days, 10:24,  6 users,  load average: 1.60, 1.54, 1.58
2026-10-01T02:33:01-04:00
95 %, 20571 MiB, 2925 MHz, 13801 MHz, 93.21 W, 33
0 %, 20 MiB, 210 MHz, 405 MHz, 27.62 W, 28
1883646, /home/ndizazzo/dev/mesh/issue1393-q4-snapshot-20260930/target/release/xtask, 20134 MiB
 02:33:01 up 7 days, 10:24,  6 users,  load average: 1.56, 1.53, 1.58
2026-10-01T02:33:03-04:00
96 %, 20571 MiB, 2925 MHz, 13801 MHz, 92.49 W, 33
0 %, 20 MiB, 210 MHz, 405 MHz, 21.29 W, 28
1883646, /home/ndizazzo/dev/mesh/issue1393-q4-snapshot-20260930/target/release/xtask, 20134 MiB
 02:33:03 up 7 days, 10:24,  6 users,  load average: 1.56, 1.53, 1.58
2026-10-01T02:33:05-04:00
97 %, 20571 MiB, 2925 MHz, 13801 MHz, 93.02 W, 33
0 %, 20 MiB, 210 MHz, 405 MHz, 21.48 W, 28
1883646, /home/ndizazzo/dev/mesh/issue1393-q4-snapshot-20260930/target/release/xtask, 20134 MiB
 02:33:05 up 7 days, 10:24,  6 users,  load average: 1.56, 1.53, 1.58
2026-10-01T02:33:07-04:00
97 %, 20571 MiB, 2925 MHz, 13801 MHz, 93.01 W, 33
0 %, 20 MiB, 210 MHz, 405 MHz, 27.29 W, 29
1883646, /home/ndizazzo/dev/mesh/issue1393-q4-snapshot-20260930/target/release/xtask, 20134 MiB
 02:33:07 up 7 days, 10:24,  6 users,  load average: 1.51, 1.52, 1.58
2026-10-01T02:33:09-04:00
90 %, 20571 MiB, 2925 MHz, 13801 MHz, 93.43 W, 33
0 %, 20 MiB, 210 MHz, 405 MHz, 22.45 W, 28
1883646, /home/ndizazzo/dev/mesh/issue1393-q4-snapshot-20260930/target/release/xtask, 20134 MiB
 02:33:09 up 7 days, 10:24,  6 users,  load average: 1.51, 1.52, 1.58
2026-10-01T02:33:11-04:00
87 %, 20571 MiB, 2925 MHz, 13801 MHz, 92.94 W, 33
0 %, 20 MiB, 210 MHz, 405 MHz, 21.38 W, 28
1883646, /home/ndizazzo/dev/mesh/issue1393-q4-snapshot-20260930/target/release/xtask, 20134 MiB
 02:33:11 up 7 days, 10:24,  6 users,  load average: 1.47, 1.51, 1.57
2026-10-01T02:33:13-04:00
91 %, 20571 MiB, 2925 MHz, 13801 MHz, 92.69 W, 33
0 %, 20 MiB, 210 MHz, 405 MHz, 21.31 W, 28
1883646, /home/ndizazzo/dev/mesh/issue1393-q4-snapshot-20260930/target/release/xtask, 20134 MiB
 02:33:13 up 7 days, 10:24,  6 users,  load average: 1.47, 1.51, 1.57
2026-10-01T02:33:15-04:00
94 %, 20571 MiB, 2925 MHz, 13801 MHz, 92.95 W, 33
0 %, 20 MiB, 210 MHz, 405 MHz, 27.35 W, 28
1883646, /home/ndizazzo/dev/mesh/issue1393-q4-snapshot-20260930/target/release/xtask, 20134 MiB
 02:33:15 up 7 days, 10:24,  6 users,  load average: 1.51, 1.52, 1.57
2026-10-01T02:33:17-04:00
94 %, 20571 MiB, 2925 MHz, 13801 MHz, 92.28 W, 33
0 %, 20 MiB, 210 MHz, 405 MHz, 21.43 W, 28
1883646, /home/ndizazzo/dev/mesh/issue1393-q4-snapshot-20260930/target/release/xtask, 20134 MiB
 02:33:17 up 7 days, 10:24,  6 users,  load average: 1.51, 1.52, 1.57
2026-10-01T02:33:19-04:00
94 %, 20571 MiB, 2925 MHz, 13801 MHz, 92.25 W, 33
0 %, 20 MiB, 210 MHz, 405 MHz, 21.26 W, 28
1883646, /home/ndizazzo/dev/mesh/issue1393-q4-snapshot-20260930/target/release/xtask, 20134 MiB
 02:33:19 up 7 days, 10:24,  6 users,  load average: 1.51, 1.52, 1.57
2026-10-01T02:33:21-04:00
94 %, 20571 MiB, 2925 MHz, 13801 MHz, 91.88 W, 33
0 %, 20 MiB, 210 MHz, 405 MHz, 27.40 W, 28
1883646, /home/ndizazzo/dev/mesh/issue1393-q4-snapshot-20260930/target/release/xtask, 20134 MiB
 02:33:21 up 7 days, 10:24,  6 users,  load average: 1.47, 1.51, 1.57
2026-10-01T02:33:23-04:00
94 %, 20571 MiB, 2925 MHz, 13801 MHz, 92.46 W, 33
0 %, 20 MiB, 210 MHz, 405 MHz, 21.61 W, 28
1883646, /home/ndizazzo/dev/mesh/issue1393-q4-snapshot-20260930/target/release/xtask, 20134 MiB
 02:33:23 up 7 days, 10:24,  6 users,  load average: 1.47, 1.51, 1.57
2026-10-01T02:33:25-04:00
94 %, 20571 MiB, 2925 MHz, 13801 MHz, 92.56 W, 33
0 %, 20 MiB, 210 MHz, 405 MHz, 21.14 W, 28
1883646, /home/ndizazzo/dev/mesh/issue1393-q4-snapshot-20260930/target/release/xtask, 20134 MiB
 02:33:26 up 7 days, 10:24,  6 users,  load average: 1.43, 1.50, 1.57
2026-10-01T02:33:28-04:00
97 %, 20571 MiB, 2925 MHz, 13801 MHz, 92.38 W, 33
0 %, 20 MiB, 210 MHz, 405 MHz, 21.23 W, 28
1883646, /home/ndizazzo/dev/mesh/issue1393-q4-snapshot-20260930/target/release/xtask, 20134 MiB
 02:33:28 up 7 days, 10:24,  6 users,  load average: 1.43, 1.50, 1.57
2026-10-01T02:33:30-04:00
97 %, 20571 MiB, 2925 MHz, 13801 MHz, 92.53 W, 33
0 %, 20 MiB, 210 MHz, 405 MHz, 27.17 W, 28
1883646, /home/ndizazzo/dev/mesh/issue1393-q4-snapshot-20260930/target/release/xtask, 20134 MiB
 02:33:30 up 7 days, 10:24,  6 users,  load average: 1.43, 1.50, 1.57
2026-10-01T02:33:32-04:00
98 %, 20571 MiB, 2925 MHz, 13801 MHz, 92.77 W, 33
0 %, 20 MiB, 210 MHz, 405 MHz, 21.50 W, 28
1883646, /home/ndizazzo/dev/mesh/issue1393-q4-snapshot-20260930/target/release/xtask, 20134 MiB
 02:33:32 up 7 days, 10:24,  6 users,  load average: 1.48, 1.51, 1.57
2026-10-01T02:33:34-04:00
95 %, 20571 MiB, 2925 MHz, 13801 MHz, 93.94 W, 33
0 %, 20 MiB, 210 MHz, 405 MHz, 21.31 W, 28
1883646, /home/ndizazzo/dev/mesh/issue1393-q4-snapshot-20260930/target/release/xtask, 20134 MiB
 02:33:34 up 7 days, 10:24,  6 users,  load average: 1.48, 1.51, 1.57
2026-10-01T02:33:36-04:00
95 %, 20571 MiB, 2925 MHz, 13801 MHz, 94.25 W, 33
0 %, 20 MiB, 210 MHz, 405 MHz, 23.88 W, 28
1883646, /home/ndizazzo/dev/mesh/issue1393-q4-snapshot-20260930/target/release/xtask, 20134 MiB
 02:33:36 up 7 days, 10:24,  6 users,  load average: 1.44, 1.50, 1.57
2026-10-01T02:33:38-04:00
91 %, 20571 MiB, 2925 MHz, 13801 MHz, 93.12 W, 33
0 %, 20 MiB, 210 MHz, 405 MHz, 21.36 W, 28
1883646, /home/ndizazzo/dev/mesh/issue1393-q4-snapshot-20260930/target/release/xtask, 20134 MiB
 02:33:38 up 7 days, 10:24,  6 users,  load average: 1.44, 1.50, 1.57
2026-10-01T02:33:40-04:00
91 %, 20571 MiB, 2925 MHz, 13801 MHz, 93.18 W, 33
0 %, 20 MiB, 210 MHz, 405 MHz, 21.15 W, 28
1883646, /home/ndizazzo/dev/mesh/issue1393-q4-snapshot-20260930/target/release/xtask, 20134 MiB
 02:33:40 up 7 days, 10:24,  6 users,  load average: 1.44, 1.50, 1.57
2026-10-01T02:33:42-04:00
92 %, 20571 MiB, 2925 MHz, 13801 MHz, 93.77 W, 33
1 %, 20 MiB, 210 MHz, 405 MHz, 21.30 W, 28
1883646, /home/ndizazzo/dev/mesh/issue1393-q4-snapshot-20260930/target/release/xtask, 20134 MiB
 02:33:42 up 7 days, 10:24,  6 users,  load average: 1.48, 1.51, 1.57
2026-10-01T02:33:44-04:00
91 %, 20571 MiB, 2925 MHz, 13801 MHz, 93.93 W, 33
0 %, 20 MiB, 210 MHz, 405 MHz, 21.76 W, 28
1883646, /home/ndizazzo/dev/mesh/issue1393-q4-snapshot-20260930/target/release/xtask, 20134 MiB
 02:33:44 up 7 days, 10:24,  6 users,  load average: 1.48, 1.51, 1.57
2026-10-01T02:33:46-04:00
96 %, 20571 MiB, 2925 MHz, 13801 MHz, 93.00 W, 33
0 %, 20 MiB, 210 MHz, 405 MHz, 21.17 W, 28
1883646, /home/ndizazzo/dev/mesh/issue1393-q4-snapshot-20260930/target/release/xtask, 20134 MiB
 02:33:46 up 7 days, 10:24,  6 users,  load average: 1.53, 1.52, 1.57
2026-10-01T02:33:48-04:00
96 %, 20571 MiB, 2925 MHz, 13801 MHz, 93.16 W, 33
0 %, 20 MiB, 210 MHz, 405 MHz, 21.31 W, 28
1883646, /home/ndizazzo/dev/mesh/issue1393-q4-snapshot-20260930/target/release/xtask, 20134 MiB
 02:33:48 up 7 days, 10:24,  6 users,  load average: 1.53, 1.52, 1.57
2026-10-01T02:33:50-04:00
96 %, 20571 MiB, 2925 MHz, 13801 MHz, 93.00 W, 33
0 %, 20 MiB, 210 MHz, 405 MHz, 24.31 W, 28
1883646, /home/ndizazzo/dev/mesh/issue1393-q4-snapshot-20260930/target/release/xtask, 20134 MiB
 02:33:50 up 7 days, 10:24,  6 users,  load average: 1.56, 1.53, 1.57
2026-10-01T02:33:52-04:00
92 %, 20571 MiB, 2925 MHz, 13801 MHz, 93.21 W, 33
0 %, 20 MiB, 210 MHz, 405 MHz, 22.14 W, 28
1883646, /home/ndizazzo/dev/mesh/issue1393-q4-snapshot-20260930/target/release/xtask, 20134 MiB
 02:33:52 up 7 days, 10:24,  6 users,  load average: 1.56, 1.53, 1.57
2026-10-01T02:33:54-04:00
91 %, 20571 MiB, 2925 MHz, 13801 MHz, 92.33 W, 33
0 %, 20 MiB, 210 MHz, 405 MHz, 21.25 W, 28
1883646, /home/ndizazzo/dev/mesh/issue1393-q4-snapshot-20260930/target/release/xtask, 20134 MiB
 02:33:54 up 7 days, 10:24,  6 users,  load average: 1.56, 1.53, 1.57
2026-10-01T02:33:56-04:00
92 %, 20571 MiB, 2925 MHz, 13801 MHz, 92.57 W, 33
0 %, 20 MiB, 210 MHz, 405 MHz, 22.10 W, 28
1883646, /home/ndizazzo/dev/mesh/issue1393-q4-snapshot-20260930/target/release/xtask, 20134 MiB
 02:33:56 up 7 days, 10:24,  6 users,  load average: 1.52, 1.52, 1.57
2026-10-01T02:33:58-04:00
94 %, 20571 MiB, 2925 MHz, 13801 MHz, 93.83 W, 33
0 %, 20 MiB, 210 MHz, 405 MHz, 22.31 W, 28
1883646, /home/ndizazzo/dev/mesh/issue1393-q4-snapshot-20260930/target/release/xtask, 20134 MiB
 02:33:58 up 7 days, 10:25,  6 users,  load average: 1.52, 1.52, 1.57
2026-10-01T02:34:00-04:00
88 %, 20571 MiB, 2925 MHz, 13801 MHz, 93.69 W, 33
0 %, 20 MiB, 210 MHz, 405 MHz, 21.29 W, 28
1883646, /home/ndizazzo/dev/mesh/issue1393-q4-snapshot-20260930/target/release/xtask, 20134 MiB
 02:34:01 up 7 days, 10:25,  6 users,  load average: 1.64, 1.54, 1.58
2026-10-01T02:34:03-04:00
94 %, 20571 MiB, 2925 MHz, 13801 MHz, 93.30 W, 33
0 %, 20 MiB, 210 MHz, 405 MHz, 21.25 W, 28
1883646, /home/ndizazzo/dev/mesh/issue1393-q4-snapshot-20260930/target/release/xtask, 20134 MiB
 02:34:03 up 7 days, 10:25,  6 users,  load average: 1.64, 1.54, 1.58
2026-10-01T02:34:05-04:00
96 %, 20571 MiB, 2925 MHz, 13801 MHz, 92.97 W, 33
0 %, 20 MiB, 210 MHz, 405 MHz, 27.47 W, 29
1883646, /home/ndizazzo/dev/mesh/issue1393-q4-snapshot-20260930/target/release/xtask, 20134 MiB
 02:34:05 up 7 days, 10:25,  6 users,  load average: 1.64, 1.54, 1.58
2026-10-01T02:34:07-04:00
95 %, 20571 MiB, 2925 MHz, 13801 MHz, 92.58 W, 33
0 %, 20 MiB, 210 MHz, 405 MHz, 21.31 W, 28
1883646, /home/ndizazzo/dev/mesh/issue1393-q4-snapshot-20260930/target/release/xtask, 20134 MiB
 02:34:07 up 7 days, 10:25,  6 users,  load average: 1.67, 1.55, 1.58
2026-10-01T02:34:09-04:00
96 %, 20571 MiB, 2925 MHz, 13801 MHz, 92.49 W, 33
0 %, 20 MiB, 210 MHz, 405 MHz, 21.22 W, 28
1883646, /home/ndizazzo/dev/mesh/issue1393-q4-snapshot-20260930/target/release/xtask, 20134 MiB
 02:34:09 up 7 days, 10:25,  6 users,  load average: 1.67, 1.55, 1.58
2026-10-01T02:34:11-04:00
96 %, 20571 MiB, 2925 MHz, 13801 MHz, 93.04 W, 33
0 %, 20 MiB, 210 MHz, 405 MHz, 21.35 W, 28
1883646, /home/ndizazzo/dev/mesh/issue1393-q4-snapshot-20260930/target/release/xtask, 20134 MiB
 02:34:11 up 7 days, 10:25,  6 users,  load average: 1.61, 1.54, 1.58
2026-10-01T02:34:13-04:00
98 %, 20571 MiB, 2925 MHz, 13801 MHz, 92.67 W, 33
0 %, 20 MiB, 210 MHz, 405 MHz, 22.40 W, 28
1883646, /home/ndizazzo/dev/mesh/issue1393-q4-snapshot-20260930/target/release/xtask, 20134 MiB
 02:34:13 up 7 days, 10:25,  6 users,  load average: 1.61, 1.54, 1.58
2026-10-01T02:34:15-04:00
95 %, 20571 MiB, 2925 MHz, 13801 MHz, 92.55 W, 33
0 %, 20 MiB, 210 MHz, 405 MHz, 21.24 W, 28
1883646, /home/ndizazzo/dev/mesh/issue1393-q4-snapshot-20260930/target/release/xtask, 20134 MiB
 02:34:15 up 7 days, 10:25,  6 users,  load average: 1.61, 1.54, 1.58
2026-10-01T02:34:17-04:00
96 %, 20571 MiB, 2925 MHz, 13801 MHz, 93.08 W, 33
0 %, 20 MiB, 210 MHz, 405 MHz, 21.25 W, 28
1883646, /home/ndizazzo/dev/mesh/issue1393-q4-snapshot-20260930/target/release/xtask, 20134 MiB
 02:34:17 up 7 days, 10:25,  6 users,  load average: 1.56, 1.53, 1.57
2026-10-01T02:34:19-04:00
97 %, 20571 MiB, 2925 MHz, 13801 MHz, 93.72 W, 33
0 %, 20 MiB, 210 MHz, 405 MHz, 27.15 W, 28
1883646, /home/ndizazzo/dev/mesh/issue1393-q4-snapshot-20260930/target/release/xtask, 20134 MiB
 02:34:19 up 7 days, 10:25,  6 users,  load average: 1.56, 1.53, 1.57
2026-10-01T02:34:21-04:00
86 %, 20571 MiB, 2925 MHz, 13801 MHz, 93.35 W, 33
0 %, 20 MiB, 210 MHz, 405 MHz, 21.37 W, 28
1883646, /home/ndizazzo/dev/mesh/issue1393-q4-snapshot-20260930/target/release/xtask, 20134 MiB
 02:34:21 up 7 days, 10:25,  6 users,  load average: 1.60, 1.54, 1.58
2026-10-01T02:34:23-04:00
87 %, 20571 MiB, 2925 MHz, 13801 MHz, 93.28 W, 33
0 %, 20 MiB, 210 MHz, 405 MHz, 21.25 W, 28
1883646, /home/ndizazzo/dev/mesh/issue1393-q4-snapshot-20260930/target/release/xtask, 20134 MiB
 02:34:23 up 7 days, 10:25,  6 users,  load average: 1.60, 1.54, 1.58
2026-10-01T02:34:25-04:00
96 %, 20571 MiB, 2925 MHz, 13801 MHz, 94.02 W, 33
1 %, 20 MiB, 210 MHz, 405 MHz, 21.39 W, 28
1883646, /home/ndizazzo/dev/mesh/issue1393-q4-snapshot-20260930/target/release/xtask, 20134 MiB
 02:34:25 up 7 days, 10:25,  6 users,  load average: 1.63, 1.55, 1.58
2026-10-01T02:34:27-04:00
100 %, 20571 MiB, 2925 MHz, 13801 MHz, 93.79 W, 33
0 %, 20 MiB, 210 MHz, 405 MHz, 21.96 W, 29
1883646, /home/ndizazzo/dev/mesh/issue1393-q4-snapshot-20260930/target/release/xtask, 20134 MiB
 02:34:27 up 7 days, 10:25,  6 users,  load average: 1.63, 1.55, 1.58
2026-10-01T02:34:29-04:00
100 %, 20571 MiB, 2925 MHz, 13801 MHz, 92.77 W, 33
0 %, 20 MiB, 210 MHz, 405 MHz, 21.21 W, 28
1883646, /home/ndizazzo/dev/mesh/issue1393-q4-snapshot-20260930/target/release/xtask, 20134 MiB
 02:34:29 up 7 days, 10:25,  6 users,  load average: 1.63, 1.55, 1.58
2026-10-01T02:34:31-04:00
90 %, 20571 MiB, 2925 MHz, 13801 MHz, 93.27 W, 33
0 %, 20 MiB, 210 MHz, 405 MHz, 21.32 W, 28
1883646, /home/ndizazzo/dev/mesh/issue1393-q4-snapshot-20260930/target/release/xtask, 20134 MiB
 02:34:31 up 7 days, 10:25,  6 users,  load average: 1.58, 1.54, 1.58
2026-10-01T02:34:33-04:00
87 %, 20571 MiB, 2925 MHz, 13801 MHz, 92.73 W, 33
0 %, 20 MiB, 210 MHz, 405 MHz, 27.54 W, 29
1883646, /home/ndizazzo/dev/mesh/issue1393-q4-snapshot-20260930/target/release/xtask, 20134 MiB
 02:34:34 up 7 days, 10:25,  6 users,  load average: 1.58, 1.54, 1.58
2026-10-01T02:34:36-04:00
89 %, 20571 MiB, 2925 MHz, 13801 MHz, 93.35 W, 33
0 %, 20 MiB, 210 MHz, 405 MHz, 21.57 W, 28
1883646, /home/ndizazzo/dev/mesh/issue1393-q4-snapshot-20260930/target/release/xtask, 20134 MiB
 02:34:36 up 7 days, 10:25,  6 users,  load average: 1.61, 1.54, 1.58
2026-10-01T02:34:38-04:00
91 %, 20571 MiB, 2925 MHz, 13801 MHz, 94.15 W, 33
0 %, 20 MiB, 210 MHz, 405 MHz, 21.15 W, 28
1883646, /home/ndizazzo/dev/mesh/issue1393-q4-snapshot-20260930/target/release/xtask, 20134 MiB
 02:34:38 up 7 days, 10:25,  6 users,  load average: 1.61, 1.54, 1.58
2026-10-01T02:34:40-04:00
96 %, 20571 MiB, 2925 MHz, 13801 MHz, 93.15 W, 33
0 %, 20 MiB, 210 MHz, 405 MHz, 22.14 W, 28
1883646, /home/ndizazzo/dev/mesh/issue1393-q4-snapshot-20260930/target/release/xtask, 20134 MiB
 02:34:40 up 7 days, 10:25,  6 users,  load average: 1.61, 1.54, 1.58
2026-10-01T02:34:42-04:00
96 %, 20571 MiB, 2925 MHz, 13801 MHz, 92.88 W, 33
0 %, 20 MiB, 210 MHz, 405 MHz, 22.22 W, 29
1883646, /home/ndizazzo/dev/mesh/issue1393-q4-snapshot-20260930/target/release/xtask, 20134 MiB
 02:34:42 up 7 days, 10:25,  6 users,  load average: 1.65, 1.55, 1.58
2026-10-01T02:34:44-04:00
96 %, 20571 MiB, 2925 MHz, 13801 MHz, 93.77 W, 33
0 %, 20 MiB, 210 MHz, 405 MHz, 21.21 W, 28
1883646, /home/ndizazzo/dev/mesh/issue1393-q4-snapshot-20260930/target/release/xtask, 20134 MiB
 02:34:44 up 7 days, 10:25,  6 users,  load average: 1.65, 1.55, 1.58
2026-10-01T02:34:46-04:00
96 %, 20571 MiB, 2925 MHz, 13801 MHz, 93.50 W, 33
0 %, 20 MiB, 210 MHz, 405 MHz, 21.26 W, 28
1883646, /home/ndizazzo/dev/mesh/issue1393-q4-snapshot-20260930/target/release/xtask, 20134 MiB
 02:34:46 up 7 days, 10:25,  6 users,  load average: 1.59, 1.54, 1.58
2026-10-01T02:34:48-04:00
97 %, 20571 MiB, 2925 MHz, 13801 MHz, 93.75 W, 33
0 %, 20 MiB, 210 MHz, 405 MHz, 27.37 W, 29
1883646, /home/ndizazzo/dev/mesh/issue1393-q4-snapshot-20260930/target/release/xtask, 20134 MiB
 02:34:48 up 7 days, 10:25,  6 users,  load average: 1.59, 1.54, 1.58
2026-10-01T02:34:50-04:00
96 %, 20571 MiB, 2925 MHz, 13801 MHz, 94.31 W, 33
0 %, 20 MiB, 210 MHz, 405 MHz, 21.29 W, 28
1883646, /home/ndizazzo/dev/mesh/issue1393-q4-snapshot-20260930/target/release/xtask, 20134 MiB
 02:34:50 up 7 days, 10:25,  6 users,  load average: 1.59, 1.54, 1.58
2026-10-01T02:34:52-04:00
98 %, 20571 MiB, 2925 MHz, 13801 MHz, 94.47 W, 33
0 %, 20 MiB, 210 MHz, 405 MHz, 21.12 W, 28
1883646, /home/ndizazzo/dev/mesh/issue1393-q4-snapshot-20260930/target/release/xtask, 20134 MiB
 02:34:52 up 7 days, 10:25,  6 users,  load average: 1.63, 1.55, 1.58
2026-10-01T02:34:54-04:00
98 %, 20571 MiB, 2925 MHz, 13801 MHz, 93.72 W, 33
0 %, 20 MiB, 210 MHz, 405 MHz, 22.98 W, 29
1883646, /home/ndizazzo/dev/mesh/issue1393-q4-snapshot-20260930/target/release/xtask, 20134 MiB
 02:34:54 up 7 days, 10:25,  6 users,  load average: 1.63, 1.55, 1.58
2026-10-01T02:34:56-04:00
95 %, 20571 MiB, 2925 MHz, 13801 MHz, 92.99 W, 33
0 %, 20 MiB, 210 MHz, 405 MHz, 21.57 W, 28
1883646, /home/ndizazzo/dev/mesh/issue1393-q4-snapshot-20260930/target/release/xtask, 20134 MiB
 02:34:56 up 7 days, 10:25,  6 users,  load average: 1.58, 1.54, 1.58
2026-10-01T02:34:58-04:00
99 %, 20571 MiB, 2925 MHz, 13801 MHz, 93.53 W, 33
0 %, 20 MiB, 210 MHz, 405 MHz, 21.00 W, 28
1883646, /home/ndizazzo/dev/mesh/issue1393-q4-snapshot-20260930/target/release/xtask, 20134 MiB
 02:34:58 up 7 days, 10:26,  6 users,  load average: 1.58, 1.54, 1.58
2026-10-01T02:35:00-04:00
85 %, 20571 MiB, 2925 MHz, 13801 MHz, 93.43 W, 33
0 %, 20 MiB, 210 MHz, 405 MHz, 20.98 W, 28
1883646, /home/ndizazzo/dev/mesh/issue1393-q4-snapshot-20260930/target/release/xtask, 20134 MiB
 02:35:00 up 7 days, 10:26,  6 users,  load average: 1.53, 1.53, 1.57
2026-10-01T02:35:02-04:00
88 %, 20571 MiB, 2925 MHz, 13801 MHz, 93.90 W, 33
0 %, 20 MiB, 210 MHz, 405 MHz, 27.58 W, 29
1883646, /home/ndizazzo/dev/mesh/issue1393-q4-snapshot-20260930/target/release/xtask, 20134 MiB
 02:35:02 up 7 days, 10:26,  6 users,  load average: 1.53, 1.53, 1.57
2026-10-01T02:35:04-04:00
95 %, 20571 MiB, 2925 MHz, 13801 MHz, 93.96 W, 33
0 %, 20 MiB, 210 MHz, 405 MHz, 21.41 W, 28
1883646, /home/ndizazzo/dev/mesh/issue1393-q4-snapshot-20260930/target/release/xtask, 20134 MiB
 02:35:04 up 7 days, 10:26,  6 users,  load average: 1.53, 1.53, 1.57
2026-10-01T02:35:06-04:00
92 %, 20571 MiB, 2925 MHz, 13801 MHz, 93.46 W, 33
0 %, 20 MiB, 210 MHz, 405 MHz, 21.01 W, 28
1883646, /home/ndizazzo/dev/mesh/issue1393-q4-snapshot-20260930/target/release/xtask, 20134 MiB
 02:35:06 up 7 days, 10:26,  6 users,  load average: 1.49, 1.52, 1.57
2026-10-01T02:35:08-04:00
91 %, 20571 MiB, 2925 MHz, 13801 MHz, 93.24 W, 33
0 %, 20 MiB, 210 MHz, 405 MHz, 23.44 W, 29
1883646, /home/ndizazzo/dev/mesh/issue1393-q4-snapshot-20260930/target/release/xtask, 20134 MiB
 02:35:09 up 7 days, 10:26,  6 users,  load average: 1.49, 1.52, 1.57
2026-10-01T02:35:11-04:00
94 %, 20571 MiB, 2925 MHz, 13801 MHz, 93.23 W, 33
0 %, 20 MiB, 210 MHz, 405 MHz, 22.09 W, 29
1883646, /home/ndizazzo/dev/mesh/issue1393-q4-snapshot-20260930/target/release/xtask, 20134 MiB
 02:35:11 up 7 days, 10:26,  6 users,  load average: 1.53, 1.53, 1.57
2026-10-01T02:35:13-04:00
95 %, 20571 MiB, 2925 MHz, 13801 MHz, 93.60 W, 33
0 %, 20 MiB, 210 MHz, 405 MHz, 21.03 W, 28
1883646, /home/ndizazzo/dev/mesh/issue1393-q4-snapshot-20260930/target/release/xtask, 20134 MiB
 02:35:13 up 7 days, 10:26,  6 users,  load average: 1.53, 1.53, 1.57
2026-10-01T02:35:15-04:00
98 %, 20571 MiB, 2925 MHz, 13801 MHz, 93.03 W, 33
0 %, 20 MiB, 210 MHz, 405 MHz, 21.27 W, 28
1883646, /home/ndizazzo/dev/mesh/issue1393-q4-snapshot-20260930/target/release/xtask, 20134 MiB
 02:35:15 up 7 days, 10:26,  6 users,  load average: 1.53, 1.53, 1.57
2026-10-01T02:35:17-04:00
95 %, 20571 MiB, 2925 MHz, 13801 MHz, 93.51 W, 33
0 %, 20 MiB, 210 MHz, 405 MHz, 27.48 W, 29
1883646, /home/ndizazzo/dev/mesh/issue1393-q4-snapshot-20260930/target/release/xtask, 20134 MiB
 02:35:17 up 7 days, 10:26,  6 users,  load average: 1.57, 1.54, 1.57
2026-10-01T02:35:19-04:00
96 %, 20571 MiB, 2925 MHz, 13801 MHz, 93.63 W, 33
0 %, 20 MiB, 210 MHz, 405 MHz, 21.28 W, 28
1883646, /home/ndizazzo/dev/mesh/issue1393-q4-snapshot-20260930/target/release/xtask, 20134 MiB
 02:35:19 up 7 days, 10:26,  6 users,  load average: 1.57, 1.54, 1.57
2026-10-01T02:35:21-04:00
93 %, 20571 MiB, 2925 MHz, 13801 MHz, 93.33 W, 33
0 %, 20 MiB, 210 MHz, 405 MHz, 21.14 W, 28
1883646, /home/ndizazzo/dev/mesh/issue1393-q4-snapshot-20260930/target/release/xtask, 20134 MiB
 02:35:21 up 7 days, 10:26,  6 users,  load average: 1.52, 1.53, 1.57
2026-10-01T02:35:23-04:00
94 %, 20571 MiB, 2925 MHz, 13801 MHz, 93.36 W, 33
0 %, 20 MiB, 210 MHz, 405 MHz, 23.92 W, 28
1883646, /home/ndizazzo/dev/mesh/issue1393-q4-snapshot-20260930/target/release/xtask, 20134 MiB
 02:35:23 up 7 days, 10:26,  6 users,  load average: 1.52, 1.53, 1.57
2026-10-01T02:35:25-04:00
100 %, 20571 MiB, 2925 MHz, 13801 MHz, 92.75 W, 33
0 %, 20 MiB, 210 MHz, 405 MHz, 22.32 W, 28
1883646, /home/ndizazzo/dev/mesh/issue1393-q4-snapshot-20260930/target/release/xtask, 20134 MiB
 02:35:25 up 7 days, 10:26,  6 users,  load average: 1.52, 1.53, 1.57
2026-10-01T02:35:27-04:00
90 %, 20571 MiB, 2925 MHz, 13801 MHz, 93.00 W, 33
0 %, 20 MiB, 210 MHz, 405 MHz, 21.07 W, 28
1883646, /home/ndizazzo/dev/mesh/issue1393-q4-snapshot-20260930/target/release/xtask, 20134 MiB
 02:35:27 up 7 days, 10:26,  6 users,  load average: 1.56, 1.54, 1.57
2026-10-01T02:35:29-04:00
94 %, 20571 MiB, 2925 MHz, 13801 MHz, 93.29 W, 33
0 %, 20 MiB, 210 MHz, 405 MHz, 21.17 W, 28
1883646, /home/ndizazzo/dev/mesh/issue1393-q4-snapshot-20260930/target/release/xtask, 20134 MiB
 02:35:29 up 7 days, 10:26,  6 users,  load average: 1.56, 1.54, 1.57
2026-10-01T02:35:31-04:00
94 %, 20571 MiB, 2925 MHz, 13801 MHz, 93.29 W, 33
0 %, 20 MiB, 210 MHz, 405 MHz, 27.13 W, 29
1883646, /home/ndizazzo/dev/mesh/issue1393-q4-snapshot-20260930/target/release/xtask, 20134 MiB
 02:35:31 up 7 days, 10:26,  6 users,  load average: 1.60, 1.55, 1.58
2026-10-01T02:35:33-04:00
96 %, 20571 MiB, 2925 MHz, 13801 MHz, 93.74 W, 33
0 %, 20 MiB, 210 MHz, 405 MHz, 21.27 W, 28
1883646, /home/ndizazzo/dev/mesh/issue1393-q4-snapshot-20260930/target/release/xtask, 20134 MiB
 02:35:33 up 7 days, 10:26,  6 users,  load average: 1.60, 1.55, 1.58
2026-10-01T02:35:35-04:00
100 %, 20571 MiB, 2925 MHz, 13801 MHz, 93.35 W, 33
0 %, 20 MiB, 210 MHz, 405 MHz, 21.02 W, 28
1883646, /home/ndizazzo/dev/mesh/issue1393-q4-snapshot-20260930/target/release/xtask, 20134 MiB
 02:35:35 up 7 days, 10:26,  6 users,  load average: 1.63, 1.55, 1.58
2026-10-01T02:35:37-04:00
95 %, 20571 MiB, 2925 MHz, 13801 MHz, 93.71 W, 33
0 %, 20 MiB, 210 MHz, 405 MHz, 22.97 W, 29
1883646, /home/ndizazzo/dev/mesh/issue1393-q4-snapshot-20260930/target/release/xtask, 20134 MiB
 02:35:37 up 7 days, 10:26,  6 users,  load average: 1.63, 1.55, 1.58
2026-10-01T02:35:39-04:00
96 %, 20571 MiB, 2925 MHz, 13801 MHz, 94.39 W, 33
0 %, 20 MiB, 210 MHz, 405 MHz, 21.95 W, 29
1883646, /home/ndizazzo/dev/mesh/issue1393-q4-snapshot-20260930/target/release/xtask, 20134 MiB
 02:35:39 up 7 days, 10:26,  6 users,  load average: 1.63, 1.55, 1.58
2026-10-01T02:35:41-04:00
87 %, 20571 MiB, 2925 MHz, 13801 MHz, 93.99 W, 33
0 %, 20 MiB, 210 MHz, 405 MHz, 21.14 W, 28
1883646, /home/ndizazzo/dev/mesh/issue1393-q4-snapshot-20260930/target/release/xtask, 20134 MiB
 02:35:41 up 7 days, 10:26,  6 users,  load average: 1.66, 1.56, 1.58
2026-10-01T02:35:43-04:00
94 %, 20571 MiB, 2925 MHz, 13801 MHz, 93.70 W, 33
0 %, 20 MiB, 210 MHz, 405 MHz, 21.27 W, 28
1883646, /home/ndizazzo/dev/mesh/issue1393-q4-snapshot-20260930/target/release/xtask, 20134 MiB
 02:35:44 up 7 days, 10:26,  6 users,  load average: 1.66, 1.56, 1.58
2026-10-01T02:35:46-04:00
98 %, 20571 MiB, 2925 MHz, 13801 MHz, 92.92 W, 33
0 %, 20 MiB, 210 MHz, 405 MHz, 27.46 W, 29
1883646, /home/ndizazzo/dev/mesh/issue1393-q4-snapshot-20260930/target/release/xtask, 20134 MiB
 02:35:46 up 7 days, 10:26,  6 users,  load average: 1.61, 1.55, 1.58
2026-10-01T02:35:48-04:00
95 %, 20571 MiB, 2925 MHz, 13801 MHz, 94.14 W, 33
0 %, 20 MiB, 210 MHz, 405 MHz, 21.54 W, 28
1883646, /home/ndizazzo/dev/mesh/issue1393-q4-snapshot-20260930/target/release/xtask, 20134 MiB
 02:35:48 up 7 days, 10:26,  6 users,  load average: 1.61, 1.55, 1.58
2026-10-01T02:35:50-04:00
95 %, 20571 MiB, 2925 MHz, 13801 MHz, 96.32 W, 33
0 %, 20 MiB, 210 MHz, 405 MHz, 21.20 W, 28
1883646, /home/ndizazzo/dev/mesh/issue1393-q4-snapshot-20260930/target/release/xtask, 20134 MiB
 02:35:50 up 7 days, 10:26,  6 users,  load average: 1.61, 1.55, 1.58
2026-10-01T02:35:52-04:00
96 %, 20571 MiB, 2925 MHz, 13801 MHz, 93.04 W, 33
0 %, 20 MiB, 210 MHz, 405 MHz, 23.33 W, 29
1883646, /home/ndizazzo/dev/mesh/issue1393-q4-snapshot-20260930/target/release/xtask, 20134 MiB
 02:35:52 up 7 days, 10:26,  6 users,  load average: 1.56, 1.54, 1.57
2026-10-01T02:35:54-04:00
96 %, 20571 MiB, 2925 MHz, 13801 MHz, 93.29 W, 33
0 %, 20 MiB, 210 MHz, 405 MHz, 22.34 W, 29
1883646, /home/ndizazzo/dev/mesh/issue1393-q4-snapshot-20260930/target/release/xtask, 20134 MiB
 02:35:54 up 7 days, 10:26,  6 users,  load average: 1.56, 1.54, 1.57
2026-10-01T02:35:56-04:00
96 %, 20571 MiB, 2925 MHz, 13801 MHz, 92.48 W, 33
0 %, 20 MiB, 210 MHz, 405 MHz, 21.15 W, 28
1883646, /home/ndizazzo/dev/mesh/issue1393-q4-snapshot-20260930/target/release/xtask, 20134 MiB
 02:35:56 up 7 days, 10:26,  6 users,  load average: 1.51, 1.53, 1.57
2026-10-01T02:35:58-04:00
95 %, 20571 MiB, 2925 MHz, 13801 MHz, 92.30 W, 33
0 %, 20 MiB, 210 MHz, 405 MHz, 21.12 W, 28
1883646, /home/ndizazzo/dev/mesh/issue1393-q4-snapshot-20260930/target/release/xtask, 20134 MiB
 02:35:58 up 7 days, 10:27,  6 users,  load average: 1.51, 1.53, 1.57
2026-10-01T02:36:00-04:00
88 %, 20571 MiB, 2925 MHz, 13801 MHz, 93.96 W, 33
0 %, 20 MiB, 210 MHz, 405 MHz, 27.34 W, 28
1883646, /home/ndizazzo/dev/mesh/issue1393-q4-snapshot-20260930/target/release/xtask, 20134 MiB
 02:36:00 up 7 days, 10:27,  6 users,  load average: 1.51, 1.53, 1.57
2026-10-01T02:36:02-04:00
88 %, 20571 MiB, 2925 MHz, 13801 MHz, 94.61 W, 33
0 %, 20 MiB, 210 MHz, 405 MHz, 21.44 W, 28
1883646, /home/ndizazzo/dev/mesh/issue1393-q4-snapshot-20260930/target/release/xtask, 20134 MiB
 02:36:02 up 7 days, 10:27,  6 users,  load average: 1.47, 1.52, 1.57
2026-10-01T02:36:04-04:00
96 %, 20571 MiB, 2925 MHz, 13801 MHz, 92.36 W, 33
0 %, 20 MiB, 210 MHz, 405 MHz, 21.25 W, 28
1883646, /home/ndizazzo/dev/mesh/issue1393-q4-snapshot-20260930/target/release/xtask, 20134 MiB
 02:36:04 up 7 days, 10:27,  6 users,  load average: 1.47, 1.52, 1.57
2026-10-01T02:36:06-04:00
97 %, 20571 MiB, 2925 MHz, 13801 MHz, 93.01 W, 33
0 %, 20 MiB, 210 MHz, 405 MHz, 23.97 W, 29
1883646, /home/ndizazzo/dev/mesh/issue1393-q4-snapshot-20260930/target/release/xtask, 20134 MiB
 02:36:06 up 7 days, 10:27,  6 users,  load average: 1.51, 1.53, 1.57
2026-10-01T02:36:08-04:00
96 %, 20571 MiB, 2925 MHz, 13801 MHz, 93.10 W, 33
0 %, 20 MiB, 210 MHz, 405 MHz, 22.03 W, 29
1883646, /home/ndizazzo/dev/mesh/issue1393-q4-snapshot-20260930/target/release/xtask, 20134 MiB
 02:36:08 up 7 days, 10:27,  6 users,  load average: 1.51, 1.53, 1.57
2026-10-01T02:36:10-04:00
87 %, 20571 MiB, 2925 MHz, 13801 MHz, 94.12 W, 33
0 %, 20 MiB, 210 MHz, 405 MHz, 21.17 W, 28
1883646, /home/ndizazzo/dev/mesh/issue1393-q4-snapshot-20260930/target/release/xtask, 20134 MiB
 02:36:10 up 7 days, 10:27,  6 users,  load average: 1.47, 1.52, 1.57
2026-10-01T02:36:12-04:00
91 %, 20571 MiB, 2925 MHz, 13801 MHz, 93.71 W, 33
0 %, 20 MiB, 210 MHz, 405 MHz, 21.22 W, 28
1883646, /home/ndizazzo/dev/mesh/issue1393-q4-snapshot-20260930/target/release/xtask, 20134 MiB
 02:36:12 up 7 days, 10:27,  6 users,  load average: 1.47, 1.52, 1.57
2026-10-01T02:36:14-04:00
94 %, 20571 MiB, 2925 MHz, 13801 MHz, 94.46 W, 33
0 %, 20 MiB, 210 MHz, 405 MHz, 22.25 W, 29
1883646, /home/ndizazzo/dev/mesh/issue1393-q4-snapshot-20260930/target/release/xtask, 20134 MiB
 02:36:14 up 7 days, 10:27,  6 users,  load average: 1.47, 1.52, 1.57
2026-10-01T02:36:16-04:00
95 %, 20571 MiB, 2925 MHz, 13801 MHz, 97.33 W, 33
0 %, 20 MiB, 210 MHz, 405 MHz, 21.16 W, 28
1883646, /home/ndizazzo/dev/mesh/issue1393-q4-snapshot-20260930/target/release/xtask, 20134 MiB
 02:36:17 up 7 days, 10:27,  6 users,  load average: 1.51, 1.53, 1.57
2026-10-01T02:36:19-04:00
94 %, 20571 MiB, 2925 MHz, 13801 MHz, 93.51 W, 33
0 %, 20 MiB, 210 MHz, 405 MHz, 21.22 W, 28
1883646, /home/ndizazzo/dev/mesh/issue1393-q4-snapshot-20260930/target/release/xtask, 20134 MiB
 02:36:19 up 7 days, 10:27,  6 users,  load average: 1.51, 1.53, 1.57
2026-10-01T02:36:21-04:00
96 %, 20571 MiB, 2925 MHz, 13801 MHz, 93.43 W, 33
0 %, 20 MiB, 210 MHz, 405 MHz, 26.95 W, 29
1883646, /home/ndizazzo/dev/mesh/issue1393-q4-snapshot-20260930/target/release/xtask, 20134 MiB
 02:36:21 up 7 days, 10:27,  6 users,  load average: 1.47, 1.52, 1.56
2026-10-01T02:36:23-04:00
97 %, 20571 MiB, 2925 MHz, 13801 MHz, 94.16 W, 33
0 %, 20 MiB, 210 MHz, 405 MHz, 22.09 W, 29
1883646, /home/ndizazzo/dev/mesh/issue1393-q4-snapshot-20260930/target/release/xtask, 20134 MiB
 02:36:23 up 7 days, 10:27,  6 users,  load average: 1.47, 1.52, 1.56
2026-10-01T02:36:25-04:00
97 %, 20571 MiB, 2925 MHz, 13801 MHz, 94.48 W, 33
0 %, 20 MiB, 210 MHz, 405 MHz, 21.04 W, 28
1883646, /home/ndizazzo/dev/mesh/issue1393-q4-snapshot-20260930/target/release/xtask, 20134 MiB
 02:36:25 up 7 days, 10:27,  6 users,  load average: 1.47, 1.52, 1.56
2026-10-01T02:36:27-04:00
94 %, 20571 MiB, 2925 MHz, 13801 MHz, 93.32 W, 33
0 %, 20 MiB, 210 MHz, 405 MHz, 21.26 W, 28
1883646, /home/ndizazzo/dev/mesh/issue1393-q4-snapshot-20260930/target/release/xtask, 20134 MiB
 02:36:27 up 7 days, 10:27,  6 users,  load average: 1.52, 1.53, 1.57
2026-10-01T02:36:29-04:00
96 %, 20571 MiB, 2925 MHz, 13801 MHz, 92.86 W, 33
0 %, 20 MiB, 210 MHz, 405 MHz, 27.32 W, 28
1883646, /home/ndizazzo/dev/mesh/issue1393-q4-snapshot-20260930/target/release/xtask, 20134 MiB
 02:36:29 up 7 days, 10:27,  6 users,  load average: 1.52, 1.53, 1.57
2026-10-01T02:36:31-04:00
96 %, 20571 MiB, 2925 MHz, 13801 MHz, 93.42 W, 33
0 %, 20 MiB, 210 MHz, 405 MHz, 21.04 W, 28
1883646, /home/ndizazzo/dev/mesh/issue1393-q4-snapshot-20260930/target/release/xtask, 20134 MiB
 02:36:31 up 7 days, 10:27,  6 users,  load average: 1.55, 1.54, 1.57
2026-10-01T02:36:33-04:00
99 %, 20571 MiB, 2925 MHz, 13801 MHz, 93.46 W, 33
0 %, 20 MiB, 210 MHz, 405 MHz, 21.11 W, 28
1883646, /home/ndizazzo/dev/mesh/issue1393-q4-snapshot-20260930/target/release/xtask, 20134 MiB
 02:36:33 up 7 days, 10:27,  6 users,  load average: 1.55, 1.54, 1.57
2026-10-01T02:36:35-04:00
91 %, 20571 MiB, 2925 MHz, 13801 MHz, 93.42 W, 33
0 %, 20 MiB, 210 MHz, 405 MHz, 27.41 W, 29
1883646, /home/ndizazzo/dev/mesh/issue1393-q4-snapshot-20260930/target/release/xtask, 20134 MiB
 02:36:35 up 7 days, 10:27,  6 users,  load average: 1.55, 1.54, 1.57
2026-10-01T02:36:37-04:00
92 %, 20571 MiB, 2925 MHz, 13801 MHz, 92.92 W, 33
0 %, 20 MiB, 210 MHz, 405 MHz, 21.50 W, 28
1883646, /home/ndizazzo/dev/mesh/issue1393-q4-snapshot-20260930/target/release/xtask, 20134 MiB
 02:36:37 up 7 days, 10:27,  6 users,  load average: 1.59, 1.55, 1.57
2026-10-01T02:36:39-04:00
96 %, 20571 MiB, 2925 MHz, 13801 MHz, 93.40 W, 33
0 %, 20 MiB, 210 MHz, 405 MHz, 21.13 W, 28
1883646, /home/ndizazzo/dev/mesh/issue1393-q4-snapshot-20260930/target/release/xtask, 20134 MiB
 02:36:39 up 7 days, 10:27,  6 users,  load average: 1.59, 1.55, 1.57
2026-10-01T02:36:41-04:00
98 %, 20571 MiB, 2925 MHz, 13801 MHz, 94.08 W, 33
0 %, 20 MiB, 210 MHz, 405 MHz, 21.08 W, 28
1883646, /home/ndizazzo/dev/mesh/issue1393-q4-snapshot-20260930/target/release/xtask, 20134 MiB
 02:36:41 up 7 days, 10:27,  6 users,  load average: 1.62, 1.55, 1.57
2026-10-01T02:36:43-04:00
98 %, 20571 MiB, 2925 MHz, 13801 MHz, 93.45 W, 33
0 %, 20 MiB, 210 MHz, 405 MHz, 27.09 W, 28
1883646, /home/ndizazzo/dev/mesh/issue1393-q4-snapshot-20260930/target/release/xtask, 20134 MiB
 02:36:43 up 7 days, 10:27,  6 users,  load average: 1.62, 1.55, 1.57
2026-10-01T02:36:45-04:00
94 %, 20571 MiB, 2925 MHz, 13801 MHz, 93.66 W, 33
0 %, 20 MiB, 210 MHz, 405 MHz, 21.28 W, 28
1883646, /home/ndizazzo/dev/mesh/issue1393-q4-snapshot-20260930/target/release/xtask, 20134 MiB
 02:36:45 up 7 days, 10:27,  6 users,  load average: 1.65, 1.56, 1.58
2026-10-01T02:36:47-04:00
90 %, 20571 MiB, 2925 MHz, 13801 MHz, 93.23 W, 33
0 %, 20 MiB, 210 MHz, 405 MHz, 21.12 W, 28
1883646, /home/ndizazzo/dev/mesh/issue1393-q4-snapshot-20260930/target/release/xtask, 20134 MiB
 02:36:47 up 7 days, 10:27,  6 users,  load average: 1.65, 1.56, 1.58
2026-10-01T02:36:49-04:00
89 %, 20571 MiB, 2925 MHz, 13801 MHz, 92.86 W, 33
0 %, 20 MiB, 210 MHz, 405 MHz, 27.15 W, 29
1883646, /home/ndizazzo/dev/mesh/issue1393-q4-snapshot-20260930/target/release/xtask, 20134 MiB
 02:36:49 up 7 days, 10:27,  6 users,  load average: 1.65, 1.56, 1.58
2026-10-01T02:36:51-04:00
94 %, 20571 MiB, 2925 MHz, 13801 MHz, 93.09 W, 33
0 %, 20 MiB, 210 MHz, 405 MHz, 21.18 W, 28
1883646, /home/ndizazzo/dev/mesh/issue1393-q4-snapshot-20260930/target/release/xtask, 20134 MiB
 02:36:52 up 7 days, 10:27,  6 users,  load average: 1.68, 1.57, 1.58
2026-10-01T02:36:54-04:00
96 %, 20571 MiB, 2925 MHz, 13801 MHz, 93.94 W, 33
0 %, 20 MiB, 210 MHz, 405 MHz, 21.09 W, 28
1883646, /home/ndizazzo/dev/mesh/issue1393-q4-snapshot-20260930/target/release/xtask, 20134 MiB
 02:36:54 up 7 days, 10:27,  6 users,  load average: 1.68, 1.57, 1.58
2026-10-01T02:36:56-04:00
97 %, 20571 MiB, 2925 MHz, 13801 MHz, 94.14 W, 33
0 %, 20 MiB, 210 MHz, 405 MHz, 21.20 W, 28
1883646, /home/ndizazzo/dev/mesh/issue1393-q4-snapshot-20260930/target/release/xtask, 20134 MiB
 02:36:56 up 7 days, 10:27,  6 users,  load average: 1.71, 1.58, 1.58
2026-10-01T02:36:58-04:00
95 %, 20571 MiB, 2925 MHz, 13801 MHz, 93.60 W, 33
0 %, 20 MiB, 210 MHz, 405 MHz, 22.44 W, 29
1883646, /home/ndizazzo/dev/mesh/issue1393-q4-snapshot-20260930/target/release/xtask, 20134 MiB
 02:36:58 up 7 days, 10:28,  6 users,  load average: 1.71, 1.58, 1.58
2026-10-01T02:37:00-04:00
92 %, 20571 MiB, 2925 MHz, 13801 MHz, 92.96 W, 33
0 %, 20 MiB, 210 MHz, 405 MHz, 21.11 W, 28
1883646, /home/ndizazzo/dev/mesh/issue1393-q4-snapshot-20260930/target/release/xtask, 20134 MiB
 02:37:00 up 7 days, 10:28,  6 users,  load average: 1.71, 1.58, 1.58
2026-10-01T02:37:02-04:00
96 %, 20571 MiB, 2925 MHz, 13801 MHz, 93.50 W, 33
0 %, 20 MiB, 210 MHz, 405 MHz, 21.05 W, 28
1883646, /home/ndizazzo/dev/mesh/issue1393-q4-snapshot-20260930/target/release/xtask, 20134 MiB
 02:37:02 up 7 days, 10:28,  6 users,  load average: 1.65, 1.57, 1.58
2026-10-01T02:37:04-04:00
96 %, 20571 MiB, 2925 MHz, 13801 MHz, 94.49 W, 33
0 %, 20 MiB, 210 MHz, 405 MHz, 26.81 W, 29
1883646, /home/ndizazzo/dev/mesh/issue1393-q4-snapshot-20260930/target/release/xtask, 20134 MiB
 02:37:04 up 7 days, 10:28,  6 users,  load average: 1.65, 1.57, 1.58
2026-10-01T02:37:06-04:00
87 %, 20571 MiB, 2925 MHz, 13801 MHz, 93.73 W, 33
0 %, 20 MiB, 210 MHz, 405 MHz, 21.37 W, 28
1883646, /home/ndizazzo/dev/mesh/issue1393-q4-snapshot-20260930/target/release/xtask, 20134 MiB
 02:37:06 up 7 days, 10:28,  6 users,  load average: 1.68, 1.57, 1.58
2026-10-01T02:37:08-04:00
94 %, 20571 MiB, 2925 MHz, 13801 MHz, 93.75 W, 33
0 %, 20 MiB, 210 MHz, 405 MHz, 21.21 W, 28
1883646, /home/ndizazzo/dev/mesh/issue1393-q4-snapshot-20260930/target/release/xtask, 20134 MiB
 02:37:08 up 7 days, 10:28,  6 users,  load average: 1.68, 1.57, 1.58
2026-10-01T02:37:10-04:00
94 %, 20571 MiB, 2925 MHz, 13801 MHz, 95.25 W, 33
0 %, 20 MiB, 210 MHz, 405 MHz, 22.06 W, 29
1883646, /home/ndizazzo/dev/mesh/issue1393-q4-snapshot-20260930/target/release/xtask, 20134 MiB
 02:37:10 up 7 days, 10:28,  6 users,  load average: 1.68, 1.57, 1.58
2026-10-01T02:37:12-04:00
95 %, 20571 MiB, 2925 MHz, 13801 MHz, 96.61 W, 33
0 %, 20 MiB, 210 MHz, 405 MHz, 22.07 W, 29
1883646, /home/ndizazzo/dev/mesh/issue1393-q4-snapshot-20260930/target/release/xtask, 20134 MiB
 02:37:12 up 7 days, 10:28,  6 users,  load average: 1.62, 1.56, 1.58
2026-10-01T02:37:14-04:00
96 %, 20571 MiB, 2925 MHz, 13801 MHz, 93.13 W, 33
0 %, 20 MiB, 210 MHz, 405 MHz, 21.08 W, 28
1883646, /home/ndizazzo/dev/mesh/issue1393-q4-snapshot-20260930/target/release/xtask, 20134 MiB
 02:37:14 up 7 days, 10:28,  6 users,  load average: 1.62, 1.56, 1.58
2026-10-01T02:37:16-04:00
96 %, 20571 MiB, 2925 MHz, 13801 MHz, 93.96 W, 33
0 %, 20 MiB, 210 MHz, 405 MHz, 21.24 W, 28
1883646, /home/ndizazzo/dev/mesh/issue1393-q4-snapshot-20260930/target/release/xtask, 20134 MiB
 02:37:16 up 7 days, 10:28,  6 users,  load average: 1.65, 1.57, 1.58
2026-10-01T02:37:18-04:00
87 %, 20571 MiB, 2925 MHz, 13801 MHz, 94.12 W, 33
0 %, 20 MiB, 210 MHz, 405 MHz, 27.50 W, 29
1883646, /home/ndizazzo/dev/mesh/issue1393-q4-snapshot-20260930/target/release/xtask, 20134 MiB
 02:37:18 up 7 days, 10:28,  6 users,  load average: 1.65, 1.57, 1.58
2026-10-01T02:37:20-04:00
96 %, 20571 MiB, 2925 MHz, 13801 MHz, 92.59 W, 33
0 %, 20 MiB, 210 MHz, 405 MHz, 21.20 W, 28
1883646, /home/ndizazzo/dev/mesh/issue1393-q4-snapshot-20260930/target/release/xtask, 20134 MiB
 02:37:20 up 7 days, 10:28,  6 users,  load average: 1.68, 1.58, 1.58
2026-10-01T02:37:22-04:00
94 %, 20571 MiB, 2925 MHz, 13801 MHz, 92.89 W, 33
0 %, 20 MiB, 210 MHz, 405 MHz, 20.98 W, 28
1883646, /home/ndizazzo/dev/mesh/issue1393-q4-snapshot-20260930/target/release/xtask, 20134 MiB
 02:37:22 up 7 days, 10:28,  6 users,  load average: 1.68, 1.58, 1.58
2026-10-01T02:37:24-04:00
96 %, 20571 MiB, 2925 MHz, 13801 MHz, 94.12 W, 33
0 %, 20 MiB, 210 MHz, 405 MHz, 22.73 W, 29
1883646, /home/ndizazzo/dev/mesh/issue1393-q4-snapshot-20260930/target/release/xtask, 20134 MiB
 02:37:24 up 7 days, 10:28,  6 users,  load average: 1.68, 1.58, 1.58
2026-10-01T02:37:26-04:00
87 %, 20571 MiB, 2925 MHz, 13801 MHz, 93.94 W, 33
0 %, 20 MiB, 210 MHz, 405 MHz, 22.33 W, 29
1883646, /home/ndizazzo/dev/mesh/issue1393-q4-snapshot-20260930/target/release/xtask, 20134 MiB
 02:37:27 up 7 days, 10:28,  6 users,  load average: 1.71, 1.59, 1.58
2026-10-01T02:37:29-04:00
100 %, 20571 MiB, 2925 MHz, 13801 MHz, 92.94 W, 33
0 %, 20 MiB, 210 MHz, 405 MHz, 21.12 W, 28
1883646, /home/ndizazzo/dev/mesh/issue1393-q4-snapshot-20260930/target/release/xtask, 20134 MiB
 02:37:29 up 7 days, 10:28,  6 users,  load average: 1.71, 1.59, 1.58
2026-10-01T02:37:31-04:00
87 %, 20571 MiB, 2925 MHz, 13801 MHz, 92.84 W, 33
0 %, 20 MiB, 210 MHz, 405 MHz, 21.19 W, 28
1883646, /home/ndizazzo/dev/mesh/issue1393-q4-snapshot-20260930/target/release/xtask, 20134 MiB
 02:37:31 up 7 days, 10:28,  6 users,  load average: 1.73, 1.59, 1.59
2026-10-01T02:37:33-04:00
92 %, 20571 MiB, 2925 MHz, 13801 MHz, 93.36 W, 33
0 %, 20 MiB, 210 MHz, 405 MHz, 27.20 W, 28
1883646, /home/ndizazzo/dev/mesh/issue1393-q4-snapshot-20260930/target/release/xtask, 20134 MiB
 02:37:33 up 7 days, 10:28,  6 users,  load average: 1.73, 1.59, 1.59
2026-10-01T02:37:35-04:00
91 %, 20571 MiB, 2925 MHz, 13801 MHz, 93.59 W, 33
0 %, 20 MiB, 210 MHz, 405 MHz, 21.38 W, 28
1883646, /home/ndizazzo/dev/mesh/issue1393-q4-snapshot-20260930/target/release/xtask, 20134 MiB
 02:37:35 up 7 days, 10:28,  6 users,  load average: 1.73, 1.59, 1.59
2026-10-01T02:37:37-04:00
95 %, 20571 MiB, 2925 MHz, 13801 MHz, 94.36 W, 33
0 %, 20 MiB, 210 MHz, 405 MHz, 21.12 W, 28
1883646, /home/ndizazzo/dev/mesh/issue1393-q4-snapshot-20260930/target/release/xtask, 20134 MiB
 02:37:37 up 7 days, 10:28,  6 users,  load average: 1.75, 1.60, 1.59
2026-10-01T02:37:39-04:00
98 %, 20571 MiB, 2925 MHz, 13801 MHz, 93.83 W, 33
1 %, 20 MiB, 210 MHz, 405 MHz, 21.29 W, 28
1883646, /home/ndizazzo/dev/mesh/issue1393-q4-snapshot-20260930/target/release/xtask, 20134 MiB
 02:37:39 up 7 days, 10:28,  6 users,  load average: 1.75, 1.60, 1.59
2026-10-01T02:37:41-04:00
100 %, 20571 MiB, 2925 MHz, 13801 MHz, 92.85 W, 33
0 %, 20 MiB, 210 MHz, 405 MHz, 21.91 W, 29
1883646, /home/ndizazzo/dev/mesh/issue1393-q4-snapshot-20260930/target/release/xtask, 20134 MiB
 02:37:41 up 7 days, 10:28,  6 users,  load average: 1.77, 1.61, 1.59
2026-10-01T02:37:43-04:00
90 %, 20571 MiB, 2925 MHz, 13801 MHz, 93.19 W, 33
0 %, 20 MiB, 210 MHz, 405 MHz, 21.15 W, 28
1883646, /home/ndizazzo/dev/mesh/issue1393-q4-snapshot-20260930/target/release/xtask, 20134 MiB
 02:37:43 up 7 days, 10:28,  6 users,  load average: 1.77, 1.61, 1.59
2026-10-01T02:37:45-04:00
91 %, 20571 MiB, 2925 MHz, 13801 MHz, 93.06 W, 33
0 %, 20 MiB, 210 MHz, 405 MHz, 21.29 W, 28
1883646, /home/ndizazzo/dev/mesh/issue1393-q4-snapshot-20260930/target/release/xtask, 20134 MiB
 02:37:45 up 7 days, 10:28,  6 users,  load average: 1.77, 1.61, 1.59
2026-10-01T02:37:47-04:00
93 %, 20571 MiB, 2925 MHz, 13801 MHz, 93.13 W, 33
0 %, 20 MiB, 210 MHz, 405 MHz, 27.53 W, 29
1883646, /home/ndizazzo/dev/mesh/issue1393-q4-snapshot-20260930/target/release/xtask, 20134 MiB
 02:37:47 up 7 days, 10:28,  6 users,  load average: 1.79, 1.61, 1.59
2026-10-01T02:37:49-04:00
96 %, 20571 MiB, 2925 MHz, 13801 MHz, 93.65 W, 33
0 %, 20 MiB, 210 MHz, 405 MHz, 21.52 W, 28
1883646, /home/ndizazzo/dev/mesh/issue1393-q4-snapshot-20260930/target/release/xtask, 20134 MiB
 02:37:49 up 7 days, 10:28,  6 users,  load average: 1.79, 1.61, 1.59
2026-10-01T02:37:51-04:00
90 %, 20571 MiB, 2925 MHz, 13801 MHz, 94.35 W, 33
0 %, 20 MiB, 210 MHz, 405 MHz, 21.07 W, 28
1883646, /home/ndizazzo/dev/mesh/issue1393-q4-snapshot-20260930/target/release/xtask, 20134 MiB
 02:37:51 up 7 days, 10:28,  6 users,  load average: 1.81, 1.62, 1.60
2026-10-01T02:37:53-04:00
100 %, 20571 MiB, 2925 MHz, 13801 MHz, 92.94 W, 33
0 %, 20 MiB, 210 MHz, 405 MHz, 21.86 W, 29
1883646, /home/ndizazzo/dev/mesh/issue1393-q4-snapshot-20260930/target/release/xtask, 20134 MiB
 02:37:53 up 7 days, 10:28,  6 users,  load average: 1.81, 1.62, 1.60
2026-10-01T02:37:55-04:00
94 %, 20571 MiB, 2925 MHz, 13801 MHz, 93.53 W, 33
0 %, 20 MiB, 210 MHz, 405 MHz, 22.10 W, 29
1883646, /home/ndizazzo/dev/mesh/issue1393-q4-snapshot-20260930/target/release/xtask, 20134 MiB
 02:37:55 up 7 days, 10:28,  6 users,  load average: 1.82, 1.63, 1.60
2026-10-01T02:37:57-04:00
96 %, 20571 MiB, 2925 MHz, 13801 MHz, 94.35 W, 33
0 %, 20 MiB, 210 MHz, 405 MHz, 21.06 W, 28
1883646, /home/ndizazzo/dev/mesh/issue1393-q4-snapshot-20260930/target/release/xtask, 20134 MiB
 02:37:57 up 7 days, 10:29,  6 users,  load average: 1.82, 1.63, 1.60
2026-10-01T02:37:59-04:00
87 %, 20571 MiB, 2925 MHz, 13801 MHz, 94.36 W, 33
0 %, 20 MiB, 210 MHz, 405 MHz, 21.07 W, 28
1883646, /home/ndizazzo/dev/mesh/issue1393-q4-snapshot-20260930/target/release/xtask, 20134 MiB
 02:37:59 up 7 days, 10:29,  6 users,  load average: 1.82, 1.63, 1.60
2026-10-01T02:38:01-04:00
98 %, 20571 MiB, 2925 MHz, 13801 MHz, 92.91 W, 33
0 %, 20 MiB, 210 MHz, 405 MHz, 27.26 W, 29
1883646, /home/ndizazzo/dev/mesh/issue1393-q4-snapshot-20260930/target/release/xtask, 20134 MiB
 02:38:02 up 7 days, 10:29,  6 users,  load average: 1.76, 1.62, 1.60
2026-10-01T02:38:04-04:00
95 %, 20571 MiB, 2925 MHz, 13801 MHz, 93.67 W, 33
0 %, 20 MiB, 210 MHz, 405 MHz, 21.14 W, 28
1883646, /home/ndizazzo/dev/mesh/issue1393-q4-snapshot-20260930/target/release/xtask, 20134 MiB
 02:38:04 up 7 days, 10:29,  6 users,  load average: 1.76, 1.62, 1.60
2026-10-01T02:38:06-04:00
97 %, 20571 MiB, 2925 MHz, 13801 MHz, 93.88 W, 33
0 %, 20 MiB, 210 MHz, 405 MHz, 21.07 W, 28
1883646, /home/ndizazzo/dev/mesh/issue1393-q4-snapshot-20260930/target/release/xtask, 20134 MiB
 02:38:06 up 7 days, 10:29,  6 users,  load average: 1.78, 1.62, 1.60
2026-10-01T02:38:08-04:00
89 %, 20571 MiB, 2925 MHz, 13801 MHz, 96.52 W, 33
0 %, 20 MiB, 210 MHz, 405 MHz, 22.71 W, 29
1883646, /home/ndizazzo/dev/mesh/issue1393-q4-snapshot-20260930/target/release/xtask, 20134 MiB
 02:38:08 up 7 days, 10:29,  6 users,  load average: 1.78, 1.62, 1.60
2026-10-01T02:38:10-04:00
94 %, 20571 MiB, 2925 MHz, 13801 MHz, 93.39 W, 33
0 %, 20 MiB, 210 MHz, 405 MHz, 22.50 W, 29
1883646, /home/ndizazzo/dev/mesh/issue1393-q4-snapshot-20260930/target/release/xtask, 20134 MiB
 02:38:10 up 7 days, 10:29,  6 users,  load average: 1.78, 1.62, 1.60
2026-10-01T02:38:12-04:00
96 %, 20571 MiB, 2925 MHz, 13801 MHz, 92.73 W, 33
0 %, 20 MiB, 210 MHz, 405 MHz, 21.17 W, 28
1883646, /home/ndizazzo/dev/mesh/issue1393-q4-snapshot-20260930/target/release/xtask, 20134 MiB
 02:38:12 up 7 days, 10:29,  6 users,  load average: 1.80, 1.63, 1.60
2026-10-01T02:38:14-04:00
100 %, 20571 MiB, 2925 MHz, 13801 MHz, 92.93 W, 33
0 %, 20 MiB, 210 MHz, 405 MHz, 21.21 W, 28
1883646, /home/ndizazzo/dev/mesh/issue1393-q4-snapshot-20260930/target/release/xtask, 20134 MiB
 02:38:14 up 7 days, 10:29,  6 users,  load average: 1.80, 1.63, 1.60
2026-10-01T02:38:16-04:00
89 %, 20571 MiB, 2925 MHz, 13801 MHz, 92.88 W, 33
0 %, 20 MiB, 210 MHz, 405 MHz, 26.97 W, 29
1883646, /home/ndizazzo/dev/mesh/issue1393-q4-snapshot-20260930/target/release/xtask, 20134 MiB
 02:38:16 up 7 days, 10:29,  6 users,  load average: 1.81, 1.64, 1.60
2026-10-01T02:38:18-04:00
93 %, 20571 MiB, 2925 MHz, 13801 MHz, 93.32 W, 33
0 %, 20 MiB, 210 MHz, 405 MHz, 21.41 W, 28
1883646, /home/ndizazzo/dev/mesh/issue1393-q4-snapshot-20260930/target/release/xtask, 20134 MiB
 02:38:18 up 7 days, 10:29,  6 users,  load average: 1.81, 1.64, 1.60
2026-10-01T02:38:20-04:00
96 %, 20571 MiB, 2925 MHz, 13801 MHz, 92.88 W, 33
0 %, 20 MiB, 210 MHz, 405 MHz, 20.99 W, 28
1883646, /home/ndizazzo/dev/mesh/issue1393-q4-snapshot-20260930/target/release/xtask, 20134 MiB
 02:38:20 up 7 days, 10:29,  6 users,  load average: 1.81, 1.64, 1.60
2026-10-01T02:38:22-04:00
96 %, 20571 MiB, 2925 MHz, 13801 MHz, 93.89 W, 33
0 %, 20 MiB, 210 MHz, 405 MHz, 23.04 W, 29
1883646, /home/ndizazzo/dev/mesh/issue1393-q4-snapshot-20260930/target/release/xtask, 20134 MiB
 02:38:22 up 7 days, 10:29,  6 users,  load average: 1.75, 1.62, 1.60
2026-10-01T02:38:24-04:00
86 %, 20571 MiB, 2925 MHz, 13801 MHz, 94.40 W, 33
0 %, 20 MiB, 210 MHz, 405 MHz, 22.11 W, 29
1883646, /home/ndizazzo/dev/mesh/issue1393-q4-snapshot-20260930/target/release/xtask, 20134 MiB
 02:38:24 up 7 days, 10:29,  6 users,  load average: 1.75, 1.62, 1.60
2026-10-01T02:38:26-04:00
100 %, 20571 MiB, 2925 MHz, 13801 MHz, 93.00 W, 33
0 %, 20 MiB, 210 MHz, 405 MHz, 21.08 W, 28
1883646, /home/ndizazzo/dev/mesh/issue1393-q4-snapshot-20260930/target/release/xtask, 20134 MiB
 02:38:26 up 7 days, 10:29,  6 users,  load average: 1.77, 1.63, 1.60
2026-10-01T02:38:28-04:00
87 %, 20571 MiB, 2925 MHz, 13801 MHz, 92.94 W, 33
0 %, 20 MiB, 210 MHz, 405 MHz, 21.14 W, 28
1883646, /home/ndizazzo/dev/mesh/issue1393-q4-snapshot-20260930/target/release/xtask, 20134 MiB
 02:38:28 up 7 days, 10:29,  6 users,  load average: 1.77, 1.63, 1.60
2026-10-01T02:38:30-04:00
94 %, 20571 MiB, 2925 MHz, 13801 MHz, 92.69 W, 33
0 %, 20 MiB, 210 MHz, 405 MHz, 27.48 W, 29
1883646, /home/ndizazzo/dev/mesh/issue1393-q4-snapshot-20260930/target/release/xtask, 20134 MiB
 02:38:30 up 7 days, 10:29,  6 users,  load average: 1.79, 1.64, 1.60
2026-10-01T02:38:32-04:00
95 %, 20571 MiB, 2925 MHz, 13801 MHz, 94.28 W, 33
0 %, 20 MiB, 210 MHz, 405 MHz, 21.18 W, 28
1883646, /home/ndizazzo/dev/mesh/issue1393-q4-snapshot-20260930/target/release/xtask, 20134 MiB
 02:38:32 up 7 days, 10:29,  6 users,  load average: 1.79, 1.64, 1.60
2026-10-01T02:38:34-04:00
95 %, 20571 MiB, 2925 MHz, 13801 MHz, 93.25 W, 33
0 %, 20 MiB, 210 MHz, 405 MHz, 21.15 W, 28
1883646, /home/ndizazzo/dev/mesh/issue1393-q4-snapshot-20260930/target/release/xtask, 20134 MiB
 02:38:34 up 7 days, 10:29,  6 users,  load average: 1.79, 1.64, 1.60
2026-10-01T02:38:36-04:00
96 %, 20571 MiB, 2925 MHz, 13801 MHz, 93.66 W, 33
0 %, 20 MiB, 210 MHz, 405 MHz, 23.97 W, 29
1883646, /home/ndizazzo/dev/mesh/issue1393-q4-snapshot-20260930/target/release/xtask, 20134 MiB
 02:38:37 up 7 days, 10:29,  6 users,  load average: 1.80, 1.64, 1.61
2026-10-01T02:38:39-04:00
88 %, 20571 MiB, 2925 MHz, 13801 MHz, 94.08 W, 33
0 %, 20 MiB, 210 MHz, 405 MHz, 22.33 W, 29
1883646, /home/ndizazzo/dev/mesh/issue1393-q4-snapshot-20260930/target/release/xtask, 20134 MiB
 02:38:39 up 7 days, 10:29,  6 users,  load average: 1.80, 1.64, 1.61
2026-10-01T02:38:41-04:00
98 %, 20571 MiB, 2925 MHz, 13801 MHz, 92.93 W, 33
0 %, 20 MiB, 210 MHz, 405 MHz, 21.09 W, 28
1883646, /home/ndizazzo/dev/mesh/issue1393-q4-snapshot-20260930/target/release/xtask, 20134 MiB
 02:38:41 up 7 days, 10:29,  6 users,  load average: 1.74, 1.63, 1.60
2026-10-01T02:38:43-04:00
90 %, 20571 MiB, 2925 MHz, 13801 MHz, 92.77 W, 33
0 %, 20 MiB, 210 MHz, 405 MHz, 21.06 W, 28
1883646, /home/ndizazzo/dev/mesh/issue1393-q4-snapshot-20260930/target/release/xtask, 20134 MiB
 02:38:43 up 7 days, 10:29,  6 users,  load average: 1.74, 1.63, 1.60
2026-10-01T02:38:45-04:00
94 %, 20571 MiB, 2925 MHz, 13801 MHz, 92.27 W, 33
0 %, 20 MiB, 210 MHz, 405 MHz, 27.18 W, 29
1883646, /home/ndizazzo/dev/mesh/issue1393-q4-snapshot-20260930/target/release/xtask, 20134 MiB
 02:38:45 up 7 days, 10:29,  6 users,  load average: 1.74, 1.63, 1.60
2026-10-01T02:38:47-04:00
91 %, 20571 MiB, 2925 MHz, 13801 MHz, 92.74 W, 33
0 %, 20 MiB, 210 MHz, 405 MHz, 21.33 W, 28
1883646, /home/ndizazzo/dev/mesh/issue1393-q4-snapshot-20260930/target/release/xtask, 20134 MiB
 02:38:47 up 7 days, 10:29,  6 users,  load average: 1.76, 1.64, 1.61
2026-10-01T02:38:49-04:00
100 %, 20571 MiB, 2925 MHz, 13801 MHz, 93.02 W, 33
0 %, 20 MiB, 210 MHz, 405 MHz, 21.17 W, 28
1883646, /home/ndizazzo/dev/mesh/issue1393-q4-snapshot-20260930/target/release/xtask, 20134 MiB
 02:38:49 up 7 days, 10:29,  6 users,  load average: 1.76, 1.64, 1.61
2026-10-01T02:38:51-04:00
94 %, 20571 MiB, 2925 MHz, 13801 MHz, 93.38 W, 33
0 %, 20 MiB, 210 MHz, 405 MHz, 27.32 W, 29
1883646, /home/ndizazzo/dev/mesh/issue1393-q4-snapshot-20260930/target/release/xtask, 20134 MiB
 02:38:51 up 7 days, 10:29,  6 users,  load average: 1.78, 1.65, 1.61
2026-10-01T02:38:53-04:00
96 %, 20571 MiB, 2925 MHz, 13801 MHz, 92.76 W, 33
0 %, 20 MiB, 210 MHz, 405 MHz, 22.13 W, 29
1883646, /home/ndizazzo/dev/mesh/issue1393-q4-snapshot-20260930/target/release/xtask, 20134 MiB
 02:38:53 up 7 days, 10:29,  6 users,  load average: 1.78, 1.65, 1.61
2026-10-01T02:38:55-04:00
96 %, 20571 MiB, 2925 MHz, 13801 MHz, 92.96 W, 33
0 %, 20 MiB, 210 MHz, 405 MHz, 21.23 W, 28
1883646, /home/ndizazzo/dev/mesh/issue1393-q4-snapshot-20260930/target/release/xtask, 20134 MiB
 02:38:55 up 7 days, 10:29,  6 users,  load average: 1.78, 1.65, 1.61
2026-10-01T02:38:57-04:00
87 %, 20571 MiB, 2925 MHz, 13801 MHz, 94.07 W, 33
0 %, 20 MiB, 210 MHz, 405 MHz, 21.27 W, 28
1883646, /home/ndizazzo/dev/mesh/issue1393-q4-snapshot-20260930/target/release/xtask, 20134 MiB
 02:38:57 up 7 days, 10:30,  6 users,  load average: 1.72, 1.64, 1.60
2026-10-01T02:38:59-04:00
94 %, 20571 MiB, 2925 MHz, 13801 MHz, 93.95 W, 33
0 %, 20 MiB, 210 MHz, 405 MHz, 27.44 W, 29
1883646, /home/ndizazzo/dev/mesh/issue1393-q4-snapshot-20260930/target/release/xtask, 20134 MiB
 02:38:59 up 7 days, 10:30,  6 users,  load average: 1.72, 1.64, 1.60
2026-10-01T02:39:01-04:00
100 %, 20571 MiB, 2925 MHz, 13801 MHz, 93.31 W, 33
0 %, 20 MiB, 210 MHz, 405 MHz, 21.56 W, 28
1883646, /home/ndizazzo/dev/mesh/issue1393-q4-snapshot-20260930/target/release/xtask, 20134 MiB
 02:39:01 up 7 days, 10:30,  6 users,  load average: 1.74, 1.64, 1.61
2026-10-01T02:39:03-04:00
100 %, 20571 MiB, 2925 MHz, 13801 MHz, 93.49 W, 33
0 %, 20 MiB, 210 MHz, 405 MHz, 21.25 W, 28
1883646, /home/ndizazzo/dev/mesh/issue1393-q4-snapshot-20260930/target/release/xtask, 20134 MiB
 02:39:03 up 7 days, 10:30,  6 users,  load average: 1.74, 1.64, 1.61
2026-10-01T02:39:05-04:00
94 %, 20571 MiB, 2925 MHz, 13801 MHz, 94.03 W, 33
0 %, 20 MiB, 210 MHz, 405 MHz, 23.45 W, 29
1883646, /home/ndizazzo/dev/mesh/issue1393-q4-snapshot-20260930/target/release/xtask, 20134 MiB
 02:39:05 up 7 days, 10:30,  6 users,  load average: 1.68, 1.63, 1.60
2026-10-01T02:39:07-04:00
92 %, 20571 MiB, 2925 MHz, 13801 MHz, 92.70 W, 33
0 %, 20 MiB, 210 MHz, 405 MHz, 22.27 W, 29
1883646, /home/ndizazzo/dev/mesh/issue1393-q4-snapshot-20260930/target/release/xtask, 20134 MiB
 02:39:07 up 7 days, 10:30,  6 users,  load average: 1.68, 1.63, 1.60
2026-10-01T02:39:09-04:00
96 %, 20571 MiB, 2925 MHz, 13801 MHz, 92.84 W, 33
0 %, 20 MiB, 210 MHz, 405 MHz, 21.18 W, 28
1883646, /home/ndizazzo/dev/mesh/issue1393-q4-snapshot-20260930/target/release/xtask, 20134 MiB
 02:39:09 up 7 days, 10:30,  6 users,  load average: 1.68, 1.63, 1.60
2026-10-01T02:39:11-04:00
88 %, 20571 MiB, 2925 MHz, 13801 MHz, 93.28 W, 33
0 %, 20 MiB, 210 MHz, 405 MHz, 21.08 W, 28
1883646, /home/ndizazzo/dev/mesh/issue1393-q4-snapshot-20260930/target/release/xtask, 20134 MiB
 02:39:12 up 7 days, 10:30,  6 users,  load average: 1.71, 1.64, 1.61
2026-10-01T02:39:14-04:00
94 %, 20571 MiB, 2925 MHz, 13801 MHz, 94.09 W, 33
0 %, 20 MiB, 210 MHz, 405 MHz, 27.37 W, 29
1883646, /home/ndizazzo/dev/mesh/issue1393-q4-snapshot-20260930/target/release/xtask, 20134 MiB
 02:39:14 up 7 days, 10:30,  6 users,  load average: 1.71, 1.64, 1.61
2026-10-01T02:39:16-04:00
99 %, 20571 MiB, 2925 MHz, 13801 MHz, 93.79 W, 33
0 %, 20 MiB, 210 MHz, 405 MHz, 21.32 W, 28
1883646, /home/ndizazzo/dev/mesh/issue1393-q4-snapshot-20260930/target/release/xtask, 20134 MiB
 02:39:16 up 7 days, 10:30,  6 users,  load average: 1.65, 1.63, 1.60
2026-10-01T02:39:18-04:00
91 %, 20571 MiB, 2925 MHz, 13801 MHz, 93.44 W, 33
0 %, 20 MiB, 210 MHz, 405 MHz, 21.18 W, 28
1883646, /home/ndizazzo/dev/mesh/issue1393-q4-snapshot-20260930/target/release/xtask, 20134 MiB
 02:39:18 up 7 days, 10:30,  6 users,  load average: 1.65, 1.63, 1.60
2026-10-01T02:39:20-04:00
97 %, 20571 MiB, 2925 MHz, 13801 MHz, 93.05 W, 33
0 %, 20 MiB, 210 MHz, 405 MHz, 24.03 W, 29
1883646, /home/ndizazzo/dev/mesh/issue1393-q4-snapshot-20260930/target/release/xtask, 20134 MiB
 02:39:20 up 7 days, 10:30,  6 users,  load average: 1.65, 1.63, 1.60
2026-10-01T02:39:22-04:00
87 %, 20571 MiB, 2925 MHz, 13801 MHz, 92.74 W, 33
0 %, 20 MiB, 210 MHz, 405 MHz, 21.78 W, 29
1883646, /home/ndizazzo/dev/mesh/issue1393-q4-snapshot-20260930/target/release/xtask, 20134 MiB
 02:39:22 up 7 days, 10:30,  6 users,  load average: 1.68, 1.63, 1.61
2026-10-01T02:39:24-04:00
87 %, 20571 MiB, 2925 MHz, 13801 MHz, 94.06 W, 33
0 %, 20 MiB, 210 MHz, 405 MHz, 21.19 W, 28
1883646, /home/ndizazzo/dev/mesh/issue1393-q4-snapshot-20260930/target/release/xtask, 20134 MiB
 02:39:24 up 7 days, 10:30,  6 users,  load average: 1.68, 1.63, 1.61
2026-10-01T02:39:26-04:00
100 %, 20571 MiB, 2925 MHz, 13801 MHz, 92.36 W, 33
0 %, 20 MiB, 210 MHz, 405 MHz, 21.51 W, 29
1883646, /home/ndizazzo/dev/mesh/issue1393-q4-snapshot-20260930/target/release/xtask, 20134 MiB
 02:39:26 up 7 days, 10:30,  6 users,  load average: 1.62, 1.62, 1.60
2026-10-01T02:39:28-04:00
95 %, 20571 MiB, 2925 MHz, 13801 MHz, 92.80 W, 33
0 %, 20 MiB, 210 MHz, 405 MHz, 22.27 W, 29
1883646, /home/ndizazzo/dev/mesh/issue1393-q4-snapshot-20260930/target/release/xtask, 20134 MiB
 02:39:28 up 7 days, 10:30,  6 users,  load average: 1.62, 1.62, 1.60
2026-10-01T02:39:30-04:00
93 %, 20571 MiB, 2925 MHz, 13801 MHz, 93.53 W, 33
0 %, 20 MiB, 210 MHz, 405 MHz, 21.29 W, 28
1883646, /home/ndizazzo/dev/mesh/issue1393-q4-snapshot-20260930/target/release/xtask, 20134 MiB
 02:39:30 up 7 days, 10:30,  6 users,  load average: 1.62, 1.62, 1.60
2026-10-01T02:39:32-04:00
100 %, 20571 MiB, 2925 MHz, 13801 MHz, 95.61 W, 33
0 %, 20 MiB, 210 MHz, 405 MHz, 21.26 W, 28
1883646, /home/ndizazzo/dev/mesh/issue1393-q4-snapshot-20260930/target/release/xtask, 20134 MiB
 02:39:32 up 7 days, 10:30,  6 users,  load average: 1.65, 1.63, 1.60
2026-10-01T02:39:34-04:00
91 %, 20571 MiB, 2925 MHz, 13801 MHz, 92.68 W, 33
0 %, 20 MiB, 210 MHz, 405 MHz, 27.22 W, 29
1883646, /home/ndizazzo/dev/mesh/issue1393-q4-snapshot-20260930/target/release/xtask, 20134 MiB
 02:39:34 up 7 days, 10:30,  6 users,  load average: 1.65, 1.63, 1.60
2026-10-01T02:39:36-04:00
90 %, 20571 MiB, 2925 MHz, 13801 MHz, 93.02 W, 33
0 %, 20 MiB, 210 MHz, 405 MHz, 21.98 W, 29
1883646, /home/ndizazzo/dev/mesh/issue1393-q4-snapshot-20260930/target/release/xtask, 20134 MiB
 02:39:36 up 7 days, 10:30,  6 users,  load average: 1.60, 1.62, 1.60
2026-10-01T02:39:38-04:00
96 %, 20571 MiB, 2925 MHz, 13801 MHz, 93.36 W, 33
0 %, 20 MiB, 210 MHz, 405 MHz, 21.03 W, 28
1883646, /home/ndizazzo/dev/mesh/issue1393-q4-snapshot-20260930/target/release/xtask, 20134 MiB
 02:39:38 up 7 days, 10:30,  6 users,  load average: 1.60, 1.62, 1.60
2026-10-01T02:39:40-04:00
95 %, 20571 MiB, 2925 MHz, 13801 MHz, 94.28 W, 33
0 %, 20 MiB, 210 MHz, 405 MHz, 21.00 W, 28
1883646, /home/ndizazzo/dev/mesh/issue1393-q4-snapshot-20260930/target/release/xtask, 20134 MiB
 02:39:40 up 7 days, 10:30,  6 users,  load average: 1.55, 1.61, 1.60
2026-10-01T02:39:42-04:00
96 %, 20571 MiB, 2925 MHz, 13801 MHz, 92.59 W, 33
0 %, 20 MiB, 210 MHz, 405 MHz, 27.42 W, 29
1883646, /home/ndizazzo/dev/mesh/issue1393-q4-snapshot-20260930/target/release/xtask, 20134 MiB
 02:39:42 up 7 days, 10:30,  6 users,  load average: 1.55, 1.61, 1.60
2026-10-01T02:39:44-04:00
96 %, 20571 MiB, 2925 MHz, 13801 MHz, 93.33 W, 33
0 %, 20 MiB, 210 MHz, 405 MHz, 21.12 W, 28
1883646, /home/ndizazzo/dev/mesh/issue1393-q4-snapshot-20260930/target/release/xtask, 20134 MiB
 02:39:44 up 7 days, 10:30,  6 users,  load average: 1.55, 1.61, 1.60
2026-10-01T02:39:46-04:00
91 %, 20571 MiB, 2925 MHz, 13801 MHz, 93.75 W, 34
0 %, 20 MiB, 210 MHz, 405 MHz, 21.21 W, 28
1883646, /home/ndizazzo/dev/mesh/issue1393-q4-snapshot-20260930/target/release/xtask, 20134 MiB
 02:39:47 up 7 days, 10:30,  6 users,  load average: 1.59, 1.61, 1.60
2026-10-01T02:39:49-04:00
96 %, 20571 MiB, 2925 MHz, 13801 MHz, 93.43 W, 33
0 %, 20 MiB, 210 MHz, 405 MHz, 27.31 W, 29
1883646, /home/ndizazzo/dev/mesh/issue1393-q4-snapshot-20260930/target/release/xtask, 20134 MiB
 02:39:49 up 7 days, 10:30,  6 users,  load average: 1.59, 1.61, 1.60
2026-10-01T02:39:51-04:00
94 %, 20571 MiB, 2925 MHz, 13801 MHz, 94.41 W, 33
0 %, 20 MiB, 210 MHz, 405 MHz, 21.32 W, 28
1883646, /home/ndizazzo/dev/mesh/issue1393-q4-snapshot-20260930/target/release/xtask, 20134 MiB
 02:39:51 up 7 days, 10:30,  6 users,  load average: 1.62, 1.62, 1.60
2026-10-01T02:39:53-04:00
91 %, 20571 MiB, 2925 MHz, 13801 MHz, 94.45 W, 33
0 %, 20 MiB, 210 MHz, 405 MHz, 20.99 W, 28
1883646, /home/ndizazzo/dev/mesh/issue1393-q4-snapshot-20260930/target/release/xtask, 20134 MiB
 02:39:53 up 7 days, 10:30,  6 users,  load average: 1.62, 1.62, 1.60
2026-10-01T02:39:55-04:00
100 %, 20571 MiB, 2925 MHz, 13801 MHz, 93.38 W, 33
0 %, 20 MiB, 210 MHz, 405 MHz, 21.02 W, 28
1883646, /home/ndizazzo/dev/mesh/issue1393-q4-snapshot-20260930/target/release/xtask, 20134 MiB
 02:39:55 up 7 days, 10:30,  6 users,  load average: 1.62, 1.62, 1.60
2026-10-01T02:39:57-04:00
94 %, 20571 MiB, 2925 MHz, 13801 MHz, 92.81 W, 33
0 %, 20 MiB, 210 MHz, 405 MHz, 27.05 W, 29
1883646, /home/ndizazzo/dev/mesh/issue1393-q4-snapshot-20260930/target/release/xtask, 20134 MiB
 02:39:57 up 7 days, 10:31,  6 users,  load average: 1.65, 1.63, 1.60
2026-10-01T02:39:59-04:00
95 %, 20571 MiB, 2925 MHz, 13801 MHz, 95.36 W, 33
0 %, 20 MiB, 210 MHz, 405 MHz, 21.31 W, 28
1883646, /home/ndizazzo/dev/mesh/issue1393-q4-snapshot-20260930/target/release/xtask, 20134 MiB
 02:39:59 up 7 days, 10:31,  6 users,  load average: 1.65, 1.63, 1.60
2026-10-01T02:40:01-04:00
96 %, 20571 MiB, 2925 MHz, 13801 MHz, 96.38 W, 33
0 %, 20 MiB, 210 MHz, 405 MHz, 21.21 W, 28
1883646, /home/ndizazzo/dev/mesh/issue1393-q4-snapshot-20260930/target/release/xtask, 20134 MiB
 02:40:01 up 7 days, 10:31,  6 users,  load average: 1.68, 1.63, 1.61
2026-10-01T02:40:03-04:00
96 %, 20571 MiB, 2925 MHz, 13801 MHz, 92.94 W, 33
0 %, 20 MiB, 210 MHz, 405 MHz, 27.42 W, 29
1883646, /home/ndizazzo/dev/mesh/issue1393-q4-snapshot-20260930/target/release/xtask, 20134 MiB
 02:40:03 up 7 days, 10:31,  6 users,  load average: 1.68, 1.63, 1.61
2026-10-01T02:40:05-04:00
92 %, 20571 MiB, 2925 MHz, 13801 MHz, 94.61 W, 33
0 %, 20 MiB, 210 MHz, 405 MHz, 21.25 W, 28
1883646, /home/ndizazzo/dev/mesh/issue1393-q4-snapshot-20260930/target/release/xtask, 20134 MiB
 02:40:05 up 7 days, 10:31,  6 users,  load average: 1.68, 1.63, 1.61
2026-10-01T02:40:07-04:00
96 %, 20571 MiB, 2925 MHz, 13801 MHz, 93.85 W, 33
0 %, 20 MiB, 210 MHz, 405 MHz, 21.18 W, 28
1883646, /home/ndizazzo/dev/mesh/issue1393-q4-snapshot-20260930/target/release/xtask, 20134 MiB
 02:40:07 up 7 days, 10:31,  6 users,  load average: 1.71, 1.64, 1.61
2026-10-01T02:40:09-04:00
97 %, 20571 MiB, 2925 MHz, 13801 MHz, 93.67 W, 33
0 %, 20 MiB, 210 MHz, 405 MHz, 21.28 W, 29
1883646, /home/ndizazzo/dev/mesh/issue1393-q4-snapshot-20260930/target/release/xtask, 20134 MiB
 02:40:09 up 7 days, 10:31,  6 users,  load average: 1.71, 1.64, 1.61
2026-10-01T02:40:11-04:00
96 %, 20571 MiB, 2925 MHz, 13801 MHz, 92.21 W, 33
0 %, 20 MiB, 210 MHz, 405 MHz, 22.49 W, 29
1883646, /home/ndizazzo/dev/mesh/issue1393-q4-snapshot-20260930/target/release/xtask, 20134 MiB
 02:40:11 up 7 days, 10:31,  6 users,  load average: 1.65, 1.63, 1.61
2026-10-01T02:40:13-04:00
96 %, 20571 MiB, 2925 MHz, 13801 MHz, 92.30 W, 33
0 %, 20 MiB, 210 MHz, 405 MHz, 21.15 W, 28
1883646, /home/ndizazzo/dev/mesh/issue1393-q4-snapshot-20260930/target/release/xtask, 20134 MiB
 02:40:13 up 7 days, 10:31,  6 users,  load average: 1.65, 1.63, 1.61
2026-10-01T02:40:15-04:00
88 %, 20571 MiB, 2925 MHz, 13801 MHz, 93.39 W, 33
0 %, 20 MiB, 210 MHz, 405 MHz, 21.27 W, 28
1883646, /home/ndizazzo/dev/mesh/issue1393-q4-snapshot-20260930/target/release/xtask, 20134 MiB
 02:40:15 up 7 days, 10:31,  6 users,  load average: 1.84, 1.67, 1.62
2026-10-01T02:40:17-04:00
94 %, 20571 MiB, 2925 MHz, 13801 MHz, 93.09 W, 33
0 %, 20 MiB, 210 MHz, 405 MHz, 27.14 W, 29
1883646, /home/ndizazzo/dev/mesh/issue1393-q4-snapshot-20260930/target/release/xtask, 20134 MiB
 02:40:17 up 7 days, 10:31,  6 users,  load average: 1.84, 1.67, 1.62
2026-10-01T02:40:19-04:00
97 %, 20571 MiB, 2925 MHz, 13801 MHz, 93.84 W, 33
0 %, 20 MiB, 210 MHz, 405 MHz, 21.47 W, 28
1883646, /home/ndizazzo/dev/mesh/issue1393-q4-snapshot-20260930/target/release/xtask, 20134 MiB
 02:40:20 up 7 days, 10:31,  6 users,  load average: 1.84, 1.67, 1.62
2026-10-01T02:40:22-04:00
96 %, 20571 MiB, 2925 MHz, 13801 MHz, 92.77 W, 33
0 %, 20 MiB, 210 MHz, 405 MHz, 21.16 W, 28
1883646, /home/ndizazzo/dev/mesh/issue1393-q4-snapshot-20260930/target/release/xtask, 20134 MiB
 02:40:22 up 7 days, 10:31,  6 users,  load average: 1.77, 1.66, 1.62
2026-10-01T02:40:24-04:00
96 %, 20571 MiB, 2925 MHz, 13801 MHz, 92.67 W, 33
0 %, 20 MiB, 210 MHz, 405 MHz, 22.21 W, 29
1883646, /home/ndizazzo/dev/mesh/issue1393-q4-snapshot-20260930/target/release/xtask, 20134 MiB
 02:40:24 up 7 days, 10:31,  6 users,  load average: 1.77, 1.66, 1.62
2026-10-01T02:40:26-04:00
94 %, 20571 MiB, 2925 MHz, 13801 MHz, 92.88 W, 33
0 %, 20 MiB, 210 MHz, 405 MHz, 22.05 W, 29
1883646, /home/ndizazzo/dev/mesh/issue1393-q4-snapshot-20260930/target/release/xtask, 20134 MiB
 02:40:26 up 7 days, 10:31,  6 users,  load average: 1.79, 1.66, 1.62
2026-10-01T02:40:28-04:00
95 %, 20571 MiB, 2925 MHz, 13801 MHz, 94.18 W, 33
0 %, 20 MiB, 210 MHz, 405 MHz, 21.16 W, 28
1883646, /home/ndizazzo/dev/mesh/issue1393-q4-snapshot-20260930/target/release/xtask, 20134 MiB
 02:40:28 up 7 days, 10:31,  6 users,  load average: 1.79, 1.66, 1.62
2026-10-01T02:40:30-04:00
96 %, 20571 MiB, 2925 MHz, 13801 MHz, 95.80 W, 33
0 %, 20 MiB, 210 MHz, 405 MHz, 21.36 W, 28
1883646, /home/ndizazzo/dev/mesh/issue1393-q4-snapshot-20260930/target/release/xtask, 20134 MiB
 02:40:30 up 7 days, 10:31,  6 users,  load average: 1.79, 1.66, 1.62
2026-10-01T02:40:32-04:00
88 %, 20571 MiB, 2925 MHz, 13801 MHz, 92.49 W, 33
0 %, 20 MiB, 210 MHz, 405 MHz, 27.54 W, 29
1883646, /home/ndizazzo/dev/mesh/issue1393-q4-snapshot-20260930/target/release/xtask, 20134 MiB
 02:40:32 up 7 days, 10:31,  6 users,  load average: 1.81, 1.67, 1.62
2026-10-01T02:40:34-04:00
87 %, 20571 MiB, 2925 MHz, 13801 MHz, 93.80 W, 34
0 %, 20 MiB, 210 MHz, 405 MHz, 21.13 W, 28
1883646, /home/ndizazzo/dev/mesh/issue1393-q4-snapshot-20260930/target/release/xtask, 20134 MiB
 02:40:34 up 7 days, 10:31,  6 users,  load average: 1.81, 1.67, 1.62
2026-10-01T02:40:36-04:00
100 %, 20571 MiB, 2925 MHz, 13801 MHz, 92.80 W, 33
0 %, 20 MiB, 210 MHz, 405 MHz, 21.14 W, 28
1883646, /home/ndizazzo/dev/mesh/issue1393-q4-snapshot-20260930/target/release/xtask, 20134 MiB
 02:40:36 up 7 days, 10:31,  6 users,  load average: 1.74, 1.66, 1.62
2026-10-01T02:40:38-04:00
94 %, 20571 MiB, 2925 MHz, 13801 MHz, 92.83 W, 33
0 %, 20 MiB, 210 MHz, 405 MHz, 22.79 W, 29
1883646, /home/ndizazzo/dev/mesh/issue1393-q4-snapshot-20260930/target/release/xtask, 20134 MiB
 02:40:38 up 7 days, 10:31,  6 users,  load average: 1.74, 1.66, 1.62
2026-10-01T02:40:40-04:00
96 %, 20571 MiB, 2925 MHz, 13801 MHz, 92.48 W, 33
0 %, 20 MiB, 210 MHz, 405 MHz, 22.24 W, 29
1883646, /home/ndizazzo/dev/mesh/issue1393-q4-snapshot-20260930/target/release/xtask, 20134 MiB
 02:40:40 up 7 days, 10:31,  6 users,  load average: 1.74, 1.66, 1.62
2026-10-01T02:40:42-04:00
91 %, 20571 MiB, 2925 MHz, 13801 MHz, 92.84 W, 34
0 %, 20 MiB, 210 MHz, 405 MHz, 21.11 W, 28
1883646, /home/ndizazzo/dev/mesh/issue1393-q4-snapshot-20260930/target/release/xtask, 20134 MiB
 02:40:42 up 7 days, 10:31,  6 users,  load average: 1.76, 1.66, 1.62
2026-10-01T02:40:44-04:00
96 %, 20571 MiB, 2925 MHz, 13801 MHz, 92.55 W, 33
0 %, 20 MiB, 210 MHz, 405 MHz, 21.18 W, 28
1883646, /home/ndizazzo/dev/mesh/issue1393-q4-snapshot-20260930/target/release/xtask, 20134 MiB
 02:40:44 up 7 days, 10:31,  6 users,  load average: 1.76, 1.66, 1.62
2026-10-01T02:40:46-04:00
94 %, 20571 MiB, 2925 MHz, 13801 MHz, 93.96 W, 33
0 %, 20 MiB, 210 MHz, 405 MHz, 27.03 W, 29
1883646, /home/ndizazzo/dev/mesh/issue1393-q4-snapshot-20260930/target/release/xtask, 20134 MiB
 02:40:46 up 7 days, 10:31,  6 users,  load average: 1.78, 1.67, 1.62
2026-10-01T02:40:48-04:00
91 %, 20571 MiB, 2925 MHz, 13801 MHz, 94.08 W, 33
0 %, 20 MiB, 210 MHz, 405 MHz, 21.22 W, 28
1883646, /home/ndizazzo/dev/mesh/issue1393-q4-snapshot-20260930/target/release/xtask, 20134 MiB
 02:40:48 up 7 days, 10:31,  6 users,  load average: 1.78, 1.67, 1.62
2026-10-01T02:40:50-04:00
96 %, 20571 MiB, 2925 MHz, 13801 MHz, 93.40 W, 33
0 %, 20 MiB, 210 MHz, 405 MHz, 21.12 W, 28
1883646, /home/ndizazzo/dev/mesh/issue1393-q4-snapshot-20260930/target/release/xtask, 20134 MiB
 02:40:50 up 7 days, 10:31,  6 users,  load average: 1.80, 1.68, 1.62
2026-10-01T02:40:52-04:00
94 %, 20571 MiB, 2925 MHz, 13801 MHz, 93.31 W, 33
0 %, 20 MiB, 210 MHz, 405 MHz, 23.25 W, 29
1883646, /home/ndizazzo/dev/mesh/issue1393-q4-snapshot-20260930/target/release/xtask, 20134 MiB
 02:40:52 up 7 days, 10:31,  6 users,  load average: 1.80, 1.68, 1.62
2026-10-01T02:40:54-04:00
98 %, 20571 MiB, 2925 MHz, 13801 MHz, 93.46 W, 33
0 %, 20 MiB, 210 MHz, 405 MHz, 21.88 W, 29
1883646, /home/ndizazzo/dev/mesh/issue1393-q4-snapshot-20260930/target/release/xtask, 20134 MiB
 02:40:55 up 7 days, 10:31,  6 users,  load average: 1.80, 1.68, 1.62
2026-10-01T02:40:57-04:00
98 %, 20571 MiB, 2925 MHz, 13801 MHz, 95.14 W, 34
0 %, 20 MiB, 210 MHz, 405 MHz, 21.13 W, 28
1883646, /home/ndizazzo/dev/mesh/issue1393-q4-snapshot-20260930/target/release/xtask, 20134 MiB
 02:40:57 up 7 days, 10:32,  6 users,  load average: 1.82, 1.68, 1.63
2026-10-01T02:40:59-04:00
89 %, 20571 MiB, 2925 MHz, 13801 MHz, 96.19 W, 33
0 %, 20 MiB, 210 MHz, 405 MHz, 21.17 W, 28
1883646, /home/ndizazzo/dev/mesh/issue1393-q4-snapshot-20260930/target/release/xtask, 20134 MiB
 02:40:59 up 7 days, 10:32,  6 users,  load average: 1.82, 1.68, 1.63
2026-10-01T02:41:01-04:00
96 %, 20571 MiB, 2925 MHz, 13801 MHz, 93.30 W, 33
0 %, 20 MiB, 210 MHz, 405 MHz, 27.54 W, 29
1883646, /home/ndizazzo/dev/mesh/issue1393-q4-snapshot-20260930/target/release/xtask, 20134 MiB
 02:41:01 up 7 days, 10:32,  6 users,  load average: 1.75, 1.67, 1.62
2026-10-01T02:41:03-04:00
87 %, 20571 MiB, 2925 MHz, 13801 MHz, 94.48 W, 33
0 %, 20 MiB, 210 MHz, 405 MHz, 21.49 W, 28
1883646, /home/ndizazzo/dev/mesh/issue1393-q4-snapshot-20260930/target/release/xtask, 20134 MiB
 02:41:03 up 7 days, 10:32,  6 users,  load average: 1.75, 1.67, 1.62
2026-10-01T02:41:05-04:00
94 %, 20571 MiB, 2925 MHz, 13801 MHz, 94.48 W, 33
0 %, 20 MiB, 210 MHz, 405 MHz, 21.19 W, 28
1883646, /home/ndizazzo/dev/mesh/issue1393-q4-snapshot-20260930/target/release/xtask, 20134 MiB
 02:41:05 up 7 days, 10:32,  6 users,  load average: 1.75, 1.67, 1.62
2026-10-01T02:41:07-04:00
89 %, 20571 MiB, 2925 MHz, 13801 MHz, 93.02 W, 33
0 %, 20 MiB, 210 MHz, 405 MHz, 22.09 W, 29
1883646, /home/ndizazzo/dev/mesh/issue1393-q4-snapshot-20260930/target/release/xtask, 20134 MiB
 02:41:07 up 7 days, 10:32,  6 users,  load average: 1.77, 1.68, 1.63
2026-10-01T02:41:09-04:00
92 %, 20571 MiB, 2925 MHz, 13801 MHz, 93.60 W, 33
0 %, 20 MiB, 210 MHz, 405 MHz, 22.17 W, 29
1883646, /home/ndizazzo/dev/mesh/issue1393-q4-snapshot-20260930/target/release/xtask, 20134 MiB
 02:41:09 up 7 days, 10:32,  6 users,  load average: 1.77, 1.68, 1.63
2026-10-01T02:41:11-04:00
96 %, 20571 MiB, 2925 MHz, 13801 MHz, 93.28 W, 33
0 %, 20 MiB, 210 MHz, 405 MHz, 21.25 W, 28
1883646, /home/ndizazzo/dev/mesh/issue1393-q4-snapshot-20260930/target/release/xtask, 20134 MiB
 02:41:11 up 7 days, 10:32,  6 users,  load average: 1.87, 1.70, 1.63
2026-10-01T02:41:13-04:00
92 %, 20571 MiB, 2925 MHz, 13801 MHz, 94.60 W, 33
0 %, 20 MiB, 210 MHz, 405 MHz, 21.32 W, 28
1883646, /home/ndizazzo/dev/mesh/issue1393-q4-snapshot-20260930/target/release/xtask, 20134 MiB
 02:41:13 up 7 days, 10:32,  6 users,  load average: 1.87, 1.70, 1.63
2026-10-01T02:41:15-04:00
96 %, 20571 MiB, 2925 MHz, 13801 MHz, 94.38 W, 33
0 %, 20 MiB, 210 MHz, 405 MHz, 27.41 W, 29
1883646, /home/ndizazzo/dev/mesh/issue1393-q4-snapshot-20260930/target/release/xtask, 20134 MiB
 02:41:15 up 7 days, 10:32,  6 users,  load average: 1.87, 1.70, 1.63
2026-10-01T02:41:17-04:00
89 %, 20571 MiB, 2925 MHz, 13801 MHz, 94.00 W, 33
0 %, 20 MiB, 210 MHz, 405 MHz, 21.26 W, 28
1883646, /home/ndizazzo/dev/mesh/issue1393-q4-snapshot-20260930/target/release/xtask, 20134 MiB
 02:41:17 up 7 days, 10:32,  6 users,  load average: 1.80, 1.69, 1.63
2026-10-01T02:41:19-04:00
100 %, 20571 MiB, 2925 MHz, 13801 MHz, 92.49 W, 33
0 %, 20 MiB, 210 MHz, 405 MHz, 21.24 W, 28
1883646, /home/ndizazzo/dev/mesh/issue1393-q4-snapshot-20260930/target/release/xtask, 20134 MiB
 02:41:19 up 7 days, 10:32,  6 users,  load average: 1.80, 1.69, 1.63
2026-10-01T02:41:21-04:00
94 %, 20571 MiB, 2925 MHz, 13801 MHz, 92.88 W, 33
0 %, 20 MiB, 210 MHz, 405 MHz, 22.74 W, 29
1883646, /home/ndizazzo/dev/mesh/issue1393-q4-snapshot-20260930/target/release/xtask, 20134 MiB
 02:41:21 up 7 days, 10:32,  6 users,  load average: 1.81, 1.69, 1.63
2026-10-01T02:41:23-04:00
96 %, 20571 MiB, 2925 MHz, 13801 MHz, 92.45 W, 33
0 %, 20 MiB, 210 MHz, 405 MHz, 22.39 W, 29
1883646, /home/ndizazzo/dev/mesh/issue1393-q4-snapshot-20260930/target/release/xtask, 20134 MiB
 02:41:23 up 7 days, 10:32,  6 users,  load average: 1.81, 1.69, 1.63
2026-10-01T02:41:25-04:00
94 %, 20571 MiB, 2925 MHz, 13801 MHz, 94.67 W, 33
0 %, 20 MiB, 210 MHz, 405 MHz, 21.20 W, 28
1883646, /home/ndizazzo/dev/mesh/issue1393-q4-snapshot-20260930/target/release/xtask, 20134 MiB
 02:41:25 up 7 days, 10:32,  6 users,  load average: 1.83, 1.70, 1.64
2026-10-01T02:41:27-04:00
96 %, 20571 MiB, 2925 MHz, 13801 MHz, 95.79 W, 33
0 %, 20 MiB, 210 MHz, 405 MHz, 21.19 W, 28
1883646, /home/ndizazzo/dev/mesh/issue1393-q4-snapshot-20260930/target/release/xtask, 20134 MiB
 02:41:27 up 7 days, 10:32,  6 users,  load average: 1.83, 1.70, 1.64
2026-10-01T02:41:29-04:00
94 %, 20571 MiB, 2925 MHz, 13801 MHz, 94.09 W, 33
0 %, 20 MiB, 210 MHz, 405 MHz, 27.15 W, 29
1883646, /home/ndizazzo/dev/mesh/issue1393-q4-snapshot-20260930/target/release/xtask, 20134 MiB
 02:41:30 up 7 days, 10:32,  6 users,  load average: 1.83, 1.70, 1.64
2026-10-01T02:41:32-04:00
96 %, 20571 MiB, 2925 MHz, 13801 MHz, 94.32 W, 33
0 %, 20 MiB, 210 MHz, 405 MHz, 21.23 W, 28
1883646, /home/ndizazzo/dev/mesh/issue1393-q4-snapshot-20260930/target/release/xtask, 20134 MiB
 02:41:32 up 7 days, 10:32,  6 users,  load average: 1.84, 1.70, 1.64
2026-10-01T02:41:34-04:00
95 %, 20571 MiB, 2925 MHz, 13801 MHz, 94.13 W, 33
0 %, 20 MiB, 210 MHz, 405 MHz, 21.14 W, 28
1883646, /home/ndizazzo/dev/mesh/issue1393-q4-snapshot-20260930/target/release/xtask, 20134 MiB
 02:41:34 up 7 days, 10:32,  6 users,  load average: 1.84, 1.70, 1.64
2026-10-01T02:41:36-04:00
100 %, 20571 MiB, 2925 MHz, 13801 MHz, 92.95 W, 33
0 %, 20 MiB, 210 MHz, 405 MHz, 23.23 W, 29
1883646, /home/ndizazzo/dev/mesh/issue1393-q4-snapshot-20260930/target/release/xtask, 20134 MiB
 02:41:36 up 7 days, 10:32,  6 users,  load average: 1.86, 1.71, 1.64
2026-10-01T02:41:38-04:00
93 %, 20571 MiB, 2925 MHz, 13801 MHz, 92.97 W, 33
0 %, 20 MiB, 210 MHz, 405 MHz, 21.97 W, 29
1883646, /home/ndizazzo/dev/mesh/issue1393-q4-snapshot-20260930/target/release/xtask, 20134 MiB
 02:41:38 up 7 days, 10:32,  6 users,  load average: 1.86, 1.71, 1.64
2026-10-01T02:41:40-04:00
96 %, 20571 MiB, 2925 MHz, 13801 MHz, 93.07 W, 33
0 %, 20 MiB, 210 MHz, 405 MHz, 21.04 W, 28
1883646, /home/ndizazzo/dev/mesh/issue1393-q4-snapshot-20260930/target/release/xtask, 20134 MiB
 02:41:40 up 7 days, 10:32,  6 users,  load average: 1.86, 1.71, 1.64
2026-10-01T02:41:42-04:00
94 %, 20571 MiB, 2925 MHz, 13801 MHz, 95.09 W, 33
0 %, 20 MiB, 210 MHz, 405 MHz, 21.06 W, 28
1883646, /home/ndizazzo/dev/mesh/issue1393-q4-snapshot-20260930/target/release/xtask, 20134 MiB
 02:41:42 up 7 days, 10:32,  6 users,  load average: 1.87, 1.71, 1.64
2026-10-01T02:41:44-04:00
91 %, 20571 MiB, 2925 MHz, 13801 MHz, 94.35 W, 34
0 %, 20 MiB, 210 MHz, 405 MHz, 27.47 W, 29
1883646, /home/ndizazzo/dev/mesh/issue1393-q4-snapshot-20260930/target/release/xtask, 20134 MiB
 02:41:44 up 7 days, 10:32,  6 users,  load average: 1.87, 1.71, 1.64
2026-10-01T02:41:46-04:00
100 %, 20571 MiB, 2925 MHz, 13801 MHz, 93.70 W, 33
0 %, 20 MiB, 210 MHz, 405 MHz, 20.99 W, 28
1883646, /home/ndizazzo/dev/mesh/issue1393-q4-snapshot-20260930/target/release/xtask, 20134 MiB
 02:41:46 up 7 days, 10:32,  6 users,  load average: 1.88, 1.72, 1.64
2026-10-01T02:41:48-04:00
99 %, 20571 MiB, 2925 MHz, 13801 MHz, 92.80 W, 33
0 %, 20 MiB, 210 MHz, 405 MHz, 20.96 W, 28
1883646, /home/ndizazzo/dev/mesh/issue1393-q4-snapshot-20260930/target/release/xtask, 20134 MiB
 02:41:48 up 7 days, 10:32,  6 users,  load average: 1.88, 1.72, 1.64
2026-10-01T02:41:50-04:00
87 %, 20571 MiB, 2925 MHz, 13801 MHz, 94.07 W, 33
0 %, 20 MiB, 210 MHz, 405 MHz, 23.75 W, 29
1883646, /home/ndizazzo/dev/mesh/issue1393-q4-snapshot-20260930/target/release/xtask, 20134 MiB
 02:41:50 up 7 days, 10:32,  6 users,  load average: 1.88, 1.72, 1.64
2026-10-01T02:41:52-04:00
98 %, 20571 MiB, 2925 MHz, 13801 MHz, 94.01 W, 33
0 %, 20 MiB, 210 MHz, 405 MHz, 22.07 W, 29
1883646, /home/ndizazzo/dev/mesh/issue1393-q4-snapshot-20260930/target/release/xtask, 20134 MiB
 02:41:52 up 7 days, 10:32,  6 users,  load average: 1.89, 1.72, 1.65
2026-10-01T02:41:54-04:00
98 %, 20571 MiB, 2925 MHz, 13801 MHz, 94.19 W, 34
0 %, 20 MiB, 210 MHz, 405 MHz, 20.96 W, 28
1883646, /home/ndizazzo/dev/mesh/issue1393-q4-snapshot-20260930/target/release/xtask, 20134 MiB
 02:41:54 up 7 days, 10:32,  6 users,  load average: 1.89, 1.72, 1.65
2026-10-01T02:41:56-04:00
93 %, 20571 MiB, 2925 MHz, 13801 MHz, 97.72 W, 33
0 %, 20 MiB, 210 MHz, 405 MHz, 21.18 W, 28
1883646, /home/ndizazzo/dev/mesh/issue1393-q4-snapshot-20260930/target/release/xtask, 20134 MiB
 02:41:56 up 7 days, 10:32,  6 users,  load average: 1.82, 1.71, 1.64
2026-10-01T02:41:58-04:00
96 %, 20571 MiB, 2925 MHz, 13801 MHz, 93.00 W, 33
0 %, 20 MiB, 210 MHz, 405 MHz, 27.35 W, 29
1883646, /home/ndizazzo/dev/mesh/issue1393-q4-snapshot-20260930/target/release/xtask, 20134 MiB
 02:41:58 up 7 days, 10:33,  6 users,  load average: 1.82, 1.71, 1.64
2026-10-01T02:42:00-04:00
98 %, 20571 MiB, 2925 MHz, 13801 MHz, 93.98 W, 33
0 %, 20 MiB, 210 MHz, 405 MHz, 21.39 W, 28
1883646, /home/ndizazzo/dev/mesh/issue1393-q4-snapshot-20260930/target/release/xtask, 20134 MiB
 02:42:00 up 7 days, 10:33,  6 users,  load average: 1.83, 1.71, 1.64
2026-10-01T02:42:02-04:00
89 %, 20571 MiB, 2925 MHz, 13801 MHz, 94.39 W, 33
0 %, 20 MiB, 210 MHz, 405 MHz, 21.25 W, 28
1883646, /home/ndizazzo/dev/mesh/issue1393-q4-snapshot-20260930/target/release/xtask, 20134 MiB
 02:42:02 up 7 days, 10:33,  6 users,  load average: 1.83, 1.71, 1.64
2026-10-01T02:42:04-04:00
100 %, 20571 MiB, 2925 MHz, 13801 MHz, 94.18 W, 33
0 %, 20 MiB, 210 MHz, 405 MHz, 27.34 W, 29
1883646, /home/ndizazzo/dev/mesh/issue1393-q4-snapshot-20260930/target/release/xtask, 20134 MiB
 02:42:05 up 7 days, 10:33,  6 users,  load average: 1.83, 1.71, 1.64
2026-10-01T02:42:07-04:00
98 %, 20571 MiB, 2925 MHz, 13801 MHz, 93.17 W, 33
0 %, 20 MiB, 210 MHz, 405 MHz, 21.92 W, 29
1883646, /home/ndizazzo/dev/mesh/issue1393-q4-snapshot-20260930/target/release/xtask, 20134 MiB
 02:42:07 up 7 days, 10:33,  6 users,  load average: 1.77, 1.70, 1.64
2026-10-01T02:42:09-04:00
88 %, 20571 MiB, 2925 MHz, 13801 MHz, 92.90 W, 33
0 %, 20 MiB, 210 MHz, 405 MHz, 21.08 W, 28
1883646, /home/ndizazzo/dev/mesh/issue1393-q4-snapshot-20260930/target/release/xtask, 20134 MiB
 02:42:09 up 7 days, 10:33,  6 users,  load average: 1.77, 1.70, 1.64
2026-10-01T02:42:11-04:00
96 %, 20571 MiB, 2925 MHz, 13801 MHz, 92.98 W, 34
0 %, 20 MiB, 210 MHz, 405 MHz, 21.23 W, 28
1883646, /home/ndizazzo/dev/mesh/issue1393-q4-snapshot-20260930/target/release/xtask, 20134 MiB
 02:42:11 up 7 days, 10:33,  6 users,  load average: 1.70, 1.69, 1.64
2026-10-01T02:42:13-04:00
90 %, 20571 MiB, 2925 MHz, 13801 MHz, 92.72 W, 33
0 %, 20 MiB, 210 MHz, 405 MHz, 27.65 W, 29
1883646, /home/ndizazzo/dev/mesh/issue1393-q4-snapshot-20260930/target/release/xtask, 20134 MiB
 02:42:13 up 7 days, 10:33,  6 users,  load average: 1.70, 1.69, 1.64
2026-10-01T02:42:15-04:00
91 %, 20571 MiB, 2925 MHz, 13801 MHz, 93.73 W, 33
0 %, 20 MiB, 210 MHz, 405 MHz, 21.55 W, 28
1883646, /home/ndizazzo/dev/mesh/issue1393-q4-snapshot-20260930/target/release/xtask, 20134 MiB
 02:42:15 up 7 days, 10:33,  6 users,  load average: 1.70, 1.69, 1.64
2026-10-01T02:42:17-04:00
100 %, 20571 MiB, 2925 MHz, 13801 MHz, 93.60 W, 33
0 %, 20 MiB, 210 MHz, 405 MHz, 21.20 W, 28
1883646, /home/ndizazzo/dev/mesh/issue1393-q4-snapshot-20260930/target/release/xtask, 20134 MiB
 02:42:17 up 7 days, 10:33,  6 users,  load average: 1.73, 1.70, 1.64
2026-10-01T02:42:19-04:00
96 %, 20571 MiB, 2925 MHz, 13801 MHz, 92.61 W, 33
0 %, 20 MiB, 210 MHz, 405 MHz, 27.32 W, 29
1883646, /home/ndizazzo/dev/mesh/issue1393-q4-snapshot-20260930/target/release/xtask, 20134 MiB
 02:42:19 up 7 days, 10:33,  6 users,  load average: 1.73, 1.70, 1.64
2026-10-01T02:42:21-04:00
86 %, 20571 MiB, 2925 MHz, 13801 MHz, 92.99 W, 34
0 %, 20 MiB, 210 MHz, 405 MHz, 21.41 W, 28
1883646, /home/ndizazzo/dev/mesh/issue1393-q4-snapshot-20260930/target/release/xtask, 20134 MiB
 02:42:21 up 7 days, 10:33,  6 users,  load average: 1.67, 1.68, 1.63
2026-10-01T02:42:23-04:00
95 %, 20571 MiB, 2925 MHz, 13801 MHz, 93.53 W, 33
0 %, 20 MiB, 210 MHz, 405 MHz, 21.24 W, 28
1883646, /home/ndizazzo/dev/mesh/issue1393-q4-snapshot-20260930/target/release/xtask, 20134 MiB
 02:42:23 up 7 days, 10:33,  6 users,  load average: 1.67, 1.68, 1.63
2026-10-01T02:42:25-04:00
100 %, 20571 MiB, 2925 MHz, 13801 MHz, 95.34 W, 33
0 %, 20 MiB, 210 MHz, 405 MHz, 21.18 W, 28
1883646, /home/ndizazzo/dev/mesh/issue1393-q4-snapshot-20260930/target/release/xtask, 20134 MiB
 02:42:25 up 7 days, 10:33,  6 users,  load average: 1.67, 1.68, 1.63
2026-10-01T02:42:27-04:00
90 %, 20571 MiB, 2925 MHz, 13801 MHz, 92.87 W, 33
0 %, 20 MiB, 210 MHz, 405 MHz, 27.49 W, 29
1883646, /home/ndizazzo/dev/mesh/issue1393-q4-snapshot-20260930/target/release/xtask, 20134 MiB
 02:42:27 up 7 days, 10:33,  6 users,  load average: 1.62, 1.67, 1.63
2026-10-01T02:42:29-04:00
96 %, 20571 MiB, 2925 MHz, 13801 MHz, 93.18 W, 33
0 %, 20 MiB, 210 MHz, 405 MHz, 21.36 W, 28
1883646, /home/ndizazzo/dev/mesh/issue1393-q4-snapshot-20260930/target/release/xtask, 20134 MiB
 02:42:29 up 7 days, 10:33,  6 users,  load average: 1.62, 1.67, 1.63
2026-10-01T02:42:31-04:00
95 %, 20571 MiB, 2925 MHz, 13801 MHz, 92.91 W, 33
0 %, 20 MiB, 210 MHz, 405 MHz, 21.15 W, 28
1883646, /home/ndizazzo/dev/mesh/issue1393-q4-snapshot-20260930/target/release/xtask, 20134 MiB
 02:42:31 up 7 days, 10:33,  6 users,  load average: 1.65, 1.68, 1.63
2026-10-01T02:42:33-04:00
87 %, 20571 MiB, 2925 MHz, 13801 MHz, 94.21 W, 33
0 %, 20 MiB, 210 MHz, 405 MHz, 24.06 W, 29
1883646, /home/ndizazzo/dev/mesh/issue1393-q4-snapshot-20260930/target/release/xtask, 20134 MiB
 02:42:33 up 7 days, 10:33,  6 users,  load average: 1.65, 1.68, 1.63
2026-10-01T02:42:35-04:00
100 %, 20571 MiB, 2925 MHz, 13801 MHz, 92.96 W, 33
0 %, 20 MiB, 210 MHz, 405 MHz, 22.32 W, 29
1883646, /home/ndizazzo/dev/mesh/issue1393-q4-snapshot-20260930/target/release/xtask, 20134 MiB
 02:42:35 up 7 days, 10:33,  6 users,  load average: 1.67, 1.68, 1.64
2026-10-01T02:42:37-04:00
96 %, 20571 MiB, 2925 MHz, 13801 MHz, 92.87 W, 33
0 %, 20 MiB, 210 MHz, 405 MHz, 21.17 W, 28
1883646, /home/ndizazzo/dev/mesh/issue1393-q4-snapshot-20260930/target/release/xtask, 20134 MiB
 02:42:38 up 7 days, 10:33,  6 users,  load average: 1.67, 1.68, 1.64
2026-10-01T02:42:40-04:00
87 %, 20571 MiB, 2925 MHz, 13801 MHz, 92.64 W, 33
0 %, 20 MiB, 210 MHz, 405 MHz, 21.42 W, 28
1883646, /home/ndizazzo/dev/mesh/issue1393-q4-snapshot-20260930/target/release/xtask, 20134 MiB
 02:42:40 up 7 days, 10:33,  6 users,  load average: 1.67, 1.68, 1.64
2026-10-01T02:42:42-04:00
91 %, 20571 MiB, 2925 MHz, 13801 MHz, 93.11 W, 33
0 %, 20 MiB, 210 MHz, 405 MHz, 22.26 W, 29
1883646, /home/ndizazzo/dev/mesh/issue1393-q4-snapshot-20260930/target/release/xtask, 20134 MiB
 02:42:42 up 7 days, 10:33,  6 users,  load average: 1.70, 1.69, 1.64
2026-10-01T02:42:44-04:00
94 %, 20571 MiB, 2925 MHz, 13801 MHz, 92.62 W, 33
0 %, 20 MiB, 210 MHz, 405 MHz, 21.15 W, 28
1883646, /home/ndizazzo/dev/mesh/issue1393-q4-snapshot-20260930/target/release/xtask, 20134 MiB
 02:42:44 up 7 days, 10:33,  6 users,  load average: 1.70, 1.69, 1.64
2026-10-01T02:42:46-04:00
94 %, 20571 MiB, 2925 MHz, 13801 MHz, 93.58 W, 34
0 %, 20 MiB, 210 MHz, 405 MHz, 21.29 W, 28
1883646, /home/ndizazzo/dev/mesh/issue1393-q4-snapshot-20260930/target/release/xtask, 20134 MiB
 02:42:46 up 7 days, 10:33,  6 users,  load average: 1.73, 1.69, 1.64
2026-10-01T02:42:48-04:00
96 %, 20571 MiB, 2925 MHz, 13801 MHz, 94.22 W, 33
0 %, 20 MiB, 210 MHz, 405 MHz, 27.01 W, 29
1883646, /home/ndizazzo/dev/mesh/issue1393-q4-snapshot-20260930/target/release/xtask, 20134 MiB
 02:42:48 up 7 days, 10:33,  6 users,  load average: 1.73, 1.69, 1.64
2026-10-01T02:42:50-04:00
94 %, 20571 MiB, 2925 MHz, 13801 MHz, 94.10 W, 33
0 %, 20 MiB, 210 MHz, 405 MHz, 21.99 W, 29
1883646, /home/ndizazzo/dev/mesh/issue1393-q4-snapshot-20260930/target/release/xtask, 20134 MiB
 02:42:50 up 7 days, 10:33,  6 users,  load average: 1.73, 1.69, 1.64
2026-10-01T02:42:52-04:00
98 %, 20571 MiB, 2925 MHz, 13801 MHz, 93.02 W, 34
0 %, 20 MiB, 210 MHz, 405 MHz, 21.24 W, 28
1883646, /home/ndizazzo/dev/mesh/issue1393-q4-snapshot-20260930/target/release/xtask, 20134 MiB
 02:42:52 up 7 days, 10:33,  6 users,  load average: 1.75, 1.70, 1.64
2026-10-01T02:42:54-04:00
100 %, 20571 MiB, 2925 MHz, 13801 MHz, 94.92 W, 33
0 %, 20 MiB, 210 MHz, 405 MHz, 22.31 W, 29
1883646, /home/ndizazzo/dev/mesh/issue1393-q4-snapshot-20260930/target/release/xtask, 20134 MiB
 02:42:54 up 7 days, 10:33,  6 users,  load average: 1.75, 1.70, 1.64
2026-10-01T02:42:56-04:00
80 %, 20873 MiB, 2925 MHz, 13801 MHz, 92.80 W, 33
0 %, 20 MiB, 210 MHz, 405 MHz, 21.83 W, 29
1883646, /home/ndizazzo/dev/mesh/issue1393-q4-snapshot-20260930/target/release/xtask, 20436 MiB
 02:42:56 up 7 days, 10:33,  6 users,  load average: 1.77, 1.71, 1.64
2026-10-01T02:42:58-04:00
94 %, 20873 MiB, 2925 MHz, 13801 MHz, 92.53 W, 33
0 %, 20 MiB, 210 MHz, 405 MHz, 21.06 W, 28
1883646, /home/ndizazzo/dev/mesh/issue1393-q4-snapshot-20260930/target/release/xtask, 20436 MiB
 02:42:58 up 7 days, 10:34,  6 users,  load average: 1.77, 1.71, 1.64
2026-10-01T02:43:00-04:00
100 %, 20873 MiB, 2925 MHz, 13801 MHz, 92.95 W, 33
0 %, 20 MiB, 210 MHz, 405 MHz, 21.22 W, 28
1883646, /home/ndizazzo/dev/mesh/issue1393-q4-snapshot-20260930/target/release/xtask, 20436 MiB
 02:43:00 up 7 days, 10:34,  6 users,  load average: 1.77, 1.71, 1.64
2026-10-01T02:43:02-04:00
78 %, 20873 MiB, 2925 MHz, 13801 MHz, 94.06 W, 33
0 %, 20 MiB, 210 MHz, 405 MHz, 27.58 W, 29
1883646, /home/ndizazzo/dev/mesh/issue1393-q4-snapshot-20260930/target/release/xtask, 20438 MiB
 02:43:02 up 7 days, 10:34,  6 users,  load average: 1.79, 1.71, 1.65
2026-10-01T02:43:04-04:00
100 %, 20873 MiB, 2925 MHz, 13801 MHz, 92.00 W, 33
0 %, 20 MiB, 210 MHz, 405 MHz, 21.48 W, 28
1883646, /home/ndizazzo/dev/mesh/issue1393-q4-snapshot-20260930/target/release/xtask, 20436 MiB
 02:43:04 up 7 days, 10:34,  6 users,  load average: 1.79, 1.71, 1.65
2026-10-01T02:43:06-04:00
84 %, 20875 MiB, 2925 MHz, 13801 MHz, 93.65 W, 33
0 %, 20 MiB, 210 MHz, 405 MHz, 21.23 W, 28
1883646, /home/ndizazzo/dev/mesh/issue1393-q4-snapshot-20260930/target/release/xtask, 20438 MiB
 02:43:06 up 7 days, 10:34,  6 users,  load average: 1.80, 1.72, 1.65
2026-10-01T02:43:08-04:00
99 %, 20875 MiB, 2925 MHz, 13801 MHz, 92.04 W, 34
0 %, 20 MiB, 210 MHz, 405 MHz, 21.15 W, 28
1883646, /home/ndizazzo/dev/mesh/issue1393-q4-snapshot-20260930/target/release/xtask, 20438 MiB
 02:43:08 up 7 days, 10:34,  6 users,  load average: 1.80, 1.72, 1.65
2026-10-01T02:43:10-04:00
87 %, 20877 MiB, 2925 MHz, 13801 MHz, 94.84 W, 34
0 %, 20 MiB, 210 MHz, 405 MHz, 27.13 W, 29
1883646, /home/ndizazzo/dev/mesh/issue1393-q4-snapshot-20260930/target/release/xtask, 20440 MiB
 02:43:10 up 7 days, 10:34,  6 users,  load average: 1.82, 1.72, 1.65
2026-10-01T02:43:12-04:00
97 %, 20877 MiB, 2925 MHz, 13801 MHz, 93.04 W, 34
0 %, 20 MiB, 210 MHz, 405 MHz, 21.19 W, 28
1883646, /home/ndizazzo/dev/mesh/issue1393-q4-snapshot-20260930/target/release/xtask, 20440 MiB
 02:43:13 up 7 days, 10:34,  6 users,  load average: 1.82, 1.72, 1.65
2026-10-01T02:43:15-04:00
100 %, 20877 MiB, 2925 MHz, 13801 MHz, 92.85 W, 33
0 %, 20 MiB, 210 MHz, 405 MHz, 21.29 W, 28
1883646, /home/ndizazzo/dev/mesh/issue1393-q4-snapshot-20260930/target/release/xtask, 20440 MiB
 02:43:15 up 7 days, 10:34,  6 users,  load average: 1.82, 1.72, 1.65
2026-10-01T02:43:17-04:00
97 %, 20877 MiB, 2925 MHz, 13801 MHz, 94.35 W, 34
0 %, 20 MiB, 210 MHz, 405 MHz, 27.40 W, 29
1883646, /home/ndizazzo/dev/mesh/issue1393-q4-snapshot-20260930/target/release/xtask, 20440 MiB
 02:43:17 up 7 days, 10:34,  6 users,  load average: 1.83, 1.73, 1.65
2026-10-01T02:43:19-04:00
100 %, 20877 MiB, 2925 MHz, 13801 MHz, 91.44 W, 33
0 %, 20 MiB, 210 MHz, 405 MHz, 21.23 W, 28
1883646, /home/ndizazzo/dev/mesh/issue1393-q4-snapshot-20260930/target/release/xtask, 20440 MiB
 02:43:19 up 7 days, 10:34,  6 users,  load average: 1.83, 1.73, 1.65
2026-10-01T02:43:21-04:00
69 %, 20879 MiB, 2925 MHz, 13801 MHz, 93.96 W, 33
0 %, 20 MiB, 210 MHz, 405 MHz, 21.01 W, 28
1883646, /home/ndizazzo/dev/mesh/issue1393-q4-snapshot-20260930/target/release/xtask, 20442 MiB
 02:43:21 up 7 days, 10:34,  6 users,  load average: 1.77, 1.71, 1.65
2026-10-01T02:43:23-04:00
97 %, 20879 MiB, 2925 MHz, 13801 MHz, 90.28 W, 33
1 %, 20 MiB, 210 MHz, 405 MHz, 21.24 W, 29
1883646, /home/ndizazzo/dev/mesh/issue1393-q4-snapshot-20260930/target/release/xtask, 20442 MiB
 02:43:23 up 7 days, 10:34,  6 users,  load average: 1.77, 1.71, 1.65
2026-10-01T02:43:25-04:00
100 %, 20879 MiB, 2925 MHz, 13801 MHz, 93.08 W, 33
0 %, 20 MiB, 210 MHz, 405 MHz, 22.42 W, 29
1883646, /home/ndizazzo/dev/mesh/issue1393-q4-snapshot-20260930/target/release/xtask, 20442 MiB
 02:43:25 up 7 days, 10:34,  6 users,  load average: 1.77, 1.71, 1.65
2026-10-01T02:43:27-04:00
94 %, 20879 MiB, 2925 MHz, 13801 MHz, 94.08 W, 33
0 %, 20 MiB, 210 MHz, 405 MHz, 21.10 W, 28
1883646, /home/ndizazzo/dev/mesh/issue1393-q4-snapshot-20260930/target/release/xtask, 20442 MiB
 02:43:27 up 7 days, 10:34,  6 users,  load average: 1.79, 1.72, 1.65
2026-10-01T02:43:29-04:00
100 %, 20881 MiB, 2925 MHz, 13801 MHz, 90.87 W, 33
0 %, 20 MiB, 210 MHz, 405 MHz, 21.34 W, 28
1883646, /home/ndizazzo/dev/mesh/issue1393-q4-snapshot-20260930/target/release/xtask, 20444 MiB
 02:43:29 up 7 days, 10:34,  6 users,  load average: 1.79, 1.72, 1.65
2026-10-01T02:43:31-04:00
94 %, 20881 MiB, 2925 MHz, 13801 MHz, 93.84 W, 33
0 %, 20 MiB, 210 MHz, 405 MHz, 27.27 W, 29
1883646, /home/ndizazzo/dev/mesh/issue1393-q4-snapshot-20260930/target/release/xtask, 20444 MiB
 02:43:31 up 7 days, 10:34,  6 users,  load average: 1.72, 1.71, 1.65
2026-10-01T02:43:33-04:00
84 %, 20881 MiB, 2925 MHz, 13801 MHz, 90.19 W, 34
0 %, 20 MiB, 210 MHz, 405 MHz, 21.43 W, 28
1883646, /home/ndizazzo/dev/mesh/issue1393-q4-snapshot-20260930/target/release/xtask, 20444 MiB
 02:43:33 up 7 days, 10:34,  6 users,  load average: 1.72, 1.71, 1.65
2026-10-01T02:43:35-04:00
100 %, 20883 MiB, 2925 MHz, 13801 MHz, 93.60 W, 33
0 %, 20 MiB, 210 MHz, 405 MHz, 21.25 W, 28
1883646, /home/ndizazzo/dev/mesh/issue1393-q4-snapshot-20260930/target/release/xtask, 20446 MiB
 02:43:35 up 7 days, 10:34,  6 users,  load average: 1.72, 1.71, 1.65
2026-10-01T02:43:37-04:00
96 %, 20881 MiB, 2925 MHz, 13801 MHz, 92.61 W, 33
0 %, 20 MiB, 210 MHz, 405 MHz, 22.19 W, 29
1883646, /home/ndizazzo/dev/mesh/issue1393-q4-snapshot-20260930/target/release/xtask, 20444 MiB
 02:43:37 up 7 days, 10:34,  6 users,  load average: 1.75, 1.71, 1.65
2026-10-01T02:43:39-04:00
100 %, 20883 MiB, 2925 MHz, 13801 MHz, 92.71 W, 33
0 %, 20 MiB, 210 MHz, 405 MHz, 22.09 W, 29
1883646, /home/ndizazzo/dev/mesh/issue1393-q4-snapshot-20260930/target/release/xtask, 20446 MiB
 02:43:39 up 7 days, 10:34,  6 users,  load average: 1.75, 1.71, 1.65
2026-10-01T02:43:41-04:00
68 %, 20883 MiB, 2925 MHz, 13801 MHz, 93.44 W, 33
0 %, 20 MiB, 210 MHz, 405 MHz, 21.22 W, 28
1883646, /home/ndizazzo/dev/mesh/issue1393-q4-snapshot-20260930/target/release/xtask, 20446 MiB
 02:43:41 up 7 days, 10:34,  6 users,  load average: 1.69, 1.70, 1.64
2026-10-01T02:43:43-04:00
100 %, 20883 MiB, 2925 MHz, 13801 MHz, 89.54 W, 33
0 %, 20 MiB, 210 MHz, 405 MHz, 21.32 W, 28
1883646, /home/ndizazzo/dev/mesh/issue1393-q4-snapshot-20260930/target/release/xtask, 20446 MiB
 02:43:43 up 7 days, 10:34,  6 users,  load average: 1.69, 1.70, 1.64
2026-10-01T02:43:45-04:00
100 %, 20885 MiB, 2925 MHz, 13801 MHz, 94.64 W, 33
0 %, 20 MiB, 210 MHz, 405 MHz, 27.40 W, 29
1883646, /home/ndizazzo/dev/mesh/issue1393-q4-snapshot-20260930/target/release/xtask, 20448 MiB
 02:43:45 up 7 days, 10:34,  6 users,  load average: 1.63, 1.69, 1.64
2026-10-01T02:43:47-04:00
99 %, 20885 MiB, 2925 MHz, 13801 MHz, 94.09 W, 34
0 %, 20 MiB, 210 MHz, 405 MHz, 21.53 W, 28
1883646, /home/ndizazzo/dev/mesh/issue1393-q4-snapshot-20260930/target/release/xtask, 20448 MiB
 02:43:48 up 7 days, 10:34,  6 users,  load average: 1.63, 1.69, 1.64
2026-10-01T02:43:50-04:00
95 %, 20871 MiB, 2925 MHz, 13801 MHz, 90.93 W, 33
0 %, 20 MiB, 210 MHz, 405 MHz, 21.19 W, 28
1883646, /home/ndizazzo/dev/mesh/issue1393-q4-snapshot-20260930/target/release/xtask, 20434 MiB
 02:43:50 up 7 days, 10:34,  6 users,  load average: 1.63, 1.69, 1.64
2026-10-01T02:43:52-04:00
88 %, 20871 MiB, 2925 MHz, 13801 MHz, 93.33 W, 33
0 %, 20 MiB, 210 MHz, 405 MHz, 22.88 W, 29
1883646, /home/ndizazzo/dev/mesh/issue1393-q4-snapshot-20260930/target/release/xtask, 20434 MiB
 02:43:52 up 7 days, 10:34,  6 users,  load average: 1.58, 1.68, 1.64
2026-10-01T02:43:54-04:00
91 %, 20871 MiB, 2925 MHz, 13801 MHz, 93.27 W, 33
0 %, 20 MiB, 210 MHz, 405 MHz, 22.07 W, 29
1883646, /home/ndizazzo/dev/mesh/issue1393-q4-snapshot-20260930/target/release/xtask, 20434 MiB
 02:43:54 up 7 days, 10:34,  6 users,  load average: 1.58, 1.68, 1.64
2026-10-01T02:43:56-04:00
94 %, 20871 MiB, 2925 MHz, 13801 MHz, 93.38 W, 33
0 %, 20 MiB, 210 MHz, 405 MHz, 21.16 W, 28
1883646, /home/ndizazzo/dev/mesh/issue1393-q4-snapshot-20260930/target/release/xtask, 20434 MiB
 02:43:56 up 7 days, 10:34,  6 users,  load average: 1.61, 1.68, 1.64
2026-10-01T02:43:58-04:00
95 %, 20871 MiB, 2925 MHz, 13801 MHz, 93.50 W, 34
0 %, 20 MiB, 210 MHz, 405 MHz, 21.31 W, 28
1883646, /home/ndizazzo/dev/mesh/issue1393-q4-snapshot-20260930/target/release/xtask, 20434 MiB
 02:43:58 up 7 days, 10:35,  6 users,  load average: 1.61, 1.68, 1.64
2026-10-01T02:44:00-04:00
100 %, 20871 MiB, 2925 MHz, 13801 MHz, 93.80 W, 33
0 %, 20 MiB, 210 MHz, 405 MHz, 27.31 W, 29
1883646, /home/ndizazzo/dev/mesh/issue1393-q4-snapshot-20260930/target/release/xtask, 20434 MiB
 02:44:00 up 7 days, 10:35,  6 users,  load average: 1.61, 1.68, 1.64
2026-10-01T02:44:02-04:00
96 %, 20871 MiB, 2925 MHz, 13801 MHz, 92.71 W, 33
0 %, 20 MiB, 210 MHz, 405 MHz, 21.36 W, 28
1883646, /home/ndizazzo/dev/mesh/issue1393-q4-snapshot-20260930/target/release/xtask, 20434 MiB
 02:44:02 up 7 days, 10:35,  6 users,  load average: 1.64, 1.69, 1.64
2026-10-01T02:44:04-04:00
87 %, 20871 MiB, 2925 MHz, 13801 MHz, 93.50 W, 34
0 %, 20 MiB, 210 MHz, 405 MHz, 21.01 W, 28
1883646, /home/ndizazzo/dev/mesh/issue1393-q4-snapshot-20260930/target/release/xtask, 20434 MiB
 02:44:04 up 7 days, 10:35,  6 users,  load average: 1.64, 1.69, 1.64
2026-10-01T02:44:06-04:00
96 %, 20871 MiB, 2925 MHz, 13801 MHz, 93.24 W, 34
0 %, 20 MiB, 210 MHz, 405 MHz, 23.33 W, 29
1883646, /home/ndizazzo/dev/mesh/issue1393-q4-snapshot-20260930/target/release/xtask, 20434 MiB
 02:44:06 up 7 days, 10:35,  6 users,  load average: 1.67, 1.69, 1.64
2026-10-01T02:44:08-04:00
90 %, 20871 MiB, 2925 MHz, 13801 MHz, 92.97 W, 33
0 %, 20 MiB, 210 MHz, 405 MHz, 21.81 W, 29
1883646, /home/ndizazzo/dev/mesh/issue1393-q4-snapshot-20260930/target/release/xtask, 20434 MiB
 02:44:08 up 7 days, 10:35,  6 users,  load average: 1.67, 1.69, 1.64
2026-10-01T02:44:10-04:00
91 %, 20871 MiB, 2925 MHz, 13801 MHz, 93.88 W, 33
0 %, 20 MiB, 210 MHz, 405 MHz, 21.11 W, 28
1883646, /home/ndizazzo/dev/mesh/issue1393-q4-snapshot-20260930/target/release/xtask, 20434 MiB
 02:44:10 up 7 days, 10:35,  6 users,  load average: 1.67, 1.69, 1.64
2026-10-01T02:44:12-04:00
94 %, 20871 MiB, 2925 MHz, 13801 MHz, 94.34 W, 33
0 %, 20 MiB, 210 MHz, 405 MHz, 21.25 W, 28
1883646, /home/ndizazzo/dev/mesh/issue1393-q4-snapshot-20260930/target/release/xtask, 20434 MiB
 02:44:12 up 7 days, 10:35,  6 users,  load average: 1.70, 1.70, 1.64
2026-10-01T02:44:14-04:00
95 %, 20871 MiB, 2925 MHz, 13801 MHz, 93.89 W, 34
0 %, 20 MiB, 210 MHz, 405 MHz, 27.43 W, 29
1883646, /home/ndizazzo/dev/mesh/issue1393-q4-snapshot-20260930/target/release/xtask, 20434 MiB
 02:44:14 up 7 days, 10:35,  6 users,  load average: 1.70, 1.70, 1.64
2026-10-01T02:44:16-04:00
100 %, 20871 MiB, 2925 MHz, 13801 MHz, 93.66 W, 33
0 %, 20 MiB, 210 MHz, 405 MHz, 21.45 W, 28
1883646, /home/ndizazzo/dev/mesh/issue1393-q4-snapshot-20260930/target/release/xtask, 20434 MiB
 02:44:16 up 7 days, 10:35,  6 users,  load average: 1.72, 1.70, 1.65
2026-10-01T02:44:18-04:00
100 %, 20871 MiB, 2925 MHz, 13801 MHz, 94.65 W, 33
0 %, 20 MiB, 210 MHz, 405 MHz, 21.02 W, 28
1883646, /home/ndizazzo/dev/mesh/issue1393-q4-snapshot-20260930/target/release/xtask, 20434 MiB
 02:44:18 up 7 days, 10:35,  6 users,  load average: 1.72, 1.70, 1.65
2026-10-01T02:44:20-04:00
98 %, 20871 MiB, 2925 MHz, 13801 MHz, 92.87 W, 33
0 %, 20 MiB, 210 MHz, 405 MHz, 23.83 W, 29
1883646, /home/ndizazzo/dev/mesh/issue1393-q4-snapshot-20260930/target/release/xtask, 20434 MiB
 02:44:20 up 7 days, 10:35,  6 users,  load average: 1.67, 1.69, 1.64
2026-10-01T02:44:22-04:00
87 %, 20871 MiB, 2925 MHz, 13801 MHz, 92.91 W, 33
0 %, 20 MiB, 210 MHz, 405 MHz, 22.27 W, 29
1883646, /home/ndizazzo/dev/mesh/issue1393-q4-snapshot-20260930/target/release/xtask, 20434 MiB
 02:44:23 up 7 days, 10:35,  6 users,  load average: 1.67, 1.69, 1.64
2026-10-01T02:44:25-04:00
96 %, 20871 MiB, 2925 MHz, 13801 MHz, 93.13 W, 33
0 %, 20 MiB, 210 MHz, 405 MHz, 21.15 W, 28
1883646, /home/ndizazzo/dev/mesh/issue1393-q4-snapshot-20260930/target/release/xtask, 20434 MiB
 02:44:25 up 7 days, 10:35,  6 users,  load average: 1.67, 1.69, 1.64
2026-10-01T02:44:27-04:00
86 %, 20871 MiB, 2925 MHz, 13801 MHz, 92.27 W, 33
0 %, 20 MiB, 210 MHz, 405 MHz, 21.36 W, 28
1883646, /home/ndizazzo/dev/mesh/issue1393-q4-snapshot-20260930/target/release/xtask, 20434 MiB
 02:44:27 up 7 days, 10:35,  6 users,  load average: 1.69, 1.70, 1.64
2026-10-01T02:44:29-04:00
96 %, 20871 MiB, 2925 MHz, 13801 MHz, 93.23 W, 33
0 %, 20 MiB, 210 MHz, 405 MHz, 27.49 W, 29
1883646, /home/ndizazzo/dev/mesh/issue1393-q4-snapshot-20260930/target/release/xtask, 20434 MiB
 02:44:29 up 7 days, 10:35,  6 users,  load average: 1.69, 1.70, 1.64
2026-10-01T02:44:31-04:00
87 %, 20871 MiB, 2925 MHz, 13801 MHz, 94.19 W, 33
0 %, 20 MiB, 210 MHz, 405 MHz, 21.23 W, 28
1883646, /home/ndizazzo/dev/mesh/issue1393-q4-snapshot-20260930/target/release/xtask, 20434 MiB
 02:44:31 up 7 days, 10:35,  6 users,  load average: 1.72, 1.70, 1.65
2026-10-01T02:44:33-04:00
96 %, 20871 MiB, 2925 MHz, 13801 MHz, 94.01 W, 34
0 %, 20 MiB, 210 MHz, 405 MHz, 21.13 W, 28
1883646, /home/ndizazzo/dev/mesh/issue1393-q4-snapshot-20260930/target/release/xtask, 20434 MiB
 02:44:33 up 7 days, 10:35,  6 users,  load average: 1.72, 1.70, 1.65
2026-10-01T02:44:35-04:00
95 %, 20871 MiB, 2925 MHz, 13801 MHz, 93.04 W, 34
0 %, 20 MiB, 210 MHz, 405 MHz, 22.82 W, 29
1883646, /home/ndizazzo/dev/mesh/issue1393-q4-snapshot-20260930/target/release/xtask, 20434 MiB
 02:44:35 up 7 days, 10:35,  6 users,  load average: 1.72, 1.70, 1.65
2026-10-01T02:44:37-04:00
96 %, 20871 MiB, 2925 MHz, 13801 MHz, 93.46 W, 33
0 %, 20 MiB, 210 MHz, 405 MHz, 22.39 W, 29
1883646, /home/ndizazzo/dev/mesh/issue1393-q4-snapshot-20260930/target/release/xtask, 20434 MiB
 02:44:37 up 7 days, 10:35,  6 users,  load average: 1.74, 1.71, 1.65
2026-10-01T02:44:39-04:00
95 %, 20871 MiB, 2925 MHz, 13801 MHz, 92.98 W, 34
0 %, 20 MiB, 210 MHz, 405 MHz, 21.16 W, 28
1883646, /home/ndizazzo/dev/mesh/issue1393-q4-snapshot-20260930/target/release/xtask, 20434 MiB
 02:44:39 up 7 days, 10:35,  6 users,  load average: 1.74, 1.71, 1.65
2026-10-01T02:44:41-04:00
96 %, 20871 MiB, 2925 MHz, 13801 MHz, 93.09 W, 33
0 %, 20 MiB, 210 MHz, 405 MHz, 21.30 W, 28
1883646, /home/ndizazzo/dev/mesh/issue1393-q4-snapshot-20260930/target/release/xtask, 20434 MiB
 02:44:41 up 7 days, 10:35,  6 users,  load average: 1.76, 1.71, 1.65
2026-10-01T02:44:43-04:00
94 %, 20871 MiB, 2925 MHz, 13801 MHz, 93.41 W, 33
0 %, 20 MiB, 210 MHz, 405 MHz, 27.28 W, 29
1883646, /home/ndizazzo/dev/mesh/issue1393-q4-snapshot-20260930/target/release/xtask, 20434 MiB
 02:44:43 up 7 days, 10:35,  6 users,  load average: 1.76, 1.71, 1.65
2026-10-01T02:44:45-04:00
98 %, 20871 MiB, 2925 MHz, 13801 MHz, 94.70 W, 33
0 %, 20 MiB, 210 MHz, 405 MHz, 21.43 W, 28
1883646, /home/ndizazzo/dev/mesh/issue1393-q4-snapshot-20260930/target/release/xtask, 20434 MiB
 02:44:45 up 7 days, 10:35,  6 users,  load average: 1.76, 1.71, 1.65
2026-10-01T02:44:47-04:00
100 %, 20871 MiB, 2925 MHz, 13801 MHz, 94.22 W, 33
0 %, 20 MiB, 210 MHz, 405 MHz, 21.19 W, 28
1883646, /home/ndizazzo/dev/mesh/issue1393-q4-snapshot-20260930/target/release/xtask, 20434 MiB
 02:44:47 up 7 days, 10:35,  6 users,  load average: 1.78, 1.72, 1.65
2026-10-01T02:44:49-04:00
95 %, 20871 MiB, 2925 MHz, 13801 MHz, 95.69 W, 34
0 %, 20 MiB, 210 MHz, 405 MHz, 23.37 W, 29
1883646, /home/ndizazzo/dev/mesh/issue1393-q4-snapshot-20260930/target/release/xtask, 20434 MiB
 02:44:49 up 7 days, 10:35,  6 users,  load average: 1.78, 1.72, 1.65
2026-10-01T02:44:51-04:00
96 %, 20871 MiB, 2925 MHz, 13801 MHz, 95.22 W, 33
0 %, 20 MiB, 210 MHz, 405 MHz, 22.07 W, 29
1883646, /home/ndizazzo/dev/mesh/issue1393-q4-snapshot-20260930/target/release/xtask, 20434 MiB
 02:44:51 up 7 days, 10:35,  6 users,  load average: 1.72, 1.70, 1.65
2026-10-01T02:44:53-04:00
100 %, 20871 MiB, 2925 MHz, 13801 MHz, 93.26 W, 33
0 %, 20 MiB, 210 MHz, 405 MHz, 21.33 W, 28
1883646, /home/ndizazzo/dev/mesh/issue1393-q4-snapshot-20260930/target/release/xtask, 20434 MiB
 02:44:53 up 7 days, 10:35,  6 users,  load average: 1.72, 1.70, 1.65
2026-10-01T02:44:55-04:00
91 %, 20871 MiB, 2925 MHz, 13801 MHz, 92.24 W, 33
0 %, 20 MiB, 210 MHz, 405 MHz, 21.28 W, 28
1883646, /home/ndizazzo/dev/mesh/issue1393-q4-snapshot-20260930/target/release/xtask, 20434 MiB
 02:44:56 up 7 days, 10:35,  6 users,  load average: 1.74, 1.71, 1.65
2026-10-01T02:44:58-04:00
98 %, 20871 MiB, 2925 MHz, 13801 MHz, 92.94 W, 33
0 %, 20 MiB, 210 MHz, 405 MHz, 27.62 W, 29
1883646, /home/ndizazzo/dev/mesh/issue1393-q4-snapshot-20260930/target/release/xtask, 20434 MiB
 02:44:58 up 7 days, 10:36,  6 users,  load average: 1.74, 1.71, 1.65
2026-10-01T02:45:00-04:00
89 %, 20871 MiB, 2925 MHz, 13801 MHz, 93.03 W, 33
0 %, 20 MiB, 210 MHz, 405 MHz, 21.73 W, 28
1883646, /home/ndizazzo/dev/mesh/issue1393-q4-snapshot-20260930/target/release/xtask, 20434 MiB
 02:45:00 up 7 days, 10:36,  6 users,  load average: 1.74, 1.71, 1.65
2026-10-01T02:45:02-04:00
98 %, 20871 MiB, 2925 MHz, 13801 MHz, 92.69 W, 34
0 %, 20 MiB, 210 MHz, 405 MHz, 21.28 W, 28
1883646, /home/ndizazzo/dev/mesh/issue1393-q4-snapshot-20260930/target/release/xtask, 20434 MiB
 02:45:02 up 7 days, 10:36,  6 users,  load average: 1.76, 1.71, 1.65
2026-10-01T02:45:04-04:00
92 %, 20871 MiB, 2925 MHz, 13801 MHz, 94.21 W, 33
0 %, 20 MiB, 210 MHz, 405 MHz, 23.67 W, 29
1883646, /home/ndizazzo/dev/mesh/issue1393-q4-snapshot-20260930/target/release/xtask, 20434 MiB
 02:45:04 up 7 days, 10:36,  6 users,  load average: 1.76, 1.71, 1.65
2026-10-01T02:45:06-04:00
96 %, 20871 MiB, 2925 MHz, 13801 MHz, 94.28 W, 33
0 %, 20 MiB, 210 MHz, 405 MHz, 22.16 W, 29
1883646, /home/ndizazzo/dev/mesh/issue1393-q4-snapshot-20260930/target/release/xtask, 20434 MiB
 02:45:06 up 7 days, 10:36,  6 users,  load average: 1.78, 1.72, 1.65
2026-10-01T02:45:08-04:00
91 %, 20871 MiB, 2925 MHz, 13801 MHz, 94.24 W, 33
0 %, 20 MiB, 210 MHz, 405 MHz, 21.15 W, 28
1883646, /home/ndizazzo/dev/mesh/issue1393-q4-snapshot-20260930/target/release/xtask, 20434 MiB
 02:45:08 up 7 days, 10:36,  6 users,  load average: 1.78, 1.72, 1.65
2026-10-01T02:45:10-04:00
87 %, 20871 MiB, 2925 MHz, 13801 MHz, 92.79 W, 34
0 %, 20 MiB, 210 MHz, 405 MHz, 21.17 W, 28
1883646, /home/ndizazzo/dev/mesh/issue1393-q4-snapshot-20260930/target/release/xtask, 20434 MiB
 02:45:10 up 7 days, 10:36,  6 users,  load average: 1.78, 1.72, 1.65
2026-10-01T02:45:12-04:00
96 %, 20871 MiB, 2925 MHz, 13801 MHz, 93.33 W, 33
0 %, 20 MiB, 210 MHz, 405 MHz, 27.38 W, 29
1883646, /home/ndizazzo/dev/mesh/issue1393-q4-snapshot-20260930/target/release/xtask, 20434 MiB
 02:45:12 up 7 days, 10:36,  6 users,  load average: 1.80, 1.72, 1.66
2026-10-01T02:45:14-04:00
96 %, 20871 MiB, 2925 MHz, 13801 MHz, 93.62 W, 33
0 %, 20 MiB, 210 MHz, 405 MHz, 21.19 W, 28
1883646, /home/ndizazzo/dev/mesh/issue1393-q4-snapshot-20260930/target/release/xtask, 20434 MiB
 02:45:14 up 7 days, 10:36,  6 users,  load average: 1.80, 1.72, 1.66
2026-10-01T02:45:16-04:00
96 %, 20871 MiB, 2925 MHz, 13801 MHz, 94.89 W, 33
0 %, 20 MiB, 210 MHz, 405 MHz, 21.20 W, 28
1883646, /home/ndizazzo/dev/mesh/issue1393-q4-snapshot-20260930/target/release/xtask, 20434 MiB
 02:45:16 up 7 days, 10:36,  6 users,  load average: 1.81, 1.73, 1.66
2026-10-01T02:45:18-04:00
96 %, 20871 MiB, 2925 MHz, 13801 MHz, 97.24 W, 34
0 %, 20 MiB, 210 MHz, 405 MHz, 24.08 W, 29
1883646, /home/ndizazzo/dev/mesh/issue1393-q4-snapshot-20260930/target/release/xtask, 20434 MiB
 02:45:18 up 7 days, 10:36,  6 users,  load average: 1.81, 1.73, 1.66
2026-10-01T02:45:20-04:00
90 %, 20871 MiB, 2925 MHz, 13801 MHz, 93.24 W, 33
0 %, 20 MiB, 210 MHz, 405 MHz, 21.86 W, 29
1883646, /home/ndizazzo/dev/mesh/issue1393-q4-snapshot-20260930/target/release/xtask, 20434 MiB
 02:45:20 up 7 days, 10:36,  6 users,  load average: 1.81, 1.73, 1.66
2026-10-01T02:45:22-04:00
91 %, 20871 MiB, 2925 MHz, 13801 MHz, 94.02 W, 33
0 %, 20 MiB, 210 MHz, 405 MHz, 21.15 W, 28
1883646, /home/ndizazzo/dev/mesh/issue1393-q4-snapshot-20260930/target/release/xtask, 20434 MiB
 02:45:22 up 7 days, 10:36,  6 users,  load average: 1.75, 1.72, 1.65
2026-10-01T02:45:24-04:00
88 %, 20871 MiB, 2925 MHz, 13801 MHz, 95.07 W, 34
0 %, 20 MiB, 210 MHz, 405 MHz, 21.34 W, 28
1883646, /home/ndizazzo/dev/mesh/issue1393-q4-snapshot-20260930/target/release/xtask, 20434 MiB
 02:45:24 up 7 days, 10:36,  6 users,  load average: 1.75, 1.72, 1.65
2026-10-01T02:45:26-04:00
100 %, 20871 MiB, 2925 MHz, 13801 MHz, 93.71 W, 33
0 %, 20 MiB, 210 MHz, 405 MHz, 27.57 W, 29
1883646, /home/ndizazzo/dev/mesh/issue1393-q4-snapshot-20260930/target/release/xtask, 20434 MiB
 02:45:26 up 7 days, 10:36,  6 users,  load average: 1.69, 1.70, 1.65
2026-10-01T02:45:28-04:00
92 %, 20871 MiB, 2925 MHz, 13801 MHz, 93.24 W, 33
0 %, 20 MiB, 210 MHz, 405 MHz, 21.44 W, 28
1883646, /home/ndizazzo/dev/mesh/issue1393-q4-snapshot-20260930/target/release/xtask, 20434 MiB
 02:45:28 up 7 days, 10:36,  6 users,  load average: 1.69, 1.70, 1.65
2026-10-01T02:45:30-04:00
88 %, 20871 MiB, 2925 MHz, 13801 MHz, 93.18 W, 34
0 %, 20 MiB, 210 MHz, 405 MHz, 21.13 W, 28
1883646, /home/ndizazzo/dev/mesh/issue1393-q4-snapshot-20260930/target/release/xtask, 20434 MiB
 02:45:31 up 7 days, 10:36,  6 users,  load average: 1.71, 1.71, 1.65
2026-10-01T02:45:33-04:00
96 %, 20871 MiB, 2925 MHz, 13801 MHz, 93.33 W, 33
0 %, 20 MiB, 210 MHz, 405 MHz, 27.21 W, 29
1883646, /home/ndizazzo/dev/mesh/issue1393-q4-snapshot-20260930/target/release/xtask, 20434 MiB
 02:45:33 up 7 days, 10:36,  6 users,  load average: 1.71, 1.71, 1.65
2026-10-01T02:45:35-04:00
90 %, 20871 MiB, 2925 MHz, 13801 MHz, 93.07 W, 34
0 %, 20 MiB, 210 MHz, 405 MHz, 21.35 W, 28
1883646, /home/ndizazzo/dev/mesh/issue1393-q4-snapshot-20260930/target/release/xtask, 20434 MiB
 02:45:35 up 7 days, 10:36,  6 users,  load average: 1.71, 1.71, 1.65
2026-10-01T02:45:37-04:00
96 %, 20871 MiB, 2925 MHz, 13801 MHz, 93.75 W, 34
0 %, 20 MiB, 210 MHz, 405 MHz, 20.97 W, 28
1883646, /home/ndizazzo/dev/mesh/issue1393-q4-snapshot-20260930/target/release/xtask, 20434 MiB
 02:45:37 up 7 days, 10:36,  6 users,  load average: 1.74, 1.72, 1.65
2026-10-01T02:45:39-04:00
87 %, 20871 MiB, 2925 MHz, 13801 MHz, 94.40 W, 34
0 %, 20 MiB, 210 MHz, 405 MHz, 21.07 W, 28
1883646, /home/ndizazzo/dev/mesh/issue1393-q4-snapshot-20260930/target/release/xtask, 20434 MiB
 02:45:39 up 7 days, 10:36,  6 users,  load average: 1.74, 1.72, 1.65
2026-10-01T02:45:41-04:00
96 %, 20871 MiB, 2925 MHz, 13801 MHz, 94.25 W, 33
0 %, 20 MiB, 210 MHz, 405 MHz, 27.53 W, 29
1883646, /home/ndizazzo/dev/mesh/issue1393-q4-snapshot-20260930/target/release/xtask, 20434 MiB
 02:45:41 up 7 days, 10:36,  6 users,  load average: 1.68, 1.70, 1.65
2026-10-01T02:45:43-04:00
89 %, 20871 MiB, 2925 MHz, 13801 MHz, 94.93 W, 34
0 %, 20 MiB, 210 MHz, 405 MHz, 21.17 W, 28
1883646, /home/ndizazzo/dev/mesh/issue1393-q4-snapshot-20260930/target/release/xtask, 20434 MiB
 02:45:43 up 7 days, 10:36,  6 users,  load average: 1.68, 1.70, 1.65
2026-10-01T02:45:45-04:00
98 %, 20871 MiB, 2925 MHz, 13801 MHz, 93.56 W, 34
0 %, 20 MiB, 210 MHz, 405 MHz, 21.11 W, 28
1883646, /home/ndizazzo/dev/mesh/issue1393-q4-snapshot-20260930/target/release/xtask, 20434 MiB
 02:45:45 up 7 days, 10:36,  6 users,  load average: 1.68, 1.70, 1.65
2026-10-01T02:45:47-04:00
100 %, 20871 MiB, 2925 MHz, 13801 MHz, 94.96 W, 33
0 %, 20 MiB, 210 MHz, 405 MHz, 23.99 W, 29
1883646, /home/ndizazzo/dev/mesh/issue1393-q4-snapshot-20260930/target/release/xtask, 20434 MiB
 02:45:47 up 7 days, 10:36,  6 users,  load average: 1.62, 1.69, 1.65
2026-10-01T02:45:49-04:00
98 %, 20871 MiB, 2925 MHz, 13801 MHz, 92.54 W, 33
0 %, 20 MiB, 210 MHz, 405 MHz, 21.34 W, 28
1883646, /home/ndizazzo/dev/mesh/issue1393-q4-snapshot-20260930/target/release/xtask, 20434 MiB
 02:45:49 up 7 days, 10:36,  6 users,  load average: 1.62, 1.69, 1.65
2026-10-01T02:45:51-04:00
94 %, 20871 MiB, 2925 MHz, 13801 MHz, 93.74 W, 33
0 %, 20 MiB, 210 MHz, 405 MHz, 21.14 W, 28
1883646, /home/ndizazzo/dev/mesh/issue1393-q4-snapshot-20260930/target/release/xtask, 20434 MiB
 02:45:51 up 7 days, 10:36,  6 users,  load average: 1.57, 1.68, 1.64
2026-10-01T02:45:53-04:00
98 %, 20871 MiB, 2925 MHz, 13801 MHz, 93.02 W, 33
0 %, 20 MiB, 210 MHz, 405 MHz, 21.38 W, 28
1883646, /home/ndizazzo/dev/mesh/issue1393-q4-snapshot-20260930/target/release/xtask, 20434 MiB
 02:45:53 up 7 days, 10:36,  6 users,  load average: 1.57, 1.68, 1.64
2026-10-01T02:45:55-04:00
91 %, 20871 MiB, 2925 MHz, 13801 MHz, 92.80 W, 33
0 %, 20 MiB, 210 MHz, 405 MHz, 22.08 W, 29
1883646, /home/ndizazzo/dev/mesh/issue1393-q4-snapshot-20260930/target/release/xtask, 20434 MiB
 02:45:55 up 7 days, 10:36,  6 users,  load average: 1.57, 1.68, 1.64
2026-10-01T02:45:57-04:00
96 %, 20871 MiB, 2925 MHz, 13801 MHz, 93.31 W, 33
0 %, 20 MiB, 210 MHz, 405 MHz, 21.00 W, 28
1883646, /home/ndizazzo/dev/mesh/issue1393-q4-snapshot-20260930/target/release/xtask, 20434 MiB
 02:45:57 up 7 days, 10:37,  6 users,  load average: 1.53, 1.67, 1.64
2026-10-01T02:45:59-04:00
95 %, 20871 MiB, 2925 MHz, 13801 MHz, 93.95 W, 33
0 %, 20 MiB, 210 MHz, 405 MHz, 21.12 W, 28
1883646, /home/ndizazzo/dev/mesh/issue1393-q4-snapshot-20260930/target/release/xtask, 20434 MiB
 02:45:59 up 7 days, 10:37,  6 users,  load average: 1.53, 1.67, 1.64
2026-10-01T02:46:01-04:00
100 %, 20871 MiB, 2925 MHz, 13801 MHz, 93.51 W, 33
0 %, 20 MiB, 210 MHz, 405 MHz, 27.17 W, 29
1883646, /home/ndizazzo/dev/mesh/issue1393-q4-snapshot-20260930/target/release/xtask, 20434 MiB
 02:46:01 up 7 days, 10:37,  6 users,  load average: 1.56, 1.67, 1.64
2026-10-01T02:46:03-04:00
100 %, 20871 MiB, 2925 MHz, 13801 MHz, 93.15 W, 33
0 %, 20 MiB, 210 MHz, 405 MHz, 21.89 W, 29
1883646, /home/ndizazzo/dev/mesh/issue1393-q4-snapshot-20260930/target/release/xtask, 20434 MiB
 02:46:03 up 7 days, 10:37,  6 users,  load average: 1.56, 1.67, 1.64
2026-10-01T02:46:05-04:00
95 %, 20871 MiB, 2925 MHz, 13801 MHz, 92.63 W, 34
0 %, 20 MiB, 210 MHz, 405 MHz, 21.03 W, 28
1883646, /home/ndizazzo/dev/mesh/issue1393-q4-snapshot-20260930/target/release/xtask, 20434 MiB
 02:46:06 up 7 days, 10:37,  6 users,  load average: 1.52, 1.66, 1.64
2026-10-01T02:46:08-04:00
94 %, 20871 MiB, 2925 MHz, 13801 MHz, 92.68 W, 33
0 %, 20 MiB, 210 MHz, 405 MHz, 22.26 W, 29
1883646, /home/ndizazzo/dev/mesh/issue1393-q4-snapshot-20260930/target/release/xtask, 20434 MiB
 02:46:08 up 7 days, 10:37,  6 users,  load average: 1.52, 1.66, 1.64
2026-10-01T02:46:10-04:00
91 %, 20871 MiB, 2925 MHz, 13801 MHz, 92.84 W, 33
0 %, 20 MiB, 210 MHz, 405 MHz, 22.48 W, 29
1883646, /home/ndizazzo/dev/mesh/issue1393-q4-snapshot-20260930/target/release/xtask, 20434 MiB
 02:46:10 up 7 days, 10:37,  6 users,  load average: 1.52, 1.66, 1.64
2026-10-01T02:46:12-04:00
95 %, 20871 MiB, 2925 MHz, 13801 MHz, 92.55 W, 33
0 %, 20 MiB, 210 MHz, 405 MHz, 21.10 W, 28
1883646, /home/ndizazzo/dev/mesh/issue1393-q4-snapshot-20260930/target/release/xtask, 20434 MiB
 02:46:12 up 7 days, 10:37,  6 users,  load average: 1.56, 1.67, 1.64
2026-10-01T02:46:14-04:00
94 %, 20871 MiB, 2925 MHz, 13801 MHz, 94.21 W, 34
0 %, 20 MiB, 210 MHz, 405 MHz, 21.19 W, 28
1883646, /home/ndizazzo/dev/mesh/issue1393-q4-snapshot-20260930/target/release/xtask, 20434 MiB
 02:46:14 up 7 days, 10:37,  6 users,  load average: 1.56, 1.67, 1.64
2026-10-01T02:46:16-04:00
97 %, 20871 MiB, 2925 MHz, 13801 MHz, 95.02 W, 33
0 %, 20 MiB, 210 MHz, 405 MHz, 27.02 W, 29
1883646, /home/ndizazzo/dev/mesh/issue1393-q4-snapshot-20260930/target/release/xtask, 20434 MiB
 02:46:16 up 7 days, 10:37,  6 users,  load average: 1.59, 1.67, 1.64
2026-10-01T02:46:18-04:00
92 %, 20871 MiB, 2925 MHz, 13801 MHz, 91.29 W, 33
0 %, 20 MiB, 210 MHz, 405 MHz, 21.38 W, 28
1883646, /home/ndizazzo/dev/mesh/issue1393-q4-snapshot-20260930/target/release/xtask, 20434 MiB
 02:46:18 up 7 days, 10:37,  6 users,  load average: 1.59, 1.67, 1.64
2026-10-01T02:46:20-04:00
96 %, 20871 MiB, 2925 MHz, 13801 MHz, 94.19 W, 34
0 %, 20 MiB, 210 MHz, 405 MHz, 21.04 W, 28
1883646, /home/ndizazzo/dev/mesh/issue1393-q4-snapshot-20260930/target/release/xtask, 20434 MiB
 02:46:20 up 7 days, 10:37,  6 users,  load average: 1.59, 1.67, 1.64
2026-10-01T02:46:22-04:00
89 %, 20871 MiB, 2925 MHz, 13801 MHz, 94.66 W, 33
0 %, 20 MiB, 210 MHz, 405 MHz, 22.81 W, 29
1883646, /home/ndizazzo/dev/mesh/issue1393-q4-snapshot-20260930/target/release/xtask, 20434 MiB
 02:46:22 up 7 days, 10:37,  6 users,  load average: 1.63, 1.68, 1.64
2026-10-01T02:46:24-04:00
100 %, 20871 MiB, 2925 MHz, 13801 MHz, 93.28 W, 33
0 %, 20 MiB, 210 MHz, 405 MHz, 22.01 W, 29
1883646, /home/ndizazzo/dev/mesh/issue1393-q4-snapshot-20260930/target/release/xtask, 20434 MiB
 02:46:24 up 7 days, 10:37,  6 users,  load average: 1.63, 1.68, 1.64
2026-10-01T02:46:26-04:00
98 %, 20871 MiB, 2925 MHz, 13801 MHz, 92.85 W, 33
0 %, 20 MiB, 210 MHz, 405 MHz, 20.93 W, 28
1883646, /home/ndizazzo/dev/mesh/issue1393-q4-snapshot-20260930/target/release/xtask, 20434 MiB
 02:46:26 up 7 days, 10:37,  6 users,  load average: 1.66, 1.69, 1.64
2026-10-01T02:46:28-04:00
91 %, 20871 MiB, 2925 MHz, 13801 MHz, 92.86 W, 34
0 %, 20 MiB, 210 MHz, 405 MHz, 21.03 W, 28
1883646, /home/ndizazzo/dev/mesh/issue1393-q4-snapshot-20260930/target/release/xtask, 20434 MiB
 02:46:28 up 7 days, 10:37,  6 users,  load average: 1.66, 1.69, 1.64
2026-10-01T02:46:30-04:00
96 %, 20871 MiB, 2925 MHz, 13801 MHz, 92.77 W, 34
0 %, 20 MiB, 210 MHz, 405 MHz, 27.38 W, 29
1883646, /home/ndizazzo/dev/mesh/issue1393-q4-snapshot-20260930/target/release/xtask, 20434 MiB
 02:46:30 up 7 days, 10:37,  6 users,  load average: 1.66, 1.69, 1.64
2026-10-01T02:46:32-04:00
92 %, 20871 MiB, 2925 MHz, 13801 MHz, 92.57 W, 34
0 %, 20 MiB, 210 MHz, 405 MHz, 20.99 W, 28
1883646, /home/ndizazzo/dev/mesh/issue1393-q4-snapshot-20260930/target/release/xtask, 20434 MiB
 02:46:32 up 7 days, 10:37,  6 users,  load average: 1.60, 1.67, 1.64
2026-10-01T02:46:34-04:00
96 %, 20871 MiB, 2925 MHz, 13801 MHz, 92.72 W, 33
0 %, 20 MiB, 210 MHz, 405 MHz, 21.03 W, 28
1883646, /home/ndizazzo/dev/mesh/issue1393-q4-snapshot-20260930/target/release/xtask, 20434 MiB
 02:46:34 up 7 days, 10:37,  6 users,  load average: 1.60, 1.67, 1.64
2026-10-01T02:46:36-04:00
87 %, 20871 MiB, 2925 MHz, 13801 MHz, 93.95 W, 34
1 %, 20 MiB, 210 MHz, 405 MHz, 21.33 W, 29
1883646, /home/ndizazzo/dev/mesh/issue1393-q4-snapshot-20260930/target/release/xtask, 20434 MiB
 02:46:36 up 7 days, 10:37,  6 users,  load average: 1.64, 1.68, 1.64
2026-10-01T02:46:38-04:00
100 %, 20871 MiB, 2925 MHz, 13801 MHz, 93.51 W, 33
0 %, 20 MiB, 210 MHz, 405 MHz, 22.14 W, 29
1883646, /home/ndizazzo/dev/mesh/issue1393-q4-snapshot-20260930/target/release/xtask, 20434 MiB
 02:46:38 up 7 days, 10:37,  6 users,  load average: 1.64, 1.68, 1.64
2026-10-01T02:46:40-04:00
100 %, 20871 MiB, 2925 MHz, 13801 MHz, 92.41 W, 33
0 %, 20 MiB, 210 MHz, 405 MHz, 20.94 W, 28
1883646, /home/ndizazzo/dev/mesh/issue1393-q4-snapshot-20260930/target/release/xtask, 20434 MiB
 02:46:41 up 7 days, 10:37,  6 users,  load average: 1.66, 1.68, 1.64
2026-10-01T02:46:43-04:00
93 %, 20871 MiB, 2925 MHz, 13801 MHz, 93.01 W, 33
0 %, 20 MiB, 210 MHz, 405 MHz, 21.12 W, 28
1883646, /home/ndizazzo/dev/mesh/issue1393-q4-snapshot-20260930/target/release/xtask, 20434 MiB
 02:46:43 up 7 days, 10:37,  6 users,  load average: 1.66, 1.68, 1.64
2026-10-01T02:46:45-04:00
97 %, 20871 MiB, 2925 MHz, 13801 MHz, 92.82 W, 33
0 %, 20 MiB, 210 MHz, 405 MHz, 27.13 W, 29
1883646, /home/ndizazzo/dev/mesh/issue1393-q4-snapshot-20260930/target/release/xtask, 20434 MiB
 02:46:45 up 7 days, 10:37,  6 users,  load average: 1.66, 1.68, 1.64
2026-10-01T02:46:47-04:00
100 %, 20871 MiB, 2925 MHz, 13801 MHz, 94.35 W, 34
0 %, 20 MiB, 210 MHz, 405 MHz, 21.24 W, 28
1883646, /home/ndizazzo/dev/mesh/issue1393-q4-snapshot-20260930/target/release/xtask, 20434 MiB
 02:46:47 up 7 days, 10:37,  6 users,  load average: 1.69, 1.69, 1.65
2026-10-01T02:46:49-04:00
100 %, 20871 MiB, 2925 MHz, 13801 MHz, 92.64 W, 34
0 %, 20 MiB, 210 MHz, 405 MHz, 21.10 W, 28
1883646, /home/ndizazzo/dev/mesh/issue1393-q4-snapshot-20260930/target/release/xtask, 20434 MiB
 02:46:49 up 7 days, 10:37,  6 users,  load average: 1.69, 1.69, 1.65
2026-10-01T02:46:51-04:00
95 %, 20871 MiB, 2925 MHz, 13801 MHz, 92.89 W, 33
0 %, 20 MiB, 210 MHz, 405 MHz, 22.07 W, 29
1883646, /home/ndizazzo/dev/mesh/issue1393-q4-snapshot-20260930/target/release/xtask, 20434 MiB
 02:46:51 up 7 days, 10:37,  6 users,  load average: 1.72, 1.70, 1.65
2026-10-01T02:46:53-04:00
96 %, 20871 MiB, 2925 MHz, 13801 MHz, 92.75 W, 34
0 %, 20 MiB, 210 MHz, 405 MHz, 21.81 W, 29
1883646, /home/ndizazzo/dev/mesh/issue1393-q4-snapshot-20260930/target/release/xtask, 20434 MiB
 02:46:53 up 7 days, 10:37,  6 users,  load average: 1.72, 1.70, 1.65
2026-10-01T02:46:55-04:00
93 %, 20871 MiB, 2925 MHz, 13801 MHz, 94.01 W, 33
0 %, 20 MiB, 210 MHz, 405 MHz, 21.01 W, 28
1883646, /home/ndizazzo/dev/mesh/issue1393-q4-snapshot-20260930/target/release/xtask, 20434 MiB
 02:46:55 up 7 days, 10:37,  6 users,  load average: 1.72, 1.70, 1.65
2026-10-01T02:46:57-04:00
96 %, 20871 MiB, 2925 MHz, 13801 MHz, 94.58 W, 33
0 %, 20 MiB, 210 MHz, 405 MHz, 21.03 W, 28
1883646, /home/ndizazzo/dev/mesh/issue1393-q4-snapshot-20260930/target/release/xtask, 20434 MiB
 02:46:57 up 7 days, 10:38,  6 users,  load average: 1.66, 1.68, 1.64
2026-10-01T02:46:59-04:00
95 %, 20871 MiB, 2925 MHz, 13801 MHz, 95.21 W, 34
0 %, 20 MiB, 210 MHz, 405 MHz, 27.46 W, 29
1883646, /home/ndizazzo/dev/mesh/issue1393-q4-snapshot-20260930/target/release/xtask, 20434 MiB
 02:46:59 up 7 days, 10:38,  6 users,  load average: 1.66, 1.68, 1.64
2026-10-01T02:47:01-04:00
91 %, 20871 MiB, 2925 MHz, 13801 MHz, 94.96 W, 33
0 %, 20 MiB, 210 MHz, 405 MHz, 21.50 W, 28
1883646, /home/ndizazzo/dev/mesh/issue1393-q4-snapshot-20260930/target/release/xtask, 20434 MiB
 02:47:01 up 7 days, 10:38,  6 users,  load average: 1.61, 1.67, 1.64
2026-10-01T02:47:03-04:00
100 %, 20871 MiB, 2925 MHz, 13801 MHz, 94.29 W, 33
0 %, 20 MiB, 210 MHz, 405 MHz, 21.06 W, 28
1883646, /home/ndizazzo/dev/mesh/issue1393-q4-snapshot-20260930/target/release/xtask, 20434 MiB
 02:47:03 up 7 days, 10:38,  6 users,  load average: 1.61, 1.67, 1.64
2026-10-01T02:47:05-04:00
100 %, 20871 MiB, 2925 MHz, 13801 MHz, 92.77 W, 33
0 %, 20 MiB, 210 MHz, 405 MHz, 22.82 W, 29
1883646, /home/ndizazzo/dev/mesh/issue1393-q4-snapshot-20260930/target/release/xtask, 20434 MiB
 02:47:05 up 7 days, 10:38,  6 users,  load average: 1.61, 1.67, 1.64
2026-10-01T02:47:07-04:00
92 %, 20871 MiB, 2925 MHz, 13801 MHz, 93.17 W, 33
0 %, 20 MiB, 210 MHz, 405 MHz, 22.07 W, 29
1883646, /home/ndizazzo/dev/mesh/issue1393-q4-snapshot-20260930/target/release/xtask, 20434 MiB
 02:47:07 up 7 days, 10:38,  6 users,  load average: 1.64, 1.68, 1.64
2026-10-01T02:47:09-04:00
90 %, 20871 MiB, 2925 MHz, 13801 MHz, 92.84 W, 33
0 %, 20 MiB, 210 MHz, 405 MHz, 21.02 W, 28
1883646, /home/ndizazzo/dev/mesh/issue1393-q4-snapshot-20260930/target/release/xtask, 20434 MiB
 02:47:09 up 7 days, 10:38,  6 users,  load average: 1.64, 1.68, 1.64
2026-10-01T02:47:11-04:00
91 %, 20871 MiB, 2925 MHz, 13801 MHz, 93.33 W, 34
0 %, 20 MiB, 210 MHz, 405 MHz, 21.05 W, 28
1883646, /home/ndizazzo/dev/mesh/issue1393-q4-snapshot-20260930/target/release/xtask, 20434 MiB
 02:47:11 up 7 days, 10:38,  6 users,  load average: 1.67, 1.68, 1.64
2026-10-01T02:47:13-04:00
98 %, 20871 MiB, 2925 MHz, 13801 MHz, 94.82 W, 33
0 %, 20 MiB, 210 MHz, 405 MHz, 27.33 W, 29
1883646, /home/ndizazzo/dev/mesh/issue1393-q4-snapshot-20260930/target/release/xtask, 20434 MiB
 02:47:13 up 7 days, 10:38,  6 users,  load average: 1.67, 1.68, 1.64
2026-10-01T02:47:15-04:00
100 %, 20871 MiB, 2925 MHz, 13801 MHz, 94.96 W, 33
0 %, 20 MiB, 210 MHz, 405 MHz, 21.24 W, 28
1883646, /home/ndizazzo/dev/mesh/issue1393-q4-snapshot-20260930/target/release/xtask, 20434 MiB
 02:47:16 up 7 days, 10:38,  6 users,  load average: 1.69, 1.69, 1.65
2026-10-01T02:47:18-04:00
93 %, 20871 MiB, 2925 MHz, 13801 MHz, 95.57 W, 33
0 %, 20 MiB, 210 MHz, 405 MHz, 21.15 W, 28
1883646, /home/ndizazzo/dev/mesh/issue1393-q4-snapshot-20260930/target/release/xtask, 20434 MiB
 02:47:18 up 7 days, 10:38,  6 users,  load average: 1.69, 1.69, 1.65
2026-10-01T02:47:20-04:00
85 %, 20871 MiB, 2925 MHz, 13801 MHz, 94.17 W, 34
0 %, 20 MiB, 210 MHz, 405 MHz, 23.41 W, 29
1883646, /home/ndizazzo/dev/mesh/issue1393-q4-snapshot-20260930/target/release/xtask, 20434 MiB
 02:47:20 up 7 days, 10:38,  6 users,  load average: 1.69, 1.69, 1.65
2026-10-01T02:47:22-04:00
96 %, 20871 MiB, 2925 MHz, 13801 MHz, 94.17 W, 33
0 %, 20 MiB, 210 MHz, 405 MHz, 21.76 W, 29
1883646, /home/ndizazzo/dev/mesh/issue1393-q4-snapshot-20260930/target/release/xtask, 20434 MiB
 02:47:22 up 7 days, 10:38,  6 users,  load average: 1.64, 1.68, 1.64
2026-10-01T02:47:24-04:00
91 %, 20871 MiB, 2925 MHz, 13801 MHz, 94.59 W, 34
0 %, 20 MiB, 210 MHz, 405 MHz, 21.17 W, 28
1883646, /home/ndizazzo/dev/mesh/issue1393-q4-snapshot-20260930/target/release/xtask, 20434 MiB
 02:47:24 up 7 days, 10:38,  6 users,  load average: 1.64, 1.68, 1.64
2026-10-01T02:47:26-04:00
95 %, 20871 MiB, 2925 MHz, 13801 MHz, 94.28 W, 33
0 %, 20 MiB, 210 MHz, 405 MHz, 21.25 W, 28
1883646, /home/ndizazzo/dev/mesh/issue1393-q4-snapshot-20260930/target/release/xtask, 20434 MiB
 02:47:26 up 7 days, 10:38,  6 users,  load average: 1.67, 1.68, 1.64
2026-10-01T02:47:28-04:00
95 %, 20871 MiB, 2925 MHz, 13801 MHz, 92.85 W, 33
0 %, 20 MiB, 210 MHz, 405 MHz, 27.57 W, 29
1883646, /home/ndizazzo/dev/mesh/issue1393-q4-snapshot-20260930/target/release/xtask, 20434 MiB
 02:47:28 up 7 days, 10:38,  6 users,  load average: 1.67, 1.68, 1.64
2026-10-01T02:47:30-04:00
93 %, 20871 MiB, 2925 MHz, 13801 MHz, 93.18 W, 33
0 %, 20 MiB, 210 MHz, 405 MHz, 21.36 W, 28
1883646, /home/ndizazzo/dev/mesh/issue1393-q4-snapshot-20260930/target/release/xtask, 20434 MiB
 02:47:30 up 7 days, 10:38,  6 users,  load average: 1.67, 1.68, 1.64
2026-10-01T02:47:32-04:00
87 %, 20871 MiB, 2925 MHz, 13801 MHz, 92.45 W, 34
0 %, 20 MiB, 210 MHz, 405 MHz, 21.10 W, 28
1883646, /home/ndizazzo/dev/mesh/issue1393-q4-snapshot-20260930/target/release/xtask, 20434 MiB
 02:47:32 up 7 days, 10:38,  6 users,  load average: 1.69, 1.69, 1.65
2026-10-01T02:47:34-04:00
97 %, 20871 MiB, 2925 MHz, 13801 MHz, 93.71 W, 33
0 %, 20 MiB, 210 MHz, 405 MHz, 23.75 W, 29
1883646, /home/ndizazzo/dev/mesh/issue1393-q4-snapshot-20260930/target/release/xtask, 20434 MiB
 02:47:34 up 7 days, 10:38,  6 users,  load average: 1.69, 1.69, 1.65
2026-10-01T02:47:36-04:00
92 %, 20871 MiB, 2925 MHz, 13801 MHz, 94.61 W, 33
0 %, 20 MiB, 210 MHz, 405 MHz, 22.03 W, 29
1883646, /home/ndizazzo/dev/mesh/issue1393-q4-snapshot-20260930/target/release/xtask, 20434 MiB
 02:47:36 up 7 days, 10:38,  6 users,  load average: 1.72, 1.69, 1.65
2026-10-01T02:47:38-04:00
94 %, 20871 MiB, 2925 MHz, 13801 MHz, 94.93 W, 33
0 %, 20 MiB, 210 MHz, 405 MHz, 21.18 W, 28
1883646, /home/ndizazzo/dev/mesh/issue1393-q4-snapshot-20260930/target/release/xtask, 20434 MiB
 02:47:38 up 7 days, 10:38,  6 users,  load average: 1.72, 1.69, 1.65
2026-10-01T02:47:40-04:00
96 %, 20871 MiB, 2925 MHz, 13801 MHz, 94.31 W, 34
0 %, 20 MiB, 210 MHz, 405 MHz, 21.21 W, 28
1883646, /home/ndizazzo/dev/mesh/issue1393-q4-snapshot-20260930/target/release/xtask, 20434 MiB
 02:47:40 up 7 days, 10:38,  6 users,  load average: 1.72, 1.69, 1.65
2026-10-01T02:47:42-04:00
87 %, 20871 MiB, 2925 MHz, 13801 MHz, 94.93 W, 33
0 %, 20 MiB, 210 MHz, 405 MHz, 27.50 W, 29
1883646, /home/ndizazzo/dev/mesh/issue1393-q4-snapshot-20260930/target/release/xtask, 20434 MiB
 02:47:42 up 7 days, 10:38,  6 users,  load average: 1.74, 1.70, 1.65
2026-10-01T02:47:44-04:00
100 %, 20871 MiB, 2925 MHz, 13801 MHz, 93.90 W, 33
0 %, 20 MiB, 210 MHz, 405 MHz, 21.22 W, 28
1883646, /home/ndizazzo/dev/mesh/issue1393-q4-snapshot-20260930/target/release/xtask, 20434 MiB
 02:47:44 up 7 days, 10:38,  6 users,  load average: 1.74, 1.70, 1.65
2026-10-01T02:47:46-04:00
100 %, 20871 MiB, 2925 MHz, 13801 MHz, 94.59 W, 34
0 %, 20 MiB, 210 MHz, 405 MHz, 21.05 W, 28
1883646, /home/ndizazzo/dev/mesh/issue1393-q4-snapshot-20260930/target/release/xtask, 20434 MiB
 02:47:46 up 7 days, 10:38,  6 users,  load average: 1.68, 1.69, 1.65
2026-10-01T02:47:48-04:00
100 %, 20871 MiB, 2925 MHz, 13801 MHz, 93.56 W, 33
0 %, 20 MiB, 210 MHz, 405 MHz, 24.20 W, 29
1883646, /home/ndizazzo/dev/mesh/issue1393-q4-snapshot-20260930/target/release/xtask, 20434 MiB
 02:47:49 up 7 days, 10:38,  6 users,  load average: 1.68, 1.69, 1.65
2026-10-01T02:47:51-04:00
93 %, 20871 MiB, 2925 MHz, 13801 MHz, 93.41 W, 33
0 %, 20 MiB, 210 MHz, 405 MHz, 22.34 W, 29
1883646, /home/ndizazzo/dev/mesh/issue1393-q4-snapshot-20260930/target/release/xtask, 20434 MiB
 02:47:51 up 7 days, 10:38,  6 users,  load average: 1.63, 1.68, 1.64
2026-10-01T02:47:53-04:00
90 %, 20871 MiB, 2925 MHz, 13801 MHz, 92.97 W, 33
0 %, 20 MiB, 210 MHz, 405 MHz, 21.13 W, 28
1883646, /home/ndizazzo/dev/mesh/issue1393-q4-snapshot-20260930/target/release/xtask, 20434 MiB
 02:47:53 up 7 days, 10:38,  6 users,  load average: 1.63, 1.68, 1.64
2026-10-01T02:47:55-04:00
96 %, 20871 MiB, 2925 MHz, 13801 MHz, 93.27 W, 34
0 %, 20 MiB, 210 MHz, 405 MHz, 21.14 W, 28
1883646, /home/ndizazzo/dev/mesh/issue1393-q4-snapshot-20260930/target/release/xtask, 20434 MiB
 02:47:55 up 7 days, 10:38,  6 users,  load average: 1.63, 1.68, 1.64
2026-10-01T02:47:57-04:00
87 %, 20871 MiB, 2925 MHz, 13801 MHz, 93.23 W, 33
0 %, 20 MiB, 210 MHz, 405 MHz, 27.19 W, 29
1883646, /home/ndizazzo/dev/mesh/issue1393-q4-snapshot-20260930/target/release/xtask, 20434 MiB
 02:47:57 up 7 days, 10:39,  6 users,  load average: 1.58, 1.66, 1.64
2026-10-01T02:47:59-04:00
96 %, 20871 MiB, 2925 MHz, 13801 MHz, 93.17 W, 34
0 %, 20 MiB, 210 MHz, 405 MHz, 21.20 W, 28
1883646, /home/ndizazzo/dev/mesh/issue1393-q4-snapshot-20260930/target/release/xtask, 20434 MiB
 02:47:59 up 7 days, 10:39,  6 users,  load average: 1.58, 1.66, 1.64
2026-10-01T02:48:01-04:00
87 %, 20871 MiB, 2925 MHz, 13801 MHz, 95.10 W, 33
0 %, 20 MiB, 210 MHz, 405 MHz, 21.02 W, 28
1883646, /home/ndizazzo/dev/mesh/issue1393-q4-snapshot-20260930/target/release/xtask, 20434 MiB
 02:48:01 up 7 days, 10:39,  6 users,  load average: 1.53, 1.65, 1.63
2026-10-01T02:48:03-04:00
100 %, 20871 MiB, 2925 MHz, 13801 MHz, 94.08 W, 33
0 %, 20 MiB, 210 MHz, 405 MHz, 23.25 W, 29
1883646, /home/ndizazzo/dev/mesh/issue1393-q4-snapshot-20260930/target/release/xtask, 20434 MiB
 02:48:03 up 7 days, 10:39,  6 users,  load average: 1.53, 1.65, 1.63
2026-10-01T02:48:05-04:00
96 %, 20871 MiB, 2925 MHz, 13801 MHz, 93.39 W, 33
0 %, 20 MiB, 210 MHz, 405 MHz, 22.13 W, 29
1883646, /home/ndizazzo/dev/mesh/issue1393-q4-snapshot-20260930/target/release/xtask, 20434 MiB
 02:48:05 up 7 days, 10:39,  6 users,  load average: 1.53, 1.65, 1.63
2026-10-01T02:48:07-04:00
89 %, 20871 MiB, 2925 MHz, 13801 MHz, 93.35 W, 33
0 %, 20 MiB, 210 MHz, 405 MHz, 21.13 W, 28
1883646, /home/ndizazzo/dev/mesh/issue1393-q4-snapshot-20260930/target/release/xtask, 20434 MiB
 02:48:07 up 7 days, 10:39,  6 users,  load average: 1.57, 1.66, 1.64
2026-10-01T02:48:09-04:00
95 %, 20871 MiB, 2925 MHz, 13801 MHz, 92.89 W, 34
0 %, 20 MiB, 210 MHz, 405 MHz, 21.07 W, 28
1883646, /home/ndizazzo/dev/mesh/issue1393-q4-snapshot-20260930/target/release/xtask, 20434 MiB
 02:48:09 up 7 days, 10:39,  6 users,  load average: 1.57, 1.66, 1.64
2026-10-01T02:48:11-04:00
91 %, 20871 MiB, 2925 MHz, 13801 MHz, 93.10 W, 34
0 %, 20 MiB, 210 MHz, 405 MHz, 27.45 W, 29
1883646, /home/ndizazzo/dev/mesh/issue1393-q4-snapshot-20260930/target/release/xtask, 20434 MiB
 02:48:11 up 7 days, 10:39,  6 users,  load average: 1.52, 1.65, 1.63
2026-10-01T02:48:13-04:00
97 %, 20871 MiB, 2925 MHz, 13801 MHz, 92.95 W, 33
0 %, 20 MiB, 210 MHz, 405 MHz, 21.61 W, 28
1883646, /home/ndizazzo/dev/mesh/issue1393-q4-snapshot-20260930/target/release/xtask, 20434 MiB
 02:48:13 up 7 days, 10:39,  6 users,  load average: 1.52, 1.65, 1.63
2026-10-01T02:48:15-04:00
97 %, 20871 MiB, 2925 MHz, 13801 MHz, 94.82 W, 34
0 %, 20 MiB, 210 MHz, 405 MHz, 21.26 W, 28
1883646, /home/ndizazzo/dev/mesh/issue1393-q4-snapshot-20260930/target/release/xtask, 20434 MiB
 02:48:15 up 7 days, 10:39,  6 users,  load average: 1.56, 1.65, 1.64
2026-10-01T02:48:17-04:00
95 %, 20871 MiB, 2925 MHz, 13801 MHz, 96.71 W, 33
0 %, 20 MiB, 210 MHz, 405 MHz, 23.76 W, 29
1883646, /home/ndizazzo/dev/mesh/issue1393-q4-snapshot-20260930/target/release/xtask, 20434 MiB
 02:48:17 up 7 days, 10:39,  6 users,  load average: 1.56, 1.65, 1.64
2026-10-01T02:48:19-04:00
92 %, 20871 MiB, 2925 MHz, 13801 MHz, 93.93 W, 33
0 %, 20 MiB, 210 MHz, 405 MHz, 22.16 W, 29
1883646, /home/ndizazzo/dev/mesh/issue1393-q4-snapshot-20260930/target/release/xtask, 20434 MiB
 02:48:19 up 7 days, 10:39,  6 users,  load average: 1.56, 1.65, 1.64
2026-10-01T02:48:21-04:00
95 %, 20871 MiB, 2925 MHz, 13801 MHz, 93.98 W, 33
0 %, 20 MiB, 210 MHz, 405 MHz, 21.02 W, 28
1883646, /home/ndizazzo/dev/mesh/issue1393-q4-snapshot-20260930/target/release/xtask, 20434 MiB
 02:48:21 up 7 days, 10:39,  6 users,  load average: 1.52, 1.64, 1.63
2026-10-01T02:48:23-04:00
100 %, 20871 MiB, 2925 MHz, 13801 MHz, 93.47 W, 33
1 %, 20 MiB, 210 MHz, 405 MHz, 21.03 W, 28
1883646, /home/ndizazzo/dev/mesh/issue1393-q4-snapshot-20260930/target/release/xtask, 20434 MiB
 02:48:24 up 7 days, 10:39,  6 users,  load average: 1.52, 1.64, 1.63
2026-10-01T02:48:26-04:00
100 %, 20871 MiB, 2925 MHz, 13801 MHz, 92.32 W, 33
0 %, 20 MiB, 210 MHz, 405 MHz, 21.64 W, 29
1883646, /home/ndizazzo/dev/mesh/issue1393-q4-snapshot-20260930/target/release/xtask, 20434 MiB
 02:48:26 up 7 days, 10:39,  6 users,  load average: 1.56, 1.65, 1.63
2026-10-01T02:48:28-04:00
92 %, 20871 MiB, 2925 MHz, 13801 MHz, 92.87 W, 34
0 %, 20 MiB, 210 MHz, 405 MHz, 21.06 W, 28
1883646, /home/ndizazzo/dev/mesh/issue1393-q4-snapshot-20260930/target/release/xtask, 20434 MiB
 02:48:28 up 7 days, 10:39,  6 users,  load average: 1.56, 1.65, 1.63
2026-10-01T02:48:30-04:00
96 %, 20871 MiB, 2925 MHz, 13801 MHz, 93.39 W, 34
0 %, 20 MiB, 210 MHz, 405 MHz, 21.13 W, 28
1883646, /home/ndizazzo/dev/mesh/issue1393-q4-snapshot-20260930/target/release/xtask, 20434 MiB
 02:48:30 up 7 days, 10:39,  6 users,  load average: 1.56, 1.65, 1.63
2026-10-01T02:48:32-04:00
94 %, 20871 MiB, 2925 MHz, 13801 MHz, 92.83 W, 33
0 %, 20 MiB, 210 MHz, 405 MHz, 24.04 W, 29
1883646, /home/ndizazzo/dev/mesh/issue1393-q4-snapshot-20260930/target/release/xtask, 20434 MiB
 02:48:32 up 7 days, 10:39,  6 users,  load average: 1.51, 1.64, 1.63
2026-10-01T02:48:34-04:00
96 %, 20871 MiB, 2925 MHz, 13801 MHz, 93.76 W, 33
0 %, 20 MiB, 210 MHz, 405 MHz, 21.66 W, 29
1883646, /home/ndizazzo/dev/mesh/issue1393-q4-snapshot-20260930/target/release/xtask, 20434 MiB
 02:48:34 up 7 days, 10:39,  6 users,  load average: 1.51, 1.64, 1.63
2026-10-01T02:48:36-04:00
92 %, 20871 MiB, 2925 MHz, 13801 MHz, 94.54 W, 33
0 %, 20 MiB, 210 MHz, 405 MHz, 21.04 W, 28
1883646, /home/ndizazzo/dev/mesh/issue1393-q4-snapshot-20260930/target/release/xtask, 20434 MiB
 02:48:36 up 7 days, 10:39,  6 users,  load average: 1.55, 1.64, 1.63
2026-10-01T02:48:38-04:00
100 %, 20871 MiB, 2925 MHz, 13801 MHz, 93.85 W, 33
0 %, 20 MiB, 210 MHz, 405 MHz, 21.10 W, 28
1883646, /home/ndizazzo/dev/mesh/issue1393-q4-snapshot-20260930/target/release/xtask, 20434 MiB
 02:48:38 up 7 days, 10:39,  6 users,  load average: 1.55, 1.64, 1.63
2026-10-01T02:48:40-04:00
100 %, 20871 MiB, 2925 MHz, 13801 MHz, 93.47 W, 33
0 %, 20 MiB, 210 MHz, 405 MHz, 27.50 W, 29
1883646, /home/ndizazzo/dev/mesh/issue1393-q4-snapshot-20260930/target/release/xtask, 20434 MiB
 02:48:40 up 7 days, 10:39,  6 users,  load average: 1.55, 1.64, 1.63
2026-10-01T02:48:42-04:00
95 %, 20871 MiB, 2925 MHz, 13801 MHz, 94.02 W, 34
0 %, 20 MiB, 210 MHz, 405 MHz, 21.00 W, 28
1883646, /home/ndizazzo/dev/mesh/issue1393-q4-snapshot-20260930/target/release/xtask, 20434 MiB
 02:48:42 up 7 days, 10:39,  6 users,  load average: 1.59, 1.65, 1.64
2026-10-01T02:48:44-04:00
98 %, 20871 MiB, 2925 MHz, 13801 MHz, 93.34 W, 34
0 %, 20 MiB, 210 MHz, 405 MHz, 21.14 W, 28
1883646, /home/ndizazzo/dev/mesh/issue1393-q4-snapshot-20260930/target/release/xtask, 20434 MiB
 02:48:44 up 7 days, 10:39,  6 users,  load average: 1.59, 1.65, 1.64
2026-10-01T02:48:46-04:00
100 %, 20871 MiB, 2925 MHz, 13801 MHz, 94.15 W, 34
0 %, 20 MiB, 210 MHz, 405 MHz, 26.97 W, 29
1883646, /home/ndizazzo/dev/mesh/issue1393-q4-snapshot-20260930/target/release/xtask, 20434 MiB
 02:48:46 up 7 days, 10:39,  6 users,  load average: 1.54, 1.64, 1.63
2026-10-01T02:48:48-04:00
96 %, 20871 MiB, 2925 MHz, 13801 MHz, 92.65 W, 33
0 %, 20 MiB, 210 MHz, 405 MHz, 21.07 W, 28
1883646, /home/ndizazzo/dev/mesh/issue1393-q4-snapshot-20260930/target/release/xtask, 20434 MiB
 02:48:48 up 7 days, 10:39,  6 users,  load average: 1.54, 1.64, 1.63
2026-10-01T02:48:50-04:00
87 %, 20871 MiB, 2925 MHz, 13801 MHz, 92.11 W, 34
0 %, 20 MiB, 210 MHz, 405 MHz, 21.05 W, 28
1883646, /home/ndizazzo/dev/mesh/issue1393-q4-snapshot-20260930/target/release/xtask, 20434 MiB
 02:48:50 up 7 days, 10:39,  6 users,  load average: 1.58, 1.64, 1.64
2026-10-01T02:48:52-04:00
96 %, 20871 MiB, 2925 MHz, 13801 MHz, 92.90 W, 34
0 %, 20 MiB, 210 MHz, 405 MHz, 21.12 W, 28
1883646, /home/ndizazzo/dev/mesh/issue1393-q4-snapshot-20260930/target/release/xtask, 20434 MiB
 02:48:52 up 7 days, 10:39,  6 users,  load average: 1.58, 1.64, 1.64
2026-10-01T02:48:54-04:00
96 %, 20871 MiB, 2925 MHz, 13801 MHz, 93.68 W, 33
0 %, 20 MiB, 210 MHz, 405 MHz, 27.28 W, 29
1883646, /home/ndizazzo/dev/mesh/issue1393-q4-snapshot-20260930/target/release/xtask, 20434 MiB
 02:48:54 up 7 days, 10:39,  6 users,  load average: 1.58, 1.64, 1.64
2026-10-01T02:48:56-04:00
93 %, 20871 MiB, 2925 MHz, 13801 MHz, 93.93 W, 34
0 %, 20 MiB, 210 MHz, 405 MHz, 21.05 W, 28
1883646, /home/ndizazzo/dev/mesh/issue1393-q4-snapshot-20260930/target/release/xtask, 20434 MiB
 02:48:57 up 7 days, 10:39,  6 users,  load average: 1.61, 1.65, 1.64
2026-10-01T02:48:59-04:00
96 %, 20871 MiB, 2925 MHz, 13801 MHz, 93.76 W, 33
0 %, 20 MiB, 210 MHz, 405 MHz, 21.10 W, 28
1883646, /home/ndizazzo/dev/mesh/issue1393-q4-snapshot-20260930/target/release/xtask, 20434 MiB
 02:48:59 up 7 days, 10:40,  6 users,  load average: 1.61, 1.65, 1.64
2026-10-01T02:49:01-04:00
100 %, 20871 MiB, 2925 MHz, 13801 MHz, 92.86 W, 33
0 %, 20 MiB, 210 MHz, 405 MHz, 27.45 W, 29
1883646, /home/ndizazzo/dev/mesh/issue1393-q4-snapshot-20260930/target/release/xtask, 20434 MiB
 02:49:01 up 7 days, 10:40,  6 users,  load average: 1.64, 1.66, 1.64
2026-10-01T02:49:03-04:00
100 %, 20871 MiB, 2925 MHz, 13801 MHz, 92.52 W, 34
0 %, 20 MiB, 210 MHz, 405 MHz, 21.34 W, 28
1883646, /home/ndizazzo/dev/mesh/issue1393-q4-snapshot-20260930/target/release/xtask, 20434 MiB
 02:49:03 up 7 days, 10:40,  6 users,  load average: 1.64, 1.66, 1.64
2026-10-01T02:49:05-04:00
92 %, 20871 MiB, 2925 MHz, 13801 MHz, 92.38 W, 33
0 %, 20 MiB, 210 MHz, 405 MHz, 21.09 W, 28
1883646, /home/ndizazzo/dev/mesh/issue1393-q4-snapshot-20260930/target/release/xtask, 20434 MiB
 02:49:05 up 7 days, 10:40,  6 users,  load average: 1.64, 1.66, 1.64
2026-10-01T02:49:07-04:00
96 %, 20871 MiB, 2925 MHz, 13801 MHz, 92.93 W, 33
0 %, 20 MiB, 210 MHz, 405 MHz, 21.21 W, 28
1883646, /home/ndizazzo/dev/mesh/issue1393-q4-snapshot-20260930/target/release/xtask, 20434 MiB
 02:49:07 up 7 days, 10:40,  6 users,  load average: 1.67, 1.66, 1.64
2026-10-01T02:49:09-04:00
92 %, 20871 MiB, 2925 MHz, 13801 MHz, 93.00 W, 34
0 %, 20 MiB, 210 MHz, 405 MHz, 22.13 W, 29
1883646, /home/ndizazzo/dev/mesh/issue1393-q4-snapshot-20260930/target/release/xtask, 20434 MiB
 02:49:09 up 7 days, 10:40,  6 users,  load average: 1.67, 1.66, 1.64
2026-10-01T02:49:11-04:00
97 %, 20871 MiB, 2925 MHz, 13801 MHz, 93.80 W, 34
0 %, 20 MiB, 210 MHz, 405 MHz, 21.12 W, 28
1883646, /home/ndizazzo/dev/mesh/issue1393-q4-snapshot-20260930/target/release/xtask, 20434 MiB
 02:49:11 up 7 days, 10:40,  6 users,  load average: 1.62, 1.65, 1.64
2026-10-01T02:49:13-04:00
95 %, 20871 MiB, 2925 MHz, 13801 MHz, 94.52 W, 33
0 %, 20 MiB, 210 MHz, 405 MHz, 21.21 W, 28
1883646, /home/ndizazzo/dev/mesh/issue1393-q4-snapshot-20260930/target/release/xtask, 20434 MiB
 02:49:13 up 7 days, 10:40,  6 users,  load average: 1.62, 1.65, 1.64
2026-10-01T02:49:15-04:00
100 %, 20871 MiB, 2925 MHz, 13801 MHz, 92.30 W, 33
0 %, 20 MiB, 210 MHz, 405 MHz, 27.45 W, 29
1883646, /home/ndizazzo/dev/mesh/issue1393-q4-snapshot-20260930/target/release/xtask, 20434 MiB
 02:49:15 up 7 days, 10:40,  6 users,  load average: 1.62, 1.65, 1.64
