2026-09-30T16:36:59-04:00
100 %, 429 MiB, 195 MHz, 405 MHz, 12.65 W, 30
0 %, 17 MiB, 210 MHz, 405 MHz, 21.83 W, 27
 16:36:59 up 7 days, 28 min,  6 users,  load average: 1.12, 0.59, 0.36
2026-09-30T16:37:01-04:00
0 %, 429 MiB, 600 MHz, 7001 MHz, 38.17 W, 30
0 %, 17 MiB, 210 MHz, 405 MHz, 20.92 W, 27
 16:37:01 up 7 days, 28 min,  6 users,  load average: 1.12, 0.59, 0.36
2026-09-30T16:37:03-04:00
0 %, 429 MiB, 255 MHz, 7001 MHz, 24.75 W, 30
1 %, 17 MiB, 210 MHz, 405 MHz, 21.18 W, 27
 16:37:03 up 7 days, 28 min,  6 users,  load average: 1.12, 0.59, 0.36
2026-09-30T16:37:05-04:00
0 %, 429 MiB, 232 MHz, 810 MHz, 8.74 W, 30
0 %, 17 MiB, 210 MHz, 405 MHz, 22.24 W, 27
 16:37:05 up 7 days, 28 min,  6 users,  load average: 1.11, 0.60, 0.37
2026-09-30T16:37:07-04:00
0 %, 429 MiB, 232 MHz, 405 MHz, 5.17 W, 30
0 %, 17 MiB, 210 MHz, 405 MHz, 21.03 W, 27
 16:37:07 up 7 days, 28 min,  6 users,  load average: 1.11, 0.60, 0.37
2026-09-30T16:37:09-04:00
0 %, 429 MiB, 232 MHz, 405 MHz, 5.59 W, 30
0 %, 17 MiB, 210 MHz, 405 MHz, 20.95 W, 27
 16:37:09 up 7 days, 28 min,  6 users,  load average: 1.10, 0.61, 0.37
2026-09-30T16:37:11-04:00
0 %, 429 MiB, 232 MHz, 405 MHz, 5.41 W, 30
0 %, 17 MiB, 210 MHz, 405 MHz, 27.05 W, 27
 16:37:11 up 7 days, 28 min,  6 users,  load average: 1.10, 0.61, 0.37
2026-09-30T16:37:13-04:00
0 %, 429 MiB, 232 MHz, 405 MHz, 5.09 W, 30
0 %, 17 MiB, 210 MHz, 405 MHz, 21.90 W, 27
 16:37:13 up 7 days, 28 min,  6 users,  load average: 1.09, 0.61, 0.37
2026-09-30T16:37:15-04:00
0 %, 429 MiB, 232 MHz, 405 MHz, 5.20 W, 30
0 %, 17 MiB, 210 MHz, 405 MHz, 20.88 W, 27
 16:37:15 up 7 days, 28 min,  6 users,  load average: 1.09, 0.61, 0.37
2026-09-30T16:37:17-04:00
0 %, 429 MiB, 262 MHz, 405 MHz, 5.81 W, 30
0 %, 17 MiB, 210 MHz, 405 MHz, 21.94 W, 27
 16:37:17 up 7 days, 28 min,  6 users,  load average: 1.09, 0.61, 0.37
2026-09-30T16:37:19-04:00
0 %, 429 MiB, 232 MHz, 405 MHz, 5.26 W, 30
0 %, 17 MiB, 210 MHz, 405 MHz, 21.69 W, 27
 16:37:19 up 7 days, 28 min,  6 users,  load average: 1.09, 0.62, 0.38
2026-09-30T16:37:22-04:00
0 %, 429 MiB, 232 MHz, 405 MHz, 5.84 W, 30
0 %, 17 MiB, 210 MHz, 405 MHz, 20.95 W, 27
 16:37:22 up 7 days, 28 min,  6 users,  load average: 1.09, 0.62, 0.38
2026-09-30T16:37:24-04:00
0 %, 429 MiB, 232 MHz, 405 MHz, 5.33 W, 30
0 %, 17 MiB, 210 MHz, 405 MHz, 21.02 W, 27
 16:37:24 up 7 days, 28 min,  6 users,  load average: 1.08, 0.63, 0.38
2026-09-30T16:37:26-04:00
0 %, 429 MiB, 232 MHz, 405 MHz, 5.26 W, 30
0 %, 17 MiB, 210 MHz, 405 MHz, 27.52 W, 27
 16:37:26 up 7 days, 28 min,  6 users,  load average: 1.08, 0.63, 0.38
2026-09-30T16:37:28-04:00
0 %, 429 MiB, 232 MHz, 405 MHz, 5.64 W, 29
0 %, 17 MiB, 210 MHz, 405 MHz, 21.34 W, 27
 16:37:28 up 7 days, 28 min,  6 users,  load average: 1.08, 0.63, 0.38
2026-09-30T16:37:30-04:00
0 %, 429 MiB, 232 MHz, 405 MHz, 5.53 W, 30
0 %, 17 MiB, 210 MHz, 405 MHz, 21.06 W, 27
 16:37:30 up 7 days, 28 min,  6 users,  load average: 1.07, 0.63, 0.38
2026-09-30T16:37:32-04:00
0 %, 429 MiB, 232 MHz, 405 MHz, 5.61 W, 29
0 %, 17 MiB, 210 MHz, 405 MHz, 22.60 W, 27
 16:37:32 up 7 days, 28 min,  6 users,  load average: 1.07, 0.63, 0.38
2026-09-30T16:37:34-04:00
0 %, 429 MiB, 232 MHz, 405 MHz, 5.47 W, 29
0 %, 17 MiB, 210 MHz, 405 MHz, 22.13 W, 27
 16:37:34 up 7 days, 28 min,  6 users,  load average: 1.07, 0.64, 0.39
2026-09-30T16:37:36-04:00
0 %, 429 MiB, 232 MHz, 405 MHz, 5.95 W, 30
0 %, 17 MiB, 210 MHz, 405 MHz, 20.84 W, 27
 16:37:36 up 7 days, 28 min,  6 users,  load average: 1.07, 0.64, 0.39
2026-09-30T16:37:38-04:00
0 %, 429 MiB, 232 MHz, 405 MHz, 5.28 W, 30
0 %, 17 MiB, 210 MHz, 405 MHz, 20.94 W, 27
 16:37:38 up 7 days, 28 min,  6 users,  load average: 1.06, 0.65, 0.39
2026-09-30T16:37:40-04:00
0 %, 429 MiB, 232 MHz, 405 MHz, 5.22 W, 30
0 %, 17 MiB, 210 MHz, 405 MHz, 27.40 W, 27
 16:37:40 up 7 days, 28 min,  6 users,  load average: 1.06, 0.65, 0.39
2026-09-30T16:37:42-04:00
0 %, 429 MiB, 232 MHz, 405 MHz, 5.65 W, 29
0 %, 17 MiB, 210 MHz, 405 MHz, 21.23 W, 27
 16:37:42 up 7 days, 28 min,  6 users,  load average: 1.06, 0.65, 0.39
2026-09-30T16:37:44-04:00
0 %, 429 MiB, 232 MHz, 405 MHz, 5.40 W, 30
0 %, 17 MiB, 210 MHz, 405 MHz, 20.98 W, 27
 16:37:44 up 7 days, 28 min,  6 users,  load average: 1.06, 0.65, 0.39
2026-09-30T16:37:46-04:00
0 %, 429 MiB, 232 MHz, 405 MHz, 5.73 W, 30
0 %, 17 MiB, 210 MHz, 405 MHz, 23.27 W, 27
 16:37:46 up 7 days, 28 min,  6 users,  load average: 1.06, 0.65, 0.39
2026-09-30T16:37:48-04:00
0 %, 429 MiB, 232 MHz, 405 MHz, 5.67 W, 29
0 %, 17 MiB, 210 MHz, 405 MHz, 21.75 W, 27
 16:37:49 up 7 days, 28 min,  6 users,  load average: 1.05, 0.66, 0.40
2026-09-30T16:37:51-04:00
0 %, 429 MiB, 232 MHz, 405 MHz, 5.47 W, 30
0 %, 17 MiB, 210 MHz, 405 MHz, 21.08 W, 27
 16:37:51 up 7 days, 28 min,  6 users,  load average: 1.05, 0.66, 0.40
2026-09-30T16:37:53-04:00
0 %, 429 MiB, 232 MHz, 405 MHz, 5.31 W, 30
0 %, 17 MiB, 210 MHz, 405 MHz, 21.08 W, 27
 16:37:53 up 7 days, 28 min,  6 users,  load average: 1.05, 0.66, 0.40
2026-09-30T16:37:55-04:00
100 %, 1761 MiB, 2730 MHz, 13801 MHz, 72.14 W, 31
0 %, 20 MiB, 210 MHz, 405 MHz, 28.66 W, 27
1594990, /home/ndizazzo/dev/mesh/issue1393-q4-snapshot-20260930/target/release/xtask, 1324 MiB
 16:37:55 up 7 days, 28 min,  6 users,  load average: 0.97, 0.65, 0.40
2026-09-30T16:37:57-04:00
100 %, 1761 MiB, 2925 MHz, 13801 MHz, 91.15 W, 32
0 %, 20 MiB, 210 MHz, 405 MHz, 21.20 W, 27
1594990, /home/ndizazzo/dev/mesh/issue1393-q4-snapshot-20260930/target/release/xtask, 1324 MiB
 16:37:57 up 7 days, 29 min,  6 users,  load average: 0.97, 0.65, 0.40
2026-09-30T16:37:59-04:00
100 %, 1761 MiB, 2925 MHz, 13801 MHz, 90.93 W, 32
0 %, 20 MiB, 210 MHz, 405 MHz, 21.02 W, 27
1594990, /home/ndizazzo/dev/mesh/issue1393-q4-snapshot-20260930/target/release/xtask, 1324 MiB
 16:37:59 up 7 days, 29 min,  6 users,  load average: 1.05, 0.67, 0.40
2026-09-30T16:38:01-04:00
100 %, 1761 MiB, 2925 MHz, 13801 MHz, 90.03 W, 32
0 %, 20 MiB, 210 MHz, 405 MHz, 24.01 W, 27
1594990, /home/ndizazzo/dev/mesh/issue1393-q4-snapshot-20260930/target/release/xtask, 1324 MiB
 16:38:01 up 7 days, 29 min,  6 users,  load average: 1.05, 0.67, 0.40
2026-09-30T16:38:03-04:00
100 %, 1761 MiB, 2925 MHz, 13801 MHz, 90.64 W, 32
0 %, 20 MiB, 210 MHz, 405 MHz, 22.05 W, 27
1594990, /home/ndizazzo/dev/mesh/issue1393-q4-snapshot-20260930/target/release/xtask, 1324 MiB
 16:38:03 up 7 days, 29 min,  6 users,  load average: 1.05, 0.67, 0.40
2026-09-30T16:38:05-04:00
100 %, 1761 MiB, 2925 MHz, 13801 MHz, 90.53 W, 32
0 %, 20 MiB, 210 MHz, 405 MHz, 21.14 W, 27
1594990, /home/ndizazzo/dev/mesh/issue1393-q4-snapshot-20260930/target/release/xtask, 1324 MiB
 16:38:05 up 7 days, 29 min,  6 users,  load average: 1.21, 0.71, 0.42
2026-09-30T16:38:07-04:00
100 %, 1761 MiB, 2925 MHz, 13801 MHz, 88.65 W, 32
0 %, 20 MiB, 210 MHz, 405 MHz, 21.25 W, 27
1594990, /home/ndizazzo/dev/mesh/issue1393-q4-snapshot-20260930/target/release/xtask, 1324 MiB
 16:38:07 up 7 days, 29 min,  6 users,  load average: 1.21, 0.71, 0.42
2026-09-30T16:38:09-04:00
100 %, 1761 MiB, 2925 MHz, 13801 MHz, 91.17 W, 32
0 %, 20 MiB, 210 MHz, 405 MHz, 27.45 W, 27
1594990, /home/ndizazzo/dev/mesh/issue1393-q4-snapshot-20260930/target/release/xtask, 1324 MiB
 16:38:09 up 7 days, 29 min,  6 users,  load average: 1.27, 0.73, 0.43
2026-09-30T16:38:11-04:00
100 %, 1761 MiB, 2925 MHz, 13801 MHz, 91.04 W, 32
0 %, 20 MiB, 210 MHz, 405 MHz, 21.26 W, 27
1594990, /home/ndizazzo/dev/mesh/issue1393-q4-snapshot-20260930/target/release/xtask, 1324 MiB
 16:38:11 up 7 days, 29 min,  6 users,  load average: 1.27, 0.73, 0.43
2026-09-30T16:38:13-04:00
100 %, 1761 MiB, 2925 MHz, 13801 MHz, 91.24 W, 32
0 %, 20 MiB, 210 MHz, 405 MHz, 21.20 W, 27
1594990, /home/ndizazzo/dev/mesh/issue1393-q4-snapshot-20260930/target/release/xtask, 1324 MiB
 16:38:13 up 7 days, 29 min,  6 users,  load average: 1.33, 0.75, 0.44
2026-09-30T16:38:15-04:00
100 %, 1761 MiB, 2925 MHz, 13801 MHz, 90.98 W, 32
0 %, 20 MiB, 210 MHz, 405 MHz, 22.83 W, 27
1594990, /home/ndizazzo/dev/mesh/issue1393-q4-snapshot-20260930/target/release/xtask, 1324 MiB
 16:38:15 up 7 days, 29 min,  6 users,  load average: 1.33, 0.75, 0.44
2026-09-30T16:38:17-04:00
100 %, 1761 MiB, 2925 MHz, 13801 MHz, 90.70 W, 32
0 %, 20 MiB, 210 MHz, 405 MHz, 22.49 W, 27
1594990, /home/ndizazzo/dev/mesh/issue1393-q4-snapshot-20260930/target/release/xtask, 1324 MiB
 16:38:17 up 7 days, 29 min,  6 users,  load average: 1.33, 0.75, 0.44
2026-09-30T16:38:19-04:00
0 %, 463 MiB, 2925 MHz, 14001 MHz, 85.61 W, 32
0 %, 20 MiB, 210 MHz, 405 MHz, 21.26 W, 27
 16:38:19 up 7 days, 29 min,  6 users,  load average: 1.38, 0.77, 0.44
2026-09-30T16:38:21-04:00
0 %, 463 MiB, 1042 MHz, 810 MHz, 46.54 W, 30
0 %, 20 MiB, 210 MHz, 405 MHz, 22.37 W, 27
 16:38:22 up 7 days, 29 min,  6 users,  load average: 1.38, 0.77, 0.44
2026-09-30T16:38:24-04:00
0 %, 463 MiB, 285 MHz, 405 MHz, 6.63 W, 30
0 %, 20 MiB, 210 MHz, 405 MHz, 26.42 W, 28
 16:38:24 up 7 days, 29 min,  6 users,  load average: 1.35, 0.78, 0.45
2026-09-30T16:38:26-04:00
0 %, 463 MiB, 232 MHz, 405 MHz, 5.63 W, 30
0 %, 20 MiB, 210 MHz, 405 MHz, 21.37 W, 27
 16:38:26 up 7 days, 29 min,  6 users,  load average: 1.35, 0.78, 0.45
2026-09-30T16:38:28-04:00
0 %, 463 MiB, 232 MHz, 405 MHz, 5.85 W, 30
0 %, 20 MiB, 210 MHz, 405 MHz, 21.08 W, 27
 16:38:28 up 7 days, 29 min,  6 users,  load average: 1.35, 0.78, 0.45
2026-09-30T16:38:30-04:00
0 %, 463 MiB, 232 MHz, 405 MHz, 5.43 W, 30
0 %, 20 MiB, 210 MHz, 405 MHz, 23.23 W, 27
 16:38:30 up 7 days, 29 min,  6 users,  load average: 1.32, 0.78, 0.45
2026-09-30T16:38:32-04:00
0 %, 463 MiB, 232 MHz, 405 MHz, 5.02 W, 30
0 %, 20 MiB, 210 MHz, 405 MHz, 21.15 W, 27
 16:38:32 up 7 days, 29 min,  6 users,  load average: 1.32, 0.78, 0.45
2026-09-30T16:38:34-04:00
0 %, 463 MiB, 232 MHz, 405 MHz, 5.58 W, 30
0 %, 20 MiB, 210 MHz, 405 MHz, 21.08 W, 27
 16:38:34 up 7 days, 29 min,  6 users,  load average: 1.30, 0.79, 0.45
2026-09-30T16:38:36-04:00
0 %, 463 MiB, 232 MHz, 405 MHz, 5.58 W, 30
0 %, 20 MiB, 210 MHz, 405 MHz, 21.08 W, 27
 16:38:36 up 7 days, 29 min,  6 users,  load average: 1.30, 0.79, 0.45
2026-09-30T16:38:38-04:00
0 %, 463 MiB, 232 MHz, 405 MHz, 5.59 W, 30
0 %, 20 MiB, 210 MHz, 405 MHz, 27.64 W, 27
 16:38:38 up 7 days, 29 min,  6 users,  load average: 1.27, 0.79, 0.46
2026-09-30T16:38:40-04:00
0 %, 463 MiB, 232 MHz, 405 MHz, 5.85 W, 30
0 %, 20 MiB, 210 MHz, 405 MHz, 21.51 W, 27
 16:38:40 up 7 days, 29 min,  6 users,  load average: 1.27, 0.79, 0.46
2026-09-30T16:38:42-04:00
0 %, 463 MiB, 232 MHz, 405 MHz, 5.28 W, 30
0 %, 20 MiB, 210 MHz, 405 MHz, 21.09 W, 27
 16:38:42 up 7 days, 29 min,  6 users,  load average: 1.27, 0.79, 0.46
2026-09-30T16:38:44-04:00
0 %, 463 MiB, 232 MHz, 405 MHz, 5.44 W, 30
0 %, 20 MiB, 210 MHz, 405 MHz, 23.80 W, 27
 16:38:44 up 7 days, 29 min,  6 users,  load average: 1.25, 0.79, 0.46
2026-09-30T16:38:46-04:00
0 %, 463 MiB, 232 MHz, 405 MHz, 5.46 W, 30
0 %, 20 MiB, 210 MHz, 405 MHz, 21.38 W, 27
 16:38:46 up 7 days, 29 min,  6 users,  load average: 1.25, 0.79, 0.46
2026-09-30T16:38:48-04:00
0 %, 463 MiB, 232 MHz, 405 MHz, 5.21 W, 30
0 %, 20 MiB, 210 MHz, 405 MHz, 21.07 W, 27
 16:38:48 up 7 days, 29 min,  6 users,  load average: 1.23, 0.80, 0.46
2026-09-30T16:38:50-04:00
0 %, 463 MiB, 255 MHz, 405 MHz, 5.61 W, 30
1 %, 20 MiB, 210 MHz, 405 MHz, 21.11 W, 27
 16:38:51 up 7 days, 29 min,  6 users,  load average: 1.23, 0.80, 0.46
2026-09-30T16:38:53-04:00
0 %, 463 MiB, 232 MHz, 405 MHz, 5.55 W, 30
0 %, 20 MiB, 210 MHz, 405 MHz, 21.88 W, 27
 16:38:53 up 7 days, 29 min,  6 users,  load average: 1.23, 0.80, 0.46
2026-09-30T16:38:55-04:00
0 %, 463 MiB, 232 MHz, 405 MHz, 5.41 W, 30
0 %, 20 MiB, 210 MHz, 405 MHz, 21.01 W, 27
 16:38:55 up 7 days, 29 min,  6 users,  load average: 1.21, 0.80, 0.47
2026-09-30T16:38:57-04:00
0 %, 463 MiB, 232 MHz, 405 MHz, 5.58 W, 30
0 %, 20 MiB, 210 MHz, 405 MHz, 21.08 W, 27
 16:38:57 up 7 days, 30 min,  6 users,  load average: 1.21, 0.80, 0.47
2026-09-30T16:38:59-04:00
0 %, 463 MiB, 240 MHz, 405 MHz, 5.95 W, 30
0 %, 20 MiB, 210 MHz, 405 MHz, 24.09 W, 28
 16:38:59 up 7 days, 30 min,  6 users,  load average: 1.19, 0.80, 0.47
2026-09-30T16:39:01-04:00
0 %, 463 MiB, 240 MHz, 405 MHz, 5.40 W, 30
0 %, 20 MiB, 210 MHz, 405 MHz, 20.97 W, 27
 16:39:01 up 7 days, 30 min,  6 users,  load average: 1.19, 0.80, 0.47
2026-09-30T16:39:03-04:00
0 %, 463 MiB, 232 MHz, 405 MHz, 5.61 W, 30
0 %, 20 MiB, 210 MHz, 405 MHz, 20.98 W, 27
 16:39:03 up 7 days, 30 min,  6 users,  load average: 1.19, 0.80, 0.47
2026-09-30T16:39:05-04:00
0 %, 463 MiB, 255 MHz, 405 MHz, 5.69 W, 30
0 %, 20 MiB, 210 MHz, 405 MHz, 21.87 W, 28
 16:39:05 up 7 days, 30 min,  6 users,  load average: 1.18, 0.81, 0.47
2026-09-30T16:39:07-04:00
0 %, 463 MiB, 232 MHz, 405 MHz, 5.33 W, 30
0 %, 20 MiB, 210 MHz, 405 MHz, 22.12 W, 28
 16:39:07 up 7 days, 30 min,  6 users,  load average: 1.18, 0.81, 0.47
2026-09-30T16:39:09-04:00
0 %, 463 MiB, 232 MHz, 405 MHz, 5.65 W, 30
0 %, 20 MiB, 210 MHz, 405 MHz, 20.89 W, 27
 16:39:09 up 7 days, 30 min,  6 users,  load average: 1.16, 0.81, 0.48
2026-09-30T16:39:11-04:00
0 %, 463 MiB, 232 MHz, 405 MHz, 5.73 W, 30
0 %, 20 MiB, 210 MHz, 405 MHz, 20.94 W, 27
 16:39:11 up 7 days, 30 min,  6 users,  load average: 1.16, 0.81, 0.48
2026-09-30T16:39:13-04:00
2 %, 1759 MiB, 232 MHz, 13801 MHz, 12.19 W, 31
0 %, 20 MiB, 210 MHz, 405 MHz, 27.32 W, 28
1594990, /home/ndizazzo/dev/mesh/issue1393-q4-snapshot-20260930/target/release/xtask, 1322 MiB
 16:39:13 up 7 days, 30 min,  6 users,  load average: 1.15, 0.81, 0.48
2026-09-30T16:39:15-04:00
100 %, 1761 MiB, 2925 MHz, 13801 MHz, 91.54 W, 32
0 %, 20 MiB, 210 MHz, 405 MHz, 22.20 W, 28
1594990, /home/ndizazzo/dev/mesh/issue1393-q4-snapshot-20260930/target/release/xtask, 1324 MiB
 16:39:15 up 7 days, 30 min,  6 users,  load average: 1.15, 0.81, 0.48
2026-09-30T16:39:17-04:00
100 %, 1761 MiB, 2925 MHz, 13801 MHz, 91.19 W, 32
0 %, 20 MiB, 210 MHz, 405 MHz, 21.27 W, 27
1594990, /home/ndizazzo/dev/mesh/issue1393-q4-snapshot-20260930/target/release/xtask, 1324 MiB
 16:39:17 up 7 days, 30 min,  6 users,  load average: 1.15, 0.81, 0.48
2026-09-30T16:39:19-04:00
100 %, 1761 MiB, 2925 MHz, 13801 MHz, 91.07 W, 32
0 %, 20 MiB, 210 MHz, 405 MHz, 23.10 W, 28
1594990, /home/ndizazzo/dev/mesh/issue1393-q4-snapshot-20260930/target/release/xtask, 1324 MiB
 16:39:19 up 7 days, 30 min,  6 users,  load average: 1.22, 0.83, 0.49
2026-09-30T16:39:21-04:00
100 %, 1761 MiB, 2925 MHz, 13801 MHz, 90.81 W, 32
0 %, 20 MiB, 210 MHz, 405 MHz, 22.01 W, 28
1594990, /home/ndizazzo/dev/mesh/issue1393-q4-snapshot-20260930/target/release/xtask, 1324 MiB
 16:39:22 up 7 days, 30 min,  6 users,  load average: 1.22, 0.83, 0.49
2026-09-30T16:39:24-04:00
100 %, 1761 MiB, 2925 MHz, 13801 MHz, 90.95 W, 32
0 %, 20 MiB, 210 MHz, 405 MHz, 21.37 W, 27
1594990, /home/ndizazzo/dev/mesh/issue1393-q4-snapshot-20260930/target/release/xtask, 1324 MiB
 16:39:24 up 7 days, 30 min,  6 users,  load average: 1.28, 0.85, 0.50
2026-09-30T16:39:26-04:00
100 %, 1761 MiB, 2925 MHz, 13801 MHz, 90.57 W, 32
0 %, 20 MiB, 210 MHz, 405 MHz, 21.27 W, 27
1594990, /home/ndizazzo/dev/mesh/issue1393-q4-snapshot-20260930/target/release/xtask, 1324 MiB
 16:39:26 up 7 days, 30 min,  6 users,  load average: 1.28, 0.85, 0.50
2026-09-30T16:39:28-04:00
100 %, 1761 MiB, 2925 MHz, 13801 MHz, 91.15 W, 32
0 %, 20 MiB, 210 MHz, 405 MHz, 27.43 W, 28
1594990, /home/ndizazzo/dev/mesh/issue1393-q4-snapshot-20260930/target/release/xtask, 1324 MiB
 16:39:28 up 7 days, 30 min,  6 users,  load average: 1.28, 0.85, 0.50
2026-09-30T16:39:30-04:00
100 %, 1761 MiB, 2925 MHz, 13801 MHz, 90.98 W, 32
0 %, 20 MiB, 210 MHz, 405 MHz, 21.48 W, 27
1594990, /home/ndizazzo/dev/mesh/issue1393-q4-snapshot-20260930/target/release/xtask, 1324 MiB
 16:39:30 up 7 days, 30 min,  6 users,  load average: 1.34, 0.87, 0.50
2026-09-30T16:39:32-04:00
100 %, 1761 MiB, 2925 MHz, 13801 MHz, 90.55 W, 32
0 %, 20 MiB, 210 MHz, 405 MHz, 21.12 W, 27
1594990, /home/ndizazzo/dev/mesh/issue1393-q4-snapshot-20260930/target/release/xtask, 1324 MiB
 16:39:32 up 7 days, 30 min,  6 users,  load average: 1.34, 0.87, 0.50
2026-09-30T16:39:34-04:00
100 %, 1761 MiB, 2925 MHz, 13801 MHz, 90.73 W, 32
0 %, 20 MiB, 210 MHz, 405 MHz, 23.46 W, 28
1594990, /home/ndizazzo/dev/mesh/issue1393-q4-snapshot-20260930/target/release/xtask, 1324 MiB
 16:39:34 up 7 days, 30 min,  6 users,  load average: 1.39, 0.89, 0.51
2026-09-30T16:39:36-04:00
100 %, 1761 MiB, 2925 MHz, 13801 MHz, 91.73 W, 32
0 %, 20 MiB, 210 MHz, 405 MHz, 22.11 W, 28
1594990, /home/ndizazzo/dev/mesh/issue1393-q4-snapshot-20260930/target/release/xtask, 1324 MiB
 16:39:36 up 7 days, 30 min,  6 users,  load average: 1.39, 0.89, 0.51
2026-09-30T16:39:38-04:00
100 %, 1761 MiB, 2925 MHz, 13801 MHz, 90.47 W, 32
0 %, 20 MiB, 210 MHz, 405 MHz, 21.12 W, 27
1594990, /home/ndizazzo/dev/mesh/issue1393-q4-snapshot-20260930/target/release/xtask, 1324 MiB
 16:39:38 up 7 days, 30 min,  6 users,  load average: 1.39, 0.89, 0.51
2026-09-30T16:39:40-04:00
0 %, 429 MiB, 2925 MHz, 14001 MHz, 66.49 W, 31
0 %, 17 MiB, 210 MHz, 405 MHz, 28.69 W, 28
 16:39:40 up 7 days, 30 min,  6 users,  load average: 1.44, 0.91, 0.52
2026-09-30T16:39:42-04:00
0 %, 429 MiB, 405 MHz, 810 MHz, 11.12 W, 30
0 %, 17 MiB, 210 MHz, 405 MHz, 25.18 W, 28
 16:39:42 up 7 days, 30 min,  6 users,  load average: 1.44, 0.91, 0.52
2026-09-30T16:39:44-04:00
0 %, 429 MiB, 232 MHz, 405 MHz, 5.13 W, 30
0 %, 17 MiB, 210 MHz, 405 MHz, 21.12 W, 27
 16:39:44 up 7 days, 30 min,  6 users,  load average: 1.41, 0.91, 0.52
2026-09-30T16:39:46-04:00
0 %, 429 MiB, 232 MHz, 405 MHz, 5.35 W, 30
0 %, 17 MiB, 210 MHz, 405 MHz, 21.04 W, 27
 16:39:46 up 7 days, 30 min,  6 users,  load average: 1.41, 0.91, 0.52
2026-09-30T16:39:48-04:00
0 %, 429 MiB, 255 MHz, 405 MHz, 5.43 W, 30
0 %, 17 MiB, 210 MHz, 405 MHz, 22.17 W, 28
 16:39:48 up 7 days, 30 min,  6 users,  load average: 1.37, 0.91, 0.53
2026-09-30T16:39:50-04:00
0 %, 429 MiB, 232 MHz, 405 MHz, 5.33 W, 30
0 %, 17 MiB, 210 MHz, 405 MHz, 22.35 W, 28
 16:39:50 up 7 days, 30 min,  6 users,  load average: 1.37, 0.91, 0.53
2026-09-30T16:39:52-04:00
0 %, 429 MiB, 232 MHz, 405 MHz, 5.15 W, 30
0 %, 17 MiB, 210 MHz, 405 MHz, 21.12 W, 27
 16:39:52 up 7 days, 30 min,  6 users,  load average: 1.37, 0.91, 0.53
2026-09-30T16:39:54-04:00
0 %, 429 MiB, 232 MHz, 405 MHz, 5.44 W, 30
0 %, 17 MiB, 210 MHz, 405 MHz, 21.17 W, 27
 16:39:55 up 7 days, 30 min,  6 users,  load average: 1.34, 0.91, 0.53
2026-09-30T16:39:57-04:00
0 %, 429 MiB, 232 MHz, 405 MHz, 5.15 W, 30
0 %, 17 MiB, 210 MHz, 405 MHz, 27.16 W, 28
 16:39:57 up 7 days, 31 min,  6 users,  load average: 1.34, 0.91, 0.53
2026-09-30T16:39:59-04:00
0 %, 429 MiB, 232 MHz, 405 MHz, 5.37 W, 30
0 %, 17 MiB, 210 MHz, 405 MHz, 21.36 W, 27
 16:39:59 up 7 days, 31 min,  6 users,  load average: 1.32, 0.92, 0.53
2026-09-30T16:40:01-04:00
0 %, 429 MiB, 232 MHz, 405 MHz, 5.36 W, 30
0 %, 17 MiB, 210 MHz, 405 MHz, 21.12 W, 27
 16:40:01 up 7 days, 31 min,  6 users,  load average: 1.32, 0.92, 0.53
2026-09-30T16:40:03-04:00
0 %, 429 MiB, 232 MHz, 405 MHz, 5.24 W, 30
0 %, 17 MiB, 210 MHz, 405 MHz, 22.84 W, 28
 16:40:03 up 7 days, 31 min,  6 users,  load average: 1.32, 0.92, 0.53
2026-09-30T16:40:05-04:00
0 %, 429 MiB, 232 MHz, 405 MHz, 5.39 W, 30
0 %, 17 MiB, 210 MHz, 405 MHz, 21.93 W, 28
 16:40:05 up 7 days, 31 min,  6 users,  load average: 1.29, 0.92, 0.53
2026-09-30T16:40:07-04:00
0 %, 429 MiB, 232 MHz, 405 MHz, 5.67 W, 30
0 %, 17 MiB, 210 MHz, 405 MHz, 20.92 W, 27
 16:40:07 up 7 days, 31 min,  6 users,  load average: 1.29, 0.92, 0.53
2026-09-30T16:40:09-04:00
0 %, 429 MiB, 232 MHz, 405 MHz, 5.60 W, 30
0 %, 17 MiB, 210 MHz, 405 MHz, 21.06 W, 27
 16:40:09 up 7 days, 31 min,  6 users,  load average: 1.27, 0.92, 0.54
2026-09-30T16:40:11-04:00
0 %, 429 MiB, 232 MHz, 405 MHz, 5.59 W, 30
0 %, 17 MiB, 210 MHz, 405 MHz, 27.53 W, 28
 16:40:11 up 7 days, 31 min,  6 users,  load average: 1.27, 0.92, 0.54
2026-09-30T16:40:13-04:00
0 %, 429 MiB, 232 MHz, 405 MHz, 5.64 W, 30
0 %, 17 MiB, 210 MHz, 405 MHz, 21.10 W, 27
 16:40:13 up 7 days, 31 min,  6 users,  load average: 1.25, 0.92, 0.54
2026-09-30T16:40:15-04:00
0 %, 429 MiB, 232 MHz, 405 MHz, 5.35 W, 30
0 %, 17 MiB, 210 MHz, 405 MHz, 21.01 W, 27
 16:40:15 up 7 days, 31 min,  6 users,  load average: 1.25, 0.92, 0.54
2026-09-30T16:40:17-04:00
0 %, 429 MiB, 232 MHz, 405 MHz, 5.51 W, 30
0 %, 17 MiB, 210 MHz, 405 MHz, 23.37 W, 28
 16:40:17 up 7 days, 31 min,  6 users,  load average: 1.25, 0.92, 0.54
2026-09-30T16:40:19-04:00
0 %, 429 MiB, 232 MHz, 405 MHz, 5.30 W, 30
0 %, 17 MiB, 210 MHz, 405 MHz, 21.30 W, 27
 16:40:19 up 7 days, 31 min,  6 users,  load average: 1.22, 0.92, 0.54
2026-09-30T16:40:21-04:00
0 %, 429 MiB, 240 MHz, 405 MHz, 5.28 W, 30
0 %, 17 MiB, 210 MHz, 405 MHz, 21.05 W, 27
 16:40:21 up 7 days, 31 min,  6 users,  load average: 1.22, 0.92, 0.54
2026-09-30T16:40:23-04:00
0 %, 429 MiB, 232 MHz, 405 MHz, 5.73 W, 30
0 %, 17 MiB, 210 MHz, 405 MHz, 21.08 W, 27
 16:40:24 up 7 days, 31 min,  6 users,  load average: 1.21, 0.92, 0.55
2026-09-30T16:40:26-04:00
0 %, 429 MiB, 232 MHz, 405 MHz, 5.66 W, 30
0 %, 17 MiB, 210 MHz, 405 MHz, 27.30 W, 28
 16:40:26 up 7 days, 31 min,  6 users,  load average: 1.21, 0.92, 0.55
2026-09-30T16:40:28-04:00
0 %, 429 MiB, 232 MHz, 405 MHz, 5.31 W, 30
0 %, 17 MiB, 210 MHz, 405 MHz, 21.21 W, 28
 16:40:28 up 7 days, 31 min,  6 users,  load average: 1.21, 0.92, 0.55
2026-09-30T16:40:30-04:00
0 %, 429 MiB, 232 MHz, 405 MHz, 5.71 W, 30
0 %, 17 MiB, 210 MHz, 405 MHz, 21.00 W, 28
 16:40:30 up 7 days, 31 min,  6 users,  load average: 1.19, 0.93, 0.55
2026-09-30T16:40:32-04:00
0 %, 429 MiB, 232 MHz, 405 MHz, 5.52 W, 30
0 %, 17 MiB, 210 MHz, 405 MHz, 23.84 W, 28
 16:40:32 up 7 days, 31 min,  6 users,  load average: 1.19, 0.93, 0.55
2026-09-30T16:40:34-04:00
4 %, 1759 MiB, 2737 MHz, 13801 MHz, 46.03 W, 31
0 %, 20 MiB, 210 MHz, 405 MHz, 28.70 W, 28
1595992, /home/ndizazzo/dev/mesh/issue1393-q4-snapshot-20260930/target/release/xtask, 1322 MiB
 16:40:34 up 7 days, 31 min,  6 users,  load average: 1.17, 0.93, 0.55
2026-09-30T16:40:36-04:00
100 %, 1761 MiB, 2925 MHz, 13801 MHz, 72.93 W, 32
0 %, 20 MiB, 210 MHz, 405 MHz, 21.14 W, 28
1595992, /home/ndizazzo/dev/mesh/issue1393-q4-snapshot-20260930/target/release/xtask, 1324 MiB
 16:40:36 up 7 days, 31 min,  6 users,  load average: 1.17, 0.93, 0.55
2026-09-30T16:40:38-04:00
100 %, 1761 MiB, 2925 MHz, 13801 MHz, 90.86 W, 32
1 %, 20 MiB, 210 MHz, 405 MHz, 21.35 W, 28
1595992, /home/ndizazzo/dev/mesh/issue1393-q4-snapshot-20260930/target/release/xtask, 1324 MiB
 16:40:38 up 7 days, 31 min,  6 users,  load average: 1.17, 0.93, 0.55
2026-09-30T16:40:40-04:00
100 %, 1761 MiB, 2925 MHz, 13801 MHz, 90.83 W, 32
0 %, 20 MiB, 210 MHz, 405 MHz, 22.48 W, 28
1595992, /home/ndizazzo/dev/mesh/issue1393-q4-snapshot-20260930/target/release/xtask, 1324 MiB
 16:40:40 up 7 days, 31 min,  6 users,  load average: 1.24, 0.94, 0.56
2026-09-30T16:40:42-04:00
100 %, 1761 MiB, 2925 MHz, 13801 MHz, 91.07 W, 33
0 %, 20 MiB, 210 MHz, 405 MHz, 21.20 W, 28
1595992, /home/ndizazzo/dev/mesh/issue1393-q4-snapshot-20260930/target/release/xtask, 1324 MiB
 16:40:42 up 7 days, 31 min,  6 users,  load average: 1.24, 0.94, 0.56
2026-09-30T16:40:44-04:00
100 %, 1761 MiB, 2925 MHz, 13801 MHz, 90.83 W, 32
0 %, 20 MiB, 210 MHz, 405 MHz, 21.25 W, 28
1595992, /home/ndizazzo/dev/mesh/issue1393-q4-snapshot-20260930/target/release/xtask, 1324 MiB
 16:40:44 up 7 days, 31 min,  6 users,  load average: 1.30, 0.96, 0.57
2026-09-30T16:40:46-04:00
100 %, 1761 MiB, 2925 MHz, 13801 MHz, 91.02 W, 32
0 %, 20 MiB, 210 MHz, 405 MHz, 27.00 W, 28
1595992, /home/ndizazzo/dev/mesh/issue1393-q4-snapshot-20260930/target/release/xtask, 1324 MiB
 16:40:46 up 7 days, 31 min,  6 users,  load average: 1.30, 0.96, 0.57
2026-09-30T16:40:48-04:00
100 %, 1761 MiB, 2925 MHz, 13801 MHz, 93.62 W, 32
0 %, 20 MiB, 210 MHz, 405 MHz, 22.26 W, 28
1595992, /home/ndizazzo/dev/mesh/issue1393-q4-snapshot-20260930/target/release/xtask, 1324 MiB
 16:40:48 up 7 days, 31 min,  6 users,  load average: 1.36, 0.98, 0.57
2026-09-30T16:40:50-04:00
100 %, 1761 MiB, 2925 MHz, 13801 MHz, 90.79 W, 33
0 %, 20 MiB, 210 MHz, 405 MHz, 21.14 W, 28
1595992, /home/ndizazzo/dev/mesh/issue1393-q4-snapshot-20260930/target/release/xtask, 1324 MiB
 16:40:50 up 7 days, 31 min,  6 users,  load average: 1.36, 0.98, 0.57
2026-09-30T16:40:52-04:00
100 %, 1761 MiB, 2925 MHz, 13801 MHz, 90.83 W, 32
0 %, 20 MiB, 210 MHz, 405 MHz, 22.12 W, 28
1595992, /home/ndizazzo/dev/mesh/issue1393-q4-snapshot-20260930/target/release/xtask, 1324 MiB
 16:40:52 up 7 days, 31 min,  6 users,  load average: 1.36, 0.98, 0.57
2026-09-30T16:40:54-04:00
100 %, 1761 MiB, 2925 MHz, 13801 MHz, 90.50 W, 32
0 %, 20 MiB, 210 MHz, 405 MHz, 22.08 W, 28
1595992, /home/ndizazzo/dev/mesh/issue1393-q4-snapshot-20260930/target/release/xtask, 1324 MiB
 16:40:54 up 7 days, 31 min,  6 users,  load average: 1.41, 1.00, 0.58
2026-09-30T16:40:56-04:00
100 %, 1761 MiB, 2925 MHz, 13801 MHz, 90.50 W, 32
0 %, 20 MiB, 210 MHz, 405 MHz, 21.23 W, 27
1595992, /home/ndizazzo/dev/mesh/issue1393-q4-snapshot-20260930/target/release/xtask, 1324 MiB
 16:40:57 up 7 days, 32 min,  6 users,  load average: 1.41, 1.00, 0.58
2026-09-30T16:40:59-04:00
100 %, 1761 MiB, 2925 MHz, 13801 MHz, 90.65 W, 32
0 %, 20 MiB, 210 MHz, 405 MHz, 21.39 W, 27
1595992, /home/ndizazzo/dev/mesh/issue1393-q4-snapshot-20260930/target/release/xtask, 1324 MiB
 16:40:59 up 7 days, 32 min,  6 users,  load average: 1.46, 1.01, 0.59
2026-09-30T16:41:01-04:00
0 %, 463 MiB, 2925 MHz, 14001 MHz, 66.42 W, 32
0 %, 20 MiB, 210 MHz, 405 MHz, 27.88 W, 28
 16:41:01 up 7 days, 32 min,  6 users,  load average: 1.46, 1.01, 0.59
2026-09-30T16:41:03-04:00
0 %, 463 MiB, 405 MHz, 810 MHz, 12.23 W, 30
0 %, 20 MiB, 210 MHz, 405 MHz, 21.41 W, 27
 16:41:03 up 7 days, 32 min,  6 users,  load average: 1.46, 1.01, 0.59
2026-09-30T16:41:05-04:00
0 %, 463 MiB, 195 MHz, 405 MHz, 5.72 W, 30
0 %, 20 MiB, 210 MHz, 405 MHz, 21.00 W, 27
 16:41:05 up 7 days, 32 min,  6 users,  load average: 1.42, 1.01, 0.59
2026-09-30T16:41:07-04:00
0 %, 463 MiB, 210 MHz, 405 MHz, 5.81 W, 30
0 %, 20 MiB, 210 MHz, 405 MHz, 21.03 W, 27
 16:41:07 up 7 days, 32 min,  6 users,  load average: 1.42, 1.01, 0.59
2026-09-30T16:41:09-04:00
0 %, 463 MiB, 195 MHz, 405 MHz, 5.29 W, 30
0 %, 20 MiB, 210 MHz, 405 MHz, 22.24 W, 28
 16:41:09 up 7 days, 32 min,  6 users,  load average: 1.39, 1.01, 0.60
2026-09-30T16:41:11-04:00
0 %, 463 MiB, 195 MHz, 405 MHz, 5.20 W, 30
0 %, 20 MiB, 210 MHz, 405 MHz, 21.01 W, 27
 16:41:11 up 7 days, 32 min,  6 users,  load average: 1.39, 1.01, 0.60
2026-09-30T16:41:13-04:00
0 %, 463 MiB, 195 MHz, 405 MHz, 5.13 W, 30
0 %, 20 MiB, 210 MHz, 405 MHz, 21.03 W, 27
 16:41:13 up 7 days, 32 min,  6 users,  load average: 1.44, 1.03, 0.60
2026-09-30T16:41:15-04:00
0 %, 463 MiB, 187 MHz, 405 MHz, 5.29 W, 30
0 %, 20 MiB, 210 MHz, 405 MHz, 27.31 W, 28
 16:41:15 up 7 days, 32 min,  6 users,  load average: 1.44, 1.03, 0.60
2026-09-30T16:41:17-04:00
0 %, 463 MiB, 195 MHz, 405 MHz, 5.45 W, 30
0 %, 20 MiB, 210 MHz, 405 MHz, 21.24 W, 27
 16:41:17 up 7 days, 32 min,  6 users,  load average: 1.44, 1.03, 0.60
2026-09-30T16:41:19-04:00
0 %, 463 MiB, 195 MHz, 405 MHz, 5.34 W, 30
0 %, 20 MiB, 210 MHz, 405 MHz, 20.99 W, 27
 16:41:19 up 7 days, 32 min,  6 users,  load average: 1.40, 1.03, 0.61
2026-09-30T16:41:21-04:00
0 %, 463 MiB, 210 MHz, 405 MHz, 5.33 W, 30
1 %, 20 MiB, 210 MHz, 405 MHz, 21.05 W, 27
 16:41:21 up 7 days, 32 min,  6 users,  load average: 1.40, 1.03, 0.61
2026-09-30T16:41:23-04:00
0 %, 463 MiB, 195 MHz, 405 MHz, 5.55 W, 30
0 %, 20 MiB, 210 MHz, 405 MHz, 21.68 W, 28
 16:41:23 up 7 days, 32 min,  6 users,  load average: 1.37, 1.03, 0.61
2026-09-30T16:41:25-04:00
0 %, 463 MiB, 195 MHz, 405 MHz, 4.94 W, 30
0 %, 20 MiB, 210 MHz, 405 MHz, 20.89 W, 27
 16:41:25 up 7 days, 32 min,  6 users,  load average: 1.37, 1.03, 0.61
2026-09-30T16:41:27-04:00
0 %, 463 MiB, 195 MHz, 405 MHz, 5.26 W, 30
0 %, 20 MiB, 210 MHz, 405 MHz, 20.99 W, 28
 16:41:28 up 7 days, 32 min,  6 users,  load average: 1.37, 1.03, 0.61
2026-09-30T16:41:30-04:00
0 %, 463 MiB, 195 MHz, 405 MHz, 5.51 W, 30
0 %, 20 MiB, 210 MHz, 405 MHz, 27.66 W, 28
 16:41:30 up 7 days, 32 min,  6 users,  load average: 1.34, 1.03, 0.61
2026-09-30T16:41:32-04:00
0 %, 463 MiB, 195 MHz, 405 MHz, 5.08 W, 30
0 %, 20 MiB, 210 MHz, 405 MHz, 21.20 W, 27
 16:41:32 up 7 days, 32 min,  6 users,  load average: 1.34, 1.03, 0.61
2026-09-30T16:41:34-04:00
0 %, 463 MiB, 195 MHz, 405 MHz, 5.31 W, 30
0 %, 20 MiB, 210 MHz, 405 MHz, 20.90 W, 28
 16:41:34 up 7 days, 32 min,  6 users,  load average: 1.31, 1.03, 0.61
2026-09-30T16:41:36-04:00
0 %, 463 MiB, 195 MHz, 405 MHz, 5.86 W, 30
0 %, 20 MiB, 210 MHz, 405 MHz, 21.84 W, 28
 16:41:36 up 7 days, 32 min,  6 users,  load average: 1.31, 1.03, 0.61
2026-09-30T16:41:38-04:00
0 %, 463 MiB, 195 MHz, 405 MHz, 5.57 W, 30
0 %, 20 MiB, 210 MHz, 405 MHz, 21.97 W, 28
 16:41:38 up 7 days, 32 min,  6 users,  load average: 1.31, 1.03, 0.61
2026-09-30T16:41:40-04:00
0 %, 463 MiB, 195 MHz, 405 MHz, 5.51 W, 30
0 %, 20 MiB, 210 MHz, 405 MHz, 20.93 W, 28
 16:41:40 up 7 days, 32 min,  6 users,  load average: 1.29, 1.03, 0.62
2026-09-30T16:41:42-04:00
0 %, 463 MiB, 195 MHz, 405 MHz, 5.48 W, 30
0 %, 20 MiB, 210 MHz, 405 MHz, 20.97 W, 28
 16:41:42 up 7 days, 32 min,  6 users,  load average: 1.29, 1.03, 0.62
2026-09-30T16:41:44-04:00
0 %, 463 MiB, 195 MHz, 405 MHz, 5.41 W, 30
0 %, 20 MiB, 210 MHz, 405 MHz, 27.50 W, 28
 16:41:44 up 7 days, 32 min,  6 users,  load average: 1.26, 1.03, 0.62
2026-09-30T16:41:46-04:00
0 %, 463 MiB, 195 MHz, 405 MHz, 5.19 W, 30
0 %, 20 MiB, 210 MHz, 405 MHz, 21.17 W, 28
 16:41:46 up 7 days, 32 min,  6 users,  load average: 1.26, 1.03, 0.62
2026-09-30T16:41:48-04:00
0 %, 463 MiB, 195 MHz, 405 MHz, 5.38 W, 30
0 %, 20 MiB, 210 MHz, 405 MHz, 21.03 W, 28
 16:41:48 up 7 days, 32 min,  6 users,  load average: 1.24, 1.03, 0.62
2026-09-30T16:41:50-04:00
0 %, 463 MiB, 195 MHz, 405 MHz, 5.48 W, 30
0 %, 20 MiB, 210 MHz, 405 MHz, 22.62 W, 28
 16:41:50 up 7 days, 32 min,  6 users,  load average: 1.24, 1.03, 0.62
2026-09-30T16:41:52-04:00
0 %, 463 MiB, 195 MHz, 405 MHz, 5.61 W, 30
0 %, 20 MiB, 210 MHz, 405 MHz, 22.22 W, 28
 16:41:52 up 7 days, 32 min,  6 users,  load average: 1.24, 1.03, 0.62
2026-09-30T16:41:54-04:00
0 %, 1759 MiB, 2542 MHz, 13801 MHz, 52.52 W, 31
0 %, 20 MiB, 210 MHz, 405 MHz, 26.59 W, 28
1595992, /home/ndizazzo/dev/mesh/issue1393-q4-snapshot-20260930/target/release/xtask, 1322 MiB
 16:41:54 up 7 days, 32 min,  6 users,  load average: 1.22, 1.03, 0.62
2026-09-30T16:41:56-04:00
100 %, 1761 MiB, 2925 MHz, 13801 MHz, 91.59 W, 32
0 %, 20 MiB, 210 MHz, 405 MHz, 21.29 W, 28
1595992, /home/ndizazzo/dev/mesh/issue1393-q4-snapshot-20260930/target/release/xtask, 1324 MiB
 16:41:57 up 7 days, 33 min,  6 users,  load average: 1.22, 1.03, 0.62
2026-09-30T16:41:59-04:00
100 %, 1761 MiB, 2925 MHz, 13801 MHz, 91.43 W, 33
0 %, 20 MiB, 210 MHz, 405 MHz, 24.88 W, 28
1595992, /home/ndizazzo/dev/mesh/issue1393-q4-snapshot-20260930/target/release/xtask, 1324 MiB
 16:41:59 up 7 days, 33 min,  6 users,  load average: 1.28, 1.04, 0.63
2026-09-30T16:42:01-04:00
100 %, 1761 MiB, 2925 MHz, 13801 MHz, 91.44 W, 33
0 %, 20 MiB, 210 MHz, 405 MHz, 21.49 W, 28
1595992, /home/ndizazzo/dev/mesh/issue1393-q4-snapshot-20260930/target/release/xtask, 1324 MiB
 16:42:01 up 7 days, 33 min,  6 users,  load average: 1.28, 1.04, 0.63
2026-09-30T16:42:03-04:00
100 %, 1761 MiB, 2925 MHz, 13801 MHz, 92.20 W, 33
0 %, 20 MiB, 210 MHz, 405 MHz, 21.25 W, 28
1595992, /home/ndizazzo/dev/mesh/issue1393-q4-snapshot-20260930/target/release/xtask, 1324 MiB
 16:42:03 up 7 days, 33 min,  6 users,  load average: 1.28, 1.04, 0.63
2026-09-30T16:42:05-04:00
100 %, 1761 MiB, 2925 MHz, 13801 MHz, 91.87 W, 33
0 %, 20 MiB, 210 MHz, 405 MHz, 23.27 W, 28
1595992, /home/ndizazzo/dev/mesh/issue1393-q4-snapshot-20260930/target/release/xtask, 1324 MiB
 16:42:05 up 7 days, 33 min,  6 users,  load average: 1.26, 1.04, 0.63
2026-09-30T16:42:07-04:00
100 %, 1761 MiB, 2925 MHz, 13801 MHz, 92.01 W, 33
0 %, 20 MiB, 210 MHz, 405 MHz, 21.93 W, 28
1595992, /home/ndizazzo/dev/mesh/issue1393-q4-snapshot-20260930/target/release/xtask, 1324 MiB
 16:42:07 up 7 days, 33 min,  6 users,  load average: 1.26, 1.04, 0.63
2026-09-30T16:42:09-04:00
100 %, 1761 MiB, 2925 MHz, 13801 MHz, 92.15 W, 33
0 %, 20 MiB, 210 MHz, 405 MHz, 21.00 W, 28
1595992, /home/ndizazzo/dev/mesh/issue1393-q4-snapshot-20260930/target/release/xtask, 1324 MiB
 16:42:09 up 7 days, 33 min,  6 users,  load average: 1.32, 1.06, 0.64
2026-09-30T16:42:11-04:00
100 %, 1761 MiB, 2925 MHz, 13801 MHz, 91.87 W, 33
0 %, 20 MiB, 210 MHz, 405 MHz, 20.93 W, 28
1595992, /home/ndizazzo/dev/mesh/issue1393-q4-snapshot-20260930/target/release/xtask, 1324 MiB
 16:42:11 up 7 days, 33 min,  6 users,  load average: 1.32, 1.06, 0.64
2026-09-30T16:42:13-04:00
100 %, 1761 MiB, 2925 MHz, 13801 MHz, 91.66 W, 33
0 %, 20 MiB, 210 MHz, 405 MHz, 27.34 W, 28
1595992, /home/ndizazzo/dev/mesh/issue1393-q4-snapshot-20260930/target/release/xtask, 1324 MiB
 16:42:13 up 7 days, 33 min,  6 users,  load average: 1.32, 1.06, 0.64
2026-09-30T16:42:15-04:00
100 %, 1761 MiB, 2925 MHz, 13801 MHz, 92.11 W, 33
0 %, 20 MiB, 210 MHz, 405 MHz, 21.01 W, 28
1595992, /home/ndizazzo/dev/mesh/issue1393-q4-snapshot-20260930/target/release/xtask, 1324 MiB
 16:42:15 up 7 days, 33 min,  6 users,  load average: 1.38, 1.07, 0.65
2026-09-30T16:42:17-04:00
100 %, 1761 MiB, 2925 MHz, 13801 MHz, 92.35 W, 33
0 %, 20 MiB, 210 MHz, 405 MHz, 21.16 W, 28
1595992, /home/ndizazzo/dev/mesh/issue1393-q4-snapshot-20260930/target/release/xtask, 1324 MiB
 16:42:17 up 7 days, 33 min,  6 users,  load average: 1.38, 1.07, 0.65
2026-09-30T16:42:19-04:00
100 %, 429 MiB, 2925 MHz, 13801 MHz, 94.78 W, 33
0 %, 17 MiB, 210 MHz, 405 MHz, 23.79 W, 28
 16:42:19 up 7 days, 33 min,  6 users,  load average: 1.43, 1.09, 0.66
2026-09-30T16:42:21-04:00
0 %, 429 MiB, 2677 MHz, 14001 MHz, 64.00 W, 31
0 %, 17 MiB, 210 MHz, 405 MHz, 28.67 W, 28
 16:42:21 up 7 days, 33 min,  6 users,  load average: 1.43, 1.09, 0.66
2026-09-30T16:42:23-04:00
0 %, 429 MiB, 255 MHz, 810 MHz, 7.90 W, 30
0 %, 17 MiB, 210 MHz, 405 MHz, 21.30 W, 28
 16:42:23 up 7 days, 33 min,  6 users,  load average: 1.39, 1.09, 0.66
2026-09-30T16:42:25-04:00
0 %, 429 MiB, 195 MHz, 405 MHz, 6.14 W, 30
0 %, 17 MiB, 210 MHz, 405 MHz, 21.25 W, 28
 16:42:25 up 7 days, 33 min,  6 users,  load average: 1.39, 1.09, 0.66
2026-09-30T16:42:27-04:00
0 %, 429 MiB, 195 MHz, 405 MHz, 5.62 W, 30
0 %, 17 MiB, 210 MHz, 405 MHz, 21.95 W, 28
 16:42:27 up 7 days, 33 min,  6 users,  load average: 1.39, 1.09, 0.66
2026-09-30T16:42:29-04:00
0 %, 429 MiB, 195 MHz, 405 MHz, 5.55 W, 30
0 %, 17 MiB, 210 MHz, 405 MHz, 21.00 W, 28
 16:42:30 up 7 days, 33 min,  6 users,  load average: 1.36, 1.09, 0.66
2026-09-30T16:42:32-04:00
0 %, 429 MiB, 195 MHz, 405 MHz, 5.88 W, 30
0 %, 17 MiB, 210 MHz, 405 MHz, 21.02 W, 28
 16:42:32 up 7 days, 33 min,  6 users,  load average: 1.36, 1.09, 0.66
2026-09-30T16:42:34-04:00
0 %, 429 MiB, 195 MHz, 405 MHz, 5.99 W, 30
0 %, 17 MiB, 210 MHz, 405 MHz, 24.17 W, 28
 16:42:34 up 7 days, 33 min,  6 users,  load average: 1.33, 1.08, 0.66
2026-09-30T16:42:36-04:00
0 %, 429 MiB, 195 MHz, 405 MHz, 5.86 W, 30
0 %, 17 MiB, 210 MHz, 405 MHz, 21.93 W, 28
 16:42:36 up 7 days, 33 min,  6 users,  load average: 1.33, 1.08, 0.66
2026-09-30T16:42:38-04:00
0 %, 429 MiB, 195 MHz, 405 MHz, 5.90 W, 30
0 %, 17 MiB, 210 MHz, 405 MHz, 21.04 W, 28
 16:42:38 up 7 days, 33 min,  6 users,  load average: 1.33, 1.08, 0.66
2026-09-30T16:42:40-04:00
0 %, 429 MiB, 195 MHz, 405 MHz, 6.05 W, 30
0 %, 17 MiB, 210 MHz, 405 MHz, 21.75 W, 28
 16:42:40 up 7 days, 33 min,  6 users,  load average: 1.30, 1.08, 0.66
2026-09-30T16:42:42-04:00
0 %, 429 MiB, 195 MHz, 405 MHz, 5.39 W, 30
0 %, 17 MiB, 210 MHz, 405 MHz, 22.18 W, 28
 16:42:42 up 7 days, 33 min,  6 users,  load average: 1.30, 1.08, 0.66
2026-09-30T16:42:44-04:00
0 %, 429 MiB, 195 MHz, 405 MHz, 5.49 W, 30
0 %, 17 MiB, 210 MHz, 405 MHz, 20.90 W, 28
 16:42:44 up 7 days, 33 min,  6 users,  load average: 1.28, 1.08, 0.66
2026-09-30T16:42:46-04:00
0 %, 429 MiB, 195 MHz, 405 MHz, 5.83 W, 30
0 %, 17 MiB, 210 MHz, 405 MHz, 20.97 W, 28
 16:42:46 up 7 days, 33 min,  6 users,  load average: 1.28, 1.08, 0.66
2026-09-30T16:42:48-04:00
0 %, 429 MiB, 195 MHz, 405 MHz, 5.46 W, 30
0 %, 17 MiB, 210 MHz, 405 MHz, 27.31 W, 28
 16:42:48 up 7 days, 33 min,  6 users,  load average: 1.26, 1.08, 0.67
2026-09-30T16:42:50-04:00
0 %, 429 MiB, 195 MHz, 405 MHz, 5.30 W, 30
0 %, 17 MiB, 210 MHz, 405 MHz, 21.12 W, 28
 16:42:50 up 7 days, 33 min,  6 users,  load average: 1.26, 1.08, 0.67
2026-09-30T16:42:52-04:00
0 %, 429 MiB, 195 MHz, 405 MHz, 5.60 W, 30
0 %, 17 MiB, 210 MHz, 405 MHz, 20.90 W, 28
 16:42:52 up 7 days, 33 min,  6 users,  load average: 1.26, 1.08, 0.67
2026-09-30T16:42:54-04:00
0 %, 429 MiB, 210 MHz, 405 MHz, 5.68 W, 30
0 %, 17 MiB, 210 MHz, 405 MHz, 22.92 W, 28
 16:42:54 up 7 days, 33 min,  6 users,  load average: 1.24, 1.08, 0.67
2026-09-30T16:42:56-04:00
0 %, 429 MiB, 195 MHz, 405 MHz, 5.27 W, 30
0 %, 17 MiB, 210 MHz, 405 MHz, 21.79 W, 28
 16:42:56 up 7 days, 33 min,  6 users,  load average: 1.24, 1.08, 0.67
2026-09-30T16:42:58-04:00
0 %, 429 MiB, 195 MHz, 405 MHz, 5.73 W, 30
0 %, 17 MiB, 210 MHz, 405 MHz, 20.99 W, 28
 16:42:59 up 7 days, 34 min,  6 users,  load average: 1.22, 1.08, 0.67
2026-09-30T16:43:01-04:00
0 %, 429 MiB, 187 MHz, 405 MHz, 5.51 W, 30
0 %, 17 MiB, 210 MHz, 405 MHz, 21.02 W, 28
 16:43:01 up 7 days, 34 min,  6 users,  load average: 1.22, 1.08, 0.67
2026-09-30T16:43:03-04:00
0 %, 429 MiB, 195 MHz, 405 MHz, 5.29 W, 30
0 %, 17 MiB, 210 MHz, 405 MHz, 27.50 W, 28
 16:43:03 up 7 days, 34 min,  6 users,  load average: 1.22, 1.08, 0.67
2026-09-30T16:43:05-04:00
0 %, 429 MiB, 195 MHz, 405 MHz, 5.45 W, 30
0 %, 17 MiB, 210 MHz, 405 MHz, 21.36 W, 28
 16:43:05 up 7 days, 34 min,  6 users,  load average: 1.20, 1.08, 0.67
2026-09-30T16:43:07-04:00
0 %, 429 MiB, 195 MHz, 405 MHz, 5.41 W, 30
0 %, 17 MiB, 210 MHz, 405 MHz, 21.11 W, 28
 16:43:07 up 7 days, 34 min,  6 users,  load average: 1.20, 1.08, 0.67
2026-09-30T16:43:09-04:00
0 %, 429 MiB, 210 MHz, 405 MHz, 5.82 W, 30
0 %, 17 MiB, 210 MHz, 405 MHz, 23.46 W, 28
 16:43:09 up 7 days, 34 min,  6 users,  load average: 1.18, 1.07, 0.67
2026-09-30T16:43:11-04:00
0 %, 429 MiB, 195 MHz, 405 MHz, 5.77 W, 30
0 %, 17 MiB, 210 MHz, 405 MHz, 22.21 W, 28
 16:43:11 up 7 days, 34 min,  6 users,  load average: 1.18, 1.07, 0.67
2026-09-30T16:43:13-04:00
0 %, 431 MiB, 195 MHz, 405 MHz, 5.93 W, 30
0 %, 20 MiB, 210 MHz, 405 MHz, 21.09 W, 28
 16:43:13 up 7 days, 34 min,  6 users,  load average: 1.25, 1.09, 0.68
2026-09-30T16:43:15-04:00
100 %, 1761 MiB, 2685 MHz, 13801 MHz, 57.66 W, 32
0 %, 20 MiB, 690 MHz, 810 MHz, 31.10 W, 28
1596893, /home/ndizazzo/dev/mesh/issue1393-q4-snapshot-20260930/target/release/xtask, 1324 MiB
 16:43:15 up 7 days, 34 min,  6 users,  load average: 1.25, 1.09, 0.68
2026-09-30T16:43:17-04:00
100 %, 1761 MiB, 2925 MHz, 13801 MHz, 92.75 W, 33
0 %, 20 MiB, 210 MHz, 405 MHz, 27.31 W, 28
1596893, /home/ndizazzo/dev/mesh/issue1393-q4-snapshot-20260930/target/release/xtask, 1324 MiB
 16:43:17 up 7 days, 34 min,  6 users,  load average: 1.25, 1.09, 0.68
2026-09-30T16:43:19-04:00
100 %, 1761 MiB, 2925 MHz, 13801 MHz, 92.29 W, 33
0 %, 20 MiB, 210 MHz, 405 MHz, 21.36 W, 28
1596893, /home/ndizazzo/dev/mesh/issue1393-q4-snapshot-20260930/target/release/xtask, 1324 MiB
 16:43:19 up 7 days, 34 min,  6 users,  load average: 1.31, 1.10, 0.69
2026-09-30T16:43:21-04:00
100 %, 1761 MiB, 2925 MHz, 13801 MHz, 92.32 W, 33
0 %, 20 MiB, 210 MHz, 405 MHz, 21.19 W, 28
1596893, /home/ndizazzo/dev/mesh/issue1393-q4-snapshot-20260930/target/release/xtask, 1324 MiB
 16:43:21 up 7 days, 34 min,  6 users,  load average: 1.31, 1.10, 0.69
2026-09-30T16:43:23-04:00
100 %, 1761 MiB, 2925 MHz, 13801 MHz, 92.50 W, 33
0 %, 20 MiB, 210 MHz, 405 MHz, 24.08 W, 28
1596893, /home/ndizazzo/dev/mesh/issue1393-q4-snapshot-20260930/target/release/xtask, 1324 MiB
 16:43:24 up 7 days, 34 min,  6 users,  load average: 1.37, 1.12, 0.70
2026-09-30T16:43:26-04:00
100 %, 1761 MiB, 2925 MHz, 13801 MHz, 92.62 W, 33
0 %, 20 MiB, 210 MHz, 405 MHz, 21.76 W, 28
1596893, /home/ndizazzo/dev/mesh/issue1393-q4-snapshot-20260930/target/release/xtask, 1324 MiB
 16:43:26 up 7 days, 34 min,  6 users,  load average: 1.37, 1.12, 0.70
2026-09-30T16:43:28-04:00
100 %, 1761 MiB, 2925 MHz, 13801 MHz, 92.64 W, 33
0 %, 20 MiB, 210 MHz, 405 MHz, 21.07 W, 28
1596893, /home/ndizazzo/dev/mesh/issue1393-q4-snapshot-20260930/target/release/xtask, 1324 MiB
 16:43:28 up 7 days, 34 min,  6 users,  load average: 1.37, 1.12, 0.70
2026-09-30T16:43:30-04:00
100 %, 1761 MiB, 2925 MHz, 13801 MHz, 92.17 W, 33
0 %, 20 MiB, 210 MHz, 405 MHz, 21.18 W, 28
1596893, /home/ndizazzo/dev/mesh/issue1393-q4-snapshot-20260930/target/release/xtask, 1324 MiB
 16:43:30 up 7 days, 34 min,  6 users,  load average: 1.42, 1.13, 0.70
2026-09-30T16:43:32-04:00
100 %, 1761 MiB, 2925 MHz, 13801 MHz, 92.55 W, 33
0 %, 20 MiB, 210 MHz, 405 MHz, 27.66 W, 28
1596893, /home/ndizazzo/dev/mesh/issue1393-q4-snapshot-20260930/target/release/xtask, 1324 MiB
 16:43:32 up 7 days, 34 min,  6 users,  load average: 1.42, 1.13, 0.70
2026-09-30T16:43:34-04:00
100 %, 1761 MiB, 2925 MHz, 13801 MHz, 92.05 W, 33
0 %, 20 MiB, 210 MHz, 405 MHz, 21.53 W, 28
1596893, /home/ndizazzo/dev/mesh/issue1393-q4-snapshot-20260930/target/release/xtask, 1324 MiB
 16:43:34 up 7 days, 34 min,  6 users,  load average: 1.46, 1.15, 0.71
2026-09-30T16:43:36-04:00
100 %, 1761 MiB, 2925 MHz, 13801 MHz, 92.34 W, 33
0 %, 20 MiB, 210 MHz, 405 MHz, 21.22 W, 28
1596893, /home/ndizazzo/dev/mesh/issue1393-q4-snapshot-20260930/target/release/xtask, 1324 MiB
 16:43:36 up 7 days, 34 min,  6 users,  load average: 1.46, 1.15, 0.71
2026-09-30T16:43:38-04:00
100 %, 1761 MiB, 2925 MHz, 13801 MHz, 93.20 W, 33
0 %, 20 MiB, 210 MHz, 405 MHz, 27.14 W, 28
1596893, /home/ndizazzo/dev/mesh/issue1393-q4-snapshot-20260930/target/release/xtask, 1324 MiB
 16:43:38 up 7 days, 34 min,  6 users,  load average: 1.46, 1.15, 0.71
2026-09-30T16:43:40-04:00
100 %, 1761 MiB, 2925 MHz, 13801 MHz, 89.65 W, 33
0 %, 20 MiB, 210 MHz, 405 MHz, 21.99 W, 28
1596893, /home/ndizazzo/dev/mesh/issue1393-q4-snapshot-20260930/target/release/xtask, 1324 MiB
 16:43:40 up 7 days, 34 min,  6 users,  load average: 1.51, 1.16, 0.72
2026-09-30T16:43:42-04:00
100 %, 1761 MiB, 2925 MHz, 13801 MHz, 89.66 W, 33
0 %, 20 MiB, 210 MHz, 405 MHz, 21.12 W, 28
1596893, /home/ndizazzo/dev/mesh/issue1393-q4-snapshot-20260930/target/release/xtask, 1324 MiB
 16:43:42 up 7 days, 34 min,  6 users,  load average: 1.51, 1.16, 0.72
2026-09-30T16:43:44-04:00
100 %, 1761 MiB, 2925 MHz, 13801 MHz, 92.01 W, 33
0 %, 20 MiB, 210 MHz, 405 MHz, 21.18 W, 28
1596893, /home/ndizazzo/dev/mesh/issue1393-q4-snapshot-20260930/target/release/xtask, 1324 MiB
 16:43:44 up 7 days, 34 min,  6 users,  load average: 1.55, 1.18, 0.73
2026-09-30T16:43:46-04:00
100 %, 1761 MiB, 2925 MHz, 13801 MHz, 92.78 W, 33
0 %, 20 MiB, 210 MHz, 405 MHz, 27.28 W, 28
1596893, /home/ndizazzo/dev/mesh/issue1393-q4-snapshot-20260930/target/release/xtask, 1324 MiB
 16:43:46 up 7 days, 34 min,  6 users,  load average: 1.55, 1.18, 0.73
2026-09-30T16:43:48-04:00
100 %, 1761 MiB, 2925 MHz, 13801 MHz, 91.90 W, 33
0 %, 20 MiB, 210 MHz, 405 MHz, 21.17 W, 28
1596893, /home/ndizazzo/dev/mesh/issue1393-q4-snapshot-20260930/target/release/xtask, 1324 MiB
 16:43:48 up 7 days, 34 min,  6 users,  load average: 1.58, 1.19, 0.73
2026-09-30T16:43:50-04:00
100 %, 1761 MiB, 2925 MHz, 13801 MHz, 92.17 W, 33
0 %, 20 MiB, 210 MHz, 405 MHz, 21.17 W, 28
1596893, /home/ndizazzo/dev/mesh/issue1393-q4-snapshot-20260930/target/release/xtask, 1324 MiB
 16:43:50 up 7 days, 34 min,  6 users,  load average: 1.58, 1.19, 0.73
2026-09-30T16:43:52-04:00
100 %, 1761 MiB, 2925 MHz, 13801 MHz, 92.32 W, 33
0 %, 20 MiB, 210 MHz, 405 MHz, 23.48 W, 28
1596893, /home/ndizazzo/dev/mesh/issue1393-q4-snapshot-20260930/target/release/xtask, 1324 MiB
 16:43:52 up 7 days, 34 min,  6 users,  load average: 1.58, 1.19, 0.73
2026-09-30T16:43:54-04:00
100 %, 1761 MiB, 2925 MHz, 13801 MHz, 91.72 W, 33
0 %, 20 MiB, 210 MHz, 405 MHz, 22.42 W, 28
1596893, /home/ndizazzo/dev/mesh/issue1393-q4-snapshot-20260930/target/release/xtask, 1324 MiB
 16:43:54 up 7 days, 34 min,  6 users,  load average: 1.62, 1.20, 0.74
2026-09-30T16:43:56-04:00
100 %, 1761 MiB, 2925 MHz, 13801 MHz, 92.42 W, 33
0 %, 20 MiB, 210 MHz, 405 MHz, 21.12 W, 28
1596893, /home/ndizazzo/dev/mesh/issue1393-q4-snapshot-20260930/target/release/xtask, 1324 MiB
 16:43:56 up 7 days, 34 min,  6 users,  load average: 1.62, 1.20, 0.74
2026-09-30T16:43:58-04:00
100 %, 1761 MiB, 2925 MHz, 13801 MHz, 92.36 W, 33
0 %, 20 MiB, 210 MHz, 405 MHz, 21.13 W, 28
1596893, /home/ndizazzo/dev/mesh/issue1393-q4-snapshot-20260930/target/release/xtask, 1324 MiB
 16:43:58 up 7 days, 35 min,  6 users,  load average: 1.65, 1.22, 0.75
2026-09-30T16:44:00-04:00
100 %, 1761 MiB, 2925 MHz, 13801 MHz, 92.44 W, 33
0 %, 20 MiB, 210 MHz, 405 MHz, 27.18 W, 28
1596893, /home/ndizazzo/dev/mesh/issue1393-q4-snapshot-20260930/target/release/xtask, 1324 MiB
 16:44:01 up 7 days, 35 min,  6 users,  load average: 1.65, 1.22, 0.75
2026-09-30T16:44:03-04:00
100 %, 1761 MiB, 2925 MHz, 13801 MHz, 92.20 W, 33
0 %, 20 MiB, 210 MHz, 405 MHz, 21.41 W, 28
1596893, /home/ndizazzo/dev/mesh/issue1393-q4-snapshot-20260930/target/release/xtask, 1324 MiB
 16:44:03 up 7 days, 35 min,  6 users,  load average: 1.65, 1.22, 0.75
2026-09-30T16:44:05-04:00
100 %, 1761 MiB, 2925 MHz, 13801 MHz, 91.04 W, 33
0 %, 20 MiB, 210 MHz, 405 MHz, 21.12 W, 28
1596893, /home/ndizazzo/dev/mesh/issue1393-q4-snapshot-20260930/target/release/xtask, 1324 MiB
 16:44:05 up 7 days, 35 min,  6 users,  load average: 1.68, 1.23, 0.75
2026-09-30T16:44:07-04:00
100 %, 1761 MiB, 2925 MHz, 13801 MHz, 89.49 W, 33
0 %, 20 MiB, 210 MHz, 405 MHz, 23.83 W, 28
1596893, /home/ndizazzo/dev/mesh/issue1393-q4-snapshot-20260930/target/release/xtask, 1324 MiB
 16:44:07 up 7 days, 35 min,  6 users,  load average: 1.68, 1.23, 0.75
2026-09-30T16:44:09-04:00
100 %, 1761 MiB, 2925 MHz, 13801 MHz, 90.07 W, 33
0 %, 20 MiB, 210 MHz, 405 MHz, 21.95 W, 28
1596893, /home/ndizazzo/dev/mesh/issue1393-q4-snapshot-20260930/target/release/xtask, 1324 MiB
 16:44:09 up 7 days, 35 min,  6 users,  load average: 1.70, 1.24, 0.76
2026-09-30T16:44:11-04:00
100 %, 1761 MiB, 2925 MHz, 13801 MHz, 89.53 W, 33
0 %, 20 MiB, 210 MHz, 405 MHz, 21.12 W, 28
1596893, /home/ndizazzo/dev/mesh/issue1393-q4-snapshot-20260930/target/release/xtask, 1324 MiB
 16:44:11 up 7 days, 35 min,  6 users,  load average: 1.70, 1.24, 0.76
2026-09-30T16:44:13-04:00
0 %, 463 MiB, 2925 MHz, 14001 MHz, 71.18 W, 32
0 %, 20 MiB, 210 MHz, 405 MHz, 24.68 W, 28
 16:44:13 up 7 days, 35 min,  6 users,  load average: 1.70, 1.24, 0.76
2026-09-30T16:44:15-04:00
0 %, 463 MiB, 390 MHz, 810 MHz, 15.55 W, 31
0 %, 20 MiB, 210 MHz, 405 MHz, 22.34 W, 28
 16:44:15 up 7 days, 35 min,  6 users,  load average: 1.65, 1.24, 0.76
2026-09-30T16:44:17-04:00
0 %, 463 MiB, 195 MHz, 405 MHz, 5.55 W, 30
0 %, 20 MiB, 210 MHz, 405 MHz, 20.93 W, 28
 16:44:17 up 7 days, 35 min,  6 users,  load average: 1.65, 1.24, 0.76
2026-09-30T16:44:19-04:00
0 %, 463 MiB, 195 MHz, 405 MHz, 5.28 W, 30
0 %, 20 MiB, 210 MHz, 405 MHz, 20.99 W, 28
 16:44:19 up 7 days, 35 min,  6 users,  load average: 1.59, 1.24, 0.76
2026-09-30T16:44:21-04:00
0 %, 463 MiB, 195 MHz, 405 MHz, 5.58 W, 30
0 %, 20 MiB, 210 MHz, 405 MHz, 27.08 W, 28
 16:44:21 up 7 days, 35 min,  6 users,  load average: 1.59, 1.24, 0.76
2026-09-30T16:44:23-04:00
0 %, 463 MiB, 195 MHz, 405 MHz, 5.53 W, 30
0 %, 20 MiB, 210 MHz, 405 MHz, 22.10 W, 28
 16:44:23 up 7 days, 35 min,  6 users,  load average: 1.55, 1.23, 0.77
2026-09-30T16:44:25-04:00
0 %, 463 MiB, 195 MHz, 405 MHz, 5.09 W, 30
0 %, 20 MiB, 210 MHz, 405 MHz, 20.91 W, 28
 16:44:25 up 7 days, 35 min,  6 users,  load average: 1.55, 1.23, 0.77
2026-09-30T16:44:27-04:00
0 %, 463 MiB, 195 MHz, 405 MHz, 5.55 W, 30
0 %, 20 MiB, 210 MHz, 405 MHz, 21.08 W, 28
 16:44:27 up 7 days, 35 min,  6 users,  load average: 1.55, 1.23, 0.77
2026-09-30T16:44:29-04:00
0 %, 463 MiB, 195 MHz, 405 MHz, 5.69 W, 31
0 %, 20 MiB, 210 MHz, 405 MHz, 22.00 W, 28
 16:44:29 up 7 days, 35 min,  6 users,  load average: 1.50, 1.23, 0.77
2026-09-30T16:44:31-04:00
0 %, 463 MiB, 195 MHz, 405 MHz, 5.66 W, 31
0 %, 20 MiB, 210 MHz, 405 MHz, 21.06 W, 28
 16:44:32 up 7 days, 35 min,  6 users,  load average: 1.50, 1.23, 0.77
2026-09-30T16:44:34-04:00
0 %, 463 MiB, 195 MHz, 405 MHz, 5.63 W, 31
0 %, 20 MiB, 210 MHz, 405 MHz, 21.12 W, 28
 16:44:34 up 7 days, 35 min,  6 users,  load average: 1.46, 1.22, 0.77
2026-09-30T16:44:36-04:00
0 %, 463 MiB, 195 MHz, 405 MHz, 5.77 W, 31
0 %, 20 MiB, 210 MHz, 405 MHz, 27.69 W, 28
 16:44:36 up 7 days, 35 min,  6 users,  load average: 1.46, 1.22, 0.77
2026-09-30T16:44:38-04:00
0 %, 463 MiB, 195 MHz, 405 MHz, 5.99 W, 31
0 %, 20 MiB, 210 MHz, 405 MHz, 21.09 W, 28
 16:44:38 up 7 days, 35 min,  6 users,  load average: 1.46, 1.22, 0.77
2026-09-30T16:44:40-04:00
0 %, 463 MiB, 195 MHz, 405 MHz, 5.64 W, 31
0 %, 20 MiB, 210 MHz, 405 MHz, 21.00 W, 28
 16:44:40 up 7 days, 35 min,  6 users,  load average: 1.42, 1.22, 0.77
2026-09-30T16:44:42-04:00
0 %, 463 MiB, 210 MHz, 405 MHz, 5.37 W, 31
0 %, 20 MiB, 210 MHz, 405 MHz, 21.03 W, 28
 16:44:42 up 7 days, 35 min,  6 users,  load average: 1.42, 1.22, 0.77
2026-09-30T16:44:44-04:00
0 %, 463 MiB, 195 MHz, 405 MHz, 5.22 W, 31
0 %, 20 MiB, 210 MHz, 405 MHz, 22.15 W, 28
 16:44:44 up 7 days, 35 min,  6 users,  load average: 1.39, 1.22, 0.77
2026-09-30T16:44:46-04:00
0 %, 463 MiB, 195 MHz, 405 MHz, 5.42 W, 31
0 %, 20 MiB, 210 MHz, 405 MHz, 20.95 W, 28
 16:44:46 up 7 days, 35 min,  6 users,  load average: 1.39, 1.22, 0.77
2026-09-30T16:44:48-04:00
0 %, 463 MiB, 195 MHz, 405 MHz, 5.50 W, 31
0 %, 20 MiB, 210 MHz, 405 MHz, 21.13 W, 28
 16:44:48 up 7 days, 35 min,  6 users,  load average: 1.44, 1.23, 0.78
2026-09-30T16:44:50-04:00
0 %, 463 MiB, 195 MHz, 405 MHz, 5.32 W, 31
0 %, 20 MiB, 210 MHz, 405 MHz, 27.41 W, 28
 16:44:50 up 7 days, 35 min,  6 users,  load average: 1.44, 1.23, 0.78
2026-09-30T16:44:52-04:00
0 %, 463 MiB, 195 MHz, 405 MHz, 5.22 W, 31
0 %, 20 MiB, 210 MHz, 405 MHz, 21.20 W, 28
 16:44:52 up 7 days, 35 min,  6 users,  load average: 1.44, 1.23, 0.78
2026-09-30T16:44:54-04:00
0 %, 463 MiB, 195 MHz, 405 MHz, 5.37 W, 31
0 %, 20 MiB, 210 MHz, 405 MHz, 20.99 W, 28
 16:44:54 up 7 days, 35 min,  6 users,  load average: 1.40, 1.22, 0.78
2026-09-30T16:44:56-04:00
0 %, 463 MiB, 210 MHz, 405 MHz, 5.63 W, 31
1 %, 20 MiB, 210 MHz, 405 MHz, 21.07 W, 28
 16:44:56 up 7 days, 35 min,  6 users,  load average: 1.40, 1.22, 0.78
2026-09-30T16:44:58-04:00
0 %, 463 MiB, 195 MHz, 405 MHz, 5.26 W, 31
0 %, 20 MiB, 210 MHz, 405 MHz, 21.76 W, 28
 16:44:58 up 7 days, 36 min,  6 users,  load average: 1.37, 1.22, 0.78
2026-09-30T16:45:00-04:00
0 %, 463 MiB, 195 MHz, 405 MHz, 5.31 W, 31
0 %, 20 MiB, 210 MHz, 405 MHz, 20.99 W, 28
 16:45:01 up 7 days, 36 min,  6 users,  load average: 1.37, 1.22, 0.78
2026-09-30T16:45:03-04:00
0 %, 463 MiB, 195 MHz, 405 MHz, 5.06 W, 31
0 %, 20 MiB, 210 MHz, 405 MHz, 21.04 W, 28
 16:45:03 up 7 days, 36 min,  6 users,  load average: 1.37, 1.22, 0.78
2026-09-30T16:45:05-04:00
0 %, 463 MiB, 195 MHz, 405 MHz, 5.33 W, 31
0 %, 20 MiB, 210 MHz, 405 MHz, 27.67 W, 29
 16:45:05 up 7 days, 36 min,  6 users,  load average: 1.34, 1.22, 0.78
2026-09-30T16:45:07-04:00
0 %, 1761 MiB, 2542 MHz, 13801 MHz, 54.69 W, 31
0 %, 20 MiB, 210 MHz, 405 MHz, 27.52 W, 28
1596893, /home/ndizazzo/dev/mesh/issue1393-q4-snapshot-20260930/target/release/xtask, 1324 MiB
 16:45:07 up 7 days, 36 min,  6 users,  load average: 1.34, 1.22, 0.78
2026-09-30T16:45:09-04:00
100 %, 1761 MiB, 2925 MHz, 13801 MHz, 92.34 W, 33
0 %, 20 MiB, 210 MHz, 405 MHz, 21.44 W, 28
1596893, /home/ndizazzo/dev/mesh/issue1393-q4-snapshot-20260930/target/release/xtask, 1324 MiB
 16:45:09 up 7 days, 36 min,  6 users,  load average: 1.39, 1.23, 0.79
2026-09-30T16:45:11-04:00
100 %, 1761 MiB, 2925 MHz, 13801 MHz, 92.07 W, 33
0 %, 20 MiB, 210 MHz, 405 MHz, 22.08 W, 28
1596893, /home/ndizazzo/dev/mesh/issue1393-q4-snapshot-20260930/target/release/xtask, 1324 MiB
 16:45:11 up 7 days, 36 min,  6 users,  load average: 1.39, 1.23, 0.79
2026-09-30T16:45:13-04:00
100 %, 1761 MiB, 2925 MHz, 13801 MHz, 91.48 W, 33
0 %, 20 MiB, 210 MHz, 405 MHz, 22.19 W, 28
1596893, /home/ndizazzo/dev/mesh/issue1393-q4-snapshot-20260930/target/release/xtask, 1324 MiB
 16:45:13 up 7 days, 36 min,  6 users,  load average: 1.39, 1.23, 0.79
2026-09-30T16:45:15-04:00
100 %, 1761 MiB, 2925 MHz, 13801 MHz, 91.66 W, 33
0 %, 20 MiB, 210 MHz, 405 MHz, 21.10 W, 28
1596893, /home/ndizazzo/dev/mesh/issue1393-q4-snapshot-20260930/target/release/xtask, 1324 MiB
 16:45:15 up 7 days, 36 min,  6 users,  load average: 1.44, 1.24, 0.80
2026-09-30T16:45:17-04:00
100 %, 1761 MiB, 2925 MHz, 13801 MHz, 92.49 W, 33
0 %, 20 MiB, 210 MHz, 405 MHz, 21.32 W, 28
1596893, /home/ndizazzo/dev/mesh/issue1393-q4-snapshot-20260930/target/release/xtask, 1324 MiB
 16:45:17 up 7 days, 36 min,  6 users,  load average: 1.44, 1.24, 0.80
2026-09-30T16:45:19-04:00
100 %, 1761 MiB, 2925 MHz, 13801 MHz, 92.93 W, 33
0 %, 20 MiB, 210 MHz, 405 MHz, 27.43 W, 28
1596893, /home/ndizazzo/dev/mesh/issue1393-q4-snapshot-20260930/target/release/xtask, 1324 MiB
 16:45:19 up 7 days, 36 min,  6 users,  load average: 1.49, 1.26, 0.80
2026-09-30T16:45:21-04:00
100 %, 1761 MiB, 2925 MHz, 13801 MHz, 92.39 W, 33
0 %, 20 MiB, 210 MHz, 405 MHz, 21.38 W, 28
1596893, /home/ndizazzo/dev/mesh/issue1393-q4-snapshot-20260930/target/release/xtask, 1324 MiB
 16:45:21 up 7 days, 36 min,  6 users,  load average: 1.49, 1.26, 0.80
2026-09-30T16:45:23-04:00
100 %, 1761 MiB, 2925 MHz, 13801 MHz, 92.36 W, 33
0 %, 20 MiB, 210 MHz, 405 MHz, 21.23 W, 28
1596893, /home/ndizazzo/dev/mesh/issue1393-q4-snapshot-20260930/target/release/xtask, 1324 MiB
 16:45:23 up 7 days, 36 min,  6 users,  load average: 1.53, 1.27, 0.81
2026-09-30T16:45:25-04:00
100 %, 1761 MiB, 2925 MHz, 13801 MHz, 92.58 W, 33
0 %, 20 MiB, 210 MHz, 405 MHz, 22.81 W, 28
1596893, /home/ndizazzo/dev/mesh/issue1393-q4-snapshot-20260930/target/release/xtask, 1324 MiB
 16:45:25 up 7 days, 36 min,  6 users,  load average: 1.53, 1.27, 0.81
2026-09-30T16:45:27-04:00
100 %, 1761 MiB, 2925 MHz, 13801 MHz, 91.82 W, 33
0 %, 20 MiB, 210 MHz, 405 MHz, 22.45 W, 28
1596893, /home/ndizazzo/dev/mesh/issue1393-q4-snapshot-20260930/target/release/xtask, 1324 MiB
 16:45:27 up 7 days, 36 min,  6 users,  load average: 1.53, 1.27, 0.81
2026-09-30T16:45:29-04:00
100 %, 1761 MiB, 2925 MHz, 13801 MHz, 93.11 W, 33
0 %, 20 MiB, 210 MHz, 405 MHz, 21.20 W, 28
1596893, /home/ndizazzo/dev/mesh/issue1393-q4-snapshot-20260930/target/release/xtask, 1324 MiB
 16:45:29 up 7 days, 36 min,  6 users,  load average: 1.57, 1.28, 0.82
2026-09-30T16:45:31-04:00
100 %, 1761 MiB, 2925 MHz, 13801 MHz, 90.52 W, 33
0 %, 20 MiB, 210 MHz, 405 MHz, 21.28 W, 28
1596893, /home/ndizazzo/dev/mesh/issue1393-q4-snapshot-20260930/target/release/xtask, 1324 MiB
 16:45:31 up 7 days, 36 min,  6 users,  load average: 1.57, 1.28, 0.82
2026-09-30T16:45:33-04:00
100 %, 1761 MiB, 2925 MHz, 13801 MHz, 89.70 W, 33
0 %, 20 MiB, 210 MHz, 405 MHz, 27.11 W, 28
1596893, /home/ndizazzo/dev/mesh/issue1393-q4-snapshot-20260930/target/release/xtask, 1324 MiB
 16:45:33 up 7 days, 36 min,  6 users,  load average: 1.60, 1.29, 0.82
2026-09-30T16:45:35-04:00
100 %, 1761 MiB, 2925 MHz, 13801 MHz, 91.20 W, 33
0 %, 20 MiB, 210 MHz, 405 MHz, 21.43 W, 28
1596893, /home/ndizazzo/dev/mesh/issue1393-q4-snapshot-20260930/target/release/xtask, 1324 MiB
 16:45:36 up 7 days, 36 min,  6 users,  load average: 1.60, 1.29, 0.82
2026-09-30T16:45:38-04:00
100 %, 1761 MiB, 2925 MHz, 13801 MHz, 92.58 W, 33
0 %, 20 MiB, 210 MHz, 405 MHz, 21.26 W, 28
1596893, /home/ndizazzo/dev/mesh/issue1393-q4-snapshot-20260930/target/release/xtask, 1324 MiB
 16:45:38 up 7 days, 36 min,  6 users,  load average: 1.60, 1.29, 0.82
2026-09-30T16:45:40-04:00
100 %, 1761 MiB, 2925 MHz, 13801 MHz, 92.08 W, 33
0 %, 20 MiB, 210 MHz, 405 MHz, 23.14 W, 28
1596893, /home/ndizazzo/dev/mesh/issue1393-q4-snapshot-20260930/target/release/xtask, 1324 MiB
 16:45:40 up 7 days, 36 min,  5 users,  load average: 1.63, 1.31, 0.83
2026-09-30T16:45:42-04:00
100 %, 1761 MiB, 2925 MHz, 13801 MHz, 92.06 W, 33
0 %, 20 MiB, 210 MHz, 405 MHz, 21.90 W, 28
1596893, /home/ndizazzo/dev/mesh/issue1393-q4-snapshot-20260930/target/release/xtask, 1324 MiB
 16:45:42 up 7 days, 36 min,  5 users,  load average: 1.63, 1.31, 0.83
2026-09-30T16:45:44-04:00
100 %, 1761 MiB, 2925 MHz, 13801 MHz, 91.51 W, 33
0 %, 20 MiB, 210 MHz, 405 MHz, 21.07 W, 28
1596893, /home/ndizazzo/dev/mesh/issue1393-q4-snapshot-20260930/target/release/xtask, 1324 MiB
 16:45:44 up 7 days, 36 min,  5 users,  load average: 1.66, 1.32, 0.84
2026-09-30T16:45:46-04:00
100 %, 1761 MiB, 2925 MHz, 13801 MHz, 91.80 W, 33
0 %, 20 MiB, 210 MHz, 405 MHz, 21.11 W, 28
1596893, /home/ndizazzo/dev/mesh/issue1393-q4-snapshot-20260930/target/release/xtask, 1324 MiB
 16:45:46 up 7 days, 36 min,  5 users,  load average: 1.66, 1.32, 0.84
2026-09-30T16:45:48-04:00
100 %, 1761 MiB, 2925 MHz, 13801 MHz, 91.52 W, 33
0 %, 20 MiB, 210 MHz, 405 MHz, 27.47 W, 28
1596893, /home/ndizazzo/dev/mesh/issue1393-q4-snapshot-20260930/target/release/xtask, 1324 MiB
 16:45:48 up 7 days, 36 min,  5 users,  load average: 1.66, 1.32, 0.84
2026-09-30T16:45:50-04:00
100 %, 1761 MiB, 2925 MHz, 13801 MHz, 91.74 W, 33
0 %, 20 MiB, 210 MHz, 405 MHz, 21.17 W, 28
1596893, /home/ndizazzo/dev/mesh/issue1393-q4-snapshot-20260930/target/release/xtask, 1324 MiB
 16:45:50 up 7 days, 36 min,  5 users,  load average: 1.69, 1.33, 0.84
2026-09-30T16:45:52-04:00
100 %, 1761 MiB, 2925 MHz, 13801 MHz, 91.04 W, 33
0 %, 20 MiB, 210 MHz, 405 MHz, 21.12 W, 28
1596893, /home/ndizazzo/dev/mesh/issue1393-q4-snapshot-20260930/target/release/xtask, 1324 MiB
 16:45:52 up 7 days, 36 min,  5 users,  load average: 1.69, 1.33, 0.84
2026-09-30T16:45:54-04:00
100 %, 1761 MiB, 2925 MHz, 13801 MHz, 91.17 W, 33
0 %, 20 MiB, 210 MHz, 405 MHz, 23.74 W, 28
1596893, /home/ndizazzo/dev/mesh/issue1393-q4-snapshot-20260930/target/release/xtask, 1324 MiB
 16:45:54 up 7 days, 36 min,  5 users,  load average: 1.72, 1.34, 0.85
2026-09-30T16:45:56-04:00
100 %, 1761 MiB, 2925 MHz, 13801 MHz, 90.52 W, 33
0 %, 20 MiB, 210 MHz, 405 MHz, 22.27 W, 28
1596893, /home/ndizazzo/dev/mesh/issue1393-q4-snapshot-20260930/target/release/xtask, 1324 MiB
 16:45:56 up 7 days, 36 min,  5 users,  load average: 1.72, 1.34, 0.85
2026-09-30T16:45:58-04:00
100 %, 1761 MiB, 2925 MHz, 13801 MHz, 88.68 W, 33
0 %, 20 MiB, 210 MHz, 405 MHz, 21.07 W, 28
1596893, /home/ndizazzo/dev/mesh/issue1393-q4-snapshot-20260930/target/release/xtask, 1324 MiB
 16:45:58 up 7 days, 37 min,  5 users,  load average: 1.74, 1.35, 0.85
2026-09-30T16:46:00-04:00
100 %, 1761 MiB, 2925 MHz, 13801 MHz, 89.05 W, 33
0 %, 20 MiB, 210 MHz, 405 MHz, 21.04 W, 28
1596893, /home/ndizazzo/dev/mesh/issue1393-q4-snapshot-20260930/target/release/xtask, 1324 MiB
 16:46:00 up 7 days, 37 min,  5 users,  load average: 1.74, 1.35, 0.85
2026-09-30T16:46:02-04:00
100 %, 1761 MiB, 2925 MHz, 13801 MHz, 89.51 W, 33
0 %, 20 MiB, 210 MHz, 405 MHz, 27.21 W, 28
1596893, /home/ndizazzo/dev/mesh/issue1393-q4-snapshot-20260930/target/release/xtask, 1324 MiB
 16:46:02 up 7 days, 37 min,  5 users,  load average: 1.74, 1.35, 0.85
2026-09-30T16:46:04-04:00
0 %, 429 MiB, 2925 MHz, 14001 MHz, 68.80 W, 32
0 %, 17 MiB, 210 MHz, 405 MHz, 25.10 W, 28
 16:46:04 up 7 days, 37 min,  5 users,  load average: 1.68, 1.35, 0.86
2026-09-30T16:46:06-04:00
2 %, 429 MiB, 465 MHz, 810 MHz, 12.36 W, 31
0 %, 17 MiB, 210 MHz, 405 MHz, 22.23 W, 28
 16:46:06 up 7 days, 37 min,  5 users,  load average: 1.68, 1.35, 0.86
2026-09-30T16:46:08-04:00
3 %, 429 MiB, 195 MHz, 405 MHz, 5.31 W, 31
0 %, 17 MiB, 210 MHz, 405 MHz, 26.11 W, 28
 16:46:08 up 7 days, 37 min,  5 users,  load average: 1.62, 1.34, 0.86
2026-09-30T16:46:10-04:00
3 %, 429 MiB, 195 MHz, 405 MHz, 5.07 W, 31
0 %, 17 MiB, 210 MHz, 405 MHz, 21.66 W, 28
 16:46:11 up 7 days, 37 min,  5 users,  load average: 1.62, 1.34, 0.86
2026-09-30T16:46:13-04:00
3 %, 429 MiB, 195 MHz, 405 MHz, 5.27 W, 31
0 %, 17 MiB, 210 MHz, 405 MHz, 20.79 W, 28
 16:46:13 up 7 days, 37 min,  5 users,  load average: 1.62, 1.34, 0.86
2026-09-30T16:46:15-04:00
3 %, 429 MiB, 195 MHz, 405 MHz, 5.19 W, 31
0 %, 17 MiB, 210 MHz, 405 MHz, 21.13 W, 28
 16:46:15 up 7 days, 37 min,  5 users,  load average: 1.57, 1.33, 0.86
2026-09-30T16:46:17-04:00
3 %, 429 MiB, 195 MHz, 405 MHz, 5.04 W, 31
0 %, 17 MiB, 210 MHz, 405 MHz, 27.63 W, 28
 16:46:17 up 7 days, 37 min,  5 users,  load average: 1.57, 1.33, 0.86
2026-09-30T16:46:19-04:00
3 %, 429 MiB, 195 MHz, 405 MHz, 5.20 W, 31
0 %, 17 MiB, 210 MHz, 405 MHz, 21.31 W, 28
 16:46:19 up 7 days, 37 min,  5 users,  load average: 1.53, 1.33, 0.86
2026-09-30T16:46:21-04:00
3 %, 429 MiB, 195 MHz, 405 MHz, 5.47 W, 31
0 %, 17 MiB, 210 MHz, 405 MHz, 20.90 W, 28
 16:46:21 up 7 days, 37 min,  5 users,  load average: 1.53, 1.33, 0.86
2026-09-30T16:46:23-04:00
3 %, 429 MiB, 195 MHz, 405 MHz, 5.40 W, 31
0 %, 17 MiB, 210 MHz, 405 MHz, 27.17 W, 28
 16:46:23 up 7 days, 37 min,  5 users,  load average: 1.53, 1.33, 0.86
2026-09-30T16:46:25-04:00
3 %, 429 MiB, 195 MHz, 405 MHz, 5.39 W, 31
0 %, 17 MiB, 210 MHz, 405 MHz, 21.19 W, 28
 16:46:25 up 7 days, 37 min,  5 users,  load average: 1.49, 1.32, 0.86
2026-09-30T16:46:27-04:00
3 %, 429 MiB, 195 MHz, 405 MHz, 5.47 W, 31
0 %, 17 MiB, 210 MHz, 405 MHz, 21.00 W, 28
 16:46:27 up 7 days, 37 min,  5 users,  load average: 1.49, 1.32, 0.86
2026-09-30T16:46:29-04:00
3 %, 429 MiB, 210 MHz, 405 MHz, 5.65 W, 31
0 %, 17 MiB, 210 MHz, 405 MHz, 21.00 W, 28
 16:46:29 up 7 days, 37 min,  5 users,  load average: 1.45, 1.32, 0.86
2026-09-30T16:46:31-04:00
3 %, 429 MiB, 195 MHz, 405 MHz, 5.29 W, 31
0 %, 17 MiB, 210 MHz, 405 MHz, 27.47 W, 29
 16:46:31 up 7 days, 37 min,  5 users,  load average: 1.45, 1.32, 0.86
2026-09-30T16:46:33-04:00
3 %, 429 MiB, 195 MHz, 405 MHz, 5.32 W, 31
0 %, 17 MiB, 210 MHz, 405 MHz, 21.11 W, 28
 16:46:33 up 7 days, 37 min,  5 users,  load average: 1.41, 1.31, 0.86
2026-09-30T16:46:35-04:00
3 %, 429 MiB, 195 MHz, 405 MHz, 5.72 W, 31
0 %, 17 MiB, 210 MHz, 405 MHz, 20.99 W, 28
 16:46:35 up 7 days, 37 min,  5 users,  load average: 1.41, 1.31, 0.86
2026-09-30T16:46:37-04:00
3 %, 429 MiB, 195 MHz, 405 MHz, 5.77 W, 31
0 %, 17 MiB, 210 MHz, 405 MHz, 27.64 W, 29
 16:46:37 up 7 days, 37 min,  5 users,  load average: 1.41, 1.31, 0.86
2026-09-30T16:46:39-04:00
3 %, 429 MiB, 195 MHz, 405 MHz, 5.55 W, 31
0 %, 17 MiB, 210 MHz, 405 MHz, 21.40 W, 28
 16:46:40 up 7 days, 37 min,  5 users,  load average: 1.38, 1.31, 0.86
2026-09-30T16:46:42-04:00
3 %, 429 MiB, 195 MHz, 405 MHz, 5.63 W, 31
0 %, 17 MiB, 210 MHz, 405 MHz, 20.85 W, 28
 16:46:42 up 7 days, 37 min,  5 users,  load average: 1.38, 1.31, 0.86
2026-09-30T16:46:44-04:00
3 %, 429 MiB, 210 MHz, 405 MHz, 5.54 W, 31
0 %, 17 MiB, 210 MHz, 405 MHz, 21.15 W, 28
 16:46:44 up 7 days, 37 min,  5 users,  load average: 1.35, 1.30, 0.86
2026-09-30T16:46:46-04:00
3 %, 429 MiB, 195 MHz, 405 MHz, 5.26 W, 31
0 %, 17 MiB, 210 MHz, 405 MHz, 22.01 W, 29
 16:46:46 up 7 days, 37 min,  5 users,  load average: 1.35, 1.30, 0.86
2026-09-30T16:46:48-04:00
3 %, 429 MiB, 195 MHz, 405 MHz, 5.24 W, 31
0 %, 17 MiB, 210 MHz, 405 MHz, 20.89 W, 28
 16:46:48 up 7 days, 37 min,  5 users,  load average: 1.35, 1.30, 0.86
2026-09-30T16:46:50-04:00
3 %, 429 MiB, 195 MHz, 405 MHz, 5.16 W, 31
0 %, 17 MiB, 210 MHz, 405 MHz, 21.03 W, 28
 16:46:50 up 7 days, 37 min,  5 users,  load average: 1.32, 1.30, 0.86
2026-09-30T16:46:52-04:00
3 %, 429 MiB, 195 MHz, 405 MHz, 5.49 W, 31
0 %, 17 MiB, 210 MHz, 405 MHz, 27.41 W, 29
 16:46:52 up 7 days, 37 min,  5 users,  load average: 1.32, 1.30, 0.86
2026-09-30T16:46:54-04:00
3 %, 429 MiB, 195 MHz, 405 MHz, 5.32 W, 31
0 %, 17 MiB, 210 MHz, 405 MHz, 21.15 W, 28
 16:46:54 up 7 days, 37 min,  5 users,  load average: 1.29, 1.29, 0.87
2026-09-30T16:46:56-04:00
3 %, 429 MiB, 195 MHz, 405 MHz, 5.25 W, 31
0 %, 17 MiB, 210 MHz, 405 MHz, 20.90 W, 28
 16:46:56 up 7 days, 37 min,  5 users,  load average: 1.29, 1.29, 0.87
2026-09-30T16:46:58-04:00
1 %, 1759 MiB, 2895 MHz, 13801 MHz, 53.37 W, 32
0 %, 20 MiB, 210 MHz, 405 MHz, 24.83 W, 29
1598492, /home/ndizazzo/dev/mesh/issue1393-q4-snapshot-20260930/target/release/xtask, 1322 MiB
 16:46:58 up 7 days, 38 min,  5 users,  load average: 1.27, 1.29, 0.87
2026-09-30T16:47:00-04:00
0 %, 1759 MiB, 2542 MHz, 13801 MHz, 51.88 W, 32
0 %, 20 MiB, 210 MHz, 405 MHz, 21.67 W, 29
1598492, /home/ndizazzo/dev/mesh/issue1393-q4-snapshot-20260930/target/release/xtask, 1322 MiB
 16:47:00 up 7 days, 38 min,  5 users,  load average: 1.27, 1.29, 0.87
2026-09-30T16:47:02-04:00
100 %, 1761 MiB, 2925 MHz, 13801 MHz, 69.56 W, 33
0 %, 20 MiB, 210 MHz, 405 MHz, 21.00 W, 28
1598492, /home/ndizazzo/dev/mesh/issue1393-q4-snapshot-20260930/target/release/xtask, 1324 MiB
 16:47:02 up 7 days, 38 min,  5 users,  load average: 1.27, 1.29, 0.87
2026-09-30T16:47:04-04:00
100 %, 1761 MiB, 2925 MHz, 13801 MHz, 91.85 W, 33
0 %, 20 MiB, 210 MHz, 405 MHz, 21.25 W, 28
1598492, /home/ndizazzo/dev/mesh/issue1393-q4-snapshot-20260930/target/release/xtask, 1324 MiB
 16:47:04 up 7 days, 38 min,  5 users,  load average: 1.33, 1.30, 0.87
2026-09-30T16:47:06-04:00
100 %, 1761 MiB, 2925 MHz, 13801 MHz, 91.93 W, 33
0 %, 20 MiB, 210 MHz, 405 MHz, 27.60 W, 28
1598492, /home/ndizazzo/dev/mesh/issue1393-q4-snapshot-20260930/target/release/xtask, 1324 MiB
 16:47:06 up 7 days, 38 min,  5 users,  load average: 1.33, 1.30, 0.87
2026-09-30T16:47:08-04:00
100 %, 1761 MiB, 2925 MHz, 13801 MHz, 91.98 W, 33
0 %, 20 MiB, 210 MHz, 405 MHz, 21.56 W, 28
1598492, /home/ndizazzo/dev/mesh/issue1393-q4-snapshot-20260930/target/release/xtask, 1324 MiB
 16:47:08 up 7 days, 38 min,  5 users,  load average: 1.38, 1.31, 0.88
2026-09-30T16:47:10-04:00
100 %, 1761 MiB, 2925 MHz, 13801 MHz, 92.25 W, 33
0 %, 20 MiB, 210 MHz, 405 MHz, 21.27 W, 28
1598492, /home/ndizazzo/dev/mesh/issue1393-q4-snapshot-20260930/target/release/xtask, 1324 MiB
 16:47:11 up 7 days, 38 min,  5 users,  load average: 1.38, 1.31, 0.88
2026-09-30T16:47:13-04:00
100 %, 1761 MiB, 2925 MHz, 13801 MHz, 91.48 W, 33
0 %, 20 MiB, 210 MHz, 405 MHz, 23.01 W, 29
1598492, /home/ndizazzo/dev/mesh/issue1393-q4-snapshot-20260930/target/release/xtask, 1324 MiB
 16:47:13 up 7 days, 38 min,  5 users,  load average: 1.38, 1.31, 0.88
2026-09-30T16:47:15-04:00
100 %, 1761 MiB, 2925 MHz, 13801 MHz, 91.80 W, 33
0 %, 20 MiB, 210 MHz, 405 MHz, 22.27 W, 28
1598492, /home/ndizazzo/dev/mesh/issue1393-q4-snapshot-20260930/target/release/xtask, 1324 MiB
 16:47:15 up 7 days, 38 min,  5 users,  load average: 1.43, 1.32, 0.89
2026-09-30T16:47:17-04:00
100 %, 1761 MiB, 2925 MHz, 13801 MHz, 91.83 W, 33
0 %, 20 MiB, 210 MHz, 405 MHz, 21.35 W, 28
1598492, /home/ndizazzo/dev/mesh/issue1393-q4-snapshot-20260930/target/release/xtask, 1324 MiB
 16:47:17 up 7 days, 38 min,  5 users,  load average: 1.43, 1.32, 0.89
2026-09-30T16:47:19-04:00
100 %, 1761 MiB, 2925 MHz, 13801 MHz, 91.96 W, 33
0 %, 20 MiB, 210 MHz, 405 MHz, 21.39 W, 28
1598492, /home/ndizazzo/dev/mesh/issue1393-q4-snapshot-20260930/target/release/xtask, 1324 MiB
 16:47:19 up 7 days, 38 min,  5 users,  load average: 1.48, 1.33, 0.89
2026-09-30T16:47:21-04:00
100 %, 1761 MiB, 2925 MHz, 13801 MHz, 91.87 W, 33
0 %, 20 MiB, 210 MHz, 405 MHz, 27.55 W, 28
1598492, /home/ndizazzo/dev/mesh/issue1393-q4-snapshot-20260930/target/release/xtask, 1324 MiB
 16:47:21 up 7 days, 38 min,  5 users,  load average: 1.48, 1.33, 0.89
2026-09-30T16:47:23-04:00
100 %, 1761 MiB, 2925 MHz, 13801 MHz, 91.15 W, 33
0 %, 20 MiB, 210 MHz, 405 MHz, 21.27 W, 28
1598492, /home/ndizazzo/dev/mesh/issue1393-q4-snapshot-20260930/target/release/xtask, 1324 MiB
 16:47:23 up 7 days, 38 min,  5 users,  load average: 1.48, 1.33, 0.89
2026-09-30T16:47:25-04:00
100 %, 1761 MiB, 2925 MHz, 13801 MHz, 90.38 W, 33
0 %, 20 MiB, 210 MHz, 405 MHz, 21.10 W, 28
1598492, /home/ndizazzo/dev/mesh/issue1393-q4-snapshot-20260930/target/release/xtask, 1324 MiB
 16:47:25 up 7 days, 38 min,  5 users,  load average: 1.52, 1.34, 0.90
2026-09-30T16:47:27-04:00
100 %, 1761 MiB, 2925 MHz, 13801 MHz, 89.42 W, 33
0 %, 20 MiB, 210 MHz, 405 MHz, 23.42 W, 28
1598492, /home/ndizazzo/dev/mesh/issue1393-q4-snapshot-20260930/target/release/xtask, 1324 MiB
 16:47:27 up 7 days, 38 min,  5 users,  load average: 1.52, 1.34, 0.90
2026-09-30T16:47:29-04:00
100 %, 1761 MiB, 2925 MHz, 13801 MHz, 89.32 W, 33
0 %, 20 MiB, 210 MHz, 405 MHz, 22.36 W, 28
1598492, /home/ndizazzo/dev/mesh/issue1393-q4-snapshot-20260930/target/release/xtask, 1324 MiB
 16:47:29 up 7 days, 38 min,  5 users,  load average: 1.56, 1.35, 0.90
2026-09-30T16:47:31-04:00
100 %, 1761 MiB, 2925 MHz, 13801 MHz, 89.66 W, 33
0 %, 20 MiB, 210 MHz, 405 MHz, 21.14 W, 28
1598492, /home/ndizazzo/dev/mesh/issue1393-q4-snapshot-20260930/target/release/xtask, 1324 MiB
 16:47:31 up 7 days, 38 min,  5 users,  load average: 1.56, 1.35, 0.90
2026-09-30T16:47:33-04:00
100 %, 1761 MiB, 2925 MHz, 13801 MHz, 92.04 W, 33
0 %, 20 MiB, 210 MHz, 405 MHz, 21.28 W, 28
1598492, /home/ndizazzo/dev/mesh/issue1393-q4-snapshot-20260930/target/release/xtask, 1324 MiB
 16:47:33 up 7 days, 38 min,  5 users,  load average: 1.67, 1.38, 0.92
2026-09-30T16:47:35-04:00
100 %, 1761 MiB, 2925 MHz, 13801 MHz, 91.61 W, 33
0 %, 20 MiB, 210 MHz, 405 MHz, 27.20 W, 28
1598492, /home/ndizazzo/dev/mesh/issue1393-q4-snapshot-20260930/target/release/xtask, 1324 MiB
 16:47:35 up 7 days, 38 min,  5 users,  load average: 1.67, 1.38, 0.92
2026-09-30T16:47:37-04:00
100 %, 1761 MiB, 2925 MHz, 13801 MHz, 91.94 W, 33
0 %, 20 MiB, 210 MHz, 405 MHz, 21.39 W, 28
1598492, /home/ndizazzo/dev/mesh/issue1393-q4-snapshot-20260930/target/release/xtask, 1324 MiB
 16:47:37 up 7 days, 38 min,  5 users,  load average: 1.67, 1.38, 0.92
2026-09-30T16:47:39-04:00
100 %, 1761 MiB, 2925 MHz, 13801 MHz, 92.09 W, 33
0 %, 20 MiB, 210 MHz, 405 MHz, 21.18 W, 28
1598492, /home/ndizazzo/dev/mesh/issue1393-q4-snapshot-20260930/target/release/xtask, 1324 MiB
 16:47:39 up 7 days, 38 min,  5 users,  load average: 1.70, 1.39, 0.92
2026-09-30T16:47:41-04:00
100 %, 1761 MiB, 2925 MHz, 13801 MHz, 91.24 W, 33
0 %, 20 MiB, 210 MHz, 405 MHz, 22.16 W, 28
1598492, /home/ndizazzo/dev/mesh/issue1393-q4-snapshot-20260930/target/release/xtask, 1324 MiB
 16:47:41 up 7 days, 38 min,  5 users,  load average: 1.70, 1.39, 0.92
2026-09-30T16:47:43-04:00
100 %, 1761 MiB, 2925 MHz, 13801 MHz, 91.27 W, 33
0 %, 20 MiB, 210 MHz, 405 MHz, 21.90 W, 28
1598492, /home/ndizazzo/dev/mesh/issue1393-q4-snapshot-20260930/target/release/xtask, 1324 MiB
 16:47:43 up 7 days, 38 min,  5 users,  load average: 1.72, 1.40, 0.93
2026-09-30T16:47:45-04:00
100 %, 1761 MiB, 2925 MHz, 13801 MHz, 92.02 W, 33
0 %, 20 MiB, 210 MHz, 405 MHz, 21.02 W, 28
1598492, /home/ndizazzo/dev/mesh/issue1393-q4-snapshot-20260930/target/release/xtask, 1324 MiB
 16:47:45 up 7 days, 38 min,  5 users,  load average: 1.72, 1.40, 0.93
2026-09-30T16:47:47-04:00
100 %, 1761 MiB, 2925 MHz, 13801 MHz, 91.82 W, 33
0 %, 20 MiB, 210 MHz, 405 MHz, 21.19 W, 28
1598492, /home/ndizazzo/dev/mesh/issue1393-q4-snapshot-20260930/target/release/xtask, 1324 MiB
 16:47:48 up 7 days, 38 min,  5 users,  load average: 1.72, 1.40, 0.93
2026-09-30T16:47:50-04:00
100 %, 1761 MiB, 2925 MHz, 13801 MHz, 92.00 W, 33
0 %, 20 MiB, 210 MHz, 405 MHz, 27.46 W, 28
1598492, /home/ndizazzo/dev/mesh/issue1393-q4-snapshot-20260930/target/release/xtask, 1324 MiB
 16:47:50 up 7 days, 38 min,  5 users,  load average: 1.75, 1.41, 0.93
2026-09-30T16:47:52-04:00
100 %, 1761 MiB, 2925 MHz, 13801 MHz, 92.11 W, 33
0 %, 20 MiB, 210 MHz, 405 MHz, 21.52 W, 28
1598492, /home/ndizazzo/dev/mesh/issue1393-q4-snapshot-20260930/target/release/xtask, 1324 MiB
 16:47:52 up 7 days, 38 min,  5 users,  load average: 1.75, 1.41, 0.93
2026-09-30T16:47:54-04:00
100 %, 1761 MiB, 2925 MHz, 13801 MHz, 93.48 W, 33
0 %, 20 MiB, 210 MHz, 405 MHz, 21.17 W, 28
1598492, /home/ndizazzo/dev/mesh/issue1393-q4-snapshot-20260930/target/release/xtask, 1324 MiB
 16:47:54 up 7 days, 38 min,  5 users,  load average: 1.77, 1.42, 0.94
2026-09-30T16:47:56-04:00
100 %, 1761 MiB, 2925 MHz, 13801 MHz, 89.56 W, 33
0 %, 20 MiB, 210 MHz, 405 MHz, 22.97 W, 28
1598492, /home/ndizazzo/dev/mesh/issue1393-q4-snapshot-20260930/target/release/xtask, 1324 MiB
 16:47:56 up 7 days, 38 min,  5 users,  load average: 1.77, 1.42, 0.94
2026-09-30T16:47:58-04:00
100 %, 1761 MiB, 2925 MHz, 13801 MHz, 89.95 W, 33
0 %, 20 MiB, 210 MHz, 405 MHz, 22.42 W, 28
1598492, /home/ndizazzo/dev/mesh/issue1393-q4-snapshot-20260930/target/release/xtask, 1324 MiB
 16:47:58 up 7 days, 39 min,  5 users,  load average: 1.77, 1.42, 0.94
2026-09-30T16:48:00-04:00
100 %, 1761 MiB, 2925 MHz, 13801 MHz, 90.14 W, 33
0 %, 20 MiB, 210 MHz, 405 MHz, 21.21 W, 28
1598492, /home/ndizazzo/dev/mesh/issue1393-q4-snapshot-20260930/target/release/xtask, 1324 MiB
 16:48:00 up 7 days, 39 min,  5 users,  load average: 1.79, 1.43, 0.95
2026-09-30T16:48:02-04:00
0 %, 463 MiB, 2925 MHz, 14001 MHz, 75.26 W, 32
0 %, 20 MiB, 210 MHz, 405 MHz, 24.37 W, 28
 16:48:02 up 7 days, 39 min,  5 users,  load average: 1.79, 1.43, 0.95
2026-09-30T16:48:04-04:00
1 %, 463 MiB, 435 MHz, 810 MHz, 14.63 W, 31
0 %, 20 MiB, 210 MHz, 405 MHz, 26.53 W, 29
 16:48:04 up 7 days, 39 min,  5 users,  load average: 1.72, 1.43, 0.95
2026-09-30T16:48:06-04:00
3 %, 463 MiB, 195 MHz, 405 MHz, 5.97 W, 31
0 %, 20 MiB, 210 MHz, 405 MHz, 21.23 W, 28
 16:48:06 up 7 days, 39 min,  5 users,  load average: 1.72, 1.43, 0.95
2026-09-30T16:48:08-04:00
3 %, 463 MiB, 195 MHz, 405 MHz, 6.03 W, 31
0 %, 20 MiB, 210 MHz, 405 MHz, 21.00 W, 28
 16:48:08 up 7 days, 39 min,  5 users,  load average: 1.66, 1.42, 0.95
2026-09-30T16:48:10-04:00
3 %, 463 MiB, 195 MHz, 405 MHz, 5.80 W, 31
0 %, 20 MiB, 210 MHz, 405 MHz, 23.34 W, 29
 16:48:10 up 7 days, 39 min,  5 users,  load average: 1.66, 1.42, 0.95
2026-09-30T16:48:12-04:00
3 %, 463 MiB, 195 MHz, 405 MHz, 5.72 W, 31
0 %, 20 MiB, 210 MHz, 405 MHz, 21.77 W, 29
 16:48:12 up 7 days, 39 min,  5 users,  load average: 1.66, 1.42, 0.95
2026-09-30T16:48:14-04:00
3 %, 463 MiB, 195 MHz, 405 MHz, 5.49 W, 31
0 %, 20 MiB, 210 MHz, 405 MHz, 21.15 W, 28
 16:48:14 up 7 days, 39 min,  5 users,  load average: 1.61, 1.41, 0.95
2026-09-30T16:48:16-04:00
3 %, 463 MiB, 195 MHz, 405 MHz, 5.63 W, 31
0 %, 20 MiB, 210 MHz, 405 MHz, 21.13 W, 28
 16:48:16 up 7 days, 39 min,  5 users,  load average: 1.61, 1.41, 0.95
2026-09-30T16:48:18-04:00
3 %, 463 MiB, 195 MHz, 405 MHz, 5.59 W, 31
0 %, 20 MiB, 210 MHz, 405 MHz, 27.64 W, 29
 16:48:18 up 7 days, 39 min,  5 users,  load average: 1.56, 1.40, 0.95
2026-09-30T16:48:20-04:00
3 %, 463 MiB, 195 MHz, 405 MHz, 5.47 W, 31
0 %, 20 MiB, 210 MHz, 405 MHz, 21.29 W, 28
 16:48:21 up 7 days, 39 min,  5 users,  load average: 1.56, 1.40, 0.95
2026-09-30T16:48:23-04:00
3 %, 463 MiB, 195 MHz, 405 MHz, 5.77 W, 31
0 %, 20 MiB, 210 MHz, 405 MHz, 20.97 W, 28
 16:48:23 up 7 days, 39 min,  5 users,  load average: 1.56, 1.40, 0.95
2026-09-30T16:48:25-04:00
3 %, 463 MiB, 195 MHz, 405 MHz, 6.08 W, 31
0 %, 20 MiB, 210 MHz, 405 MHz, 23.74 W, 29
 16:48:25 up 7 days, 39 min,  5 users,  load average: 1.52, 1.40, 0.95
2026-09-30T16:48:27-04:00
3 %, 463 MiB, 195 MHz, 405 MHz, 5.77 W, 31
0 %, 20 MiB, 210 MHz, 405 MHz, 21.99 W, 29
 16:48:27 up 7 days, 39 min,  5 users,  load average: 1.52, 1.40, 0.95
2026-09-30T16:48:29-04:00
3 %, 463 MiB, 195 MHz, 405 MHz, 5.79 W, 31
0 %, 20 MiB, 210 MHz, 405 MHz, 20.92 W, 28
 16:48:29 up 7 days, 39 min,  5 users,  load average: 1.47, 1.39, 0.95
2026-09-30T16:48:31-04:00
3 %, 463 MiB, 195 MHz, 405 MHz, 5.88 W, 31
0 %, 20 MiB, 210 MHz, 405 MHz, 21.03 W, 28
 16:48:31 up 7 days, 39 min,  5 users,  load average: 1.47, 1.39, 0.95
2026-09-30T16:48:33-04:00
3 %, 463 MiB, 195 MHz, 405 MHz, 5.47 W, 31
0 %, 20 MiB, 210 MHz, 405 MHz, 21.79 W, 29
 16:48:33 up 7 days, 39 min,  5 users,  load average: 1.47, 1.39, 0.95
2026-09-30T16:48:35-04:00
3 %, 463 MiB, 195 MHz, 405 MHz, 5.17 W, 31
0 %, 20 MiB, 210 MHz, 405 MHz, 20.99 W, 28
 16:48:35 up 7 days, 39 min,  5 users,  load average: 1.52, 1.40, 0.95
2026-09-30T16:48:37-04:00
3 %, 463 MiB, 187 MHz, 405 MHz, 5.50 W, 31
0 %, 20 MiB, 210 MHz, 405 MHz, 21.03 W, 28
 16:48:37 up 7 days, 39 min,  5 users,  load average: 1.52, 1.40, 0.95
2026-09-30T16:48:39-04:00
3 %, 463 MiB, 195 MHz, 405 MHz, 5.71 W, 31
0 %, 20 MiB, 210 MHz, 405 MHz, 24.15 W, 29
 16:48:39 up 7 days, 39 min,  5 users,  load average: 1.48, 1.39, 0.95
2026-09-30T16:48:41-04:00
3 %, 463 MiB, 195 MHz, 405 MHz, 5.22 W, 31
0 %, 20 MiB, 210 MHz, 405 MHz, 22.18 W, 29
 16:48:41 up 7 days, 39 min,  5 users,  load average: 1.48, 1.39, 0.95
2026-09-30T16:48:43-04:00
3 %, 463 MiB, 187 MHz, 405 MHz, 5.78 W, 31
0 %, 20 MiB, 210 MHz, 405 MHz, 20.88 W, 28
 16:48:43 up 7 days, 39 min,  5 users,  load average: 1.44, 1.39, 0.96
2026-09-30T16:48:45-04:00
3 %, 463 MiB, 195 MHz, 405 MHz, 5.70 W, 31
0 %, 20 MiB, 210 MHz, 405 MHz, 21.03 W, 28
 16:48:45 up 7 days, 39 min,  5 users,  load average: 1.44, 1.39, 0.96
2026-09-30T16:48:47-04:00
3 %, 463 MiB, 195 MHz, 405 MHz, 5.69 W, 31
0 %, 20 MiB, 210 MHz, 405 MHz, 22.08 W, 29
 16:48:48 up 7 days, 39 min,  5 users,  load average: 1.44, 1.39, 0.96
2026-09-30T16:48:50-04:00
3 %, 463 MiB, 195 MHz, 405 MHz, 5.99 W, 31
0 %, 20 MiB, 210 MHz, 405 MHz, 20.93 W, 28
 16:48:50 up 7 days, 39 min,  5 users,  load average: 1.40, 1.38, 0.96
2026-09-30T16:48:52-04:00
3 %, 463 MiB, 195 MHz, 405 MHz, 5.85 W, 31
0 %, 20 MiB, 210 MHz, 405 MHz, 21.05 W, 28
 16:48:52 up 7 days, 39 min,  5 users,  load average: 1.40, 1.38, 0.96
2026-09-30T16:48:54-04:00
3 %, 463 MiB, 195 MHz, 405 MHz, 5.52 W, 31
0 %, 20 MiB, 210 MHz, 405 MHz, 27.47 W, 29
 16:48:54 up 7 days, 39 min,  5 users,  load average: 1.37, 1.37, 0.96
2026-09-30T16:48:56-04:00
0 %, 1759 MiB, 2542 MHz, 13801 MHz, 61.33 W, 32
0 %, 20 MiB, 210 MHz, 405 MHz, 25.10 W, 29
1598492, /home/ndizazzo/dev/mesh/issue1393-q4-snapshot-20260930/target/release/xtask, 1322 MiB
 16:48:56 up 7 days, 39 min,  5 users,  load average: 1.37, 1.37, 0.96
2026-09-30T16:48:58-04:00
0 %, 1759 MiB, 2542 MHz, 13801 MHz, 52.42 W, 32
0 %, 20 MiB, 210 MHz, 405 MHz, 21.27 W, 28
1598492, /home/ndizazzo/dev/mesh/issue1393-q4-snapshot-20260930/target/release/xtask, 1322 MiB
 16:48:58 up 7 days, 40 min,  5 users,  load average: 1.37, 1.37, 0.96
2026-09-30T16:49:00-04:00
100 %, 1761 MiB, 2925 MHz, 13801 MHz, 92.34 W, 33
0 %, 20 MiB, 210 MHz, 405 MHz, 21.07 W, 28
1598492, /home/ndizazzo/dev/mesh/issue1393-q4-snapshot-20260930/target/release/xtask, 1324 MiB
 16:49:00 up 7 days, 40 min,  5 users,  load average: 1.34, 1.37, 0.96
2026-09-30T16:49:02-04:00
100 %, 1761 MiB, 2925 MHz, 13801 MHz, 92.33 W, 33
0 %, 20 MiB, 210 MHz, 405 MHz, 21.91 W, 29
1598492, /home/ndizazzo/dev/mesh/issue1393-q4-snapshot-20260930/target/release/xtask, 1324 MiB
 16:49:02 up 7 days, 40 min,  5 users,  load average: 1.34, 1.37, 0.96
2026-09-30T16:49:04-04:00
100 %, 1761 MiB, 2925 MHz, 13801 MHz, 92.28 W, 33
0 %, 20 MiB, 210 MHz, 405 MHz, 21.19 W, 28
1598492, /home/ndizazzo/dev/mesh/issue1393-q4-snapshot-20260930/target/release/xtask, 1324 MiB
 16:49:04 up 7 days, 40 min,  5 users,  load average: 1.39, 1.38, 0.96
2026-09-30T16:49:06-04:00
100 %, 1761 MiB, 2925 MHz, 13801 MHz, 92.41 W, 33
0 %, 20 MiB, 210 MHz, 405 MHz, 21.25 W, 28
1598492, /home/ndizazzo/dev/mesh/issue1393-q4-snapshot-20260930/target/release/xtask, 1324 MiB
 16:49:06 up 7 days, 40 min,  5 users,  load average: 1.39, 1.38, 0.96
2026-09-30T16:49:08-04:00
100 %, 1761 MiB, 2925 MHz, 13801 MHz, 92.63 W, 33
0 %, 20 MiB, 210 MHz, 405 MHz, 27.64 W, 29
1598492, /home/ndizazzo/dev/mesh/issue1393-q4-snapshot-20260930/target/release/xtask, 1324 MiB
 16:49:08 up 7 days, 40 min,  5 users,  load average: 1.44, 1.39, 0.97
2026-09-30T16:49:10-04:00
100 %, 1761 MiB, 2925 MHz, 13801 MHz, 92.55 W, 33
0 %, 20 MiB, 210 MHz, 405 MHz, 21.55 W, 28
1598492, /home/ndizazzo/dev/mesh/issue1393-q4-snapshot-20260930/target/release/xtask, 1324 MiB
 16:49:10 up 7 days, 40 min,  5 users,  load average: 1.44, 1.39, 0.97
2026-09-30T16:49:12-04:00
100 %, 1761 MiB, 2925 MHz, 13801 MHz, 92.89 W, 33
0 %, 20 MiB, 210 MHz, 405 MHz, 21.33 W, 28
1598492, /home/ndizazzo/dev/mesh/issue1393-q4-snapshot-20260930/target/release/xtask, 1324 MiB
 16:49:12 up 7 days, 40 min,  5 users,  load average: 1.44, 1.39, 0.97
2026-09-30T16:49:14-04:00
100 %, 1761 MiB, 2925 MHz, 13801 MHz, 93.01 W, 33
0 %, 20 MiB, 210 MHz, 405 MHz, 21.34 W, 28
1598492, /home/ndizazzo/dev/mesh/issue1393-q4-snapshot-20260930/target/release/xtask, 1324 MiB
 16:49:14 up 7 days, 40 min,  5 users,  load average: 1.49, 1.40, 0.97
2026-09-30T16:49:16-04:00
100 %, 1761 MiB, 2925 MHz, 13801 MHz, 91.83 W, 33
0 %, 20 MiB, 210 MHz, 405 MHz, 22.09 W, 29
1598492, /home/ndizazzo/dev/mesh/issue1393-q4-snapshot-20260930/target/release/xtask, 1324 MiB
 16:49:16 up 7 days, 40 min,  5 users,  load average: 1.49, 1.40, 0.97
2026-09-30T16:49:18-04:00
100 %, 1761 MiB, 2925 MHz, 13801 MHz, 92.45 W, 33
0 %, 20 MiB, 210 MHz, 405 MHz, 21.15 W, 28
1598492, /home/ndizazzo/dev/mesh/issue1393-q4-snapshot-20260930/target/release/xtask, 1324 MiB
 16:49:18 up 7 days, 40 min,  5 users,  load average: 1.53, 1.41, 0.98
2026-09-30T16:49:20-04:00
100 %, 1761 MiB, 2925 MHz, 13801 MHz, 92.62 W, 33
0 %, 20 MiB, 210 MHz, 405 MHz, 21.16 W, 28
1598492, /home/ndizazzo/dev/mesh/issue1393-q4-snapshot-20260930/target/release/xtask, 1324 MiB
 16:49:20 up 7 days, 40 min,  5 users,  load average: 1.53, 1.41, 0.98
2026-09-30T16:49:22-04:00
100 %, 1761 MiB, 2925 MHz, 13801 MHz, 90.48 W, 33
0 %, 20 MiB, 210 MHz, 405 MHz, 27.49 W, 29
1598492, /home/ndizazzo/dev/mesh/issue1393-q4-snapshot-20260930/target/release/xtask, 1324 MiB
 16:49:23 up 7 days, 40 min,  5 users,  load average: 1.53, 1.41, 0.98
2026-09-30T16:49:25-04:00
100 %, 1761 MiB, 2925 MHz, 13801 MHz, 89.94 W, 33
0 %, 20 MiB, 210 MHz, 405 MHz, 21.18 W, 28
1598492, /home/ndizazzo/dev/mesh/issue1393-q4-snapshot-20260930/target/release/xtask, 1324 MiB
 16:49:25 up 7 days, 40 min,  5 users,  load average: 1.57, 1.42, 0.99
2026-09-30T16:49:27-04:00
100 %, 1761 MiB, 2925 MHz, 13801 MHz, 89.52 W, 33
0 %, 20 MiB, 210 MHz, 405 MHz, 20.98 W, 28
1598492, /home/ndizazzo/dev/mesh/issue1393-q4-snapshot-20260930/target/release/xtask, 1324 MiB
 16:49:27 up 7 days, 40 min,  5 users,  load average: 1.57, 1.42, 0.99
2026-09-30T16:49:29-04:00
100 %, 1761 MiB, 2925 MHz, 13801 MHz, 92.43 W, 33
0 %, 20 MiB, 210 MHz, 405 MHz, 21.92 W, 28
1598492, /home/ndizazzo/dev/mesh/issue1393-q4-snapshot-20260930/target/release/xtask, 1324 MiB
 16:49:29 up 7 days, 40 min,  5 users,  load average: 1.68, 1.45, 1.00
2026-09-30T16:49:31-04:00
100 %, 1761 MiB, 2925 MHz, 13801 MHz, 92.14 W, 33
0 %, 20 MiB, 210 MHz, 405 MHz, 22.43 W, 29
1598492, /home/ndizazzo/dev/mesh/issue1393-q4-snapshot-20260930/target/release/xtask, 1324 MiB
 16:49:31 up 7 days, 40 min,  5 users,  load average: 1.68, 1.45, 1.00
2026-09-30T16:49:33-04:00
100 %, 1761 MiB, 2925 MHz, 13801 MHz, 92.82 W, 33
0 %, 20 MiB, 210 MHz, 405 MHz, 21.12 W, 28
1598492, /home/ndizazzo/dev/mesh/issue1393-q4-snapshot-20260930/target/release/xtask, 1324 MiB
 16:49:33 up 7 days, 40 min,  5 users,  load average: 1.68, 1.45, 1.00
2026-09-30T16:49:35-04:00
100 %, 1761 MiB, 2925 MHz, 13801 MHz, 91.98 W, 33
0 %, 20 MiB, 210 MHz, 405 MHz, 21.20 W, 28
1598492, /home/ndizazzo/dev/mesh/issue1393-q4-snapshot-20260930/target/release/xtask, 1324 MiB
 16:49:35 up 7 days, 40 min,  5 users,  load average: 1.71, 1.46, 1.00
2026-09-30T16:49:37-04:00
100 %, 1761 MiB, 2925 MHz, 13801 MHz, 92.69 W, 33
0 %, 20 MiB, 210 MHz, 405 MHz, 27.28 W, 28
1598492, /home/ndizazzo/dev/mesh/issue1393-q4-snapshot-20260930/target/release/xtask, 1324 MiB
 16:49:37 up 7 days, 40 min,  5 users,  load average: 1.71, 1.46, 1.00
2026-09-30T16:49:39-04:00
100 %, 1761 MiB, 2925 MHz, 13801 MHz, 93.19 W, 33
0 %, 20 MiB, 210 MHz, 405 MHz, 21.39 W, 28
1598492, /home/ndizazzo/dev/mesh/issue1393-q4-snapshot-20260930/target/release/xtask, 1324 MiB
 16:49:39 up 7 days, 40 min,  5 users,  load average: 1.73, 1.46, 1.01
2026-09-30T16:49:41-04:00
100 %, 1761 MiB, 2925 MHz, 13801 MHz, 92.17 W, 33
0 %, 20 MiB, 210 MHz, 405 MHz, 21.14 W, 28
1598492, /home/ndizazzo/dev/mesh/issue1393-q4-snapshot-20260930/target/release/xtask, 1324 MiB
 16:49:41 up 7 days, 40 min,  5 users,  load average: 1.73, 1.46, 1.01
2026-09-30T16:49:43-04:00
100 %, 1761 MiB, 2925 MHz, 13801 MHz, 92.44 W, 33
0 %, 20 MiB, 210 MHz, 405 MHz, 22.60 W, 28
1598492, /home/ndizazzo/dev/mesh/issue1393-q4-snapshot-20260930/target/release/xtask, 1324 MiB
 16:49:43 up 7 days, 40 min,  5 users,  load average: 1.73, 1.46, 1.01
2026-09-30T16:49:45-04:00
100 %, 1761 MiB, 2925 MHz, 13801 MHz, 92.66 W, 33
0 %, 20 MiB, 210 MHz, 405 MHz, 21.89 W, 28
1598492, /home/ndizazzo/dev/mesh/issue1393-q4-snapshot-20260930/target/release/xtask, 1324 MiB
 16:49:45 up 7 days, 40 min,  5 users,  load average: 1.75, 1.47, 1.01
2026-09-30T16:49:47-04:00
100 %, 1761 MiB, 2925 MHz, 13801 MHz, 92.65 W, 33
0 %, 20 MiB, 210 MHz, 405 MHz, 21.14 W, 28
1598492, /home/ndizazzo/dev/mesh/issue1393-q4-snapshot-20260930/target/release/xtask, 1324 MiB
 16:49:47 up 7 days, 40 min,  5 users,  load average: 1.75, 1.47, 1.01
2026-09-30T16:49:49-04:00
100 %, 1761 MiB, 2925 MHz, 13801 MHz, 92.39 W, 33
0 %, 20 MiB, 210 MHz, 405 MHz, 21.20 W, 28
1598492, /home/ndizazzo/dev/mesh/issue1393-q4-snapshot-20260930/target/release/xtask, 1324 MiB
 16:49:49 up 7 days, 40 min,  5 users,  load average: 1.77, 1.48, 1.02
2026-09-30T16:49:51-04:00
100 %, 1761 MiB, 2925 MHz, 13801 MHz, 91.44 W, 33
0 %, 20 MiB, 210 MHz, 405 MHz, 27.53 W, 28
1598492, /home/ndizazzo/dev/mesh/issue1393-q4-snapshot-20260930/target/release/xtask, 1324 MiB
 16:49:51 up 7 days, 40 min,  5 users,  load average: 1.77, 1.48, 1.02
2026-09-30T16:49:53-04:00
100 %, 1761 MiB, 2925 MHz, 13801 MHz, 89.52 W, 33
0 %, 20 MiB, 210 MHz, 405 MHz, 21.49 W, 28
1598492, /home/ndizazzo/dev/mesh/issue1393-q4-snapshot-20260930/target/release/xtask, 1324 MiB
 16:49:53 up 7 days, 40 min,  5 users,  load average: 1.79, 1.49, 1.02
2026-09-30T16:49:55-04:00
100 %, 1761 MiB, 2925 MHz, 13801 MHz, 90.08 W, 33
0 %, 20 MiB, 210 MHz, 405 MHz, 21.17 W, 28
1598492, /home/ndizazzo/dev/mesh/issue1393-q4-snapshot-20260930/target/release/xtask, 1324 MiB
 16:49:55 up 7 days, 40 min,  5 users,  load average: 1.79, 1.49, 1.02
2026-09-30T16:49:57-04:00
100 %, 1761 MiB, 2925 MHz, 13801 MHz, 89.52 W, 33
0 %, 20 MiB, 210 MHz, 405 MHz, 23.00 W, 29
1598492, /home/ndizazzo/dev/mesh/issue1393-q4-snapshot-20260930/target/release/xtask, 1324 MiB
 16:49:57 up 7 days, 41 min,  5 users,  load average: 1.79, 1.49, 1.02
2026-09-30T16:49:59-04:00
0 %, 429 MiB, 2925 MHz, 14001 MHz, 66.73 W, 32
0 %, 17 MiB, 210 MHz, 405 MHz, 28.57 W, 29
 16:50:00 up 7 days, 41 min,  5 users,  load average: 1.73, 1.48, 1.02
2026-09-30T16:50:02-04:00
2 %, 429 MiB, 420 MHz, 810 MHz, 9.90 W, 31
0 %, 17 MiB, 210 MHz, 405 MHz, 21.12 W, 28
 16:50:02 up 7 days, 41 min,  5 users,  load average: 1.73, 1.48, 1.02
2026-09-30T16:50:04-04:00
3 %, 429 MiB, 195 MHz, 405 MHz, 5.54 W, 31
0 %, 17 MiB, 210 MHz, 405 MHz, 20.88 W, 28
 16:50:04 up 7 days, 41 min,  5 users,  load average: 1.67, 1.47, 1.02
2026-09-30T16:50:06-04:00
3 %, 429 MiB, 195 MHz, 405 MHz, 5.80 W, 31
0 %, 17 MiB, 210 MHz, 405 MHz, 26.90 W, 29
 16:50:06 up 7 days, 41 min,  5 users,  load average: 1.67, 1.47, 1.02
2026-09-30T16:50:08-04:00
3 %, 429 MiB, 195 MHz, 405 MHz, 5.72 W, 31
0 %, 17 MiB, 210 MHz, 405 MHz, 21.17 W, 28
 16:50:08 up 7 days, 41 min,  5 users,  load average: 1.67, 1.47, 1.02
2026-09-30T16:50:10-04:00
3 %, 429 MiB, 195 MHz, 405 MHz, 5.45 W, 31
0 %, 17 MiB, 210 MHz, 405 MHz, 20.95 W, 28
 16:50:10 up 7 days, 41 min,  5 users,  load average: 1.62, 1.47, 1.02
2026-09-30T16:50:12-04:00
3 %, 429 MiB, 195 MHz, 405 MHz, 5.86 W, 31
0 %, 17 MiB, 210 MHz, 405 MHz, 23.94 W, 29
 16:50:12 up 7 days, 41 min,  5 users,  load average: 1.62, 1.47, 1.02
2026-09-30T16:50:14-04:00
3 %, 429 MiB, 195 MHz, 405 MHz, 5.85 W, 31
0 %, 17 MiB, 210 MHz, 405 MHz, 21.75 W, 29
 16:50:14 up 7 days, 41 min,  5 users,  load average: 1.57, 1.46, 1.02
2026-09-30T16:50:16-04:00
3 %, 429 MiB, 195 MHz, 405 MHz, 5.54 W, 31
0 %, 17 MiB, 210 MHz, 405 MHz, 21.04 W, 28
 16:50:16 up 7 days, 41 min,  5 users,  load average: 1.57, 1.46, 1.02
2026-09-30T16:50:18-04:00
3 %, 429 MiB, 195 MHz, 405 MHz, 5.87 W, 31
0 %, 17 MiB, 210 MHz, 405 MHz, 21.20 W, 28
 16:50:18 up 7 days, 41 min,  5 users,  load average: 1.52, 1.45, 1.02
2026-09-30T16:50:20-04:00
3 %, 429 MiB, 195 MHz, 405 MHz, 5.27 W, 31
0 %, 17 MiB, 210 MHz, 405 MHz, 27.93 W, 29
 16:50:20 up 7 days, 41 min,  5 users,  load average: 1.52, 1.45, 1.02
2026-09-30T16:50:22-04:00
3 %, 429 MiB, 187 MHz, 405 MHz, 5.51 W, 31
0 %, 17 MiB, 210 MHz, 405 MHz, 21.44 W, 28
 16:50:22 up 7 days, 41 min,  5 users,  load average: 1.52, 1.45, 1.02
2026-09-30T16:50:24-04:00
3 %, 429 MiB, 195 MHz, 405 MHz, 5.70 W, 31
0 %, 17 MiB, 210 MHz, 405 MHz, 21.07 W, 28
 16:50:24 up 7 days, 41 min,  5 users,  load average: 1.48, 1.44, 1.02
2026-09-30T16:50:26-04:00
3 %, 429 MiB, 195 MHz, 405 MHz, 6.02 W, 31
0 %, 17 MiB, 210 MHz, 405 MHz, 27.36 W, 29
 16:50:26 up 7 days, 41 min,  5 users,  load average: 1.48, 1.44, 1.02
2026-09-30T16:50:28-04:00
3 %, 429 MiB, 195 MHz, 405 MHz, 5.72 W, 31
0 %, 17 MiB, 210 MHz, 405 MHz, 22.08 W, 29
 16:50:29 up 7 days, 41 min,  5 users,  load average: 1.44, 1.44, 1.02
2026-09-30T16:50:31-04:00
3 %, 429 MiB, 195 MHz, 405 MHz, 5.91 W, 31
0 %, 17 MiB, 210 MHz, 405 MHz, 20.99 W, 28
 16:50:31 up 7 days, 41 min,  5 users,  load average: 1.44, 1.44, 1.02
2026-09-30T16:50:33-04:00
3 %, 429 MiB, 195 MHz, 405 MHz, 6.28 W, 31
0 %, 17 MiB, 210 MHz, 405 MHz, 21.07 W, 28
 16:50:33 up 7 days, 41 min,  5 users,  load average: 1.44, 1.44, 1.02
2026-09-30T16:50:35-04:00
3 %, 429 MiB, 195 MHz, 405 MHz, 6.03 W, 31
0 %, 17 MiB, 210 MHz, 405 MHz, 27.60 W, 29
 16:50:35 up 7 days, 41 min,  5 users,  load average: 1.40, 1.43, 1.02
2026-09-30T16:50:37-04:00
3 %, 429 MiB, 195 MHz, 405 MHz, 6.09 W, 31
0 %, 17 MiB, 210 MHz, 405 MHz, 21.08 W, 28
 16:50:37 up 7 days, 41 min,  5 users,  load average: 1.40, 1.43, 1.02
2026-09-30T16:50:39-04:00
3 %, 429 MiB, 195 MHz, 405 MHz, 5.76 W, 31
0 %, 17 MiB, 210 MHz, 405 MHz, 20.92 W, 28
 16:50:39 up 7 days, 41 min,  5 users,  load average: 1.37, 1.42, 1.02
2026-09-30T16:50:41-04:00
3 %, 429 MiB, 195 MHz, 405 MHz, 5.60 W, 31
0 %, 17 MiB, 210 MHz, 405 MHz, 27.69 W, 29
 16:50:41 up 7 days, 41 min,  5 users,  load average: 1.37, 1.42, 1.02
2026-09-30T16:50:43-04:00
3 %, 429 MiB, 195 MHz, 405 MHz, 5.99 W, 31
0 %, 17 MiB, 210 MHz, 405 MHz, 21.31 W, 29
 16:50:43 up 7 days, 41 min,  5 users,  load average: 1.37, 1.42, 1.02
2026-09-30T16:50:45-04:00
3 %, 429 MiB, 195 MHz, 405 MHz, 5.71 W, 31
0 %, 17 MiB, 210 MHz, 405 MHz, 21.06 W, 29
 16:50:45 up 7 days, 41 min,  5 users,  load average: 1.34, 1.41, 1.02
2026-09-30T16:50:47-04:00
3 %, 429 MiB, 195 MHz, 405 MHz, 5.54 W, 31
0 %, 17 MiB, 210 MHz, 405 MHz, 20.97 W, 29
 16:50:47 up 7 days, 41 min,  5 users,  load average: 1.34, 1.41, 1.02
2026-09-30T16:50:49-04:00
3 %, 429 MiB, 195 MHz, 405 MHz, 5.94 W, 31
0 %, 17 MiB, 210 MHz, 405 MHz, 27.33 W, 29
 16:50:49 up 7 days, 41 min,  5 users,  load average: 1.31, 1.41, 1.02
2026-09-30T16:50:51-04:00
3 %, 429 MiB, 195 MHz, 405 MHz, 5.96 W, 31
0 %, 17 MiB, 210 MHz, 405 MHz, 21.21 W, 28
 16:50:51 up 7 days, 41 min,  5 users,  load average: 1.31, 1.41, 1.02
2026-09-30T16:50:53-04:00
100 %, 1761 MiB, 2925 MHz, 13801 MHz, 78.96 W, 33
0 %, 20 MiB, 210 MHz, 405 MHz, 28.72 W, 29
1599974, /home/ndizazzo/dev/mesh/issue1393-q4-snapshot-20260930/target/release/xtask, 1324 MiB
 16:50:53 up 7 days, 41 min,  5 users,  load average: 1.37, 1.42, 1.02
2026-09-30T16:50:55-04:00
100 %, 1761 MiB, 2925 MHz, 13801 MHz, 90.88 W, 33
0 %, 20 MiB, 210 MHz, 405 MHz, 26.43 W, 29
1599974, /home/ndizazzo/dev/mesh/issue1393-q4-snapshot-20260930/target/release/xtask, 1324 MiB
 16:50:55 up 7 days, 41 min,  5 users,  load average: 1.37, 1.42, 1.02
2026-09-30T16:50:57-04:00
100 %, 1761 MiB, 2925 MHz, 13801 MHz, 91.81 W, 33
0 %, 20 MiB, 210 MHz, 405 MHz, 21.18 W, 28
1599974, /home/ndizazzo/dev/mesh/issue1393-q4-snapshot-20260930/target/release/xtask, 1324 MiB
 16:50:58 up 7 days, 42 min,  5 users,  load average: 1.37, 1.42, 1.02
2026-09-30T16:51:00-04:00
100 %, 1761 MiB, 2925 MHz, 13801 MHz, 91.05 W, 33
0 %, 20 MiB, 210 MHz, 405 MHz, 21.04 W, 28
1599974, /home/ndizazzo/dev/mesh/issue1393-q4-snapshot-20260930/target/release/xtask, 1324 MiB
 16:51:00 up 7 days, 42 min,  5 users,  load average: 1.42, 1.43, 1.03
2026-09-30T16:51:02-04:00
100 %, 1761 MiB, 2925 MHz, 13801 MHz, 91.22 W, 33
0 %, 20 MiB, 210 MHz, 405 MHz, 21.32 W, 29
1599974, /home/ndizazzo/dev/mesh/issue1393-q4-snapshot-20260930/target/release/xtask, 1324 MiB
 16:51:02 up 7 days, 42 min,  5 users,  load average: 1.42, 1.43, 1.03
2026-09-30T16:51:04-04:00
1 %, 463 MiB, 2925 MHz, 14001 MHz, 89.38 W, 33
0 %, 20 MiB, 210 MHz, 405 MHz, 22.47 W, 29
 16:51:04 up 7 days, 42 min,  5 users,  load average: 1.47, 1.44, 1.04
2026-09-30T16:51:06-04:00
2 %, 463 MiB, 780 MHz, 810 MHz, 47.05 W, 31
0 %, 20 MiB, 210 MHz, 405 MHz, 21.95 W, 29
 16:51:06 up 7 days, 42 min,  5 users,  load average: 1.47, 1.44, 1.04
2026-09-30T16:51:08-04:00
3 %, 463 MiB, 277 MHz, 405 MHz, 6.40 W, 31
0 %, 20 MiB, 210 MHz, 405 MHz, 20.91 W, 28
 16:51:08 up 7 days, 42 min,  5 users,  load average: 1.47, 1.44, 1.04
2026-09-30T16:51:10-04:00
3 %, 463 MiB, 187 MHz, 405 MHz, 5.95 W, 31
0 %, 20 MiB, 210 MHz, 405 MHz, 24.34 W, 29
 16:51:10 up 7 days, 42 min,  5 users,  load average: 1.43, 1.43, 1.04
2026-09-30T16:51:12-04:00
3 %, 463 MiB, 195 MHz, 405 MHz, 6.06 W, 31
0 %, 20 MiB, 210 MHz, 405 MHz, 21.28 W, 28
 16:51:12 up 7 days, 42 min,  5 users,  load average: 1.43, 1.43, 1.04
2026-09-30T16:51:14-04:00
3 %, 463 MiB, 195 MHz, 405 MHz, 6.35 W, 31
0 %, 20 MiB, 210 MHz, 405 MHz, 21.03 W, 28
 16:51:14 up 7 days, 42 min,  5 users,  load average: 1.39, 1.42, 1.03
2026-09-30T16:51:16-04:00
3 %, 463 MiB, 195 MHz, 405 MHz, 6.26 W, 31
0 %, 20 MiB, 210 MHz, 405 MHz, 21.99 W, 29
 16:51:16 up 7 days, 42 min,  5 users,  load average: 1.39, 1.42, 1.03
2026-09-30T16:51:18-04:00
3 %, 463 MiB, 195 MHz, 405 MHz, 6.30 W, 31
0 %, 20 MiB, 210 MHz, 405 MHz, 22.14 W, 29
 16:51:18 up 7 days, 42 min,  5 users,  load average: 1.36, 1.41, 1.03
2026-09-30T16:51:20-04:00
3 %, 463 MiB, 195 MHz, 405 MHz, 6.48 W, 31
0 %, 20 MiB, 210 MHz, 405 MHz, 21.05 W, 28
 16:51:20 up 7 days, 42 min,  5 users,  load average: 1.36, 1.41, 1.03
2026-09-30T16:51:22-04:00
3 %, 463 MiB, 195 MHz, 405 MHz, 6.08 W, 31
0 %, 20 MiB, 210 MHz, 405 MHz, 21.07 W, 28
 16:51:22 up 7 days, 42 min,  5 users,  load average: 1.36, 1.41, 1.03
2026-09-30T16:51:24-04:00
3 %, 463 MiB, 195 MHz, 405 MHz, 5.67 W, 31
0 %, 20 MiB, 210 MHz, 405 MHz, 27.73 W, 29
 16:51:24 up 7 days, 42 min,  5 users,  load average: 1.33, 1.41, 1.03
2026-09-30T16:51:26-04:00
3 %, 463 MiB, 195 MHz, 405 MHz, 6.16 W, 31
0 %, 20 MiB, 210 MHz, 405 MHz, 21.13 W, 28
 16:51:26 up 7 days, 42 min,  5 users,  load average: 1.33, 1.41, 1.03
2026-09-30T16:51:28-04:00
3 %, 463 MiB, 195 MHz, 405 MHz, 5.96 W, 31
0 %, 20 MiB, 210 MHz, 405 MHz, 20.98 W, 28
 16:51:29 up 7 days, 42 min,  5 users,  load average: 1.31, 1.40, 1.03
2026-09-30T16:51:31-04:00
3 %, 463 MiB, 195 MHz, 405 MHz, 5.66 W, 31
0 %, 20 MiB, 210 MHz, 405 MHz, 22.69 W, 29
 16:51:31 up 7 days, 42 min,  5 users,  load average: 1.31, 1.40, 1.03
2026-09-30T16:51:33-04:00
3 %, 463 MiB, 195 MHz, 405 MHz, 5.65 W, 31
0 %, 20 MiB, 210 MHz, 405 MHz, 22.18 W, 28
 16:51:33 up 7 days, 42 min,  5 users,  load average: 1.31, 1.40, 1.03
2026-09-30T16:51:35-04:00
0 %, 463 MiB, 195 MHz, 405 MHz, 5.86 W, 31
0 %, 20 MiB, 210 MHz, 405 MHz, 21.06 W, 28
 16:51:35 up 7 days, 42 min,  5 users,  load average: 1.28, 1.39, 1.03
2026-09-30T16:51:37-04:00
0 %, 463 MiB, 195 MHz, 405 MHz, 5.76 W, 31
0 %, 20 MiB, 210 MHz, 405 MHz, 21.10 W, 28
 16:51:37 up 7 days, 42 min,  5 users,  load average: 1.28, 1.39, 1.03
2026-09-30T16:51:39-04:00
0 %, 463 MiB, 195 MHz, 405 MHz, 6.04 W, 31
0 %, 20 MiB, 210 MHz, 405 MHz, 27.41 W, 29
 16:51:39 up 7 days, 42 min,  5 users,  load average: 1.26, 1.39, 1.03
2026-09-30T16:51:41-04:00
0 %, 463 MiB, 195 MHz, 405 MHz, 5.89 W, 31
0 %, 20 MiB, 210 MHz, 405 MHz, 21.20 W, 28
 16:51:41 up 7 days, 42 min,  5 users,  load average: 1.26, 1.39, 1.03
2026-09-30T16:51:43-04:00
0 %, 463 MiB, 195 MHz, 405 MHz, 5.45 W, 31
0 %, 20 MiB, 210 MHz, 405 MHz, 21.07 W, 28
 16:51:43 up 7 days, 42 min,  5 users,  load average: 1.26, 1.39, 1.03
2026-09-30T16:51:45-04:00
0 %, 463 MiB, 210 MHz, 405 MHz, 6.03 W, 31
0 %, 20 MiB, 210 MHz, 405 MHz, 23.33 W, 29
 16:51:45 up 7 days, 42 min,  5 users,  load average: 1.24, 1.38, 1.03
2026-09-30T16:51:47-04:00
3 %, 463 MiB, 195 MHz, 405 MHz, 6.07 W, 31
0 %, 20 MiB, 210 MHz, 405 MHz, 21.84 W, 28
 16:51:47 up 7 days, 42 min,  5 users,  load average: 1.24, 1.38, 1.03
2026-09-30T16:51:49-04:00
3 %, 463 MiB, 195 MHz, 405 MHz, 5.86 W, 31
0 %, 20 MiB, 210 MHz, 405 MHz, 20.99 W, 28
 16:51:49 up 7 days, 42 min,  5 users,  load average: 1.22, 1.37, 1.03
2026-09-30T16:51:51-04:00
3 %, 463 MiB, 195 MHz, 405 MHz, 6.43 W, 31
0 %, 20 MiB, 210 MHz, 405 MHz, 21.08 W, 28
 16:51:51 up 7 days, 42 min,  5 users,  load average: 1.22, 1.37, 1.03
2026-09-30T16:51:53-04:00
3 %, 463 MiB, 195 MHz, 405 MHz, 6.11 W, 31
0 %, 20 MiB, 210 MHz, 405 MHz, 27.68 W, 29
 16:51:53 up 7 days, 42 min,  5 users,  load average: 1.20, 1.37, 1.03
2026-09-30T16:51:55-04:00
3 %, 463 MiB, 195 MHz, 405 MHz, 6.20 W, 31
0 %, 20 MiB, 210 MHz, 405 MHz, 21.40 W, 28
 16:51:55 up 7 days, 42 min,  5 users,  load average: 1.20, 1.37, 1.03
2026-09-30T16:51:57-04:00
5 %, 1759 MiB, 480 MHz, 13801 MHz, 19.31 W, 32
0 %, 20 MiB, 210 MHz, 405 MHz, 23.01 W, 29
1599974, /home/ndizazzo/dev/mesh/issue1393-q4-snapshot-20260930/target/release/xtask, 1322 MiB
 16:51:58 up 7 days, 43 min,  5 users,  load average: 1.20, 1.37, 1.03
2026-09-30T16:52:00-04:00
100 %, 1761 MiB, 2925 MHz, 13801 MHz, 91.14 W, 33
0 %, 20 MiB, 210 MHz, 405 MHz, 24.54 W, 29
1599974, /home/ndizazzo/dev/mesh/issue1393-q4-snapshot-20260930/target/release/xtask, 1324 MiB
 16:52:00 up 7 days, 43 min,  5 users,  load average: 1.27, 1.38, 1.04
2026-09-30T16:52:02-04:00
100 %, 1761 MiB, 2925 MHz, 13801 MHz, 92.00 W, 33
0 %, 20 MiB, 210 MHz, 405 MHz, 22.17 W, 29
1599974, /home/ndizazzo/dev/mesh/issue1393-q4-snapshot-20260930/target/release/xtask, 1324 MiB
 16:52:02 up 7 days, 43 min,  5 users,  load average: 1.27, 1.38, 1.04
2026-09-30T16:52:04-04:00
100 %, 1761 MiB, 2925 MHz, 13801 MHz, 91.90 W, 33
0 %, 20 MiB, 210 MHz, 405 MHz, 21.07 W, 28
1599974, /home/ndizazzo/dev/mesh/issue1393-q4-snapshot-20260930/target/release/xtask, 1324 MiB
 16:52:04 up 7 days, 43 min,  5 users,  load average: 1.32, 1.39, 1.04
2026-09-30T16:52:06-04:00
100 %, 1761 MiB, 2925 MHz, 13801 MHz, 90.91 W, 33
0 %, 20 MiB, 210 MHz, 405 MHz, 21.26 W, 28
1599974, /home/ndizazzo/dev/mesh/issue1393-q4-snapshot-20260930/target/release/xtask, 1324 MiB
 16:52:06 up 7 days, 43 min,  5 users,  load average: 1.32, 1.39, 1.04
2026-09-30T16:52:08-04:00
100 %, 1761 MiB, 2925 MHz, 13801 MHz, 90.96 W, 33
0 %, 20 MiB, 210 MHz, 405 MHz, 27.50 W, 29
1599974, /home/ndizazzo/dev/mesh/issue1393-q4-snapshot-20260930/target/release/xtask, 1324 MiB
 16:52:08 up 7 days, 43 min,  5 users,  load average: 1.32, 1.39, 1.04
2026-09-30T16:52:10-04:00
0 %, 429 MiB, 2925 MHz, 14001 MHz, 67.15 W, 32
0 %, 17 MiB, 210 MHz, 405 MHz, 28.80 W, 29
 16:52:10 up 7 days, 43 min,  5 users,  load average: 1.38, 1.40, 1.05
2026-09-30T16:52:12-04:00
0 %, 429 MiB, 345 MHz, 810 MHz, 12.89 W, 31
0 %, 17 MiB, 210 MHz, 405 MHz, 21.14 W, 28
 16:52:12 up 7 days, 43 min,  5 users,  load average: 1.38, 1.40, 1.05
2026-09-30T16:52:14-04:00
0 %, 429 MiB, 195 MHz, 405 MHz, 5.51 W, 31
0 %, 17 MiB, 210 MHz, 405 MHz, 25.27 W, 29
 16:52:14 up 7 days, 43 min,  5 users,  load average: 1.35, 1.39, 1.05
2026-09-30T16:52:16-04:00
0 %, 429 MiB, 195 MHz, 405 MHz, 6.05 W, 31
0 %, 17 MiB, 210 MHz, 405 MHz, 22.22 W, 29
 16:52:16 up 7 days, 43 min,  5 users,  load average: 1.35, 1.39, 1.05
2026-09-30T16:52:18-04:00
0 %, 429 MiB, 195 MHz, 405 MHz, 5.78 W, 31
0 %, 17 MiB, 210 MHz, 405 MHz, 20.84 W, 28
 16:52:18 up 7 days, 43 min,  5 users,  load average: 1.40, 1.40, 1.05
2026-09-30T16:52:20-04:00
0 %, 429 MiB, 195 MHz, 405 MHz, 5.77 W, 31
0 %, 17 MiB, 210 MHz, 405 MHz, 20.86 W, 28
 16:52:20 up 7 days, 43 min,  5 users,  load average: 1.40, 1.40, 1.05
2026-09-30T16:52:22-04:00
0 %, 429 MiB, 195 MHz, 405 MHz, 5.97 W, 31
0 %, 17 MiB, 210 MHz, 405 MHz, 27.06 W, 29
 16:52:22 up 7 days, 43 min,  5 users,  load average: 1.40, 1.40, 1.05
2026-09-30T16:52:24-04:00
0 %, 429 MiB, 195 MHz, 405 MHz, 5.72 W, 31
0 %, 17 MiB, 210 MHz, 405 MHz, 21.10 W, 28
 16:52:24 up 7 days, 43 min,  5 users,  load average: 1.37, 1.39, 1.05
2026-09-30T16:52:26-04:00
0 %, 429 MiB, 195 MHz, 405 MHz, 5.52 W, 31
0 %, 17 MiB, 210 MHz, 405 MHz, 20.82 W, 28
 16:52:26 up 7 days, 43 min,  5 users,  load average: 1.37, 1.39, 1.05
2026-09-30T16:52:28-04:00
0 %, 429 MiB, 195 MHz, 405 MHz, 5.81 W, 31
0 %, 17 MiB, 210 MHz, 405 MHz, 27.31 W, 29
 16:52:29 up 7 days, 43 min,  5 users,  load average: 1.34, 1.39, 1.05
2026-09-30T16:52:31-04:00
0 %, 429 MiB, 195 MHz, 405 MHz, 5.82 W, 31
0 %, 17 MiB, 210 MHz, 405 MHz, 20.95 W, 28
 16:52:31 up 7 days, 43 min,  5 users,  load average: 1.34, 1.39, 1.05
2026-09-30T16:52:33-04:00
0 %, 429 MiB, 195 MHz, 405 MHz, 5.57 W, 31
0 %, 17 MiB, 210 MHz, 405 MHz, 20.90 W, 28
 16:52:33 up 7 days, 43 min,  5 users,  load average: 1.34, 1.39, 1.05
2026-09-30T16:52:35-04:00
0 %, 429 MiB, 187 MHz, 405 MHz, 5.93 W, 31
0 %, 17 MiB, 210 MHz, 405 MHz, 20.96 W, 28
 16:52:35 up 7 days, 43 min,  5 users,  load average: 1.31, 1.38, 1.05
2026-09-30T16:52:37-04:00
0 %, 429 MiB, 195 MHz, 405 MHz, 5.79 W, 31
0 %, 17 MiB, 210 MHz, 405 MHz, 27.56 W, 28
 16:52:37 up 7 days, 43 min,  5 users,  load average: 1.31, 1.38, 1.05
2026-09-30T16:52:39-04:00
0 %, 429 MiB, 195 MHz, 405 MHz, 5.69 W, 31
0 %, 17 MiB, 210 MHz, 405 MHz, 21.03 W, 28
 16:52:39 up 7 days, 43 min,  5 users,  load average: 1.29, 1.37, 1.05
2026-09-30T16:52:41-04:00
0 %, 429 MiB, 195 MHz, 405 MHz, 5.93 W, 31
0 %, 17 MiB, 210 MHz, 405 MHz, 21.06 W, 28
 16:52:41 up 7 days, 43 min,  5 users,  load average: 1.29, 1.37, 1.05
2026-09-30T16:52:43-04:00
0 %, 429 MiB, 195 MHz, 405 MHz, 5.59 W, 31
0 %, 17 MiB, 210 MHz, 405 MHz, 27.73 W, 28
 16:52:43 up 7 days, 43 min,  5 users,  load average: 1.29, 1.37, 1.05
2026-09-30T16:52:45-04:00
0 %, 429 MiB, 195 MHz, 405 MHz, 5.17 W, 31
0 %, 17 MiB, 210 MHz, 405 MHz, 21.29 W, 28
 16:52:45 up 7 days, 43 min,  5 users,  load average: 1.26, 1.37, 1.05
2026-09-30T16:52:47-04:00
0 %, 429 MiB, 195 MHz, 405 MHz, 5.57 W, 31
0 %, 17 MiB, 210 MHz, 405 MHz, 20.91 W, 28
 16:52:47 up 7 days, 43 min,  5 users,  load average: 1.26, 1.37, 1.05
2026-09-30T16:52:49-04:00
0 %, 429 MiB, 210 MHz, 405 MHz, 5.74 W, 31
0 %, 17 MiB, 210 MHz, 405 MHz, 21.05 W, 28
 16:52:49 up 7 days, 43 min,  5 users,  load average: 1.24, 1.36, 1.05
2026-09-30T16:52:51-04:00
0 %, 429 MiB, 195 MHz, 405 MHz, 5.64 W, 31
0 %, 17 MiB, 210 MHz, 405 MHz, 22.00 W, 28
 16:52:51 up 7 days, 43 min,  5 users,  load average: 1.24, 1.36, 1.05
2026-09-30T16:52:53-04:00
0 %, 429 MiB, 195 MHz, 405 MHz, 5.80 W, 31
0 %, 17 MiB, 210 MHz, 405 MHz, 20.97 W, 28
 16:52:53 up 7 days, 43 min,  5 users,  load average: 1.22, 1.36, 1.05
2026-09-30T16:52:55-04:00
0 %, 429 MiB, 195 MHz, 405 MHz, 5.74 W, 31
0 %, 17 MiB, 210 MHz, 405 MHz, 21.09 W, 28
 16:52:55 up 7 days, 43 min,  5 users,  load average: 1.22, 1.36, 1.05
2026-09-30T16:52:57-04:00
0 %, 429 MiB, 195 MHz, 405 MHz, 5.40 W, 31
0 %, 17 MiB, 210 MHz, 405 MHz, 27.45 W, 29
 16:52:58 up 7 days, 44 min,  5 users,  load average: 1.22, 1.36, 1.05
2026-09-30T16:53:00-04:00
0 %, 429 MiB, 195 MHz, 405 MHz, 5.40 W, 31
0 %, 17 MiB, 210 MHz, 405 MHz, 20.95 W, 28
 16:53:00 up 7 days, 44 min,  5 users,  load average: 1.20, 1.35, 1.05
2026-09-30T16:53:02-04:00
0 %, 429 MiB, 195 MHz, 405 MHz, 5.46 W, 31
0 %, 17 MiB, 210 MHz, 405 MHz, 20.95 W, 28
 16:53:02 up 7 days, 44 min,  5 users,  load average: 1.20, 1.35, 1.05
2026-09-30T16:53:04-04:00
0 %, 1759 MiB, 2550 MHz, 13801 MHz, 62.47 W, 32
0 %, 20 MiB, 210 MHz, 405 MHz, 26.80 W, 28
1600801, /home/ndizazzo/dev/mesh/issue1393-q4-snapshot-20260930/target/release/xtask, 1322 MiB
 16:53:04 up 7 days, 44 min,  5 users,  load average: 1.19, 1.34, 1.05
2026-09-30T16:53:06-04:00
100 %, 1761 MiB, 2925 MHz, 13801 MHz, 89.64 W, 33
0 %, 20 MiB, 210 MHz, 405 MHz, 22.32 W, 29
1600801, /home/ndizazzo/dev/mesh/issue1393-q4-snapshot-20260930/target/release/xtask, 1324 MiB
 16:53:06 up 7 days, 44 min,  5 users,  load average: 1.19, 1.34, 1.05
2026-09-30T16:53:08-04:00
100 %, 1761 MiB, 2925 MHz, 13801 MHz, 89.70 W, 33
0 %, 20 MiB, 210 MHz, 405 MHz, 21.07 W, 28
1600801, /home/ndizazzo/dev/mesh/issue1393-q4-snapshot-20260930/target/release/xtask, 1324 MiB
 16:53:08 up 7 days, 44 min,  5 users,  load average: 1.19, 1.34, 1.05
2026-09-30T16:53:10-04:00
100 %, 1761 MiB, 2925 MHz, 13801 MHz, 89.56 W, 33
0 %, 20 MiB, 210 MHz, 405 MHz, 21.05 W, 28
1600801, /home/ndizazzo/dev/mesh/issue1393-q4-snapshot-20260930/target/release/xtask, 1324 MiB
 16:53:10 up 7 days, 44 min,  5 users,  load average: 1.25, 1.35, 1.05
2026-09-30T16:53:12-04:00
100 %, 1761 MiB, 2925 MHz, 13801 MHz, 89.31 W, 33
0 %, 20 MiB, 210 MHz, 405 MHz, 27.14 W, 29
1600801, /home/ndizazzo/dev/mesh/issue1393-q4-snapshot-20260930/target/release/xtask, 1324 MiB
 16:53:12 up 7 days, 44 min,  5 users,  load average: 1.25, 1.35, 1.05
2026-09-30T16:53:14-04:00
100 %, 1761 MiB, 2925 MHz, 13801 MHz, 89.41 W, 33
0 %, 20 MiB, 210 MHz, 405 MHz, 21.37 W, 28
1600801, /home/ndizazzo/dev/mesh/issue1393-q4-snapshot-20260930/target/release/xtask, 1324 MiB
 16:53:14 up 7 days, 44 min,  5 users,  load average: 1.31, 1.37, 1.06
2026-09-30T16:53:16-04:00
0 %, 463 MiB, 2925 MHz, 14001 MHz, 67.03 W, 32
0 %, 20 MiB, 210 MHz, 405 MHz, 26.97 W, 28
 16:53:16 up 7 days, 44 min,  5 users,  load average: 1.31, 1.37, 1.06
2026-09-30T16:53:18-04:00
0 %, 463 MiB, 547 MHz, 810 MHz, 12.82 W, 31
0 %, 20 MiB, 210 MHz, 405 MHz, 22.68 W, 28
 16:53:18 up 7 days, 44 min,  5 users,  load average: 1.29, 1.36, 1.06
2026-09-30T16:53:20-04:00
0 %, 463 MiB, 195 MHz, 405 MHz, 5.75 W, 31
0 %, 20 MiB, 210 MHz, 405 MHz, 21.84 W, 28
 16:53:20 up 7 days, 44 min,  5 users,  load average: 1.29, 1.36, 1.06
2026-09-30T16:53:22-04:00
0 %, 463 MiB, 195 MHz, 405 MHz, 5.21 W, 31
0 %, 20 MiB, 210 MHz, 405 MHz, 20.83 W, 28
 16:53:22 up 7 days, 44 min,  5 users,  load average: 1.29, 1.36, 1.06
2026-09-30T16:53:24-04:00
0 %, 463 MiB, 195 MHz, 405 MHz, 5.55 W, 31
0 %, 20 MiB, 210 MHz, 405 MHz, 20.95 W, 28
 16:53:24 up 7 days, 44 min,  5 users,  load average: 1.26, 1.35, 1.06
2026-09-30T16:53:26-04:00
0 %, 463 MiB, 195 MHz, 405 MHz, 5.38 W, 31
0 %, 20 MiB, 210 MHz, 405 MHz, 27.61 W, 28
 16:53:26 up 7 days, 44 min,  5 users,  load average: 1.26, 1.35, 1.06
2026-09-30T16:53:28-04:00
0 %, 463 MiB, 195 MHz, 405 MHz, 5.43 W, 31
0 %, 20 MiB, 210 MHz, 405 MHz, 21.41 W, 28
 16:53:29 up 7 days, 44 min,  5 users,  load average: 1.24, 1.35, 1.06
2026-09-30T16:53:31-04:00
0 %, 463 MiB, 232 MHz, 405 MHz, 5.93 W, 31
0 %, 20 MiB, 210 MHz, 405 MHz, 21.05 W, 28
 16:53:31 up 7 days, 44 min,  5 users,  load average: 1.24, 1.35, 1.06
2026-09-30T16:53:33-04:00
0 %, 463 MiB, 232 MHz, 405 MHz, 5.78 W, 31
0 %, 20 MiB, 210 MHz, 405 MHz, 23.07 W, 28
 16:53:33 up 7 days, 44 min,  5 users,  load average: 1.24, 1.35, 1.06
2026-09-30T16:53:35-04:00
0 %, 463 MiB, 232 MHz, 405 MHz, 5.79 W, 31
0 %, 20 MiB, 210 MHz, 405 MHz, 22.11 W, 28
 16:53:35 up 7 days, 44 min,  5 users,  load average: 1.22, 1.34, 1.06
2026-09-30T16:53:37-04:00
0 %, 463 MiB, 232 MHz, 405 MHz, 5.79 W, 31
0 %, 20 MiB, 210 MHz, 405 MHz, 20.94 W, 28
 16:53:37 up 7 days, 44 min,  5 users,  load average: 1.22, 1.34, 1.06
2026-09-30T16:53:39-04:00
0 %, 463 MiB, 232 MHz, 405 MHz, 5.55 W, 31
0 %, 20 MiB, 210 MHz, 405 MHz, 21.06 W, 28
 16:53:39 up 7 days, 44 min,  5 users,  load average: 1.20, 1.33, 1.06
2026-09-30T16:53:41-04:00
0 %, 463 MiB, 232 MHz, 405 MHz, 5.47 W, 31
0 %, 20 MiB, 210 MHz, 405 MHz, 27.39 W, 28
 16:53:41 up 7 days, 44 min,  5 users,  load average: 1.20, 1.33, 1.06
2026-09-30T16:53:43-04:00
0 %, 463 MiB, 232 MHz, 405 MHz, 5.95 W, 31
0 %, 20 MiB, 210 MHz, 405 MHz, 21.21 W, 28
 16:53:43 up 7 days, 44 min,  5 users,  load average: 1.20, 1.33, 1.06
2026-09-30T16:53:45-04:00
0 %, 463 MiB, 232 MHz, 405 MHz, 5.25 W, 31
0 %, 20 MiB, 210 MHz, 405 MHz, 20.99 W, 28
 16:53:45 up 7 days, 44 min,  5 users,  load average: 1.19, 1.33, 1.06
2026-09-30T16:53:47-04:00
0 %, 463 MiB, 232 MHz, 405 MHz, 5.32 W, 31
0 %, 20 MiB, 210 MHz, 405 MHz, 24.02 W, 28
 16:53:47 up 7 days, 44 min,  5 users,  load average: 1.19, 1.33, 1.06
2026-09-30T16:53:49-04:00
0 %, 463 MiB, 232 MHz, 405 MHz, 5.56 W, 31
0 %, 20 MiB, 210 MHz, 405 MHz, 21.77 W, 28
 16:53:49 up 7 days, 44 min,  5 users,  load average: 1.17, 1.32, 1.05
2026-09-30T16:53:51-04:00
0 %, 463 MiB, 232 MHz, 405 MHz, 5.62 W, 31
0 %, 20 MiB, 210 MHz, 405 MHz, 20.98 W, 28
 16:53:51 up 7 days, 44 min,  5 users,  load average: 1.17, 1.32, 1.05
2026-09-30T16:53:53-04:00
0 %, 463 MiB, 232 MHz, 405 MHz, 5.34 W, 31
0 %, 20 MiB, 210 MHz, 405 MHz, 21.04 W, 28
 16:53:53 up 7 days, 44 min,  5 users,  load average: 1.16, 1.32, 1.05
2026-09-30T16:53:55-04:00
0 %, 463 MiB, 232 MHz, 405 MHz, 5.37 W, 31
0 %, 20 MiB, 210 MHz, 405 MHz, 27.62 W, 28
 16:53:55 up 7 days, 44 min,  5 users,  load average: 1.16, 1.32, 1.05
2026-09-30T16:53:57-04:00
0 %, 463 MiB, 232 MHz, 405 MHz, 5.56 W, 31
0 %, 20 MiB, 210 MHz, 405 MHz, 20.83 W, 28
 16:53:58 up 7 days, 45 min,  5 users,  load average: 1.16, 1.32, 1.05
2026-09-30T16:54:00-04:00
0 %, 463 MiB, 232 MHz, 405 MHz, 5.16 W, 31
0 %, 20 MiB, 210 MHz, 405 MHz, 20.94 W, 28
 16:54:00 up 7 days, 45 min,  5 users,  load average: 1.15, 1.31, 1.05
2026-09-30T16:54:02-04:00
0 %, 463 MiB, 232 MHz, 405 MHz, 5.65 W, 31
0 %, 20 MiB, 210 MHz, 405 MHz, 27.12 W, 28
 16:54:02 up 7 days, 45 min,  5 users,  load average: 1.15, 1.31, 1.05
2026-09-30T16:54:04-04:00
0 %, 463 MiB, 232 MHz, 405 MHz, 5.47 W, 31
0 %, 20 MiB, 210 MHz, 405 MHz, 21.88 W, 28
 16:54:04 up 7 days, 45 min,  5 users,  load average: 1.13, 1.31, 1.05
2026-09-30T16:54:06-04:00
0 %, 463 MiB, 232 MHz, 405 MHz, 5.35 W, 31
0 %, 20 MiB, 210 MHz, 405 MHz, 20.91 W, 28
 16:54:06 up 7 days, 45 min,  5 users,  load average: 1.13, 1.31, 1.05
2026-09-30T16:54:08-04:00
0 %, 463 MiB, 247 MHz, 405 MHz, 5.84 W, 31
0 %, 20 MiB, 210 MHz, 405 MHz, 21.01 W, 28
 16:54:08 up 7 days, 45 min,  5 users,  load average: 1.13, 1.31, 1.05
2026-09-30T16:54:10-04:00
100 %, 1761 MiB, 2925 MHz, 13801 MHz, 64.30 W, 33
0 %, 20 MiB, 210 MHz, 405 MHz, 28.72 W, 28
1600801, /home/ndizazzo/dev/mesh/issue1393-q4-snapshot-20260930/target/release/xtask, 1324 MiB
 16:54:10 up 7 days, 45 min,  5 users,  load average: 1.12, 1.30, 1.05
2026-09-30T16:54:12-04:00
100 %, 1761 MiB, 2925 MHz, 13801 MHz, 90.41 W, 33
0 %, 20 MiB, 210 MHz, 405 MHz, 21.20 W, 28
1600801, /home/ndizazzo/dev/mesh/issue1393-q4-snapshot-20260930/target/release/xtask, 1324 MiB
 16:54:12 up 7 days, 45 min,  5 users,  load average: 1.12, 1.30, 1.05
2026-09-30T16:54:14-04:00
100 %, 1761 MiB, 2925 MHz, 13801 MHz, 90.28 W, 33
0 %, 20 MiB, 210 MHz, 405 MHz, 21.14 W, 28
1600801, /home/ndizazzo/dev/mesh/issue1393-q4-snapshot-20260930/target/release/xtask, 1324 MiB
 16:54:14 up 7 days, 45 min,  5 users,  load average: 1.19, 1.31, 1.06
2026-09-30T16:54:16-04:00
100 %, 1761 MiB, 2925 MHz, 13801 MHz, 90.30 W, 33
0 %, 20 MiB, 210 MHz, 405 MHz, 25.26 W, 28
1600801, /home/ndizazzo/dev/mesh/issue1393-q4-snapshot-20260930/target/release/xtask, 1324 MiB
 16:54:16 up 7 days, 45 min,  5 users,  load average: 1.19, 1.31, 1.06
2026-09-30T16:54:18-04:00
100 %, 1761 MiB, 2925 MHz, 13801 MHz, 90.03 W, 33
0 %, 20 MiB, 210 MHz, 405 MHz, 21.44 W, 28
1600801, /home/ndizazzo/dev/mesh/issue1393-q4-snapshot-20260930/target/release/xtask, 1324 MiB
 16:54:18 up 7 days, 45 min,  5 users,  load average: 1.34, 1.34, 1.07
2026-09-30T16:54:20-04:00
100 %, 463 MiB, 2925 MHz, 14001 MHz, 89.82 W, 33
0 %, 20 MiB, 210 MHz, 405 MHz, 21.11 W, 28
 16:54:20 up 7 days, 45 min,  5 users,  load average: 1.34, 1.34, 1.07
2026-09-30T16:54:22-04:00
0 %, 429 MiB, 2460 MHz, 810 MHz, 63.69 W, 32
0 %, 17 MiB, 210 MHz, 405 MHz, 28.77 W, 29
 16:54:22 up 7 days, 45 min,  5 users,  load average: 1.34, 1.34, 1.07
2026-09-30T16:54:24-04:00
0 %, 429 MiB, 262 MHz, 405 MHz, 9.11 W, 31
0 %, 17 MiB, 210 MHz, 405 MHz, 25.33 W, 28
 16:54:24 up 7 days, 45 min,  5 users,  load average: 1.31, 1.34, 1.07
2026-09-30T16:54:26-04:00
0 %, 429 MiB, 232 MHz, 405 MHz, 5.73 W, 31
0 %, 17 MiB, 210 MHz, 405 MHz, 21.19 W, 28
 16:54:26 up 7 days, 45 min,  5 users,  load average: 1.31, 1.34, 1.07
2026-09-30T16:54:28-04:00
0 %, 429 MiB, 232 MHz, 405 MHz, 5.48 W, 31
0 %, 17 MiB, 210 MHz, 405 MHz, 20.89 W, 28
 16:54:29 up 7 days, 45 min,  5 users,  load average: 1.29, 1.33, 1.07
2026-09-30T16:54:31-04:00
0 %, 429 MiB, 232 MHz, 405 MHz, 5.20 W, 31
0 %, 17 MiB, 210 MHz, 405 MHz, 27.38 W, 28
 16:54:31 up 7 days, 45 min,  5 users,  load average: 1.29, 1.33, 1.07
2026-09-30T16:54:33-04:00
0 %, 429 MiB, 232 MHz, 405 MHz, 5.36 W, 31
0 %, 17 MiB, 210 MHz, 405 MHz, 20.96 W, 28
 16:54:33 up 7 days, 45 min,  5 users,  load average: 1.29, 1.33, 1.07
2026-09-30T16:54:35-04:00
0 %, 429 MiB, 232 MHz, 405 MHz, 5.38 W, 31
0 %, 17 MiB, 210 MHz, 405 MHz, 20.91 W, 28
 16:54:35 up 7 days, 45 min,  5 users,  load average: 1.26, 1.32, 1.07
2026-09-30T16:54:37-04:00
0 %, 429 MiB, 232 MHz, 405 MHz, 5.34 W, 31
0 %, 17 MiB, 210 MHz, 405 MHz, 21.13 W, 28
 16:54:37 up 7 days, 45 min,  5 users,  load average: 1.26, 1.32, 1.07
2026-09-30T16:54:39-04:00
0 %, 429 MiB, 232 MHz, 405 MHz, 5.42 W, 31
0 %, 17 MiB, 210 MHz, 405 MHz, 22.27 W, 28
 16:54:39 up 7 days, 45 min,  5 users,  load average: 1.24, 1.32, 1.07
2026-09-30T16:54:41-04:00
0 %, 429 MiB, 232 MHz, 405 MHz, 5.87 W, 31
0 %, 17 MiB, 210 MHz, 405 MHz, 20.84 W, 28
 16:54:41 up 7 days, 45 min,  5 users,  load average: 1.24, 1.32, 1.07
2026-09-30T16:54:43-04:00
0 %, 429 MiB, 232 MHz, 405 MHz, 5.47 W, 31
0 %, 17 MiB, 210 MHz, 405 MHz, 20.98 W, 28
 16:54:43 up 7 days, 45 min,  5 users,  load average: 1.24, 1.32, 1.07
2026-09-30T16:54:45-04:00
0 %, 429 MiB, 232 MHz, 405 MHz, 5.70 W, 31
0 %, 17 MiB, 210 MHz, 405 MHz, 27.03 W, 28
 16:54:45 up 7 days, 45 min,  5 users,  load average: 1.22, 1.31, 1.07
2026-09-30T16:54:47-04:00
0 %, 429 MiB, 232 MHz, 405 MHz, 5.49 W, 31
0 %, 17 MiB, 210 MHz, 405 MHz, 21.09 W, 28
 16:54:47 up 7 days, 45 min,  5 users,  load average: 1.22, 1.31, 1.07
2026-09-30T16:54:49-04:00
0 %, 429 MiB, 232 MHz, 405 MHz, 5.45 W, 31
0 %, 17 MiB, 210 MHz, 405 MHz, 20.82 W, 28
 16:54:49 up 7 days, 45 min,  5 users,  load average: 1.20, 1.31, 1.07
2026-09-30T16:54:51-04:00
0 %, 429 MiB, 232 MHz, 405 MHz, 5.25 W, 31
0 %, 17 MiB, 210 MHz, 405 MHz, 21.84 W, 28
 16:54:51 up 7 days, 45 min,  5 users,  load average: 1.20, 1.31, 1.07
2026-09-30T16:54:53-04:00
0 %, 429 MiB, 232 MHz, 405 MHz, 5.62 W, 31
0 %, 17 MiB, 210 MHz, 405 MHz, 21.90 W, 28
 16:54:53 up 7 days, 45 min,  5 users,  load average: 1.19, 1.30, 1.07
2026-09-30T16:54:55-04:00
0 %, 429 MiB, 232 MHz, 405 MHz, 5.57 W, 31
0 %, 17 MiB, 210 MHz, 405 MHz, 20.95 W, 28
 16:54:55 up 7 days, 45 min,  5 users,  load average: 1.19, 1.30, 1.07
2026-09-30T16:54:57-04:00
0 %, 429 MiB, 232 MHz, 405 MHz, 5.42 W, 31
0 %, 17 MiB, 210 MHz, 405 MHz, 21.00 W, 28
 16:54:58 up 7 days, 46 min,  5 users,  load average: 1.19, 1.30, 1.07
2026-09-30T16:55:00-04:00
0 %, 429 MiB, 232 MHz, 405 MHz, 5.33 W, 31
0 %, 17 MiB, 210 MHz, 405 MHz, 27.57 W, 28
 16:55:00 up 7 days, 46 min,  5 users,  load average: 1.17, 1.30, 1.06
2026-09-30T16:55:02-04:00
0 %, 429 MiB, 232 MHz, 405 MHz, 5.40 W, 31
0 %, 17 MiB, 210 MHz, 405 MHz, 20.93 W, 28
 16:55:02 up 7 days, 46 min,  5 users,  load average: 1.17, 1.30, 1.06
2026-09-30T16:55:04-04:00
0 %, 429 MiB, 232 MHz, 405 MHz, 5.55 W, 31
0 %, 17 MiB, 210 MHz, 405 MHz, 20.87 W, 28
 16:55:04 up 7 days, 46 min,  5 users,  load average: 1.16, 1.29, 1.06
2026-09-30T16:55:06-04:00
0 %, 429 MiB, 232 MHz, 405 MHz, 5.91 W, 31
0 %, 17 MiB, 210 MHz, 405 MHz, 22.69 W, 28
 16:55:06 up 7 days, 46 min,  5 users,  load average: 1.16, 1.29, 1.06
2026-09-30T16:55:08-04:00
0 %, 429 MiB, 232 MHz, 405 MHz, 5.12 W, 31
0 %, 17 MiB, 210 MHz, 405 MHz, 22.21 W, 28
 16:55:08 up 7 days, 46 min,  5 users,  load average: 1.16, 1.29, 1.06
2026-09-30T16:55:10-04:00
0 %, 429 MiB, 232 MHz, 405 MHz, 5.27 W, 31
0 %, 17 MiB, 210 MHz, 405 MHz, 20.91 W, 28
 16:55:10 up 7 days, 46 min,  5 users,  load average: 1.14, 1.29, 1.06
2026-09-30T16:55:12-04:00
0 %, 429 MiB, 232 MHz, 405 MHz, 5.75 W, 31
0 %, 17 MiB, 210 MHz, 405 MHz, 21.01 W, 28
 16:55:12 up 7 days, 46 min,  5 users,  load average: 1.14, 1.29, 1.06
2026-09-30T16:55:14-04:00
0 %, 431 MiB, 232 MHz, 405 MHz, 6.31 W, 31
0 %, 20 MiB, 210 MHz, 405 MHz, 27.26 W, 28
 16:55:14 up 7 days, 46 min,  5 users,  load average: 1.13, 1.28, 1.06
2026-09-30T16:55:16-04:00
100 %, 1761 MiB, 2925 MHz, 13801 MHz, 73.82 W, 33
0 %, 20 MiB, 210 MHz, 405 MHz, 28.70 W, 28
1601429, /home/ndizazzo/dev/mesh/issue1393-q4-snapshot-20260930/target/release/xtask, 1324 MiB
 16:55:16 up 7 days, 46 min,  5 users,  load average: 1.13, 1.28, 1.06
2026-09-30T16:55:18-04:00
100 %, 1761 MiB, 2925 MHz, 13801 MHz, 89.74 W, 33
0 %, 20 MiB, 210 MHz, 405 MHz, 21.05 W, 28
1601429, /home/ndizazzo/dev/mesh/issue1393-q4-snapshot-20260930/target/release/xtask, 1324 MiB
 16:55:18 up 7 days, 46 min,  5 users,  load average: 1.20, 1.29, 1.07
2026-09-30T16:55:20-04:00
100 %, 1761 MiB, 2925 MHz, 13801 MHz, 90.49 W, 33
0 %, 20 MiB, 210 MHz, 405 MHz, 24.76 W, 28
1601429, /home/ndizazzo/dev/mesh/issue1393-q4-snapshot-20260930/target/release/xtask, 1324 MiB
 16:55:21 up 7 days, 46 min,  5 users,  load average: 1.20, 1.29, 1.07
2026-09-30T16:55:23-04:00
100 %, 1761 MiB, 2925 MHz, 13801 MHz, 90.56 W, 33
0 %, 20 MiB, 210 MHz, 405 MHz, 21.10 W, 28
1601429, /home/ndizazzo/dev/mesh/issue1393-q4-snapshot-20260930/target/release/xtask, 1324 MiB
 16:55:23 up 7 days, 46 min,  5 users,  load average: 1.20, 1.29, 1.07
2026-09-30T16:55:25-04:00
100 %, 1761 MiB, 2925 MHz, 13801 MHz, 90.22 W, 33
0 %, 20 MiB, 210 MHz, 405 MHz, 21.06 W, 28
1601429, /home/ndizazzo/dev/mesh/issue1393-q4-snapshot-20260930/target/release/xtask, 1324 MiB
 16:55:25 up 7 days, 46 min,  5 users,  load average: 1.27, 1.31, 1.07
2026-09-30T16:55:27-04:00
100 %, 1761 MiB, 2925 MHz, 13801 MHz, 90.18 W, 33
0 %, 20 MiB, 210 MHz, 405 MHz, 21.03 W, 28
1601429, /home/ndizazzo/dev/mesh/issue1393-q4-snapshot-20260930/target/release/xtask, 1324 MiB
 16:55:27 up 7 days, 46 min,  5 users,  load average: 1.27, 1.31, 1.07
2026-09-30T16:55:29-04:00
100 %, 1761 MiB, 2925 MHz, 13801 MHz, 90.27 W, 33
0 %, 20 MiB, 210 MHz, 405 MHz, 27.50 W, 29
1601429, /home/ndizazzo/dev/mesh/issue1393-q4-snapshot-20260930/target/release/xtask, 1324 MiB
 16:55:29 up 7 days, 46 min,  5 users,  load average: 1.33, 1.32, 1.08
2026-09-30T16:55:31-04:00
100 %, 1761 MiB, 2925 MHz, 13801 MHz, 90.09 W, 33
0 %, 20 MiB, 210 MHz, 405 MHz, 21.33 W, 28
1601429, /home/ndizazzo/dev/mesh/issue1393-q4-snapshot-20260930/target/release/xtask, 1324 MiB
 16:55:31 up 7 days, 46 min,  5 users,  load average: 1.33, 1.32, 1.08
2026-09-30T16:55:33-04:00
100 %, 1761 MiB, 2925 MHz, 13801 MHz, 89.52 W, 33
0 %, 20 MiB, 210 MHz, 405 MHz, 21.11 W, 28
1601429, /home/ndizazzo/dev/mesh/issue1393-q4-snapshot-20260930/target/release/xtask, 1324 MiB
 16:55:33 up 7 days, 46 min,  5 users,  load average: 1.33, 1.32, 1.08
2026-09-30T16:55:35-04:00
100 %, 1761 MiB, 2925 MHz, 13801 MHz, 89.74 W, 33
0 %, 20 MiB, 210 MHz, 405 MHz, 23.59 W, 28
1601429, /home/ndizazzo/dev/mesh/issue1393-q4-snapshot-20260930/target/release/xtask, 1324 MiB
 16:55:35 up 7 days, 46 min,  5 users,  load average: 1.38, 1.33, 1.08
2026-09-30T16:55:37-04:00
100 %, 1761 MiB, 2925 MHz, 13801 MHz, 89.90 W, 33
0 %, 20 MiB, 210 MHz, 405 MHz, 22.03 W, 28
1601429, /home/ndizazzo/dev/mesh/issue1393-q4-snapshot-20260930/target/release/xtask, 1324 MiB
 16:55:37 up 7 days, 46 min,  5 users,  load average: 1.38, 1.33, 1.08
2026-09-30T16:55:39-04:00
100 %, 1761 MiB, 2925 MHz, 13801 MHz, 89.40 W, 33
0 %, 20 MiB, 210 MHz, 405 MHz, 20.89 W, 28
1601429, /home/ndizazzo/dev/mesh/issue1393-q4-snapshot-20260930/target/release/xtask, 1324 MiB
 16:55:39 up 7 days, 46 min,  5 users,  load average: 1.43, 1.34, 1.09
2026-09-30T16:55:41-04:00
100 %, 1761 MiB, 2925 MHz, 13801 MHz, 90.53 W, 33
1 %, 20 MiB, 210 MHz, 405 MHz, 21.02 W, 28
1601429, /home/ndizazzo/dev/mesh/issue1393-q4-snapshot-20260930/target/release/xtask, 1324 MiB
 16:55:41 up 7 days, 46 min,  5 users,  load average: 1.43, 1.34, 1.09
2026-09-30T16:55:43-04:00
100 %, 1761 MiB, 2925 MHz, 13801 MHz, 90.23 W, 33
0 %, 20 MiB, 210 MHz, 405 MHz, 21.83 W, 28
1601429, /home/ndizazzo/dev/mesh/issue1393-q4-snapshot-20260930/target/release/xtask, 1324 MiB
 16:55:43 up 7 days, 46 min,  5 users,  load average: 1.43, 1.34, 1.09
2026-09-30T16:55:45-04:00
100 %, 1761 MiB, 2925 MHz, 13801 MHz, 89.93 W, 33
0 %, 20 MiB, 210 MHz, 405 MHz, 20.90 W, 28
1601429, /home/ndizazzo/dev/mesh/issue1393-q4-snapshot-20260930/target/release/xtask, 1324 MiB
 16:55:45 up 7 days, 46 min,  5 users,  load average: 1.48, 1.35, 1.10
2026-09-30T16:55:47-04:00
0 %, 463 MiB, 2925 MHz, 14001 MHz, 66.52 W, 32
0 %, 20 MiB, 210 MHz, 405 MHz, 24.11 W, 28
 16:55:47 up 7 days, 46 min,  5 users,  load average: 1.48, 1.35, 1.10
2026-09-30T16:55:49-04:00
0 %, 463 MiB, 397 MHz, 810 MHz, 13.28 W, 31
0 %, 20 MiB, 210 MHz, 405 MHz, 24.61 W, 28
 16:55:49 up 7 days, 46 min,  5 users,  load average: 1.44, 1.35, 1.09
2026-09-30T16:55:51-04:00
0 %, 463 MiB, 232 MHz, 405 MHz, 5.58 W, 31
0 %, 20 MiB, 210 MHz, 405 MHz, 21.58 W, 28
 16:55:51 up 7 days, 46 min,  5 users,  load average: 1.44, 1.35, 1.09
2026-09-30T16:55:53-04:00
0 %, 463 MiB, 232 MHz, 405 MHz, 5.54 W, 31
0 %, 20 MiB, 210 MHz, 405 MHz, 20.83 W, 28
 16:55:53 up 7 days, 46 min,  5 users,  load average: 1.40, 1.34, 1.09
2026-09-30T16:55:55-04:00
0 %, 463 MiB, 232 MHz, 405 MHz, 5.79 W, 31
0 %, 20 MiB, 210 MHz, 405 MHz, 21.66 W, 28
 16:55:56 up 7 days, 46 min,  5 users,  load average: 1.40, 1.34, 1.09
2026-09-30T16:55:58-04:00
0 %, 463 MiB, 232 MHz, 405 MHz, 5.23 W, 31
0 %, 20 MiB, 210 MHz, 405 MHz, 22.07 W, 28
 16:55:58 up 7 days, 47 min,  5 users,  load average: 1.40, 1.34, 1.09
2026-09-30T16:56:00-04:00
0 %, 463 MiB, 232 MHz, 405 MHz, 5.66 W, 31
0 %, 20 MiB, 210 MHz, 405 MHz, 20.96 W, 28
 16:56:00 up 7 days, 47 min,  5 users,  load average: 1.37, 1.33, 1.09
2026-09-30T16:56:02-04:00
0 %, 463 MiB, 232 MHz, 405 MHz, 5.42 W, 31
0 %, 20 MiB, 210 MHz, 405 MHz, 21.03 W, 28
 16:56:02 up 7 days, 47 min,  5 users,  load average: 1.37, 1.33, 1.09
2026-09-30T16:56:04-04:00
0 %, 463 MiB, 232 MHz, 405 MHz, 5.77 W, 31
0 %, 20 MiB, 210 MHz, 405 MHz, 27.31 W, 28
 16:56:04 up 7 days, 47 min,  5 users,  load average: 1.34, 1.33, 1.09
2026-09-30T16:56:06-04:00
0 %, 463 MiB, 232 MHz, 405 MHz, 5.71 W, 31
0 %, 20 MiB, 210 MHz, 405 MHz, 21.01 W, 28
 16:56:06 up 7 days, 47 min,  5 users,  load average: 1.34, 1.33, 1.09
2026-09-30T16:56:08-04:00
0 %, 463 MiB, 232 MHz, 405 MHz, 5.40 W, 31
0 %, 20 MiB, 210 MHz, 405 MHz, 20.92 W, 28
 16:56:08 up 7 days, 47 min,  5 users,  load average: 1.34, 1.33, 1.09
2026-09-30T16:56:10-04:00
0 %, 463 MiB, 247 MHz, 405 MHz, 5.36 W, 31
0 %, 20 MiB, 210 MHz, 405 MHz, 22.58 W, 28
 16:56:10 up 7 days, 47 min,  5 users,  load average: 1.31, 1.32, 1.09
2026-09-30T16:56:12-04:00
0 %, 463 MiB, 232 MHz, 405 MHz, 5.42 W, 31
0 %, 20 MiB, 210 MHz, 405 MHz, 21.55 W, 28
 16:56:12 up 7 days, 47 min,  5 users,  load average: 1.31, 1.32, 1.09
2026-09-30T16:56:14-04:00
0 %, 463 MiB, 232 MHz, 405 MHz, 5.74 W, 31
0 %, 20 MiB, 210 MHz, 405 MHz, 20.81 W, 28
 16:56:14 up 7 days, 47 min,  5 users,  load average: 1.29, 1.32, 1.09
2026-09-30T16:56:16-04:00
0 %, 463 MiB, 232 MHz, 405 MHz, 5.36 W, 31
0 %, 20 MiB, 210 MHz, 405 MHz, 21.00 W, 28
 16:56:16 up 7 days, 47 min,  5 users,  load average: 1.29, 1.32, 1.09
2026-09-30T16:56:18-04:00
0 %, 463 MiB, 232 MHz, 405 MHz, 5.54 W, 31
0 %, 20 MiB, 210 MHz, 405 MHz, 27.64 W, 28
 16:56:18 up 7 days, 47 min,  5 users,  load average: 1.26, 1.31, 1.09
2026-09-30T16:56:20-04:00
0 %, 463 MiB, 232 MHz, 405 MHz, 5.65 W, 31
0 %, 20 MiB, 210 MHz, 405 MHz, 21.25 W, 28
 16:56:20 up 7 days, 47 min,  5 users,  load average: 1.26, 1.31, 1.09
2026-09-30T16:56:22-04:00
0 %, 463 MiB, 232 MHz, 405 MHz, 5.29 W, 31
0 %, 20 MiB, 210 MHz, 405 MHz, 20.94 W, 28
 16:56:23 up 7 days, 47 min,  5 users,  load average: 1.26, 1.31, 1.09
2026-09-30T16:56:25-04:00
0 %, 463 MiB, 232 MHz, 405 MHz, 5.36 W, 31
0 %, 20 MiB, 210 MHz, 405 MHz, 23.10 W, 28
 16:56:25 up 7 days, 47 min,  5 users,  load average: 1.24, 1.31, 1.09
2026-09-30T16:56:27-04:00
0 %, 463 MiB, 232 MHz, 405 MHz, 5.55 W, 31
0 %, 20 MiB, 210 MHz, 405 MHz, 21.97 W, 28
 16:56:27 up 7 days, 47 min,  5 users,  load average: 1.24, 1.31, 1.09
2026-09-30T16:56:29-04:00
0 %, 463 MiB, 232 MHz, 405 MHz, 4.97 W, 31
0 %, 20 MiB, 210 MHz, 405 MHz, 20.91 W, 28
 16:56:29 up 7 days, 47 min,  5 users,  load average: 1.22, 1.30, 1.09
2026-09-30T16:56:31-04:00
0 %, 463 MiB, 232 MHz, 405 MHz, 5.57 W, 31
0 %, 20 MiB, 210 MHz, 405 MHz, 20.93 W, 28
 16:56:31 up 7 days, 47 min,  5 users,  load average: 1.22, 1.30, 1.09
2026-09-30T16:56:33-04:00
0 %, 463 MiB, 232 MHz, 405 MHz, 5.70 W, 31
0 %, 20 MiB, 210 MHz, 405 MHz, 27.54 W, 28
 16:56:33 up 7 days, 47 min,  5 users,  load average: 1.22, 1.30, 1.09
2026-09-30T16:56:35-04:00
0 %, 463 MiB, 232 MHz, 405 MHz, 5.48 W, 31
0 %, 20 MiB, 210 MHz, 405 MHz, 21.19 W, 28
 16:56:35 up 7 days, 47 min,  5 users,  load average: 1.20, 1.30, 1.09
2026-09-30T16:56:37-04:00
0 %, 463 MiB, 232 MHz, 405 MHz, 6.04 W, 31
0 %, 20 MiB, 210 MHz, 405 MHz, 20.95 W, 28
 16:56:37 up 7 days, 47 min,  5 users,  load average: 1.20, 1.30, 1.09
2026-09-30T16:56:39-04:00
0 %, 463 MiB, 232 MHz, 405 MHz, 5.42 W, 31
0 %, 20 MiB, 210 MHz, 405 MHz, 23.62 W, 29
 16:56:39 up 7 days, 47 min,  5 users,  load average: 1.19, 1.29, 1.09
2026-09-30T16:56:41-04:00
3 %, 1761 MiB, 2572 MHz, 13801 MHz, 62.90 W, 32
0 %, 20 MiB, 210 MHz, 405 MHz, 26.95 W, 29
1601429, /home/ndizazzo/dev/mesh/issue1393-q4-snapshot-20260930/target/release/xtask, 1324 MiB
 16:56:41 up 7 days, 47 min,  5 users,  load average: 1.19, 1.29, 1.09
2026-09-30T16:56:43-04:00
100 %, 1761 MiB, 2925 MHz, 13801 MHz, 89.53 W, 33
0 %, 20 MiB, 210 MHz, 405 MHz, 21.65 W, 28
1601429, /home/ndizazzo/dev/mesh/issue1393-q4-snapshot-20260930/target/release/xtask, 1324 MiB
 16:56:43 up 7 days, 47 min,  5 users,  load average: 1.33, 1.32, 1.10
2026-09-30T16:56:45-04:00
100 %, 1761 MiB, 2925 MHz, 13801 MHz, 89.74 W, 33
0 %, 20 MiB, 210 MHz, 405 MHz, 21.05 W, 28
1601429, /home/ndizazzo/dev/mesh/issue1393-q4-snapshot-20260930/target/release/xtask, 1324 MiB
 16:56:45 up 7 days, 47 min,  5 users,  load average: 1.33, 1.32, 1.10
2026-09-30T16:56:47-04:00
100 %, 1761 MiB, 2925 MHz, 13801 MHz, 89.11 W, 33
0 %, 20 MiB, 210 MHz, 405 MHz, 24.90 W, 28
1601429, /home/ndizazzo/dev/mesh/issue1393-q4-snapshot-20260930/target/release/xtask, 1324 MiB
 16:56:47 up 7 days, 47 min,  5 users,  load average: 1.33, 1.32, 1.10
2026-09-30T16:56:49-04:00
100 %, 1761 MiB, 2925 MHz, 13801 MHz, 89.32 W, 33
0 %, 20 MiB, 210 MHz, 405 MHz, 21.35 W, 28
1601429, /home/ndizazzo/dev/mesh/issue1393-q4-snapshot-20260930/target/release/xtask, 1324 MiB
 16:56:49 up 7 days, 47 min,  5 users,  load average: 1.39, 1.33, 1.10
2026-09-30T16:56:51-04:00
100 %, 1761 MiB, 2925 MHz, 13801 MHz, 89.61 W, 33
0 %, 20 MiB, 210 MHz, 405 MHz, 21.03 W, 28
1601429, /home/ndizazzo/dev/mesh/issue1393-q4-snapshot-20260930/target/release/xtask, 1324 MiB
 16:56:51 up 7 days, 47 min,  5 users,  load average: 1.39, 1.33, 1.10
2026-09-30T16:56:53-04:00
100 %, 1761 MiB, 2925 MHz, 13801 MHz, 89.58 W, 33
0 %, 20 MiB, 210 MHz, 405 MHz, 22.50 W, 28
1601429, /home/ndizazzo/dev/mesh/issue1393-q4-snapshot-20260930/target/release/xtask, 1324 MiB
 16:56:54 up 7 days, 47 min,  5 users,  load average: 1.44, 1.34, 1.11
2026-09-30T16:56:56-04:00
100 %, 1761 MiB, 2925 MHz, 13801 MHz, 89.63 W, 33
0 %, 20 MiB, 210 MHz, 405 MHz, 21.81 W, 29
1601429, /home/ndizazzo/dev/mesh/issue1393-q4-snapshot-20260930/target/release/xtask, 1324 MiB
 16:56:56 up 7 days, 47 min,  5 users,  load average: 1.44, 1.34, 1.11
2026-09-30T16:56:58-04:00
100 %, 1761 MiB, 2925 MHz, 13801 MHz, 90.42 W, 33
0 %, 20 MiB, 210 MHz, 405 MHz, 20.93 W, 28
1601429, /home/ndizazzo/dev/mesh/issue1393-q4-snapshot-20260930/target/release/xtask, 1324 MiB
 16:56:58 up 7 days, 48 min,  5 users,  load average: 1.44, 1.34, 1.11
2026-09-30T16:57:00-04:00
100 %, 1761 MiB, 2925 MHz, 13801 MHz, 90.20 W, 33
0 %, 20 MiB, 210 MHz, 405 MHz, 21.06 W, 28
1601429, /home/ndizazzo/dev/mesh/issue1393-q4-snapshot-20260930/target/release/xtask, 1324 MiB
 16:57:00 up 7 days, 48 min,  5 users,  load average: 1.48, 1.35, 1.11
2026-09-30T16:57:02-04:00
100 %, 1761 MiB, 2925 MHz, 13801 MHz, 90.15 W, 33
0 %, 20 MiB, 210 MHz, 405 MHz, 27.54 W, 29
1601429, /home/ndizazzo/dev/mesh/issue1393-q4-snapshot-20260930/target/release/xtask, 1324 MiB
 16:57:02 up 7 days, 48 min,  5 users,  load average: 1.48, 1.35, 1.11
2026-09-30T16:57:04-04:00
100 %, 1761 MiB, 2925 MHz, 13801 MHz, 89.80 W, 33
0 %, 20 MiB, 210 MHz, 405 MHz, 21.05 W, 28
1601429, /home/ndizazzo/dev/mesh/issue1393-q4-snapshot-20260930/target/release/xtask, 1324 MiB
 16:57:04 up 7 days, 48 min,  5 users,  load average: 1.52, 1.36, 1.12
2026-09-30T16:57:06-04:00
100 %, 1761 MiB, 2925 MHz, 13801 MHz, 89.79 W, 33
0 %, 20 MiB, 210 MHz, 405 MHz, 20.95 W, 28
1601429, /home/ndizazzo/dev/mesh/issue1393-q4-snapshot-20260930/target/release/xtask, 1324 MiB
 16:57:06 up 7 days, 48 min,  5 users,  load average: 1.52, 1.36, 1.12
2026-09-30T16:57:08-04:00
100 %, 1761 MiB, 2925 MHz, 13801 MHz, 90.36 W, 33
0 %, 20 MiB, 210 MHz, 405 MHz, 23.07 W, 28
1601429, /home/ndizazzo/dev/mesh/issue1393-q4-snapshot-20260930/target/release/xtask, 1324 MiB
 16:57:08 up 7 days, 48 min,  5 users,  load average: 1.52, 1.36, 1.12
2026-09-30T16:57:10-04:00
100 %, 1761 MiB, 2925 MHz, 13801 MHz, 90.36 W, 33
0 %, 20 MiB, 210 MHz, 405 MHz, 22.06 W, 28
1601429, /home/ndizazzo/dev/mesh/issue1393-q4-snapshot-20260930/target/release/xtask, 1324 MiB
 16:57:10 up 7 days, 48 min,  5 users,  load average: 1.56, 1.37, 1.12
2026-09-30T16:57:12-04:00
0 %, 429 MiB, 2925 MHz, 14001 MHz, 79.19 W, 32
0 %, 17 MiB, 210 MHz, 405 MHz, 22.34 W, 28
 16:57:12 up 7 days, 48 min,  5 users,  load average: 1.56, 1.37, 1.12
2026-09-30T16:57:14-04:00
0 %, 429 MiB, 502 MHz, 810 MHz, 30.18 W, 31
0 %, 17 MiB, 210 MHz, 405 MHz, 22.16 W, 28
 16:57:14 up 7 days, 48 min,  5 users,  load average: 1.52, 1.37, 1.12
2026-09-30T16:57:16-04:00
0 %, 429 MiB, 232 MHz, 405 MHz, 5.70 W, 31
0 %, 17 MiB, 210 MHz, 405 MHz, 24.86 W, 28
 16:57:16 up 7 days, 48 min,  5 users,  load average: 1.52, 1.37, 1.12
2026-09-30T16:57:18-04:00
0 %, 429 MiB, 232 MHz, 405 MHz, 5.63 W, 31
0 %, 17 MiB, 210 MHz, 405 MHz, 20.94 W, 28
 16:57:18 up 7 days, 48 min,  5 users,  load average: 1.64, 1.40, 1.13
2026-09-30T16:57:20-04:00
0 %, 429 MiB, 232 MHz, 405 MHz, 5.62 W, 31
0 %, 17 MiB, 210 MHz, 405 MHz, 20.75 W, 28
 16:57:20 up 7 days, 48 min,  5 users,  load average: 1.64, 1.40, 1.13
2026-09-30T16:57:22-04:00
0 %, 429 MiB, 232 MHz, 405 MHz, 5.34 W, 31
0 %, 17 MiB, 210 MHz, 405 MHz, 23.58 W, 28
 16:57:22 up 7 days, 48 min,  5 users,  load average: 1.64, 1.40, 1.13
2026-09-30T16:57:24-04:00
0 %, 429 MiB, 232 MHz, 405 MHz, 5.71 W, 31
0 %, 17 MiB, 210 MHz, 405 MHz, 21.52 W, 28
 16:57:24 up 7 days, 48 min,  5 users,  load average: 1.58, 1.39, 1.13
2026-09-30T16:57:26-04:00
0 %, 429 MiB, 232 MHz, 405 MHz, 5.70 W, 31
0 %, 17 MiB, 210 MHz, 405 MHz, 20.81 W, 28
 16:57:27 up 7 days, 48 min,  5 users,  load average: 1.58, 1.39, 1.13
2026-09-30T16:57:29-04:00
0 %, 429 MiB, 232 MHz, 405 MHz, 5.51 W, 31
1 %, 17 MiB, 210 MHz, 405 MHz, 21.07 W, 28
 16:57:29 up 7 days, 48 min,  5 users,  load average: 1.54, 1.38, 1.13
2026-09-30T16:57:31-04:00
0 %, 429 MiB, 232 MHz, 405 MHz, 5.60 W, 31
0 %, 17 MiB, 210 MHz, 405 MHz, 22.15 W, 28
 16:57:31 up 7 days, 48 min,  5 users,  load average: 1.54, 1.38, 1.13
2026-09-30T16:57:33-04:00
0 %, 429 MiB, 232 MHz, 405 MHz, 5.74 W, 31
0 %, 17 MiB, 210 MHz, 405 MHz, 20.86 W, 28
 16:57:33 up 7 days, 48 min,  5 users,  load average: 1.54, 1.38, 1.13
2026-09-30T16:57:35-04:00
0 %, 429 MiB, 232 MHz, 405 MHz, 5.42 W, 31
0 %, 17 MiB, 210 MHz, 405 MHz, 20.84 W, 28
 16:57:35 up 7 days, 48 min,  5 users,  load average: 1.49, 1.38, 1.13
2026-09-30T16:57:37-04:00
0 %, 429 MiB, 232 MHz, 405 MHz, 5.43 W, 31
0 %, 17 MiB, 210 MHz, 405 MHz, 27.02 W, 28
 16:57:37 up 7 days, 48 min,  5 users,  load average: 1.49, 1.38, 1.13
2026-09-30T16:57:39-04:00
0 %, 429 MiB, 232 MHz, 405 MHz, 5.15 W, 31
0 %, 17 MiB, 210 MHz, 405 MHz, 21.89 W, 28
 16:57:39 up 7 days, 48 min,  5 users,  load average: 1.45, 1.37, 1.13
2026-09-30T16:57:41-04:00
0 %, 429 MiB, 232 MHz, 405 MHz, 5.10 W, 31
0 %, 17 MiB, 210 MHz, 405 MHz, 20.83 W, 28
 16:57:41 up 7 days, 48 min,  5 users,  load average: 1.45, 1.37, 1.13
2026-09-30T16:57:43-04:00
0 %, 429 MiB, 232 MHz, 405 MHz, 5.69 W, 31
0 %, 17 MiB, 210 MHz, 405 MHz, 22.00 W, 28
 16:57:43 up 7 days, 48 min,  5 users,  load average: 1.45, 1.37, 1.13
2026-09-30T16:57:45-04:00
0 %, 429 MiB, 232 MHz, 405 MHz, 5.73 W, 31
0 %, 17 MiB, 210 MHz, 405 MHz, 21.74 W, 28
 16:57:45 up 7 days, 48 min,  5 users,  load average: 1.42, 1.36, 1.13
2026-09-30T16:57:47-04:00
0 %, 429 MiB, 232 MHz, 405 MHz, 5.44 W, 31
0 %, 17 MiB, 210 MHz, 405 MHz, 20.88 W, 28
 16:57:47 up 7 days, 48 min,  5 users,  load average: 1.42, 1.36, 1.13
2026-09-30T16:57:49-04:00
0 %, 429 MiB, 232 MHz, 405 MHz, 5.61 W, 31
0 %, 17 MiB, 210 MHz, 405 MHz, 21.00 W, 28
 16:57:49 up 7 days, 48 min,  5 users,  load average: 1.38, 1.36, 1.13
2026-09-30T16:57:51-04:00
0 %, 429 MiB, 232 MHz, 405 MHz, 5.60 W, 31
0 %, 17 MiB, 210 MHz, 405 MHz, 27.53 W, 28
 16:57:51 up 7 days, 48 min,  5 users,  load average: 1.38, 1.36, 1.13
2026-09-30T16:57:53-04:00
0 %, 429 MiB, 232 MHz, 405 MHz, 5.68 W, 31
0 %, 17 MiB, 210 MHz, 405 MHz, 21.12 W, 28
 16:57:53 up 7 days, 48 min,  5 users,  load average: 1.35, 1.35, 1.13
2026-09-30T16:57:55-04:00
0 %, 429 MiB, 232 MHz, 405 MHz, 5.17 W, 31
0 %, 17 MiB, 210 MHz, 405 MHz, 20.78 W, 28
 16:57:56 up 7 days, 48 min,  5 users,  load average: 1.35, 1.35, 1.13
2026-09-30T16:57:58-04:00
0 %, 429 MiB, 255 MHz, 405 MHz, 5.55 W, 31
0 %, 17 MiB, 210 MHz, 405 MHz, 22.56 W, 29
 16:57:58 up 7 days, 49 min,  5 users,  load average: 1.35, 1.35, 1.13
2026-09-30T16:58:00-04:00
0 %, 429 MiB, 232 MHz, 405 MHz, 5.06 W, 31
0 %, 17 MiB, 210 MHz, 405 MHz, 21.87 W, 29
 16:58:00 up 7 days, 49 min,  5 users,  load average: 1.32, 1.34, 1.12
2026-09-30T16:58:02-04:00
0 %, 429 MiB, 232 MHz, 405 MHz, 5.27 W, 31
0 %, 17 MiB, 210 MHz, 405 MHz, 20.81 W, 28
 16:58:02 up 7 days, 49 min,  5 users,  load average: 1.32, 1.34, 1.12
2026-09-30T16:58:04-04:00
0 %, 429 MiB, 232 MHz, 405 MHz, 5.75 W, 31
0 %, 17 MiB, 210 MHz, 405 MHz, 21.02 W, 28
 16:58:04 up 7 days, 49 min,  5 users,  load average: 1.30, 1.34, 1.12
2026-09-30T16:58:06-04:00
7 %, 1759 MiB, 2707 MHz, 13801 MHz, 29.39 W, 32
0 %, 20 MiB, 210 MHz, 405 MHz, 28.73 W, 29
1602690, /home/ndizazzo/dev/mesh/issue1393-q4-snapshot-20260930/target/release/xtask, 1322 MiB
 16:58:06 up 7 days, 49 min,  5 users,  load average: 1.30, 1.34, 1.12
2026-09-30T16:58:08-04:00
0 %, 1761 MiB, 2550 MHz, 13801 MHz, 52.23 W, 32
0 %, 20 MiB, 210 MHz, 405 MHz, 22.33 W, 29
1602690, /home/ndizazzo/dev/mesh/issue1393-q4-snapshot-20260930/target/release/xtask, 1324 MiB
 16:58:08 up 7 days, 49 min,  5 users,  load average: 1.30, 1.34, 1.12
2026-09-30T16:58:10-04:00
100 %, 1761 MiB, 2925 MHz, 13801 MHz, 90.61 W, 33
0 %, 20 MiB, 210 MHz, 405 MHz, 20.95 W, 28
1602690, /home/ndizazzo/dev/mesh/issue1393-q4-snapshot-20260930/target/release/xtask, 1324 MiB
 16:58:10 up 7 days, 49 min,  5 users,  load average: 1.35, 1.35, 1.13
2026-09-30T16:58:12-04:00
100 %, 1761 MiB, 2925 MHz, 13801 MHz, 89.76 W, 33
0 %, 20 MiB, 210 MHz, 405 MHz, 23.35 W, 29
1602690, /home/ndizazzo/dev/mesh/issue1393-q4-snapshot-20260930/target/release/xtask, 1324 MiB
 16:58:12 up 7 days, 49 min,  5 users,  load average: 1.35, 1.35, 1.13
2026-09-30T16:58:14-04:00
100 %, 1761 MiB, 2925 MHz, 13801 MHz, 89.10 W, 33
0 %, 20 MiB, 210 MHz, 405 MHz, 21.59 W, 29
1602690, /home/ndizazzo/dev/mesh/issue1393-q4-snapshot-20260930/target/release/xtask, 1324 MiB
 16:58:14 up 7 days, 49 min,  5 users,  load average: 1.41, 1.36, 1.13
2026-09-30T16:58:16-04:00
100 %, 1761 MiB, 2925 MHz, 13801 MHz, 90.14 W, 33
0 %, 20 MiB, 210 MHz, 405 MHz, 20.90 W, 28
1602690, /home/ndizazzo/dev/mesh/issue1393-q4-snapshot-20260930/target/release/xtask, 1324 MiB
 16:58:16 up 7 days, 49 min,  5 users,  load average: 1.41, 1.36, 1.13
2026-09-30T16:58:18-04:00
100 %, 1761 MiB, 2925 MHz, 13801 MHz, 90.87 W, 33
0 %, 20 MiB, 210 MHz, 405 MHz, 20.98 W, 28
1602690, /home/ndizazzo/dev/mesh/issue1393-q4-snapshot-20260930/target/release/xtask, 1324 MiB
 16:58:18 up 7 days, 49 min,  5 users,  load average: 1.45, 1.37, 1.14
2026-09-30T16:58:20-04:00
100 %, 1761 MiB, 2925 MHz, 13801 MHz, 90.00 W, 33
0 %, 20 MiB, 210 MHz, 405 MHz, 27.45 W, 29
1602690, /home/ndizazzo/dev/mesh/issue1393-q4-snapshot-20260930/target/release/xtask, 1324 MiB
 16:58:20 up 7 days, 49 min,  5 users,  load average: 1.45, 1.37, 1.14
2026-09-30T16:58:22-04:00
100 %, 1761 MiB, 2925 MHz, 13801 MHz, 89.87 W, 33
0 %, 20 MiB, 210 MHz, 405 MHz, 21.31 W, 28
1602690, /home/ndizazzo/dev/mesh/issue1393-q4-snapshot-20260930/target/release/xtask, 1324 MiB
 16:58:22 up 7 days, 49 min,  5 users,  load average: 1.45, 1.37, 1.14
2026-09-30T16:58:24-04:00
100 %, 1761 MiB, 2925 MHz, 13801 MHz, 90.17 W, 33
0 %, 20 MiB, 210 MHz, 405 MHz, 20.93 W, 28
1602690, /home/ndizazzo/dev/mesh/issue1393-q4-snapshot-20260930/target/release/xtask, 1324 MiB
 16:58:24 up 7 days, 49 min,  5 users,  load average: 1.50, 1.38, 1.14
2026-09-30T16:58:26-04:00
100 %, 1761 MiB, 2925 MHz, 13801 MHz, 89.63 W, 33
0 %, 20 MiB, 210 MHz, 405 MHz, 21.87 W, 28
1602690, /home/ndizazzo/dev/mesh/issue1393-q4-snapshot-20260930/target/release/xtask, 1324 MiB
 16:58:26 up 7 days, 49 min,  5 users,  load average: 1.50, 1.38, 1.14
2026-09-30T16:58:28-04:00
100 %, 1761 MiB, 2925 MHz, 13801 MHz, 89.54 W, 33
0 %, 20 MiB, 210 MHz, 405 MHz, 21.85 W, 28
1602690, /home/ndizazzo/dev/mesh/issue1393-q4-snapshot-20260930/target/release/xtask, 1324 MiB
 16:58:29 up 7 days, 49 min,  5 users,  load average: 1.54, 1.39, 1.15
2026-09-30T16:58:31-04:00
100 %, 1761 MiB, 2925 MHz, 13801 MHz, 89.38 W, 33
0 %, 20 MiB, 210 MHz, 405 MHz, 20.88 W, 28
1602690, /home/ndizazzo/dev/mesh/issue1393-q4-snapshot-20260930/target/release/xtask, 1324 MiB
 16:58:31 up 7 days, 49 min,  5 users,  load average: 1.54, 1.39, 1.15
2026-09-30T16:58:33-04:00
100 %, 1761 MiB, 2925 MHz, 13801 MHz, 89.86 W, 33
0 %, 20 MiB, 210 MHz, 405 MHz, 20.93 W, 28
1602690, /home/ndizazzo/dev/mesh/issue1393-q4-snapshot-20260930/target/release/xtask, 1324 MiB
 16:58:33 up 7 days, 49 min,  5 users,  load average: 1.54, 1.39, 1.15
2026-09-30T16:58:35-04:00
100 %, 1761 MiB, 2925 MHz, 13801 MHz, 89.97 W, 33
0 %, 20 MiB, 210 MHz, 405 MHz, 27.30 W, 28
1602690, /home/ndizazzo/dev/mesh/issue1393-q4-snapshot-20260930/target/release/xtask, 1324 MiB
 16:58:35 up 7 days, 49 min,  5 users,  load average: 1.58, 1.40, 1.15
2026-09-30T16:58:37-04:00
100 %, 1761 MiB, 2925 MHz, 13801 MHz, 90.05 W, 33
0 %, 20 MiB, 210 MHz, 405 MHz, 20.88 W, 28
1602690, /home/ndizazzo/dev/mesh/issue1393-q4-snapshot-20260930/target/release/xtask, 1324 MiB
 16:58:37 up 7 days, 49 min,  5 users,  load average: 1.58, 1.40, 1.15
2026-09-30T16:58:39-04:00
100 %, 1761 MiB, 2925 MHz, 13801 MHz, 89.73 W, 33
0 %, 20 MiB, 210 MHz, 405 MHz, 20.88 W, 28
1602690, /home/ndizazzo/dev/mesh/issue1393-q4-snapshot-20260930/target/release/xtask, 1324 MiB
 16:58:39 up 7 days, 49 min,  5 users,  load average: 1.61, 1.41, 1.16
2026-09-30T16:58:41-04:00
0 %, 463 MiB, 2925 MHz, 14001 MHz, 66.36 W, 32
0 %, 20 MiB, 210 MHz, 405 MHz, 27.71 W, 28
 16:58:41 up 7 days, 49 min,  5 users,  load average: 1.61, 1.41, 1.16
2026-09-30T16:58:43-04:00
0 %, 463 MiB, 337 MHz, 810 MHz, 9.17 W, 31
0 %, 20 MiB, 210 MHz, 405 MHz, 22.00 W, 28
 16:58:43 up 7 days, 49 min,  5 users,  load average: 1.61, 1.41, 1.16
2026-09-30T16:58:45-04:00
0 %, 463 MiB, 232 MHz, 405 MHz, 5.34 W, 31
0 %, 20 MiB, 210 MHz, 405 MHz, 20.78 W, 28
 16:58:45 up 7 days, 49 min,  5 users,  load average: 1.56, 1.41, 1.16
2026-09-30T16:58:47-04:00
0 %, 463 MiB, 232 MHz, 405 MHz, 5.27 W, 31
0 %, 20 MiB, 210 MHz, 405 MHz, 20.96 W, 28
 16:58:47 up 7 days, 49 min,  5 users,  load average: 1.56, 1.41, 1.16
2026-09-30T16:58:49-04:00
0 %, 463 MiB, 232 MHz, 405 MHz, 5.68 W, 31
0 %, 20 MiB, 210 MHz, 405 MHz, 27.26 W, 28
 16:58:49 up 7 days, 49 min,  5 users,  load average: 1.52, 1.40, 1.16
2026-09-30T16:58:51-04:00
0 %, 463 MiB, 232 MHz, 405 MHz, 5.78 W, 31
0 %, 20 MiB, 210 MHz, 405 MHz, 20.98 W, 28
 16:58:51 up 7 days, 49 min,  5 users,  load average: 1.52, 1.40, 1.16
2026-09-30T16:58:53-04:00
0 %, 463 MiB, 232 MHz, 405 MHz, 5.68 W, 31
0 %, 20 MiB, 210 MHz, 405 MHz, 20.72 W, 28
 16:58:53 up 7 days, 49 min,  5 users,  load average: 1.47, 1.39, 1.15
2026-09-30T16:58:55-04:00
0 %, 463 MiB, 232 MHz, 405 MHz, 5.80 W, 31
0 %, 20 MiB, 210 MHz, 405 MHz, 23.06 W, 28
 16:58:55 up 7 days, 49 min,  5 users,  load average: 1.47, 1.39, 1.15
2026-09-30T16:58:57-04:00
0 %, 463 MiB, 232 MHz, 405 MHz, 5.55 W, 31
0 %, 20 MiB, 210 MHz, 405 MHz, 21.55 W, 28
 16:58:57 up 7 days, 50 min,  5 users,  load average: 1.47, 1.39, 1.15
2026-09-30T16:58:59-04:00
0 %, 463 MiB, 232 MHz, 405 MHz, 5.48 W, 31
0 %, 20 MiB, 210 MHz, 405 MHz, 20.76 W, 28
 16:59:00 up 7 days, 50 min,  5 users,  load average: 1.44, 1.39, 1.15
2026-09-30T16:59:02-04:00
0 %, 463 MiB, 232 MHz, 405 MHz, 5.86 W, 31
0 %, 20 MiB, 210 MHz, 405 MHz, 20.91 W, 28
 16:59:02 up 7 days, 50 min,  5 users,  load average: 1.44, 1.39, 1.15
2026-09-30T16:59:04-04:00
0 %, 463 MiB, 232 MHz, 405 MHz, 5.29 W, 31
0 %, 20 MiB, 210 MHz, 405 MHz, 27.50 W, 28
 16:59:04 up 7 days, 50 min,  5 users,  load average: 1.40, 1.38, 1.15
2026-09-30T16:59:06-04:00
0 %, 463 MiB, 232 MHz, 405 MHz, 5.67 W, 31
0 %, 20 MiB, 210 MHz, 405 MHz, 21.16 W, 28
 16:59:06 up 7 days, 50 min,  5 users,  load average: 1.40, 1.38, 1.15
2026-09-30T16:59:08-04:00
0 %, 463 MiB, 232 MHz, 405 MHz, 5.54 W, 31
0 %, 20 MiB, 210 MHz, 405 MHz, 20.82 W, 28
 16:59:08 up 7 days, 50 min,  5 users,  load average: 1.40, 1.38, 1.15
2026-09-30T16:59:10-04:00
0 %, 463 MiB, 232 MHz, 405 MHz, 5.42 W, 31
0 %, 20 MiB, 210 MHz, 405 MHz, 23.56 W, 29
 16:59:10 up 7 days, 50 min,  5 users,  load average: 1.37, 1.37, 1.15
2026-09-30T16:59:12-04:00
0 %, 463 MiB, 232 MHz, 405 MHz, 5.68 W, 31
0 %, 20 MiB, 210 MHz, 405 MHz, 21.97 W, 28
 16:59:12 up 7 days, 50 min,  5 users,  load average: 1.37, 1.37, 1.15
2026-09-30T16:59:14-04:00
0 %, 463 MiB, 232 MHz, 405 MHz, 5.63 W, 31
0 %, 20 MiB, 210 MHz, 405 MHz, 20.73 W, 28
 16:59:14 up 7 days, 50 min,  5 users,  load average: 1.34, 1.37, 1.15
2026-09-30T16:59:16-04:00
0 %, 463 MiB, 232 MHz, 405 MHz, 5.36 W, 31
1 %, 20 MiB, 210 MHz, 405 MHz, 20.92 W, 28
 16:59:16 up 7 days, 50 min,  5 users,  load average: 1.34, 1.37, 1.15
2026-09-30T16:59:18-04:00
0 %, 463 MiB, 232 MHz, 405 MHz, 5.49 W, 31
0 %, 20 MiB, 210 MHz, 405 MHz, 21.68 W, 29
 16:59:18 up 7 days, 50 min,  5 users,  load average: 1.34, 1.37, 1.15
2026-09-30T16:59:20-04:00
0 %, 463 MiB, 232 MHz, 405 MHz, 5.54 W, 31
0 %, 20 MiB, 210 MHz, 405 MHz, 20.77 W, 28
 16:59:20 up 7 days, 50 min,  5 users,  load average: 1.31, 1.36, 1.15
2026-09-30T16:59:22-04:00
0 %, 463 MiB, 232 MHz, 405 MHz, 5.40 W, 31
0 %, 20 MiB, 210 MHz, 405 MHz, 20.89 W, 28
 16:59:22 up 7 days, 50 min,  5 users,  load average: 1.31, 1.36, 1.15
2026-09-30T16:59:24-04:00
0 %, 463 MiB, 232 MHz, 405 MHz, 5.82 W, 31
0 %, 20 MiB, 210 MHz, 405 MHz, 24.00 W, 29
 16:59:24 up 7 days, 50 min,  5 users,  load average: 1.29, 1.35, 1.15
2026-09-30T16:59:26-04:00
0 %, 463 MiB, 232 MHz, 405 MHz, 5.65 W, 31
0 %, 20 MiB, 210 MHz, 405 MHz, 21.54 W, 29
 16:59:26 up 7 days, 50 min,  5 users,  load average: 1.29, 1.35, 1.15
2026-09-30T16:59:28-04:00
0 %, 463 MiB, 232 MHz, 405 MHz, 5.76 W, 31
0 %, 20 MiB, 210 MHz, 405 MHz, 20.76 W, 28
 16:59:29 up 7 days, 50 min,  5 users,  load average: 1.26, 1.35, 1.15
2026-09-30T16:59:31-04:00
0 %, 463 MiB, 232 MHz, 405 MHz, 5.83 W, 31
0 %, 20 MiB, 210 MHz, 405 MHz, 21.67 W, 29
 16:59:31 up 7 days, 50 min,  5 users,  load average: 1.26, 1.35, 1.15
2026-09-30T16:59:33-04:00
0 %, 985 MiB, 232 MHz, 405 MHz, 5.36 W, 31
0 %, 20 MiB, 210 MHz, 405 MHz, 22.05 W, 29
1602690, /home/ndizazzo/dev/mesh/issue1393-q4-snapshot-20260930/target/release/xtask, 548 MiB
 16:59:33 up 7 days, 50 min,  5 users,  load average: 1.26, 1.35, 1.15
2026-09-30T16:59:35-04:00
0 %, 1759 MiB, 2550 MHz, 13801 MHz, 51.73 W, 32
0 %, 20 MiB, 210 MHz, 405 MHz, 26.74 W, 29
1602690, /home/ndizazzo/dev/mesh/issue1393-q4-snapshot-20260930/target/release/xtask, 1322 MiB
 16:59:35 up 7 days, 50 min,  5 users,  load average: 1.24, 1.34, 1.15
2026-09-30T16:59:37-04:00
100 %, 1761 MiB, 2925 MHz, 13801 MHz, 91.04 W, 33
0 %, 20 MiB, 210 MHz, 405 MHz, 20.97 W, 28
1602690, /home/ndizazzo/dev/mesh/issue1393-q4-snapshot-20260930/target/release/xtask, 1324 MiB
 16:59:37 up 7 days, 50 min,  5 users,  load average: 1.24, 1.34, 1.15
2026-09-30T16:59:39-04:00
100 %, 1761 MiB, 2925 MHz, 13801 MHz, 90.91 W, 33
0 %, 20 MiB, 210 MHz, 405 MHz, 25.01 W, 29
1602690, /home/ndizazzo/dev/mesh/issue1393-q4-snapshot-20260930/target/release/xtask, 1324 MiB
 16:59:39 up 7 days, 50 min,  5 users,  load average: 1.30, 1.35, 1.15
2026-09-30T16:59:41-04:00
100 %, 1761 MiB, 2925 MHz, 13801 MHz, 90.48 W, 33
0 %, 20 MiB, 210 MHz, 405 MHz, 21.27 W, 28
1602690, /home/ndizazzo/dev/mesh/issue1393-q4-snapshot-20260930/target/release/xtask, 1324 MiB
 16:59:41 up 7 days, 50 min,  5 users,  load average: 1.30, 1.35, 1.15
2026-09-30T16:59:43-04:00
100 %, 1761 MiB, 2925 MHz, 13801 MHz, 90.23 W, 33
0 %, 20 MiB, 210 MHz, 405 MHz, 20.98 W, 28
1602690, /home/ndizazzo/dev/mesh/issue1393-q4-snapshot-20260930/target/release/xtask, 1324 MiB
 16:59:43 up 7 days, 50 min,  5 users,  load average: 1.30, 1.35, 1.15
2026-09-30T16:59:45-04:00
100 %, 1761 MiB, 2925 MHz, 13801 MHz, 91.33 W, 33
0 %, 20 MiB, 210 MHz, 405 MHz, 21.03 W, 28
1602690, /home/ndizazzo/dev/mesh/issue1393-q4-snapshot-20260930/target/release/xtask, 1324 MiB
 16:59:45 up 7 days, 50 min,  5 users,  load average: 1.36, 1.36, 1.16
2026-09-30T16:59:47-04:00
100 %, 1761 MiB, 2925 MHz, 13801 MHz, 90.68 W, 33
0 %, 20 MiB, 210 MHz, 405 MHz, 21.84 W, 29
1602690, /home/ndizazzo/dev/mesh/issue1393-q4-snapshot-20260930/target/release/xtask, 1324 MiB
 16:59:47 up 7 days, 50 min,  5 users,  load average: 1.36, 1.36, 1.16
2026-09-30T16:59:49-04:00
100 %, 1761 MiB, 2925 MHz, 13801 MHz, 90.93 W, 33
0 %, 20 MiB, 210 MHz, 405 MHz, 21.05 W, 28
1602690, /home/ndizazzo/dev/mesh/issue1393-q4-snapshot-20260930/target/release/xtask, 1324 MiB
 16:59:49 up 7 days, 50 min,  5 users,  load average: 1.41, 1.37, 1.16
2026-09-30T16:59:51-04:00
100 %, 1761 MiB, 2925 MHz, 13801 MHz, 90.76 W, 33
0 %, 20 MiB, 210 MHz, 405 MHz, 21.06 W, 28
1602690, /home/ndizazzo/dev/mesh/issue1393-q4-snapshot-20260930/target/release/xtask, 1324 MiB
 16:59:51 up 7 days, 50 min,  5 users,  load average: 1.41, 1.37, 1.16
2026-09-30T16:59:53-04:00
100 %, 1761 MiB, 2925 MHz, 13801 MHz, 90.26 W, 33
0 %, 20 MiB, 210 MHz, 405 MHz, 27.51 W, 28
1602690, /home/ndizazzo/dev/mesh/issue1393-q4-snapshot-20260930/target/release/xtask, 1324 MiB
 16:59:53 up 7 days, 50 min,  5 users,  load average: 1.46, 1.39, 1.17
2026-09-30T16:59:55-04:00
100 %, 1761 MiB, 2925 MHz, 13801 MHz, 90.22 W, 33
0 %, 20 MiB, 210 MHz, 405 MHz, 21.40 W, 28
1602690, /home/ndizazzo/dev/mesh/issue1393-q4-snapshot-20260930/target/release/xtask, 1324 MiB
 16:59:55 up 7 days, 50 min,  5 users,  load average: 1.46, 1.39, 1.17
2026-09-30T16:59:57-04:00
100 %, 1761 MiB, 2925 MHz, 13801 MHz, 90.63 W, 33
0 %, 20 MiB, 210 MHz, 405 MHz, 21.04 W, 28
1602690, /home/ndizazzo/dev/mesh/issue1393-q4-snapshot-20260930/target/release/xtask, 1324 MiB
 16:59:57 up 7 days, 51 min,  5 users,  load average: 1.46, 1.39, 1.17
2026-09-30T16:59:59-04:00
100 %, 1761 MiB, 2925 MHz, 13801 MHz, 90.69 W, 33
0 %, 20 MiB, 210 MHz, 405 MHz, 21.22 W, 28
1602690, /home/ndizazzo/dev/mesh/issue1393-q4-snapshot-20260930/target/release/xtask, 1324 MiB
 16:59:59 up 7 days, 51 min,  5 users,  load average: 1.50, 1.40, 1.17
2026-09-30T17:00:01-04:00
100 %, 1761 MiB, 2925 MHz, 13801 MHz, 90.34 W, 33
0 %, 20 MiB, 210 MHz, 405 MHz, 22.05 W, 28
1602690, /home/ndizazzo/dev/mesh/issue1393-q4-snapshot-20260930/target/release/xtask, 1324 MiB
 17:00:01 up 7 days, 51 min,  5 users,  load average: 1.50, 1.40, 1.17
2026-09-30T17:00:04-04:00
100 %, 1761 MiB, 2925 MHz, 13801 MHz, 89.85 W, 33
0 %, 20 MiB, 210 MHz, 405 MHz, 21.06 W, 28
1602690, /home/ndizazzo/dev/mesh/issue1393-q4-snapshot-20260930/target/release/xtask, 1324 MiB
 17:00:04 up 7 days, 51 min,  5 users,  load average: 1.54, 1.41, 1.18
2026-09-30T17:00:06-04:00
100 %, 1761 MiB, 2925 MHz, 13801 MHz, 90.06 W, 33
0 %, 20 MiB, 210 MHz, 405 MHz, 21.08 W, 28
1602690, /home/ndizazzo/dev/mesh/issue1393-q4-snapshot-20260930/target/release/xtask, 1324 MiB
 17:00:06 up 7 days, 51 min,  5 users,  load average: 1.54, 1.41, 1.18
