2026-09-30T14:54:44-04:00
100 %, 429 MiB, 195 MHz, 405 MHz, 16.09 W, 30
0 %, 17 MiB, 210 MHz, 405 MHz, 21.12 W, 27
 14:54:44 up 6 days, 22:45,  5 users,  load average: 0.29, 0.35, 0.54
2026-09-30T14:54:46-04:00
0 %, 429 MiB, 2047 MHz, 14001 MHz, 51.12 W, 30
0 %, 17 MiB, 210 MHz, 405 MHz, 20.84 W, 27
 14:54:46 up 6 days, 22:45,  5 users,  load average: 0.29, 0.35, 0.54
2026-09-30T14:54:48-04:00
0 %, 429 MiB, 262 MHz, 7001 MHz, 25.29 W, 30
0 %, 17 MiB, 210 MHz, 405 MHz, 27.13 W, 27
 14:54:48 up 6 days, 22:45,  5 users,  load average: 0.35, 0.36, 0.55
2026-09-30T14:54:50-04:00
0 %, 429 MiB, 195 MHz, 810 MHz, 8.67 W, 29
0 %, 17 MiB, 210 MHz, 405 MHz, 21.79 W, 27
 14:54:50 up 6 days, 22:45,  5 users,  load average: 0.35, 0.36, 0.55
2026-09-30T14:54:52-04:00
0 %, 429 MiB, 195 MHz, 405 MHz, 5.62 W, 29
0 %, 17 MiB, 210 MHz, 405 MHz, 20.87 W, 27
 14:54:52 up 6 days, 22:45,  5 users,  load average: 0.40, 0.37, 0.55
2026-09-30T14:54:54-04:00
0 %, 429 MiB, 195 MHz, 405 MHz, 5.47 W, 29
0 %, 17 MiB, 210 MHz, 405 MHz, 20.83 W, 27
 14:54:54 up 6 days, 22:45,  5 users,  load average: 0.40, 0.37, 0.55
2026-09-30T14:54:56-04:00
0 %, 429 MiB, 195 MHz, 405 MHz, 5.86 W, 29
0 %, 17 MiB, 210 MHz, 405 MHz, 27.45 W, 27
 14:54:56 up 6 days, 22:45,  5 users,  load average: 0.40, 0.37, 0.55
2026-09-30T14:54:58-04:00
0 %, 429 MiB, 195 MHz, 405 MHz, 6.10 W, 29
0 %, 17 MiB, 210 MHz, 405 MHz, 20.96 W, 27
 14:54:58 up 6 days, 22:46,  5 users,  load average: 0.45, 0.38, 0.55
2026-09-30T14:55:00-04:00
0 %, 429 MiB, 195 MHz, 405 MHz, 5.57 W, 29
0 %, 17 MiB, 210 MHz, 405 MHz, 20.86 W, 27
 14:55:00 up 6 days, 22:46,  5 users,  load average: 0.45, 0.38, 0.55
2026-09-30T14:55:02-04:00
0 %, 429 MiB, 195 MHz, 405 MHz, 5.53 W, 29
0 %, 17 MiB, 210 MHz, 405 MHz, 27.53 W, 27
 14:55:02 up 6 days, 22:46,  5 users,  load average: 0.50, 0.39, 0.55
2026-09-30T14:55:04-04:00
0 %, 429 MiB, 195 MHz, 405 MHz, 5.76 W, 29
0 %, 17 MiB, 210 MHz, 405 MHz, 21.24 W, 27
 14:55:04 up 6 days, 22:46,  5 users,  load average: 0.50, 0.39, 0.55
2026-09-30T14:55:06-04:00
0 %, 429 MiB, 195 MHz, 405 MHz, 5.77 W, 29
0 %, 17 MiB, 210 MHz, 405 MHz, 20.97 W, 27
 14:55:07 up 6 days, 22:46,  5 users,  load average: 0.50, 0.39, 0.55
2026-09-30T14:55:09-04:00
0 %, 429 MiB, 210 MHz, 405 MHz, 5.46 W, 29
0 %, 17 MiB, 210 MHz, 405 MHz, 20.91 W, 27
 14:55:09 up 6 days, 22:46,  5 users,  load average: 0.54, 0.40, 0.56
2026-09-30T14:55:11-04:00
0 %, 429 MiB, 195 MHz, 405 MHz, 5.77 W, 29
0 %, 17 MiB, 210 MHz, 405 MHz, 27.18 W, 27
 14:55:11 up 6 days, 22:46,  5 users,  load average: 0.54, 0.40, 0.56
2026-09-30T14:55:13-04:00
0 %, 429 MiB, 195 MHz, 405 MHz, 5.63 W, 29
0 %, 17 MiB, 210 MHz, 405 MHz, 21.05 W, 27
 14:55:13 up 6 days, 22:46,  5 users,  load average: 0.57, 0.41, 0.56
2026-09-30T14:55:15-04:00
0 %, 429 MiB, 195 MHz, 405 MHz, 5.61 W, 29
0 %, 17 MiB, 210 MHz, 405 MHz, 20.79 W, 27
 14:55:15 up 6 days, 22:46,  5 users,  load average: 0.57, 0.41, 0.56
2026-09-30T14:55:17-04:00
0 %, 429 MiB, 195 MHz, 405 MHz, 5.75 W, 29
0 %, 17 MiB, 210 MHz, 405 MHz, 27.35 W, 27
 14:55:17 up 6 days, 22:46,  5 users,  load average: 0.61, 0.42, 0.56
2026-09-30T14:55:19-04:00
0 %, 429 MiB, 195 MHz, 405 MHz, 5.66 W, 29
0 %, 17 MiB, 210 MHz, 405 MHz, 20.91 W, 27
 14:55:19 up 6 days, 22:46,  5 users,  load average: 0.61, 0.42, 0.56
2026-09-30T14:55:21-04:00
0 %, 429 MiB, 195 MHz, 405 MHz, 5.62 W, 29
0 %, 17 MiB, 210 MHz, 405 MHz, 20.85 W, 27
 14:55:21 up 6 days, 22:46,  5 users,  load average: 0.61, 0.42, 0.56
2026-09-30T14:55:23-04:00
0 %, 429 MiB, 210 MHz, 405 MHz, 5.87 W, 29
1 %, 17 MiB, 210 MHz, 405 MHz, 20.98 W, 27
 14:55:23 up 6 days, 22:46,  5 users,  load average: 0.64, 0.43, 0.56
2026-09-30T14:55:25-04:00
0 %, 429 MiB, 195 MHz, 405 MHz, 5.74 W, 29
0 %, 17 MiB, 210 MHz, 405 MHz, 22.15 W, 27
 14:55:25 up 6 days, 22:46,  5 users,  load average: 0.64, 0.43, 0.56
2026-09-30T14:55:27-04:00
0 %, 429 MiB, 195 MHz, 405 MHz, 5.42 W, 29
0 %, 17 MiB, 210 MHz, 405 MHz, 20.88 W, 27
 14:55:27 up 6 days, 22:46,  5 users,  load average: 0.67, 0.44, 0.57
2026-09-30T14:55:29-04:00
0 %, 429 MiB, 195 MHz, 405 MHz, 6.10 W, 29
0 %, 17 MiB, 210 MHz, 405 MHz, 20.92 W, 27
 14:55:29 up 6 days, 22:46,  5 users,  load average: 0.67, 0.44, 0.57
2026-09-30T14:55:31-04:00
0 %, 429 MiB, 195 MHz, 405 MHz, 5.91 W, 29
0 %, 17 MiB, 210 MHz, 405 MHz, 27.16 W, 27
 14:55:31 up 6 days, 22:46,  5 users,  load average: 0.67, 0.44, 0.57
2026-09-30T14:55:33-04:00
0 %, 429 MiB, 195 MHz, 405 MHz, 5.43 W, 29
0 %, 17 MiB, 210 MHz, 405 MHz, 21.06 W, 27
 14:55:34 up 6 days, 22:46,  5 users,  load average: 0.70, 0.45, 0.57
2026-09-30T14:55:36-04:00
0 %, 429 MiB, 195 MHz, 405 MHz, 5.62 W, 29
0 %, 17 MiB, 210 MHz, 405 MHz, 20.80 W, 27
 14:55:36 up 6 days, 22:46,  5 users,  load average: 0.70, 0.45, 0.57
2026-09-30T14:55:38-04:00
0 %, 1709 MiB, 202 MHz, 405 MHz, 6.46 W, 30
0 %, 20 MiB, 210 MHz, 405 MHz, 21.83 W, 27
1535591, /home/ndizazzo/dev/mesh/issue1393-q4-snapshot-20260930/target/release/xtask, 1272 MiB
 14:55:38 up 6 days, 22:46,  5 users,  load average: 0.72, 0.46, 0.57
2026-09-30T14:55:40-04:00
0 %, 431 MiB, 2542 MHz, 14001 MHz, 51.97 W, 30
0 %, 20 MiB, 210 MHz, 405 MHz, 28.38 W, 27
 14:55:40 up 6 days, 22:46,  5 users,  load average: 0.72, 0.46, 0.57
2026-09-30T14:55:42-04:00
0 %, 431 MiB, 352 MHz, 810 MHz, 11.53 W, 30
0 %, 20 MiB, 210 MHz, 405 MHz, 21.76 W, 27
 14:55:42 up 6 days, 22:46,  5 users,  load average: 0.82, 0.49, 0.58
2026-09-30T14:55:44-04:00
0 %, 431 MiB, 195 MHz, 405 MHz, 6.16 W, 30
0 %, 20 MiB, 210 MHz, 405 MHz, 20.79 W, 27
 14:55:44 up 6 days, 22:46,  5 users,  load average: 0.82, 0.49, 0.58
2026-09-30T14:55:46-04:00
0 %, 431 MiB, 195 MHz, 405 MHz, 5.60 W, 30
0 %, 20 MiB, 210 MHz, 405 MHz, 24.86 W, 27
 14:55:46 up 6 days, 22:46,  5 users,  load average: 0.82, 0.49, 0.58
2026-09-30T14:55:48-04:00
0 %, 431 MiB, 195 MHz, 405 MHz, 5.66 W, 29
0 %, 20 MiB, 210 MHz, 405 MHz, 21.26 W, 27
 14:55:48 up 6 days, 22:46,  5 users,  load average: 0.84, 0.50, 0.58
2026-09-30T14:55:50-04:00
0 %, 431 MiB, 195 MHz, 405 MHz, 5.74 W, 30
0 %, 20 MiB, 210 MHz, 405 MHz, 20.88 W, 27
 14:55:50 up 6 days, 22:46,  5 users,  load average: 0.84, 0.50, 0.58
2026-09-30T14:55:52-04:00
0 %, 431 MiB, 195 MHz, 405 MHz, 5.54 W, 30
0 %, 20 MiB, 210 MHz, 405 MHz, 22.59 W, 27
 14:55:52 up 6 days, 22:46,  5 users,  load average: 0.85, 0.50, 0.58
2026-09-30T14:55:54-04:00
0 %, 431 MiB, 195 MHz, 405 MHz, 5.65 W, 29
0 %, 20 MiB, 210 MHz, 405 MHz, 22.10 W, 27
 14:55:54 up 6 days, 22:46,  5 users,  load average: 0.85, 0.50, 0.58
2026-09-30T14:55:56-04:00
0 %, 431 MiB, 195 MHz, 405 MHz, 5.82 W, 30
0 %, 20 MiB, 210 MHz, 405 MHz, 20.83 W, 27
 14:55:56 up 6 days, 22:46,  5 users,  load average: 0.85, 0.50, 0.58
2026-09-30T14:55:58-04:00
0 %, 431 MiB, 195 MHz, 405 MHz, 5.62 W, 30
0 %, 20 MiB, 210 MHz, 405 MHz, 20.92 W, 27
 14:55:58 up 6 days, 22:47,  5 users,  load average: 0.86, 0.51, 0.59
2026-09-30T14:56:00-04:00
0 %, 431 MiB, 195 MHz, 405 MHz, 5.67 W, 30
0 %, 20 MiB, 210 MHz, 405 MHz, 27.24 W, 27
 14:56:00 up 6 days, 22:47,  5 users,  load average: 0.86, 0.51, 0.59
2026-09-30T14:56:02-04:00
0 %, 431 MiB, 195 MHz, 405 MHz, 5.30 W, 30
0 %, 20 MiB, 210 MHz, 405 MHz, 20.99 W, 27
 14:56:02 up 6 days, 22:47,  5 users,  load average: 0.87, 0.52, 0.59
2026-09-30T14:56:04-04:00
0 %, 431 MiB, 195 MHz, 405 MHz, 5.53 W, 30
0 %, 20 MiB, 210 MHz, 405 MHz, 20.83 W, 27
 14:56:05 up 6 days, 22:47,  5 users,  load average: 0.87, 0.52, 0.59
2026-09-30T14:56:07-04:00
0 %, 431 MiB, 195 MHz, 405 MHz, 5.57 W, 30
0 %, 20 MiB, 210 MHz, 405 MHz, 23.20 W, 27
 14:56:07 up 6 days, 22:47,  5 users,  load average: 0.87, 0.52, 0.59
2026-09-30T14:56:09-04:00
0 %, 431 MiB, 187 MHz, 405 MHz, 5.76 W, 30
0 %, 20 MiB, 210 MHz, 405 MHz, 21.68 W, 27
 14:56:09 up 6 days, 22:47,  5 users,  load average: 0.88, 0.53, 0.59
2026-09-30T14:56:11-04:00
0 %, 431 MiB, 195 MHz, 405 MHz, 5.47 W, 30
0 %, 20 MiB, 210 MHz, 405 MHz, 20.89 W, 27
 14:56:11 up 6 days, 22:47,  5 users,  load average: 0.88, 0.53, 0.59
2026-09-30T14:56:13-04:00
0 %, 431 MiB, 195 MHz, 405 MHz, 5.83 W, 30
0 %, 20 MiB, 210 MHz, 405 MHz, 20.98 W, 27
 14:56:13 up 6 days, 22:47,  5 users,  load average: 0.89, 0.54, 0.59
2026-09-30T14:56:15-04:00
0 %, 431 MiB, 187 MHz, 405 MHz, 5.73 W, 30
0 %, 20 MiB, 210 MHz, 405 MHz, 27.62 W, 27
 14:56:15 up 6 days, 22:47,  5 users,  load average: 0.89, 0.54, 0.59
2026-09-30T14:56:17-04:00
0 %, 431 MiB, 195 MHz, 405 MHz, 5.79 W, 30
0 %, 20 MiB, 210 MHz, 405 MHz, 21.13 W, 27
 14:56:17 up 6 days, 22:47,  5 users,  load average: 0.90, 0.55, 0.60
2026-09-30T14:56:19-04:00
0 %, 431 MiB, 195 MHz, 405 MHz, 5.63 W, 30
0 %, 20 MiB, 210 MHz, 405 MHz, 20.97 W, 27
 14:56:19 up 6 days, 22:47,  5 users,  load average: 0.90, 0.55, 0.60
2026-09-30T14:56:21-04:00
0 %, 431 MiB, 195 MHz, 405 MHz, 5.80 W, 30
0 %, 20 MiB, 210 MHz, 405 MHz, 23.71 W, 27
 14:56:21 up 6 days, 22:47,  5 users,  load average: 0.90, 0.55, 0.60
2026-09-30T14:56:23-04:00
0 %, 431 MiB, 195 MHz, 405 MHz, 5.48 W, 30
0 %, 20 MiB, 210 MHz, 405 MHz, 22.02 W, 27
 14:56:23 up 6 days, 22:47,  5 users,  load average: 0.91, 0.55, 0.60
2026-09-30T14:56:25-04:00
0 %, 431 MiB, 195 MHz, 405 MHz, 5.60 W, 30
0 %, 20 MiB, 210 MHz, 405 MHz, 20.99 W, 27
 14:56:25 up 6 days, 22:47,  5 users,  load average: 0.91, 0.55, 0.60
2026-09-30T14:56:27-04:00
0 %, 431 MiB, 195 MHz, 405 MHz, 5.86 W, 30
0 %, 20 MiB, 210 MHz, 405 MHz, 21.06 W, 27
 14:56:27 up 6 days, 22:47,  5 users,  load average: 0.92, 0.56, 0.60
2026-09-30T14:56:29-04:00
0 %, 431 MiB, 195 MHz, 405 MHz, 5.64 W, 30
0 %, 20 MiB, 210 MHz, 405 MHz, 21.67 W, 27
 14:56:29 up 6 days, 22:47,  5 users,  load average: 0.92, 0.56, 0.60
2026-09-30T14:56:31-04:00
0 %, 431 MiB, 195 MHz, 405 MHz, 5.69 W, 30
0 %, 20 MiB, 210 MHz, 405 MHz, 20.83 W, 27
 14:56:32 up 6 days, 22:47,  5 users,  load average: 0.92, 0.56, 0.60
2026-09-30T14:56:34-04:00
0 %, 431 MiB, 2542 MHz, 14001 MHz, 52.17 W, 30
0 %, 20 MiB, 210 MHz, 405 MHz, 28.52 W, 27
 14:56:34 up 6 days, 22:47,  5 users,  load average: 0.92, 0.57, 0.60
2026-09-30T14:56:36-04:00
0 %, 431 MiB, 382 MHz, 810 MHz, 14.06 W, 30
0 %, 20 MiB, 210 MHz, 405 MHz, 25.13 W, 27
 14:56:36 up 6 days, 22:47,  5 users,  load average: 0.92, 0.57, 0.60
2026-09-30T14:56:38-04:00
0 %, 431 MiB, 195 MHz, 405 MHz, 5.43 W, 30
0 %, 20 MiB, 210 MHz, 405 MHz, 22.11 W, 27
 14:56:38 up 6 days, 22:47,  5 users,  load average: 0.93, 0.58, 0.61
2026-09-30T14:56:40-04:00
0 %, 431 MiB, 195 MHz, 405 MHz, 5.52 W, 30
0 %, 20 MiB, 210 MHz, 405 MHz, 20.70 W, 27
 14:56:40 up 6 days, 22:47,  5 users,  load average: 0.93, 0.58, 0.61
2026-09-30T14:56:42-04:00
0 %, 431 MiB, 195 MHz, 405 MHz, 5.59 W, 30
0 %, 20 MiB, 210 MHz, 405 MHz, 20.84 W, 27
 14:56:42 up 6 days, 22:47,  5 users,  load average: 0.94, 0.58, 0.61
2026-09-30T14:56:44-04:00
0 %, 431 MiB, 195 MHz, 405 MHz, 5.38 W, 30
0 %, 20 MiB, 210 MHz, 405 MHz, 21.98 W, 27
 14:56:44 up 6 days, 22:47,  5 users,  load average: 0.94, 0.58, 0.61
2026-09-30T14:56:46-04:00
0 %, 431 MiB, 195 MHz, 405 MHz, 5.82 W, 30
0 %, 20 MiB, 210 MHz, 405 MHz, 20.83 W, 27
 14:56:46 up 6 days, 22:47,  5 users,  load average: 0.94, 0.58, 0.61
2026-09-30T14:56:48-04:00
0 %, 431 MiB, 187 MHz, 405 MHz, 6.09 W, 30
0 %, 20 MiB, 210 MHz, 405 MHz, 20.88 W, 27
 14:56:48 up 6 days, 22:47,  5 users,  load average: 0.94, 0.59, 0.61
2026-09-30T14:56:50-04:00
0 %, 431 MiB, 195 MHz, 405 MHz, 5.70 W, 30
0 %, 20 MiB, 210 MHz, 405 MHz, 27.34 W, 27
 14:56:50 up 6 days, 22:47,  5 users,  load average: 0.94, 0.59, 0.61
2026-09-30T14:56:52-04:00
0 %, 431 MiB, 195 MHz, 405 MHz, 5.69 W, 30
0 %, 20 MiB, 210 MHz, 405 MHz, 20.94 W, 27
 14:56:52 up 6 days, 22:47,  5 users,  load average: 0.95, 0.60, 0.61
2026-09-30T14:56:54-04:00
0 %, 431 MiB, 195 MHz, 405 MHz, 5.81 W, 30
0 %, 20 MiB, 210 MHz, 405 MHz, 20.81 W, 27
 14:56:54 up 6 days, 22:47,  5 users,  load average: 0.95, 0.60, 0.61
2026-09-30T14:56:56-04:00
0 %, 431 MiB, 210 MHz, 405 MHz, 5.51 W, 30
0 %, 20 MiB, 210 MHz, 405 MHz, 20.75 W, 27
 14:56:56 up 6 days, 22:47,  5 users,  load average: 0.95, 0.60, 0.61
2026-09-30T14:56:58-04:00
0 %, 431 MiB, 195 MHz, 405 MHz, 5.83 W, 30
0 %, 20 MiB, 210 MHz, 405 MHz, 22.12 W, 27
 14:56:58 up 6 days, 22:48,  5 users,  load average: 0.95, 0.60, 0.62
2026-09-30T14:57:00-04:00
0 %, 431 MiB, 195 MHz, 405 MHz, 5.71 W, 30
0 %, 20 MiB, 210 MHz, 405 MHz, 20.79 W, 27
 14:57:01 up 6 days, 22:48,  5 users,  load average: 0.95, 0.60, 0.62
2026-09-30T14:57:03-04:00
0 %, 431 MiB, 195 MHz, 405 MHz, 5.49 W, 30
0 %, 20 MiB, 210 MHz, 405 MHz, 20.97 W, 27
 14:57:03 up 6 days, 22:48,  5 users,  load average: 0.96, 0.61, 0.62
2026-09-30T14:57:05-04:00
0 %, 431 MiB, 195 MHz, 405 MHz, 5.84 W, 30
0 %, 20 MiB, 210 MHz, 405 MHz, 27.17 W, 27
 14:57:05 up 6 days, 22:48,  5 users,  load average: 0.96, 0.61, 0.62
2026-09-30T14:57:07-04:00
0 %, 431 MiB, 195 MHz, 405 MHz, 5.60 W, 30
0 %, 20 MiB, 210 MHz, 405 MHz, 21.20 W, 27
 14:57:07 up 6 days, 22:48,  5 users,  load average: 0.96, 0.61, 0.62
2026-09-30T14:57:09-04:00
0 %, 431 MiB, 195 MHz, 405 MHz, 5.70 W, 30
0 %, 20 MiB, 210 MHz, 405 MHz, 20.78 W, 27
 14:57:09 up 6 days, 22:48,  5 users,  load average: 0.96, 0.62, 0.62
2026-09-30T14:57:11-04:00
0 %, 431 MiB, 210 MHz, 405 MHz, 5.89 W, 30
0 %, 20 MiB, 210 MHz, 405 MHz, 20.89 W, 27
 14:57:11 up 6 days, 22:48,  5 users,  load average: 0.96, 0.62, 0.62
2026-09-30T14:57:13-04:00
0 %, 431 MiB, 195 MHz, 405 MHz, 5.56 W, 30
0 %, 20 MiB, 210 MHz, 405 MHz, 21.78 W, 27
 14:57:13 up 6 days, 22:48,  5 users,  load average: 0.96, 0.62, 0.62
2026-09-30T14:57:15-04:00
0 %, 431 MiB, 195 MHz, 405 MHz, 5.30 W, 30
0 %, 20 MiB, 210 MHz, 405 MHz, 20.81 W, 27
 14:57:15 up 6 days, 22:48,  5 users,  load average: 0.96, 0.62, 0.62
2026-09-30T14:57:17-04:00
0 %, 431 MiB, 195 MHz, 405 MHz, 5.46 W, 30
0 %, 20 MiB, 210 MHz, 405 MHz, 20.82 W, 27
 14:57:17 up 6 days, 22:48,  5 users,  load average: 0.97, 0.63, 0.63
2026-09-30T14:57:19-04:00
0 %, 431 MiB, 195 MHz, 405 MHz, 5.13 W, 30
0 %, 20 MiB, 210 MHz, 405 MHz, 27.43 W, 27
 14:57:19 up 6 days, 22:48,  5 users,  load average: 0.97, 0.63, 0.63
2026-09-30T14:57:21-04:00
0 %, 431 MiB, 195 MHz, 405 MHz, 5.34 W, 30
0 %, 20 MiB, 210 MHz, 405 MHz, 20.79 W, 27
 14:57:21 up 6 days, 22:48,  5 users,  load average: 0.97, 0.63, 0.63
2026-09-30T14:57:23-04:00
0 %, 431 MiB, 195 MHz, 405 MHz, 5.79 W, 30
0 %, 20 MiB, 210 MHz, 405 MHz, 20.80 W, 27
 14:57:23 up 6 days, 22:48,  5 users,  load average: 0.97, 0.64, 0.63
2026-09-30T14:57:25-04:00
0 %, 431 MiB, 195 MHz, 405 MHz, 5.82 W, 30
0 %, 20 MiB, 210 MHz, 405 MHz, 21.57 W, 27
 14:57:25 up 6 days, 22:48,  5 users,  load average: 0.97, 0.64, 0.63
2026-09-30T14:57:27-04:00
0 %, 1709 MiB, 2542 MHz, 13801 MHz, 48.16 W, 31
0 %, 20 MiB, 210 MHz, 405 MHz, 25.65 W, 27
1535591, /home/ndizazzo/dev/mesh/issue1393-q4-snapshot-20260930/target/release/xtask, 1272 MiB
 14:57:27 up 6 days, 22:48,  5 users,  load average: 0.97, 0.64, 0.63
2026-09-30T14:57:29-04:00
0 %, 431 MiB, 2542 MHz, 14001 MHz, 50.87 W, 31
0 %, 20 MiB, 210 MHz, 405 MHz, 24.85 W, 27
 14:57:29 up 6 days, 22:48,  5 users,  load average: 0.97, 0.64, 0.63
2026-09-30T14:57:31-04:00
0 %, 431 MiB, 307 MHz, 810 MHz, 11.85 W, 30
0 %, 20 MiB, 210 MHz, 405 MHz, 21.04 W, 27
 14:57:32 up 6 days, 22:48,  5 users,  load average: 0.97, 0.64, 0.63
2026-09-30T14:57:34-04:00
0 %, 431 MiB, 195 MHz, 405 MHz, 5.94 W, 30
0 %, 20 MiB, 210 MHz, 405 MHz, 25.45 W, 27
 14:57:34 up 6 days, 22:48,  5 users,  load average: 0.97, 0.65, 0.63
2026-09-30T14:57:36-04:00
0 %, 431 MiB, 195 MHz, 405 MHz, 5.41 W, 30
0 %, 20 MiB, 210 MHz, 405 MHz, 21.09 W, 27
 14:57:36 up 6 days, 22:48,  5 users,  load average: 0.97, 0.65, 0.63
2026-09-30T14:57:38-04:00
0 %, 431 MiB, 195 MHz, 405 MHz, 5.12 W, 30
0 %, 20 MiB, 210 MHz, 405 MHz, 20.87 W, 27
 14:57:38 up 6 days, 22:48,  5 users,  load average: 0.98, 0.66, 0.64
2026-09-30T14:57:40-04:00
0 %, 431 MiB, 195 MHz, 405 MHz, 5.74 W, 30
0 %, 20 MiB, 210 MHz, 405 MHz, 22.48 W, 27
 14:57:40 up 6 days, 22:48,  5 users,  load average: 0.98, 0.66, 0.64
2026-09-30T14:57:42-04:00
0 %, 431 MiB, 195 MHz, 405 MHz, 5.80 W, 30
0 %, 20 MiB, 210 MHz, 405 MHz, 21.69 W, 27
 14:57:42 up 6 days, 22:48,  5 users,  load average: 0.98, 0.66, 0.64
2026-09-30T14:57:44-04:00
0 %, 431 MiB, 195 MHz, 405 MHz, 5.69 W, 30
0 %, 20 MiB, 210 MHz, 405 MHz, 20.97 W, 27
 14:57:44 up 6 days, 22:48,  5 users,  load average: 0.98, 0.66, 0.64
2026-09-30T14:57:46-04:00
0 %, 431 MiB, 195 MHz, 405 MHz, 5.95 W, 30
0 %, 20 MiB, 210 MHz, 405 MHz, 20.90 W, 27
 14:57:46 up 6 days, 22:48,  5 users,  load average: 0.98, 0.66, 0.64
2026-09-30T14:57:48-04:00
0 %, 431 MiB, 195 MHz, 405 MHz, 5.67 W, 30
0 %, 20 MiB, 210 MHz, 405 MHz, 27.60 W, 27
 14:57:48 up 6 days, 22:48,  5 users,  load average: 0.98, 0.67, 0.64
2026-09-30T14:57:50-04:00
0 %, 431 MiB, 195 MHz, 405 MHz, 5.41 W, 30
0 %, 20 MiB, 210 MHz, 405 MHz, 21.25 W, 27
 14:57:50 up 6 days, 22:48,  5 users,  load average: 0.98, 0.67, 0.64
2026-09-30T14:57:52-04:00
0 %, 431 MiB, 195 MHz, 405 MHz, 5.55 W, 30
0 %, 20 MiB, 210 MHz, 405 MHz, 20.94 W, 27
 14:57:52 up 6 days, 22:48,  5 users,  load average: 0.98, 0.67, 0.64
2026-09-30T14:57:54-04:00
0 %, 431 MiB, 195 MHz, 405 MHz, 5.48 W, 30
0 %, 20 MiB, 210 MHz, 405 MHz, 23.43 W, 28
 14:57:54 up 6 days, 22:48,  5 users,  load average: 0.98, 0.67, 0.64
2026-09-30T14:57:56-04:00
0 %, 431 MiB, 195 MHz, 405 MHz, 5.48 W, 30
0 %, 20 MiB, 210 MHz, 405 MHz, 21.17 W, 27
 14:57:56 up 6 days, 22:48,  5 users,  load average: 0.98, 0.67, 0.64
2026-09-30T14:57:58-04:00
0 %, 431 MiB, 195 MHz, 405 MHz, 5.85 W, 30
0 %, 20 MiB, 210 MHz, 405 MHz, 20.86 W, 27
 14:57:58 up 6 days, 22:49,  5 users,  load average: 0.98, 0.68, 0.64
2026-09-30T14:58:00-04:00
0 %, 431 MiB, 210 MHz, 405 MHz, 5.55 W, 30
0 %, 20 MiB, 210 MHz, 405 MHz, 20.83 W, 27
 14:58:01 up 6 days, 22:49,  5 users,  load average: 0.98, 0.68, 0.64
2026-09-30T14:58:03-04:00
0 %, 431 MiB, 195 MHz, 405 MHz, 5.55 W, 30
0 %, 20 MiB, 210 MHz, 405 MHz, 27.38 W, 27
 14:58:03 up 6 days, 22:49,  5 users,  load average: 0.99, 0.68, 0.65
2026-09-30T14:58:05-04:00
0 %, 431 MiB, 195 MHz, 405 MHz, 5.69 W, 30
0 %, 20 MiB, 210 MHz, 405 MHz, 20.95 W, 27
 14:58:05 up 6 days, 22:49,  5 users,  load average: 0.99, 0.68, 0.65
2026-09-30T14:58:07-04:00
0 %, 431 MiB, 195 MHz, 405 MHz, 5.39 W, 30
0 %, 20 MiB, 210 MHz, 405 MHz, 20.80 W, 27
 14:58:07 up 6 days, 22:49,  5 users,  load average: 0.99, 0.68, 0.65
2026-09-30T14:58:09-04:00
0 %, 431 MiB, 187 MHz, 405 MHz, 5.43 W, 30
0 %, 20 MiB, 210 MHz, 405 MHz, 23.76 W, 28
 14:58:09 up 6 days, 22:49,  5 users,  load average: 1.07, 0.71, 0.65
2026-09-30T14:58:11-04:00
0 %, 431 MiB, 195 MHz, 405 MHz, 5.72 W, 30
0 %, 20 MiB, 210 MHz, 405 MHz, 21.25 W, 27
 14:58:11 up 6 days, 22:49,  5 users,  load average: 1.07, 0.71, 0.65
2026-09-30T14:58:13-04:00
0 %, 431 MiB, 195 MHz, 405 MHz, 5.71 W, 30
0 %, 20 MiB, 210 MHz, 405 MHz, 20.81 W, 27
 14:58:13 up 6 days, 22:49,  5 users,  load average: 1.06, 0.71, 0.66
2026-09-30T14:58:15-04:00
0 %, 431 MiB, 210 MHz, 405 MHz, 5.80 W, 30
0 %, 20 MiB, 210 MHz, 405 MHz, 21.05 W, 27
 14:58:15 up 6 days, 22:49,  5 users,  load average: 1.06, 0.71, 0.66
2026-09-30T14:58:17-04:00
0 %, 431 MiB, 195 MHz, 405 MHz, 5.93 W, 30
0 %, 20 MiB, 210 MHz, 405 MHz, 22.17 W, 27
 14:58:17 up 6 days, 22:49,  5 users,  load average: 1.06, 0.72, 0.66
2026-09-30T14:58:19-04:00
0 %, 431 MiB, 195 MHz, 405 MHz, 5.80 W, 30
0 %, 20 MiB, 210 MHz, 405 MHz, 20.94 W, 27
 14:58:19 up 6 days, 22:49,  5 users,  load average: 1.06, 0.72, 0.66
2026-09-30T14:58:21-04:00
0 %, 431 MiB, 195 MHz, 405 MHz, 5.80 W, 30
0 %, 20 MiB, 210 MHz, 405 MHz, 20.96 W, 27
 14:58:21 up 6 days, 22:49,  5 users,  load average: 1.06, 0.72, 0.66
2026-09-30T14:58:23-04:00
0 %, 1709 MiB, 2542 MHz, 13801 MHz, 53.76 W, 31
0 %, 20 MiB, 210 MHz, 405 MHz, 28.58 W, 28
1535591, /home/ndizazzo/dev/mesh/issue1393-q4-snapshot-20260930/target/release/xtask, 1272 MiB
 14:58:23 up 6 days, 22:49,  5 users,  load average: 1.05, 0.72, 0.66
2026-09-30T14:58:25-04:00
0 %, 431 MiB, 2512 MHz, 810 MHz, 50.02 W, 30
0 %, 20 MiB, 210 MHz, 405 MHz, 25.83 W, 27
 14:58:25 up 6 days, 22:49,  5 users,  load average: 1.05, 0.72, 0.66
2026-09-30T14:58:27-04:00
0 %, 431 MiB, 240 MHz, 405 MHz, 7.31 W, 30
0 %, 20 MiB, 210 MHz, 405 MHz, 21.29 W, 27
 14:58:27 up 6 days, 22:49,  5 users,  load average: 1.05, 0.73, 0.66
2026-09-30T14:58:29-04:00
0 %, 431 MiB, 195 MHz, 405 MHz, 5.64 W, 30
0 %, 20 MiB, 210 MHz, 405 MHz, 21.80 W, 27
 14:58:30 up 6 days, 22:49,  5 users,  load average: 1.05, 0.73, 0.66
2026-09-30T14:58:32-04:00
0 %, 431 MiB, 195 MHz, 405 MHz, 5.80 W, 30
0 %, 20 MiB, 210 MHz, 405 MHz, 21.63 W, 27
 14:58:32 up 6 days, 22:49,  5 users,  load average: 1.05, 0.73, 0.66
2026-09-30T14:58:34-04:00
0 %, 431 MiB, 195 MHz, 405 MHz, 5.66 W, 30
0 %, 20 MiB, 210 MHz, 405 MHz, 20.86 W, 27
 14:58:34 up 6 days, 22:49,  5 users,  load average: 1.04, 0.73, 0.66
2026-09-30T14:58:36-04:00
0 %, 431 MiB, 195 MHz, 405 MHz, 6.01 W, 30
0 %, 20 MiB, 210 MHz, 405 MHz, 20.88 W, 27
 14:58:36 up 6 days, 22:49,  5 users,  load average: 1.04, 0.73, 0.66
2026-09-30T14:58:38-04:00
0 %, 431 MiB, 195 MHz, 405 MHz, 6.24 W, 30
0 %, 20 MiB, 210 MHz, 405 MHz, 27.50 W, 27
 14:58:38 up 6 days, 22:49,  5 users,  load average: 1.04, 0.74, 0.66
2026-09-30T14:58:40-04:00
0 %, 431 MiB, 195 MHz, 405 MHz, 6.02 W, 30
0 %, 20 MiB, 210 MHz, 405 MHz, 21.19 W, 27
 14:58:40 up 6 days, 22:49,  5 users,  load average: 1.04, 0.74, 0.66
2026-09-30T14:58:42-04:00
0 %, 431 MiB, 195 MHz, 405 MHz, 6.07 W, 30
0 %, 20 MiB, 210 MHz, 405 MHz, 20.83 W, 27
 14:58:42 up 6 days, 22:49,  5 users,  load average: 1.04, 0.74, 0.67
2026-09-30T14:58:44-04:00
0 %, 431 MiB, 195 MHz, 405 MHz, 6.35 W, 30
0 %, 20 MiB, 210 MHz, 405 MHz, 22.67 W, 28
 14:58:44 up 6 days, 22:49,  5 users,  load average: 1.04, 0.74, 0.67
2026-09-30T14:58:46-04:00
0 %, 431 MiB, 195 MHz, 405 MHz, 6.03 W, 30
0 %, 20 MiB, 210 MHz, 405 MHz, 21.88 W, 27
 14:58:46 up 6 days, 22:49,  5 users,  load average: 1.04, 0.74, 0.67
2026-09-30T14:58:48-04:00
0 %, 431 MiB, 195 MHz, 405 MHz, 5.82 W, 30
0 %, 20 MiB, 210 MHz, 405 MHz, 20.84 W, 27
 14:58:48 up 6 days, 22:49,  5 users,  load average: 1.03, 0.74, 0.67
2026-09-30T14:58:50-04:00
0 %, 431 MiB, 195 MHz, 405 MHz, 6.17 W, 30
0 %, 20 MiB, 210 MHz, 405 MHz, 20.88 W, 27
 14:58:50 up 6 days, 22:49,  5 users,  load average: 1.03, 0.74, 0.67
2026-09-30T14:58:52-04:00
0 %, 431 MiB, 195 MHz, 405 MHz, 6.11 W, 30
0 %, 20 MiB, 210 MHz, 405 MHz, 27.29 W, 27
 14:58:52 up 6 days, 22:49,  5 users,  load average: 1.03, 0.75, 0.67
2026-09-30T14:58:54-04:00
0 %, 431 MiB, 195 MHz, 405 MHz, 5.72 W, 30
0 %, 20 MiB, 210 MHz, 405 MHz, 20.80 W, 27
 14:58:54 up 6 days, 22:49,  5 users,  load average: 1.03, 0.75, 0.67
2026-09-30T14:58:56-04:00
0 %, 431 MiB, 195 MHz, 405 MHz, 5.99 W, 30
0 %, 20 MiB, 210 MHz, 405 MHz, 20.78 W, 27
 14:58:57 up 6 days, 22:49,  5 users,  load average: 1.03, 0.75, 0.67
2026-09-30T14:58:59-04:00
0 %, 431 MiB, 195 MHz, 405 MHz, 5.84 W, 30
0 %, 20 MiB, 210 MHz, 405 MHz, 23.28 W, 27
 14:58:59 up 6 days, 22:50,  5 users,  load average: 1.03, 0.75, 0.67
2026-09-30T14:59:01-04:00
0 %, 431 MiB, 195 MHz, 405 MHz, 5.52 W, 30
0 %, 20 MiB, 210 MHz, 405 MHz, 22.28 W, 27
 14:59:01 up 6 days, 22:50,  5 users,  load average: 1.03, 0.75, 0.67
2026-09-30T14:59:03-04:00
0 %, 431 MiB, 195 MHz, 405 MHz, 5.99 W, 30
0 %, 20 MiB, 210 MHz, 405 MHz, 20.86 W, 27
 14:59:03 up 6 days, 22:50,  5 users,  load average: 1.02, 0.76, 0.67
2026-09-30T14:59:05-04:00
0 %, 431 MiB, 195 MHz, 405 MHz, 5.86 W, 30
0 %, 20 MiB, 210 MHz, 405 MHz, 20.89 W, 27
 14:59:05 up 6 days, 22:50,  5 users,  load average: 1.02, 0.76, 0.67
2026-09-30T14:59:07-04:00
0 %, 431 MiB, 195 MHz, 405 MHz, 5.85 W, 30
0 %, 20 MiB, 210 MHz, 405 MHz, 27.18 W, 28
 14:59:07 up 6 days, 22:50,  5 users,  load average: 1.02, 0.76, 0.68
2026-09-30T14:59:09-04:00
0 %, 431 MiB, 195 MHz, 405 MHz, 6.35 W, 30
0 %, 20 MiB, 210 MHz, 405 MHz, 21.17 W, 27
 14:59:09 up 6 days, 22:50,  5 users,  load average: 1.02, 0.76, 0.68
2026-09-30T14:59:11-04:00
0 %, 431 MiB, 195 MHz, 405 MHz, 6.02 W, 30
0 %, 20 MiB, 210 MHz, 405 MHz, 20.88 W, 27
 14:59:11 up 6 days, 22:50,  5 users,  load average: 1.02, 0.76, 0.68
2026-09-30T14:59:13-04:00
0 %, 431 MiB, 195 MHz, 405 MHz, 6.23 W, 30
0 %, 20 MiB, 210 MHz, 405 MHz, 23.74 W, 28
 14:59:13 up 6 days, 22:50,  5 users,  load average: 1.02, 0.77, 0.68
2026-09-30T14:59:15-04:00
0 %, 431 MiB, 195 MHz, 405 MHz, 5.90 W, 30
0 %, 20 MiB, 210 MHz, 405 MHz, 21.73 W, 27
 14:59:15 up 6 days, 22:50,  5 users,  load average: 1.02, 0.77, 0.68
2026-09-30T14:59:17-04:00
0 %, 1709 MiB, 195 MHz, 14001 MHz, 5.92 W, 30
0 %, 20 MiB, 210 MHz, 405 MHz, 20.83 W, 27
1535591, /home/ndizazzo/dev/mesh/issue1393-q4-snapshot-20260930/target/release/xtask, 1272 MiB
 14:59:17 up 6 days, 22:50,  5 users,  load average: 1.02, 0.77, 0.68
2026-09-30T14:59:19-04:00
0 %, 431 MiB, 2542 MHz, 14001 MHz, 53.10 W, 31
0 %, 20 MiB, 210 MHz, 405 MHz, 25.72 W, 28
 14:59:19 up 6 days, 22:50,  5 users,  load average: 1.02, 0.77, 0.68
2026-09-30T14:59:21-04:00
0 %, 431 MiB, 435 MHz, 810 MHz, 14.02 W, 30
0 %, 20 MiB, 210 MHz, 405 MHz, 28.53 W, 27
 14:59:21 up 6 days, 22:50,  5 users,  load average: 1.02, 0.77, 0.68
2026-09-30T14:59:23-04:00
0 %, 431 MiB, 195 MHz, 405 MHz, 5.65 W, 30
0 %, 20 MiB, 210 MHz, 405 MHz, 20.90 W, 27
 14:59:23 up 6 days, 22:50,  5 users,  load average: 1.02, 0.77, 0.68
2026-09-30T14:59:25-04:00
0 %, 431 MiB, 195 MHz, 405 MHz, 6.10 W, 30
0 %, 20 MiB, 210 MHz, 405 MHz, 20.86 W, 27
 14:59:25 up 6 days, 22:50,  5 users,  load average: 1.02, 0.77, 0.68
2026-09-30T14:59:27-04:00
0 %, 431 MiB, 195 MHz, 405 MHz, 6.15 W, 30
0 %, 20 MiB, 210 MHz, 405 MHz, 26.87 W, 28
 14:59:28 up 6 days, 22:50,  5 users,  load average: 1.02, 0.78, 0.68
2026-09-30T14:59:30-04:00
0 %, 431 MiB, 195 MHz, 405 MHz, 5.80 W, 30
0 %, 20 MiB, 210 MHz, 405 MHz, 21.97 W, 28
 14:59:30 up 6 days, 22:50,  5 users,  load average: 1.02, 0.78, 0.68
2026-09-30T14:59:32-04:00
0 %, 431 MiB, 195 MHz, 405 MHz, 5.95 W, 30
0 %, 20 MiB, 210 MHz, 405 MHz, 20.78 W, 27
 14:59:32 up 6 days, 22:50,  5 users,  load average: 1.02, 0.78, 0.68
2026-09-30T14:59:34-04:00
0 %, 431 MiB, 195 MHz, 405 MHz, 6.32 W, 30
0 %, 20 MiB, 210 MHz, 405 MHz, 20.90 W, 27
 14:59:34 up 6 days, 22:50,  5 users,  load average: 1.01, 0.78, 0.69
2026-09-30T14:59:36-04:00
0 %, 431 MiB, 195 MHz, 405 MHz, 5.44 W, 30
0 %, 20 MiB, 210 MHz, 405 MHz, 27.15 W, 27
 14:59:36 up 6 days, 22:50,  5 users,  load average: 1.01, 0.78, 0.69
2026-09-30T14:59:38-04:00
0 %, 431 MiB, 195 MHz, 405 MHz, 5.79 W, 30
0 %, 20 MiB, 210 MHz, 405 MHz, 20.73 W, 27
 14:59:38 up 6 days, 22:50,  5 users,  load average: 1.01, 0.79, 0.69
2026-09-30T14:59:40-04:00
0 %, 431 MiB, 195 MHz, 405 MHz, 5.53 W, 30
0 %, 20 MiB, 210 MHz, 405 MHz, 20.82 W, 27
 14:59:40 up 6 days, 22:50,  5 users,  load average: 1.01, 0.79, 0.69
2026-09-30T14:59:42-04:00
0 %, 431 MiB, 195 MHz, 405 MHz, 5.87 W, 30
0 %, 20 MiB, 210 MHz, 405 MHz, 27.42 W, 27
 14:59:42 up 6 days, 22:50,  5 users,  load average: 1.01, 0.79, 0.69
2026-09-30T14:59:44-04:00
0 %, 431 MiB, 195 MHz, 405 MHz, 5.88 W, 30
0 %, 20 MiB, 210 MHz, 405 MHz, 20.85 W, 27
 14:59:44 up 6 days, 22:50,  5 users,  load average: 1.01, 0.79, 0.69
2026-09-30T14:59:46-04:00
0 %, 431 MiB, 195 MHz, 405 MHz, 5.50 W, 30
0 %, 20 MiB, 210 MHz, 405 MHz, 20.77 W, 27
 14:59:46 up 6 days, 22:50,  5 users,  load average: 1.01, 0.79, 0.69
2026-09-30T14:59:48-04:00
0 %, 431 MiB, 210 MHz, 405 MHz, 5.63 W, 30
0 %, 20 MiB, 210 MHz, 405 MHz, 20.81 W, 27
 14:59:48 up 6 days, 22:50,  5 users,  load average: 1.01, 0.79, 0.69
2026-09-30T14:59:50-04:00
0 %, 431 MiB, 195 MHz, 405 MHz, 6.24 W, 30
0 %, 20 MiB, 210 MHz, 405 MHz, 27.63 W, 27
 14:59:50 up 6 days, 22:50,  5 users,  load average: 1.01, 0.79, 0.69
2026-09-30T14:59:52-04:00
0 %, 431 MiB, 195 MHz, 405 MHz, 5.54 W, 30
0 %, 20 MiB, 210 MHz, 405 MHz, 20.86 W, 27
 14:59:52 up 6 days, 22:50,  5 users,  load average: 1.01, 0.80, 0.69
2026-09-30T14:59:54-04:00
0 %, 431 MiB, 195 MHz, 405 MHz, 5.76 W, 30
0 %, 20 MiB, 210 MHz, 405 MHz, 20.92 W, 27
 14:59:54 up 6 days, 22:50,  5 users,  load average: 1.01, 0.80, 0.69
2026-09-30T14:59:56-04:00
0 %, 431 MiB, 187 MHz, 405 MHz, 6.09 W, 30
0 %, 20 MiB, 210 MHz, 405 MHz, 27.21 W, 28
 14:59:57 up 6 days, 22:51,  5 users,  load average: 1.01, 0.80, 0.69
2026-09-30T14:59:59-04:00
0 %, 431 MiB, 195 MHz, 405 MHz, 6.27 W, 30
0 %, 20 MiB, 210 MHz, 405 MHz, 21.10 W, 27
 14:59:59 up 6 days, 22:51,  5 users,  load average: 1.01, 0.80, 0.70
2026-09-30T15:00:01-04:00
0 %, 431 MiB, 195 MHz, 405 MHz, 5.76 W, 30
0 %, 20 MiB, 210 MHz, 405 MHz, 20.88 W, 27
 15:00:01 up 6 days, 22:51,  5 users,  load average: 1.01, 0.80, 0.70
2026-09-30T15:00:03-04:00
0 %, 431 MiB, 210 MHz, 405 MHz, 6.32 W, 30
1 %, 20 MiB, 210 MHz, 405 MHz, 21.01 W, 27
 15:00:03 up 6 days, 22:51,  5 users,  load average: 1.01, 0.80, 0.70
2026-09-30T15:00:05-04:00
0 %, 431 MiB, 195 MHz, 405 MHz, 6.20 W, 30
0 %, 20 MiB, 210 MHz, 405 MHz, 21.57 W, 28
 15:00:05 up 6 days, 22:51,  5 users,  load average: 1.01, 0.80, 0.70
2026-09-30T15:00:07-04:00
0 %, 431 MiB, 195 MHz, 405 MHz, 5.86 W, 30
0 %, 20 MiB, 210 MHz, 405 MHz, 20.67 W, 27
 15:00:07 up 6 days, 22:51,  5 users,  load average: 1.01, 0.81, 0.70
2026-09-30T15:00:09-04:00
0 %, 431 MiB, 195 MHz, 405 MHz, 5.82 W, 30
0 %, 20 MiB, 210 MHz, 405 MHz, 20.78 W, 27
 15:00:09 up 6 days, 22:51,  5 users,  load average: 1.01, 0.81, 0.70
2026-09-30T15:00:11-04:00
0 %, 431 MiB, 195 MHz, 405 MHz, 6.03 W, 30
0 %, 20 MiB, 210 MHz, 405 MHz, 27.25 W, 27
 15:00:11 up 6 days, 22:51,  5 users,  load average: 1.01, 0.81, 0.70
2026-09-30T15:00:13-04:00
0 %, 1709 MiB, 2542 MHz, 13801 MHz, 62.72 W, 31
0 %, 20 MiB, 210 MHz, 405 MHz, 26.15 W, 28
1535591, /home/ndizazzo/dev/mesh/issue1393-q4-snapshot-20260930/target/release/xtask, 1272 MiB
 15:00:13 up 6 days, 22:51,  5 users,  load average: 1.01, 0.81, 0.70
2026-09-30T15:00:15-04:00
0 %, 431 MiB, 2542 MHz, 7001 MHz, 50.35 W, 30
0 %, 20 MiB, 210 MHz, 405 MHz, 26.33 W, 28
 15:00:15 up 6 days, 22:51,  5 users,  load average: 1.01, 0.81, 0.70
2026-09-30T15:00:17-04:00
0 %, 431 MiB, 255 MHz, 405 MHz, 10.58 W, 30
0 %, 20 MiB, 210 MHz, 405 MHz, 21.52 W, 28
 15:00:17 up 6 days, 22:51,  5 users,  load average: 1.00, 0.81, 0.70
2026-09-30T15:00:19-04:00
0 %, 431 MiB, 195 MHz, 405 MHz, 5.65 W, 30
0 %, 20 MiB, 210 MHz, 405 MHz, 21.79 W, 28
 15:00:19 up 6 days, 22:51,  5 users,  load average: 1.00, 0.81, 0.70
2026-09-30T15:00:21-04:00
0 %, 431 MiB, 195 MHz, 405 MHz, 5.50 W, 30
0 %, 20 MiB, 210 MHz, 405 MHz, 20.64 W, 27
 15:00:21 up 6 days, 22:51,  5 users,  load average: 1.00, 0.81, 0.70
2026-09-30T15:00:23-04:00
0 %, 431 MiB, 195 MHz, 405 MHz, 5.63 W, 30
0 %, 20 MiB, 210 MHz, 405 MHz, 20.71 W, 27
 15:00:23 up 6 days, 22:51,  5 users,  load average: 1.00, 0.82, 0.71
2026-09-30T15:00:25-04:00
0 %, 431 MiB, 195 MHz, 405 MHz, 6.15 W, 30
0 %, 20 MiB, 210 MHz, 405 MHz, 27.35 W, 27
 15:00:26 up 6 days, 22:51,  5 users,  load average: 1.00, 0.82, 0.71
2026-09-30T15:00:28-04:00
0 %, 431 MiB, 195 MHz, 405 MHz, 5.32 W, 30
0 %, 20 MiB, 210 MHz, 405 MHz, 21.09 W, 27
 15:00:28 up 6 days, 22:51,  5 users,  load average: 1.00, 0.82, 0.71
2026-09-30T15:00:30-04:00
0 %, 431 MiB, 195 MHz, 405 MHz, 5.52 W, 30
0 %, 20 MiB, 210 MHz, 405 MHz, 20.94 W, 27
 15:00:30 up 6 days, 22:51,  5 users,  load average: 1.00, 0.82, 0.71
2026-09-30T15:00:32-04:00
0 %, 431 MiB, 195 MHz, 405 MHz, 5.65 W, 30
0 %, 20 MiB, 210 MHz, 405 MHz, 22.61 W, 28
 15:00:32 up 6 days, 22:51,  5 users,  load average: 1.00, 0.82, 0.71
2026-09-30T15:00:34-04:00
0 %, 431 MiB, 195 MHz, 405 MHz, 5.26 W, 30
0 %, 20 MiB, 210 MHz, 405 MHz, 21.49 W, 28
 15:00:34 up 6 days, 22:51,  5 users,  load average: 1.00, 0.82, 0.71
2026-09-30T15:00:36-04:00
0 %, 431 MiB, 195 MHz, 405 MHz, 5.48 W, 30
0 %, 20 MiB, 210 MHz, 405 MHz, 20.96 W, 27
 15:00:36 up 6 days, 22:51,  5 users,  load average: 1.00, 0.82, 0.71
2026-09-30T15:00:38-04:00
0 %, 431 MiB, 195 MHz, 405 MHz, 5.84 W, 30
0 %, 20 MiB, 210 MHz, 405 MHz, 21.05 W, 27
 15:00:38 up 6 days, 22:51,  5 users,  load average: 1.00, 0.83, 0.71
2026-09-30T15:00:40-04:00
0 %, 431 MiB, 195 MHz, 405 MHz, 5.59 W, 30
0 %, 20 MiB, 210 MHz, 405 MHz, 27.74 W, 28
 15:00:40 up 6 days, 22:51,  5 users,  load average: 1.00, 0.83, 0.71
2026-09-30T15:00:42-04:00
0 %, 431 MiB, 195 MHz, 405 MHz, 5.65 W, 30
0 %, 20 MiB, 210 MHz, 405 MHz, 21.26 W, 27
 15:00:42 up 6 days, 22:51,  5 users,  load average: 1.00, 0.83, 0.71
2026-09-30T15:00:44-04:00
0 %, 431 MiB, 195 MHz, 405 MHz, 6.05 W, 30
0 %, 20 MiB, 210 MHz, 405 MHz, 20.95 W, 27
 15:00:44 up 6 days, 22:51,  5 users,  load average: 1.00, 0.83, 0.71
2026-09-30T15:00:46-04:00
0 %, 431 MiB, 195 MHz, 405 MHz, 5.95 W, 30
0 %, 20 MiB, 210 MHz, 405 MHz, 23.10 W, 28
 15:00:46 up 6 days, 22:51,  5 users,  load average: 1.00, 0.83, 0.71
2026-09-30T15:00:48-04:00
0 %, 431 MiB, 195 MHz, 405 MHz, 5.81 W, 30
0 %, 20 MiB, 210 MHz, 405 MHz, 21.96 W, 28
 15:00:48 up 6 days, 22:51,  5 users,  load average: 1.00, 0.83, 0.72
2026-09-30T15:00:50-04:00
0 %, 431 MiB, 195 MHz, 405 MHz, 5.84 W, 30
0 %, 20 MiB, 210 MHz, 405 MHz, 20.86 W, 27
 15:00:50 up 6 days, 22:51,  5 users,  load average: 1.00, 0.83, 0.72
2026-09-30T15:00:52-04:00
0 %, 431 MiB, 195 MHz, 405 MHz, 5.77 W, 30
0 %, 20 MiB, 210 MHz, 405 MHz, 20.87 W, 27
 15:00:53 up 6 days, 22:51,  5 users,  load average: 1.00, 0.84, 0.72
2026-09-30T15:00:55-04:00
0 %, 431 MiB, 195 MHz, 405 MHz, 5.84 W, 30
0 %, 20 MiB, 210 MHz, 405 MHz, 27.52 W, 28
 15:00:55 up 6 days, 22:51,  5 users,  load average: 1.00, 0.84, 0.72
2026-09-30T15:00:57-04:00
0 %, 431 MiB, 195 MHz, 405 MHz, 6.35 W, 30
0 %, 20 MiB, 210 MHz, 405 MHz, 20.94 W, 27
 15:00:57 up 6 days, 22:52,  5 users,  load average: 1.00, 0.84, 0.72
2026-09-30T15:00:59-04:00
0 %, 431 MiB, 195 MHz, 405 MHz, 5.90 W, 30
0 %, 20 MiB, 210 MHz, 405 MHz, 20.89 W, 27
 15:00:59 up 6 days, 22:52,  5 users,  load average: 1.00, 0.84, 0.72
2026-09-30T15:01:01-04:00
0 %, 431 MiB, 195 MHz, 405 MHz, 5.92 W, 30
0 %, 20 MiB, 210 MHz, 405 MHz, 23.62 W, 27
 15:01:01 up 6 days, 22:52,  5 users,  load average: 1.00, 0.84, 0.72
2026-09-30T15:01:03-04:00
0 %, 431 MiB, 195 MHz, 405 MHz, 5.54 W, 30
0 %, 20 MiB, 210 MHz, 405 MHz, 21.92 W, 28
 15:01:03 up 6 days, 22:52,  5 users,  load average: 1.00, 0.84, 0.72
2026-09-30T15:01:05-04:00
0 %, 431 MiB, 195 MHz, 405 MHz, 5.93 W, 30
0 %, 20 MiB, 210 MHz, 405 MHz, 20.94 W, 27
 15:01:05 up 6 days, 22:52,  5 users,  load average: 1.00, 0.84, 0.72
2026-09-30T15:01:07-04:00
0 %, 1709 MiB, 195 MHz, 405 MHz, 5.38 W, 30
0 %, 20 MiB, 210 MHz, 405 MHz, 21.71 W, 27
1535591, /home/ndizazzo/dev/mesh/issue1393-q4-snapshot-20260930/target/release/xtask, 1272 MiB
 15:01:07 up 6 days, 22:52,  5 users,  load average: 1.00, 0.85, 0.72
2026-09-30T15:01:09-04:00
0 %, 1709 MiB, 2542 MHz, 13801 MHz, 52.62 W, 31
0 %, 20 MiB, 210 MHz, 405 MHz, 21.89 W, 28
1535591, /home/ndizazzo/dev/mesh/issue1393-q4-snapshot-20260930/target/release/xtask, 1272 MiB
 15:01:09 up 6 days, 22:52,  5 users,  load average: 1.00, 0.85, 0.72
2026-09-30T15:01:11-04:00
0 %, 431 MiB, 2550 MHz, 14001 MHz, 53.06 W, 31
0 %, 20 MiB, 210 MHz, 405 MHz, 21.02 W, 28
 15:01:11 up 6 days, 22:52,  5 users,  load average: 1.00, 0.85, 0.72
2026-09-30T15:01:13-04:00
0 %, 431 MiB, 375 MHz, 810 MHz, 15.60 W, 30
0 %, 20 MiB, 210 MHz, 405 MHz, 22.02 W, 28
 15:01:13 up 6 days, 22:52,  5 users,  load average: 1.00, 0.85, 0.73
2026-09-30T15:01:15-04:00
0 %, 431 MiB, 195 MHz, 405 MHz, 6.16 W, 30
0 %, 20 MiB, 210 MHz, 405 MHz, 26.40 W, 28
 15:01:15 up 6 days, 22:52,  5 users,  load average: 1.00, 0.85, 0.73
2026-09-30T15:01:17-04:00
0 %, 431 MiB, 195 MHz, 405 MHz, 5.65 W, 30
0 %, 20 MiB, 210 MHz, 405 MHz, 21.74 W, 28
 15:01:17 up 6 days, 22:52,  5 users,  load average: 1.00, 0.85, 0.73
2026-09-30T15:01:19-04:00
0 %, 431 MiB, 195 MHz, 405 MHz, 5.66 W, 30
0 %, 20 MiB, 210 MHz, 405 MHz, 20.94 W, 27
 15:01:19 up 6 days, 22:52,  5 users,  load average: 1.00, 0.85, 0.73
2026-09-30T15:01:21-04:00
0 %, 431 MiB, 195 MHz, 405 MHz, 5.70 W, 30
0 %, 20 MiB, 210 MHz, 405 MHz, 21.58 W, 27
 15:01:21 up 6 days, 22:52,  5 users,  load average: 1.00, 0.85, 0.73
2026-09-30T15:01:23-04:00
0 %, 431 MiB, 195 MHz, 405 MHz, 5.63 W, 30
0 %, 20 MiB, 210 MHz, 405 MHz, 22.19 W, 28
 15:01:24 up 6 days, 22:52,  5 users,  load average: 1.00, 0.85, 0.73
2026-09-30T15:01:26-04:00
0 %, 431 MiB, 195 MHz, 405 MHz, 5.27 W, 30
0 %, 20 MiB, 210 MHz, 405 MHz, 20.98 W, 27
 15:01:26 up 6 days, 22:52,  5 users,  load average: 1.00, 0.85, 0.73
2026-09-30T15:01:28-04:00
0 %, 431 MiB, 195 MHz, 405 MHz, 5.49 W, 30
0 %, 20 MiB, 210 MHz, 405 MHz, 21.13 W, 27
 15:01:28 up 6 days, 22:52,  5 users,  load average: 1.00, 0.86, 0.73
2026-09-30T15:01:30-04:00
0 %, 431 MiB, 195 MHz, 405 MHz, 5.56 W, 30
0 %, 20 MiB, 210 MHz, 405 MHz, 27.16 W, 27
 15:01:30 up 6 days, 22:52,  5 users,  load average: 1.00, 0.86, 0.73
2026-09-30T15:01:32-04:00
0 %, 431 MiB, 195 MHz, 405 MHz, 5.84 W, 30
0 %, 20 MiB, 210 MHz, 405 MHz, 21.10 W, 27
 15:01:32 up 6 days, 22:52,  5 users,  load average: 1.08, 0.88, 0.74
2026-09-30T15:01:34-04:00
3 %, 431 MiB, 195 MHz, 405 MHz, 6.04 W, 30
0 %, 20 MiB, 210 MHz, 405 MHz, 20.93 W, 27
 15:01:34 up 6 days, 22:52,  5 users,  load average: 1.08, 0.88, 0.74
2026-09-30T15:01:36-04:00
3 %, 431 MiB, 210 MHz, 405 MHz, 6.30 W, 30
0 %, 20 MiB, 210 MHz, 405 MHz, 22.85 W, 28
 15:01:36 up 6 days, 22:52,  5 users,  load average: 1.08, 0.88, 0.74
2026-09-30T15:01:38-04:00
3 %, 431 MiB, 195 MHz, 405 MHz, 5.51 W, 30
0 %, 20 MiB, 210 MHz, 405 MHz, 21.78 W, 28
 15:01:38 up 6 days, 22:52,  5 users,  load average: 1.07, 0.88, 0.74
2026-09-30T15:01:40-04:00
3 %, 431 MiB, 195 MHz, 405 MHz, 5.89 W, 30
0 %, 20 MiB, 210 MHz, 405 MHz, 20.89 W, 27
 15:01:40 up 6 days, 22:52,  5 users,  load average: 1.07, 0.88, 0.74
2026-09-30T15:01:42-04:00
3 %, 431 MiB, 195 MHz, 405 MHz, 5.89 W, 30
0 %, 20 MiB, 210 MHz, 405 MHz, 20.89 W, 27
 15:01:42 up 6 days, 22:52,  5 users,  load average: 1.07, 0.88, 0.74
2026-09-30T15:01:44-04:00
3 %, 431 MiB, 195 MHz, 405 MHz, 5.92 W, 30
0 %, 20 MiB, 210 MHz, 405 MHz, 27.49 W, 28
 15:01:44 up 6 days, 22:52,  5 users,  load average: 1.07, 0.88, 0.74
2026-09-30T15:01:46-04:00
3 %, 431 MiB, 195 MHz, 405 MHz, 5.89 W, 30
0 %, 20 MiB, 210 MHz, 405 MHz, 20.93 W, 27
 15:01:46 up 6 days, 22:52,  5 users,  load average: 1.07, 0.88, 0.74
2026-09-30T15:01:48-04:00
3 %, 431 MiB, 195 MHz, 405 MHz, 6.19 W, 30
0 %, 20 MiB, 210 MHz, 405 MHz, 20.93 W, 27
 15:01:48 up 6 days, 22:52,  5 users,  load average: 1.06, 0.88, 0.74
2026-09-30T15:01:50-04:00
3 %, 431 MiB, 210 MHz, 405 MHz, 6.38 W, 30
0 %, 20 MiB, 210 MHz, 405 MHz, 23.28 W, 28
 15:01:50 up 6 days, 22:52,  5 users,  load average: 1.06, 0.88, 0.74
2026-09-30T15:01:52-04:00
3 %, 431 MiB, 195 MHz, 405 MHz, 6.16 W, 30
0 %, 20 MiB, 210 MHz, 405 MHz, 22.05 W, 28
 15:01:53 up 6 days, 22:52,  5 users,  load average: 1.06, 0.88, 0.74
2026-09-30T15:01:55-04:00
3 %, 431 MiB, 195 MHz, 405 MHz, 5.95 W, 30
0 %, 20 MiB, 210 MHz, 405 MHz, 20.80 W, 27
 15:01:55 up 6 days, 22:52,  5 users,  load average: 1.06, 0.88, 0.74
2026-09-30T15:01:57-04:00
3 %, 431 MiB, 195 MHz, 405 MHz, 5.75 W, 30
0 %, 20 MiB, 210 MHz, 405 MHz, 20.84 W, 27
 15:01:57 up 6 days, 22:53,  5 users,  load average: 1.06, 0.88, 0.74
2026-09-30T15:01:59-04:00
3 %, 431 MiB, 195 MHz, 405 MHz, 6.05 W, 30
0 %, 20 MiB, 210 MHz, 405 MHz, 27.25 W, 28
 15:01:59 up 6 days, 22:53,  5 users,  load average: 1.05, 0.89, 0.74
2026-09-30T15:02:01-04:00
3 %, 431 MiB, 195 MHz, 405 MHz, 6.05 W, 30
0 %, 20 MiB, 210 MHz, 405 MHz, 21.13 W, 27
 15:02:01 up 6 days, 22:53,  5 users,  load average: 1.05, 0.89, 0.74
2026-09-30T15:02:03-04:00
3 %, 431 MiB, 195 MHz, 405 MHz, 6.40 W, 30
0 %, 20 MiB, 210 MHz, 405 MHz, 20.89 W, 27
 15:02:03 up 6 days, 22:53,  5 users,  load average: 1.05, 0.89, 0.75
2026-09-30T15:02:05-04:00
8 %, 1709 MiB, 2700 MHz, 13801 MHz, 30.56 W, 31
0 %, 20 MiB, 210 MHz, 405 MHz, 23.77 W, 28
1535591, /home/ndizazzo/dev/mesh/issue1393-q4-snapshot-20260930/target/release/xtask, 1272 MiB
 15:02:05 up 6 days, 22:53,  5 users,  load average: 1.05, 0.89, 0.75
2026-09-30T15:02:07-04:00
0 %, 1709 MiB, 2542 MHz, 13801 MHz, 53.24 W, 31
0 %, 20 MiB, 210 MHz, 405 MHz, 21.77 W, 28
1535591, /home/ndizazzo/dev/mesh/issue1393-q4-snapshot-20260930/target/release/xtask, 1272 MiB
 15:02:07 up 6 days, 22:53,  5 users,  load average: 1.04, 0.89, 0.75
2026-09-30T15:02:09-04:00
0 %, 431 MiB, 2542 MHz, 14001 MHz, 52.78 W, 31
0 %, 20 MiB, 210 MHz, 405 MHz, 23.31 W, 28
 15:02:09 up 6 days, 22:53,  5 users,  load average: 1.04, 0.89, 0.75
2026-09-30T15:02:11-04:00
2 %, 431 MiB, 375 MHz, 810 MHz, 14.93 W, 30
0 %, 20 MiB, 210 MHz, 405 MHz, 21.79 W, 28
 15:02:11 up 6 days, 22:53,  5 users,  load average: 1.04, 0.89, 0.75
2026-09-30T15:02:13-04:00
3 %, 431 MiB, 195 MHz, 405 MHz, 6.03 W, 30
0 %, 20 MiB, 210 MHz, 405 MHz, 24.39 W, 28
 15:02:13 up 6 days, 22:53,  5 users,  load average: 1.04, 0.89, 0.75
2026-09-30T15:02:15-04:00
3 %, 431 MiB, 187 MHz, 405 MHz, 5.98 W, 30
0 %, 20 MiB, 210 MHz, 405 MHz, 21.06 W, 27
 15:02:15 up 6 days, 22:53,  5 users,  load average: 1.04, 0.89, 0.75
2026-09-30T15:02:17-04:00
3 %, 431 MiB, 195 MHz, 405 MHz, 6.20 W, 30
0 %, 20 MiB, 210 MHz, 405 MHz, 20.72 W, 27
 15:02:17 up 6 days, 22:53,  5 users,  load average: 1.04, 0.89, 0.75
2026-09-30T15:02:19-04:00
3 %, 431 MiB, 195 MHz, 405 MHz, 6.27 W, 30
0 %, 20 MiB, 210 MHz, 405 MHz, 27.02 W, 28
 15:02:19 up 6 days, 22:53,  5 users,  load average: 1.04, 0.89, 0.75
2026-09-30T15:02:21-04:00
3 %, 431 MiB, 187 MHz, 405 MHz, 5.97 W, 30
0 %, 20 MiB, 210 MHz, 405 MHz, 21.94 W, 28
 15:02:22 up 6 days, 22:53,  5 users,  load average: 1.04, 0.89, 0.75
2026-09-30T15:02:24-04:00
3 %, 431 MiB, 195 MHz, 405 MHz, 5.91 W, 30
0 %, 20 MiB, 210 MHz, 405 MHz, 20.85 W, 27
 15:02:24 up 6 days, 22:53,  5 users,  load average: 1.03, 0.90, 0.75
2026-09-30T15:02:26-04:00
3 %, 431 MiB, 195 MHz, 405 MHz, 6.47 W, 30
0 %, 20 MiB, 210 MHz, 405 MHz, 20.99 W, 27
 15:02:26 up 6 days, 22:53,  5 users,  load average: 1.03, 0.90, 0.75
2026-09-30T15:02:28-04:00
3 %, 431 MiB, 195 MHz, 405 MHz, 6.45 W, 30
0 %, 20 MiB, 210 MHz, 405 MHz, 27.50 W, 28
 15:02:28 up 6 days, 22:53,  5 users,  load average: 1.03, 0.90, 0.75
2026-09-30T15:02:30-04:00
3 %, 431 MiB, 195 MHz, 405 MHz, 6.32 W, 30
0 %, 20 MiB, 210 MHz, 405 MHz, 21.08 W, 27
 15:02:30 up 6 days, 22:53,  5 users,  load average: 1.03, 0.90, 0.75
2026-09-30T15:02:32-04:00
3 %, 431 MiB, 195 MHz, 405 MHz, 6.16 W, 30
0 %, 20 MiB, 210 MHz, 405 MHz, 20.92 W, 27
 15:02:32 up 6 days, 22:53,  5 users,  load average: 1.03, 0.90, 0.75
2026-09-30T15:02:34-04:00
3 %, 431 MiB, 195 MHz, 405 MHz, 6.33 W, 30
0 %, 20 MiB, 210 MHz, 405 MHz, 27.49 W, 28
 15:02:34 up 6 days, 22:53,  5 users,  load average: 1.03, 0.90, 0.75
2026-09-30T15:02:36-04:00
3 %, 431 MiB, 195 MHz, 405 MHz, 6.16 W, 30
0 %, 20 MiB, 210 MHz, 405 MHz, 21.23 W, 27
 15:02:36 up 6 days, 22:53,  5 users,  load average: 1.03, 0.90, 0.75
2026-09-30T15:02:38-04:00
3 %, 431 MiB, 195 MHz, 405 MHz, 5.83 W, 30
0 %, 20 MiB, 210 MHz, 405 MHz, 20.88 W, 27
 15:02:38 up 6 days, 22:53,  5 users,  load average: 1.02, 0.90, 0.76
2026-09-30T15:02:40-04:00
3 %, 431 MiB, 210 MHz, 405 MHz, 5.99 W, 30
0 %, 20 MiB, 210 MHz, 405 MHz, 20.88 W, 27
 15:02:40 up 6 days, 22:53,  5 users,  load average: 1.02, 0.90, 0.76
2026-09-30T15:02:42-04:00
3 %, 431 MiB, 195 MHz, 405 MHz, 6.02 W, 30
0 %, 20 MiB, 210 MHz, 405 MHz, 27.15 W, 28
 15:02:42 up 6 days, 22:53,  5 users,  load average: 1.02, 0.90, 0.76
2026-09-30T15:02:44-04:00
3 %, 431 MiB, 195 MHz, 405 MHz, 6.30 W, 30
0 %, 20 MiB, 210 MHz, 405 MHz, 21.08 W, 27
 15:02:44 up 6 days, 22:53,  5 users,  load average: 1.02, 0.90, 0.76
2026-09-30T15:02:46-04:00
3 %, 431 MiB, 195 MHz, 405 MHz, 6.22 W, 30
0 %, 20 MiB, 210 MHz, 405 MHz, 20.92 W, 27
 15:02:46 up 6 days, 22:53,  5 users,  load average: 1.02, 0.90, 0.76
2026-09-30T15:02:48-04:00
3 %, 431 MiB, 195 MHz, 405 MHz, 6.09 W, 30
0 %, 20 MiB, 210 MHz, 405 MHz, 27.41 W, 28
 15:02:48 up 6 days, 22:53,  5 users,  load average: 1.02, 0.91, 0.76
2026-09-30T15:02:50-04:00
3 %, 431 MiB, 195 MHz, 405 MHz, 5.86 W, 30
0 %, 20 MiB, 210 MHz, 405 MHz, 21.08 W, 27
 15:02:51 up 6 days, 22:53,  5 users,  load average: 1.02, 0.91, 0.76
2026-09-30T15:02:53-04:00
3 %, 431 MiB, 195 MHz, 405 MHz, 6.08 W, 30
0 %, 20 MiB, 210 MHz, 405 MHz, 20.87 W, 27
 15:02:53 up 6 days, 22:53,  5 users,  load average: 1.02, 0.91, 0.76
2026-09-30T15:02:55-04:00
3 %, 431 MiB, 210 MHz, 405 MHz, 5.88 W, 30
1 %, 20 MiB, 210 MHz, 405 MHz, 20.94 W, 27
 15:02:55 up 6 days, 22:53,  5 users,  load average: 1.02, 0.91, 0.76
2026-09-30T15:02:57-04:00
3 %, 431 MiB, 195 MHz, 405 MHz, 5.44 W, 30
0 %, 20 MiB, 210 MHz, 405 MHz, 21.53 W, 28
 15:02:57 up 6 days, 22:54,  5 users,  load average: 1.02, 0.91, 0.76
2026-09-30T15:02:59-04:00
3 %, 431 MiB, 195 MHz, 405 MHz, 5.63 W, 30
0 %, 20 MiB, 210 MHz, 405 MHz, 20.90 W, 27
 15:02:59 up 6 days, 22:54,  5 users,  load average: 1.02, 0.91, 0.76
2026-09-30T15:03:01-04:00
3 %, 431 MiB, 195 MHz, 405 MHz, 5.53 W, 30
0 %, 20 MiB, 210 MHz, 405 MHz, 20.91 W, 27
 15:03:01 up 6 days, 22:54,  5 users,  load average: 1.02, 0.91, 0.76
2026-09-30T15:03:03-04:00
0 %, 431 MiB, 2587 MHz, 14001 MHz, 51.11 W, 31
0 %, 20 MiB, 210 MHz, 405 MHz, 28.64 W, 28
 15:03:03 up 6 days, 22:54,  5 users,  load average: 1.02, 0.91, 0.76
2026-09-30T15:03:05-04:00
2 %, 431 MiB, 615 MHz, 810 MHz, 33.60 W, 30
0 %, 20 MiB, 210 MHz, 405 MHz, 21.83 W, 28
 15:03:05 up 6 days, 22:54,  5 users,  load average: 1.02, 0.91, 0.76
2026-09-30T15:03:07-04:00
3 %, 431 MiB, 217 MHz, 405 MHz, 6.74 W, 30
0 %, 20 MiB, 210 MHz, 405 MHz, 20.92 W, 27
 15:03:07 up 6 days, 22:54,  5 users,  load average: 1.01, 0.91, 0.77
2026-09-30T15:03:09-04:00
3 %, 431 MiB, 195 MHz, 405 MHz, 5.94 W, 30
0 %, 20 MiB, 210 MHz, 405 MHz, 21.81 W, 28
 15:03:09 up 6 days, 22:54,  5 users,  load average: 1.01, 0.91, 0.77
2026-09-30T15:03:11-04:00
3 %, 431 MiB, 195 MHz, 405 MHz, 5.76 W, 30
0 %, 20 MiB, 210 MHz, 405 MHz, 21.82 W, 28
 15:03:11 up 6 days, 22:54,  5 users,  load average: 1.01, 0.91, 0.77
2026-09-30T15:03:13-04:00
3 %, 431 MiB, 195 MHz, 405 MHz, 6.03 W, 30
0 %, 20 MiB, 210 MHz, 405 MHz, 20.85 W, 27
 15:03:13 up 6 days, 22:54,  5 users,  load average: 1.01, 0.91, 0.77
2026-09-30T15:03:15-04:00
3 %, 431 MiB, 195 MHz, 405 MHz, 5.84 W, 30
0 %, 20 MiB, 210 MHz, 405 MHz, 20.97 W, 27
 15:03:15 up 6 days, 22:54,  5 users,  load average: 1.01, 0.91, 0.77
2026-09-30T15:03:17-04:00
3 %, 431 MiB, 195 MHz, 405 MHz, 5.77 W, 30
0 %, 20 MiB, 210 MHz, 405 MHz, 27.47 W, 28
 15:03:17 up 6 days, 22:54,  5 users,  load average: 1.01, 0.92, 0.77
2026-09-30T15:03:19-04:00
3 %, 431 MiB, 195 MHz, 405 MHz, 5.73 W, 30
0 %, 20 MiB, 210 MHz, 405 MHz, 20.93 W, 27
 15:03:20 up 6 days, 22:54,  5 users,  load average: 1.01, 0.92, 0.77
2026-09-30T15:03:22-04:00
3 %, 431 MiB, 195 MHz, 405 MHz, 5.81 W, 30
0 %, 20 MiB, 210 MHz, 405 MHz, 20.79 W, 27
 15:03:22 up 6 days, 22:54,  5 users,  load average: 1.01, 0.92, 0.77
2026-09-30T15:03:24-04:00
3 %, 431 MiB, 195 MHz, 405 MHz, 6.09 W, 30
0 %, 20 MiB, 210 MHz, 405 MHz, 22.59 W, 28
 15:03:24 up 6 days, 22:54,  5 users,  load average: 1.01, 0.92, 0.77
2026-09-30T15:03:26-04:00
3 %, 431 MiB, 195 MHz, 405 MHz, 5.90 W, 30
0 %, 20 MiB, 210 MHz, 405 MHz, 22.15 W, 28
 15:03:26 up 6 days, 22:54,  5 users,  load average: 1.01, 0.92, 0.77
2026-09-30T15:03:28-04:00
3 %, 431 MiB, 195 MHz, 405 MHz, 6.05 W, 30
0 %, 20 MiB, 210 MHz, 405 MHz, 20.76 W, 27
 15:03:28 up 6 days, 22:54,  5 users,  load average: 1.01, 0.92, 0.77
2026-09-30T15:03:30-04:00
3 %, 431 MiB, 195 MHz, 405 MHz, 5.91 W, 30
0 %, 20 MiB, 210 MHz, 405 MHz, 20.85 W, 27
 15:03:30 up 6 days, 22:54,  5 users,  load average: 1.01, 0.92, 0.77
2026-09-30T15:03:32-04:00
3 %, 431 MiB, 195 MHz, 405 MHz, 5.68 W, 30
0 %, 20 MiB, 210 MHz, 405 MHz, 27.20 W, 28
 15:03:32 up 6 days, 22:54,  5 users,  load average: 1.01, 0.92, 0.77
2026-09-30T15:03:34-04:00
3 %, 431 MiB, 195 MHz, 405 MHz, 5.80 W, 30
0 %, 20 MiB, 210 MHz, 405 MHz, 21.07 W, 27
 15:03:34 up 6 days, 22:54,  5 users,  load average: 1.01, 0.92, 0.77
2026-09-30T15:03:36-04:00
3 %, 431 MiB, 195 MHz, 405 MHz, 5.69 W, 30
0 %, 20 MiB, 210 MHz, 405 MHz, 20.82 W, 27
 15:03:36 up 6 days, 22:54,  5 users,  load average: 1.01, 0.92, 0.77
2026-09-30T15:03:38-04:00
3 %, 431 MiB, 195 MHz, 405 MHz, 6.21 W, 30
0 %, 20 MiB, 210 MHz, 405 MHz, 23.03 W, 28
 15:03:38 up 6 days, 22:54,  5 users,  load average: 1.01, 0.92, 0.77
2026-09-30T15:03:40-04:00
3 %, 431 MiB, 195 MHz, 405 MHz, 5.62 W, 30
0 %, 20 MiB, 210 MHz, 405 MHz, 21.59 W, 28
 15:03:40 up 6 days, 22:54,  5 users,  load average: 1.01, 0.92, 0.77
2026-09-30T15:03:42-04:00
3 %, 431 MiB, 195 MHz, 405 MHz, 5.65 W, 30
0 %, 20 MiB, 210 MHz, 405 MHz, 20.78 W, 27
 15:03:42 up 6 days, 22:54,  5 users,  load average: 1.09, 0.94, 0.78
2026-09-30T15:03:44-04:00
3 %, 431 MiB, 195 MHz, 405 MHz, 5.47 W, 30
0 %, 20 MiB, 210 MHz, 405 MHz, 20.92 W, 27
 15:03:44 up 6 days, 22:54,  5 users,  load average: 1.09, 0.94, 0.78
2026-09-30T15:03:46-04:00
3 %, 431 MiB, 195 MHz, 405 MHz, 5.80 W, 30
0 %, 20 MiB, 210 MHz, 405 MHz, 27.43 W, 28
 15:03:46 up 6 days, 22:54,  5 users,  load average: 1.09, 0.94, 0.78
2026-09-30T15:03:48-04:00
3 %, 431 MiB, 195 MHz, 405 MHz, 5.80 W, 30
0 %, 20 MiB, 210 MHz, 405 MHz, 21.19 W, 27
 15:03:49 up 6 days, 22:54,  5 users,  load average: 1.08, 0.94, 0.78
2026-09-30T15:03:51-04:00
3 %, 431 MiB, 195 MHz, 405 MHz, 5.59 W, 30
0 %, 20 MiB, 210 MHz, 405 MHz, 20.77 W, 27
 15:03:51 up 6 days, 22:54,  5 users,  load average: 1.08, 0.94, 0.78
2026-09-30T15:03:53-04:00
3 %, 431 MiB, 195 MHz, 405 MHz, 6.23 W, 30
0 %, 20 MiB, 210 MHz, 405 MHz, 23.53 W, 28
 15:03:53 up 6 days, 22:54,  5 users,  load average: 1.07, 0.94, 0.78
2026-09-30T15:03:55-04:00
3 %, 431 MiB, 195 MHz, 405 MHz, 5.80 W, 30
0 %, 20 MiB, 210 MHz, 405 MHz, 21.99 W, 28
 15:03:55 up 6 days, 22:54,  5 users,  load average: 1.07, 0.94, 0.78
2026-09-30T15:03:57-04:00
0 %, 431 MiB, 2550 MHz, 14001 MHz, 53.75 W, 31
0 %, 20 MiB, 210 MHz, 405 MHz, 23.76 W, 28
 15:03:57 up 6 days, 22:55,  5 users,  load average: 1.07, 0.94, 0.78
2026-09-30T15:03:59-04:00
1 %, 431 MiB, 615 MHz, 810 MHz, 30.42 W, 30
0 %, 20 MiB, 210 MHz, 405 MHz, 21.97 W, 28
 15:03:59 up 6 days, 22:55,  5 users,  load average: 1.07, 0.94, 0.79
2026-09-30T15:04:01-04:00
3 %, 431 MiB, 210 MHz, 405 MHz, 6.69 W, 30
0 %, 20 MiB, 210 MHz, 405 MHz, 25.61 W, 28
 15:04:01 up 6 days, 22:55,  5 users,  load average: 1.07, 0.94, 0.79
2026-09-30T15:04:03-04:00
3 %, 431 MiB, 195 MHz, 405 MHz, 6.47 W, 30
0 %, 20 MiB, 210 MHz, 405 MHz, 20.80 W, 27
 15:04:03 up 6 days, 22:55,  5 users,  load average: 1.06, 0.94, 0.79
2026-09-30T15:04:05-04:00
3 %, 431 MiB, 195 MHz, 405 MHz, 5.87 W, 30
0 %, 20 MiB, 210 MHz, 405 MHz, 20.83 W, 27
 15:04:05 up 6 days, 22:55,  5 users,  load average: 1.06, 0.94, 0.79
2026-09-30T15:04:07-04:00
3 %, 431 MiB, 195 MHz, 405 MHz, 6.04 W, 30
0 %, 20 MiB, 210 MHz, 405 MHz, 23.95 W, 28
 15:04:07 up 6 days, 22:55,  5 users,  load average: 1.06, 0.95, 0.79
2026-09-30T15:04:09-04:00
3 %, 431 MiB, 195 MHz, 405 MHz, 6.21 W, 30
0 %, 20 MiB, 210 MHz, 405 MHz, 21.53 W, 28
 15:04:09 up 6 days, 22:55,  5 users,  load average: 1.06, 0.95, 0.79
2026-09-30T15:04:11-04:00
3 %, 431 MiB, 195 MHz, 405 MHz, 5.76 W, 30
0 %, 20 MiB, 210 MHz, 405 MHz, 20.73 W, 27
 15:04:11 up 6 days, 22:55,  5 users,  load average: 1.06, 0.95, 0.79
2026-09-30T15:04:13-04:00
3 %, 431 MiB, 195 MHz, 405 MHz, 5.84 W, 30
0 %, 20 MiB, 210 MHz, 405 MHz, 20.88 W, 27
 15:04:13 up 6 days, 22:55,  5 users,  load average: 1.05, 0.95, 0.79
2026-09-30T15:04:15-04:00
3 %, 431 MiB, 195 MHz, 405 MHz, 5.83 W, 30
0 %, 20 MiB, 210 MHz, 405 MHz, 27.65 W, 28
 15:04:15 up 6 days, 22:55,  5 users,  load average: 1.05, 0.95, 0.79
2026-09-30T15:04:17-04:00
3 %, 431 MiB, 195 MHz, 405 MHz, 5.60 W, 30
0 %, 20 MiB, 210 MHz, 405 MHz, 20.86 W, 27
 15:04:18 up 6 days, 22:55,  5 users,  load average: 1.05, 0.95, 0.79
2026-09-30T15:04:20-04:00
3 %, 431 MiB, 195 MHz, 405 MHz, 6.12 W, 30
0 %, 20 MiB, 210 MHz, 405 MHz, 20.95 W, 27
 15:04:20 up 6 days, 22:55,  5 users,  load average: 1.05, 0.95, 0.79
2026-09-30T15:04:22-04:00
3 %, 431 MiB, 195 MHz, 405 MHz, 5.73 W, 30
0 %, 20 MiB, 210 MHz, 405 MHz, 27.20 W, 28
 15:04:22 up 6 days, 22:55,  5 users,  load average: 1.05, 0.95, 0.79
2026-09-30T15:04:24-04:00
3 %, 431 MiB, 195 MHz, 405 MHz, 5.83 W, 30
0 %, 20 MiB, 210 MHz, 405 MHz, 21.11 W, 27
 15:04:24 up 6 days, 22:55,  5 users,  load average: 1.04, 0.95, 0.79
2026-09-30T15:04:26-04:00
3 %, 431 MiB, 195 MHz, 405 MHz, 5.86 W, 30
0 %, 20 MiB, 210 MHz, 405 MHz, 20.81 W, 27
 15:04:26 up 6 days, 22:55,  5 users,  load average: 1.04, 0.95, 0.79
2026-09-30T15:04:28-04:00
3 %, 431 MiB, 195 MHz, 405 MHz, 6.04 W, 30
0 %, 20 MiB, 210 MHz, 405 MHz, 20.90 W, 27
 15:04:28 up 6 days, 22:55,  5 users,  load average: 1.04, 0.95, 0.79
2026-09-30T15:04:30-04:00
3 %, 431 MiB, 195 MHz, 405 MHz, 5.99 W, 30
0 %, 20 MiB, 210 MHz, 405 MHz, 21.78 W, 28
 15:04:30 up 6 days, 22:55,  5 users,  load average: 1.04, 0.95, 0.79
2026-09-30T15:04:32-04:00
3 %, 431 MiB, 195 MHz, 405 MHz, 5.94 W, 30
0 %, 20 MiB, 210 MHz, 405 MHz, 20.91 W, 27
 15:04:32 up 6 days, 22:55,  5 users,  load average: 1.04, 0.95, 0.80
2026-09-30T15:04:34-04:00
3 %, 431 MiB, 187 MHz, 405 MHz, 5.48 W, 30
0 %, 20 MiB, 210 MHz, 405 MHz, 21.00 W, 27
 15:04:34 up 6 days, 22:55,  5 users,  load average: 1.04, 0.95, 0.80
2026-09-30T15:04:36-04:00
3 %, 431 MiB, 195 MHz, 405 MHz, 6.16 W, 30
0 %, 20 MiB, 210 MHz, 405 MHz, 27.61 W, 28
 15:04:36 up 6 days, 22:55,  5 users,  load average: 1.04, 0.95, 0.80
2026-09-30T15:04:38-04:00
3 %, 431 MiB, 195 MHz, 405 MHz, 6.04 W, 30
0 %, 20 MiB, 210 MHz, 405 MHz, 21.25 W, 27
 15:04:38 up 6 days, 22:55,  5 users,  load average: 1.03, 0.95, 0.80
2026-09-30T15:04:40-04:00
3 %, 431 MiB, 195 MHz, 405 MHz, 5.52 W, 30
0 %, 20 MiB, 210 MHz, 405 MHz, 20.91 W, 27
 15:04:40 up 6 days, 22:55,  5 users,  load average: 1.03, 0.95, 0.80
2026-09-30T15:04:42-04:00
3 %, 431 MiB, 210 MHz, 405 MHz, 5.66 W, 30
0 %, 20 MiB, 210 MHz, 405 MHz, 20.96 W, 27
 15:04:42 up 6 days, 22:55,  5 users,  load average: 1.03, 0.95, 0.80
2026-09-30T15:04:44-04:00
3 %, 431 MiB, 195 MHz, 405 MHz, 5.86 W, 30
0 %, 20 MiB, 210 MHz, 405 MHz, 21.91 W, 28
 15:04:44 up 6 days, 22:55,  5 users,  load average: 1.03, 0.95, 0.80
2026-09-30T15:04:46-04:00
3 %, 431 MiB, 195 MHz, 405 MHz, 5.62 W, 30
0 %, 20 MiB, 210 MHz, 405 MHz, 20.90 W, 27
 15:04:47 up 6 days, 22:55,  5 users,  load average: 1.03, 0.95, 0.80
2026-09-30T15:04:49-04:00
3 %, 431 MiB, 195 MHz, 405 MHz, 5.80 W, 30
0 %, 20 MiB, 210 MHz, 405 MHz, 21.01 W, 27
 15:04:49 up 6 days, 22:55,  5 users,  load average: 1.03, 0.95, 0.80
2026-09-30T15:04:51-04:00
1 %, 851 MiB, 2542 MHz, 13801 MHz, 62.41 W, 31
0 %, 20 MiB, 210 MHz, 405 MHz, 28.64 W, 28
 15:04:51 up 6 days, 22:55,  5 users,  load average: 1.03, 0.95, 0.80
2026-09-30T15:04:53-04:00
0 %, 431 MiB, 600 MHz, 810 MHz, 31.57 W, 30
0 %, 20 MiB, 210 MHz, 405 MHz, 27.85 W, 28
 15:04:53 up 6 days, 22:55,  5 users,  load average: 1.02, 0.95, 0.80
2026-09-30T15:04:55-04:00
0 %, 431 MiB, 217 MHz, 405 MHz, 7.24 W, 30
0 %, 20 MiB, 210 MHz, 405 MHz, 21.17 W, 27
 15:04:55 up 6 days, 22:55,  5 users,  load average: 1.02, 0.95, 0.80
2026-09-30T15:04:57-04:00
0 %, 431 MiB, 195 MHz, 405 MHz, 5.79 W, 30
0 %, 20 MiB, 210 MHz, 405 MHz, 21.45 W, 28
 15:04:57 up 6 days, 22:56,  5 users,  load average: 1.02, 0.96, 0.80
2026-09-30T15:04:59-04:00
0 %, 431 MiB, 195 MHz, 405 MHz, 5.85 W, 30
0 %, 20 MiB, 210 MHz, 405 MHz, 22.26 W, 28
 15:04:59 up 6 days, 22:56,  5 users,  load average: 1.02, 0.96, 0.80
2026-09-30T15:05:01-04:00
0 %, 431 MiB, 195 MHz, 405 MHz, 5.62 W, 30
0 %, 20 MiB, 210 MHz, 405 MHz, 20.91 W, 27
 15:05:01 up 6 days, 22:56,  5 users,  load average: 1.02, 0.96, 0.80
2026-09-30T15:05:03-04:00
0 %, 431 MiB, 195 MHz, 405 MHz, 5.59 W, 30
0 %, 20 MiB, 210 MHz, 405 MHz, 20.99 W, 27
 15:05:03 up 6 days, 22:56,  5 users,  load average: 1.02, 0.96, 0.80
2026-09-30T15:05:05-04:00
3 %, 431 MiB, 195 MHz, 405 MHz, 5.57 W, 30
0 %, 20 MiB, 210 MHz, 405 MHz, 27.13 W, 28
 15:05:05 up 6 days, 22:56,  5 users,  load average: 1.02, 0.96, 0.80
2026-09-30T15:05:07-04:00
3 %, 431 MiB, 195 MHz, 405 MHz, 5.62 W, 30
0 %, 20 MiB, 210 MHz, 405 MHz, 21.29 W, 27
 15:05:07 up 6 days, 22:56,  5 users,  load average: 1.02, 0.96, 0.81
2026-09-30T15:05:09-04:00
0 %, 431 MiB, 195 MHz, 405 MHz, 6.03 W, 30
0 %, 20 MiB, 210 MHz, 405 MHz, 20.81 W, 27
 15:05:09 up 6 days, 22:56,  5 users,  load average: 1.02, 0.96, 0.81
2026-09-30T15:05:11-04:00
0 %, 431 MiB, 195 MHz, 405 MHz, 6.24 W, 30
0 %, 20 MiB, 210 MHz, 405 MHz, 22.60 W, 28
 15:05:11 up 6 days, 22:56,  5 users,  load average: 1.02, 0.96, 0.81
2026-09-30T15:05:13-04:00
0 %, 431 MiB, 195 MHz, 405 MHz, 6.03 W, 30
0 %, 20 MiB, 210 MHz, 405 MHz, 21.78 W, 28
 15:05:13 up 6 days, 22:56,  5 users,  load average: 1.02, 0.96, 0.81
2026-09-30T15:05:15-04:00
0 %, 431 MiB, 195 MHz, 405 MHz, 6.33 W, 30
0 %, 20 MiB, 210 MHz, 405 MHz, 20.88 W, 27
 15:05:16 up 6 days, 22:56,  5 users,  load average: 1.02, 0.96, 0.81
2026-09-30T15:05:18-04:00
0 %, 431 MiB, 195 MHz, 405 MHz, 6.53 W, 30
0 %, 20 MiB, 210 MHz, 405 MHz, 20.98 W, 27
 15:05:18 up 6 days, 22:56,  5 users,  load average: 1.02, 0.96, 0.81
2026-09-30T15:05:20-04:00
0 %, 431 MiB, 195 MHz, 405 MHz, 5.95 W, 30
0 %, 20 MiB, 210 MHz, 405 MHz, 27.50 W, 28
 15:05:20 up 6 days, 22:56,  5 users,  load average: 1.02, 0.96, 0.81
2026-09-30T15:05:22-04:00
0 %, 431 MiB, 195 MHz, 405 MHz, 6.02 W, 30
0 %, 20 MiB, 210 MHz, 405 MHz, 20.90 W, 27
 15:05:22 up 6 days, 22:56,  5 users,  load average: 1.02, 0.96, 0.81
2026-09-30T15:05:24-04:00
0 %, 431 MiB, 195 MHz, 405 MHz, 6.14 W, 30
0 %, 20 MiB, 210 MHz, 405 MHz, 20.84 W, 27
 15:05:24 up 6 days, 22:56,  5 users,  load average: 1.01, 0.96, 0.81
2026-09-30T15:05:26-04:00
0 %, 431 MiB, 195 MHz, 405 MHz, 6.14 W, 30
0 %, 20 MiB, 210 MHz, 405 MHz, 23.30 W, 28
 15:05:26 up 6 days, 22:56,  5 users,  load average: 1.01, 0.96, 0.81
2026-09-30T15:05:28-04:00
0 %, 431 MiB, 195 MHz, 405 MHz, 5.73 W, 30
0 %, 20 MiB, 210 MHz, 405 MHz, 21.00 W, 27
 15:05:28 up 6 days, 22:56,  5 users,  load average: 1.01, 0.96, 0.81
2026-09-30T15:05:30-04:00
0 %, 431 MiB, 195 MHz, 405 MHz, 6.15 W, 30
0 %, 20 MiB, 210 MHz, 405 MHz, 20.84 W, 27
 15:05:30 up 6 days, 22:56,  5 users,  load average: 1.01, 0.96, 0.81
2026-09-30T15:05:32-04:00
0 %, 431 MiB, 195 MHz, 405 MHz, 5.89 W, 30
0 %, 20 MiB, 210 MHz, 405 MHz, 20.70 W, 27
 15:05:32 up 6 days, 22:56,  5 users,  load average: 1.01, 0.96, 0.81
2026-09-30T15:05:34-04:00
0 %, 431 MiB, 195 MHz, 405 MHz, 5.88 W, 30
0 %, 20 MiB, 210 MHz, 405 MHz, 27.09 W, 28
 15:05:34 up 6 days, 22:56,  5 users,  load average: 1.01, 0.96, 0.81
2026-09-30T15:05:36-04:00
0 %, 431 MiB, 195 MHz, 405 MHz, 6.17 W, 30
0 %, 20 MiB, 210 MHz, 405 MHz, 20.98 W, 27
 15:05:36 up 6 days, 22:56,  5 users,  load average: 1.01, 0.96, 0.81
2026-09-30T15:05:38-04:00
0 %, 431 MiB, 195 MHz, 405 MHz, 6.06 W, 30
0 %, 20 MiB, 210 MHz, 405 MHz, 20.80 W, 27
 15:05:38 up 6 days, 22:56,  5 users,  load average: 1.01, 0.96, 0.81
2026-09-30T15:05:40-04:00
0 %, 431 MiB, 195 MHz, 405 MHz, 6.22 W, 30
0 %, 20 MiB, 210 MHz, 405 MHz, 23.72 W, 28
 15:05:40 up 6 days, 22:56,  5 users,  load average: 1.01, 0.96, 0.81
2026-09-30T15:05:42-04:00
0 %, 431 MiB, 195 MHz, 405 MHz, 5.67 W, 30
0 %, 20 MiB, 210 MHz, 405 MHz, 20.97 W, 27
 15:05:43 up 6 days, 22:56,  5 users,  load average: 1.01, 0.96, 0.82
2026-09-30T15:05:45-04:00
8 %, 1709 MiB, 195 MHz, 13801 MHz, 16.42 W, 31
0 %, 20 MiB, 210 MHz, 405 MHz, 23.57 W, 28
1535591, /home/ndizazzo/dev/mesh/issue1393-q4-snapshot-20260930/target/release/xtask, 1272 MiB
 15:05:45 up 6 days, 22:56,  5 users,  load average: 1.01, 0.96, 0.82
2026-09-30T15:05:47-04:00
0 %, 431 MiB, 2542 MHz, 14001 MHz, 52.07 W, 31
1 %, 20 MiB, 210 MHz, 405 MHz, 26.54 W, 27
 15:05:47 up 6 days, 22:56,  5 users,  load average: 1.01, 0.96, 0.82
2026-09-30T15:05:49-04:00
0 %, 431 MiB, 337 MHz, 810 MHz, 10.29 W, 30
0 %, 20 MiB, 210 MHz, 405 MHz, 22.10 W, 28
 15:05:49 up 6 days, 22:56,  5 users,  load average: 1.01, 0.97, 0.82
2026-09-30T15:05:51-04:00
0 %, 431 MiB, 195 MHz, 405 MHz, 6.05 W, 30
0 %, 20 MiB, 210 MHz, 405 MHz, 20.75 W, 27
 15:05:51 up 6 days, 22:56,  5 users,  load average: 1.01, 0.97, 0.82
2026-09-30T15:05:53-04:00
0 %, 431 MiB, 195 MHz, 405 MHz, 5.91 W, 30
0 %, 20 MiB, 210 MHz, 405 MHz, 20.85 W, 27
 15:05:53 up 6 days, 22:56,  5 users,  load average: 1.01, 0.97, 0.82
2026-09-30T15:05:55-04:00
0 %, 431 MiB, 195 MHz, 405 MHz, 6.08 W, 30
0 %, 20 MiB, 210 MHz, 405 MHz, 27.07 W, 28
 15:05:55 up 6 days, 22:56,  5 users,  load average: 1.01, 0.97, 0.82
2026-09-30T15:05:57-04:00
0 %, 431 MiB, 195 MHz, 405 MHz, 6.28 W, 30
0 %, 20 MiB, 210 MHz, 405 MHz, 21.11 W, 27
 15:05:57 up 6 days, 22:57,  5 users,  load average: 1.01, 0.97, 0.82
2026-09-30T15:05:59-04:00
0 %, 431 MiB, 195 MHz, 405 MHz, 5.82 W, 30
0 %, 20 MiB, 210 MHz, 405 MHz, 20.90 W, 27
 15:05:59 up 6 days, 22:57,  5 users,  load average: 1.01, 0.97, 0.82
2026-09-30T15:06:01-04:00
0 %, 431 MiB, 195 MHz, 405 MHz, 6.24 W, 30
0 %, 20 MiB, 210 MHz, 405 MHz, 21.94 W, 28
 15:06:01 up 6 days, 22:57,  5 users,  load average: 1.01, 0.97, 0.82
2026-09-30T15:06:03-04:00
0 %, 431 MiB, 195 MHz, 405 MHz, 6.57 W, 30
0 %, 20 MiB, 210 MHz, 405 MHz, 21.83 W, 28
 15:06:03 up 6 days, 22:57,  5 users,  load average: 1.09, 0.98, 0.83
2026-09-30T15:06:05-04:00
0 %, 431 MiB, 195 MHz, 405 MHz, 6.28 W, 30
0 %, 20 MiB, 210 MHz, 405 MHz, 20.96 W, 27
 15:06:05 up 6 days, 22:57,  5 users,  load average: 1.09, 0.98, 0.83
2026-09-30T15:06:07-04:00
0 %, 431 MiB, 195 MHz, 405 MHz, 6.35 W, 30
0 %, 20 MiB, 210 MHz, 405 MHz, 20.97 W, 27
 15:06:07 up 6 days, 22:57,  5 users,  load average: 1.08, 0.99, 0.83
2026-09-30T15:06:09-04:00
0 %, 431 MiB, 195 MHz, 405 MHz, 6.63 W, 30
0 %, 20 MiB, 210 MHz, 405 MHz, 27.46 W, 28
 15:06:09 up 6 days, 22:57,  5 users,  load average: 1.08, 0.99, 0.83
2026-09-30T15:06:11-04:00
0 %, 431 MiB, 195 MHz, 405 MHz, 6.30 W, 30
0 %, 20 MiB, 210 MHz, 405 MHz, 21.20 W, 27
 15:06:11 up 6 days, 22:57,  5 users,  load average: 1.08, 0.99, 0.83
2026-09-30T15:06:13-04:00
0 %, 431 MiB, 195 MHz, 405 MHz, 6.33 W, 30
0 %, 20 MiB, 210 MHz, 405 MHz, 20.94 W, 27
 15:06:14 up 6 days, 22:57,  5 users,  load average: 1.07, 0.99, 0.83
2026-09-30T15:06:16-04:00
0 %, 431 MiB, 195 MHz, 405 MHz, 6.30 W, 30
0 %, 20 MiB, 210 MHz, 405 MHz, 22.58 W, 28
 15:06:16 up 6 days, 22:57,  5 users,  load average: 1.07, 0.99, 0.83
2026-09-30T15:06:18-04:00
0 %, 431 MiB, 195 MHz, 405 MHz, 5.86 W, 30
0 %, 20 MiB, 210 MHz, 405 MHz, 21.96 W, 28
 15:06:18 up 6 days, 22:57,  5 users,  load average: 1.07, 0.99, 0.83
2026-09-30T15:06:20-04:00
0 %, 431 MiB, 195 MHz, 405 MHz, 6.47 W, 30
0 %, 20 MiB, 210 MHz, 405 MHz, 20.79 W, 27
 15:06:20 up 6 days, 22:57,  5 users,  load average: 1.07, 0.99, 0.83
2026-09-30T15:06:22-04:00
0 %, 431 MiB, 232 MHz, 405 MHz, 6.28 W, 30
0 %, 20 MiB, 210 MHz, 405 MHz, 20.95 W, 27
 15:06:22 up 6 days, 22:57,  5 users,  load average: 1.07, 0.99, 0.83
2026-09-30T15:06:24-04:00
0 %, 431 MiB, 232 MHz, 405 MHz, 6.30 W, 30
0 %, 20 MiB, 210 MHz, 405 MHz, 27.27 W, 28
 15:06:24 up 6 days, 22:57,  5 users,  load average: 1.06, 0.99, 0.83
2026-09-30T15:06:26-04:00
0 %, 431 MiB, 240 MHz, 405 MHz, 6.58 W, 30
0 %, 20 MiB, 210 MHz, 405 MHz, 20.97 W, 27
 15:06:26 up 6 days, 22:57,  5 users,  load average: 1.06, 0.99, 0.83
2026-09-30T15:06:28-04:00
0 %, 431 MiB, 232 MHz, 405 MHz, 6.31 W, 30
0 %, 20 MiB, 210 MHz, 405 MHz, 20.80 W, 27
 15:06:28 up 6 days, 22:57,  5 users,  load average: 1.06, 0.99, 0.83
2026-09-30T15:06:30-04:00
0 %, 431 MiB, 232 MHz, 405 MHz, 5.98 W, 30
0 %, 20 MiB, 210 MHz, 405 MHz, 23.25 W, 28
 15:06:30 up 6 days, 22:57,  5 users,  load average: 1.06, 0.99, 0.83
2026-09-30T15:06:32-04:00
0 %, 431 MiB, 232 MHz, 405 MHz, 6.25 W, 30
0 %, 20 MiB, 210 MHz, 405 MHz, 21.62 W, 28
 15:06:32 up 6 days, 22:57,  5 users,  load average: 1.05, 0.99, 0.83
2026-09-30T15:06:34-04:00
0 %, 431 MiB, 232 MHz, 405 MHz, 6.16 W, 30
0 %, 20 MiB, 210 MHz, 405 MHz, 20.88 W, 27
 15:06:34 up 6 days, 22:57,  5 users,  load average: 1.05, 0.99, 0.83
2026-09-30T15:06:36-04:00
0 %, 431 MiB, 232 MHz, 405 MHz, 6.02 W, 30
0 %, 20 MiB, 210 MHz, 405 MHz, 20.93 W, 27
 15:06:36 up 6 days, 22:57,  5 users,  load average: 1.05, 0.99, 0.83
2026-09-30T15:06:38-04:00
0 %, 449 MiB, 232 MHz, 405 MHz, 6.03 W, 30
0 %, 20 MiB, 210 MHz, 405 MHz, 27.67 W, 28
1535591, /home/ndizazzo/dev/mesh/issue1393-q4-snapshot-20260930/target/release/xtask, 498 MiB
 15:06:38 up 6 days, 22:57,  5 users,  load average: 1.05, 0.99, 0.83
2026-09-30T15:06:40-04:00
0 %, 431 MiB, 2550 MHz, 14001 MHz, 52.72 W, 31
0 %, 20 MiB, 210 MHz, 405 MHz, 28.64 W, 28
 15:06:40 up 6 days, 22:57,  5 users,  load average: 1.05, 0.99, 0.83
2026-09-30T15:06:42-04:00
0 %, 431 MiB, 442 MHz, 810 MHz, 13.44 W, 30
0 %, 20 MiB, 210 MHz, 405 MHz, 21.09 W, 27
 15:06:43 up 6 days, 22:57,  5 users,  load average: 1.04, 0.99, 0.83
2026-09-30T15:06:45-04:00
0 %, 431 MiB, 232 MHz, 405 MHz, 6.79 W, 30
0 %, 20 MiB, 210 MHz, 405 MHz, 25.62 W, 28
 15:06:45 up 6 days, 22:57,  5 users,  load average: 1.04, 0.99, 0.83
2026-09-30T15:06:47-04:00
0 %, 431 MiB, 232 MHz, 405 MHz, 6.44 W, 30
0 %, 20 MiB, 210 MHz, 405 MHz, 21.87 W, 28
 15:06:47 up 6 days, 22:57,  5 users,  load average: 1.04, 0.99, 0.83
2026-09-30T15:06:49-04:00
0 %, 431 MiB, 232 MHz, 405 MHz, 6.14 W, 30
0 %, 20 MiB, 210 MHz, 405 MHz, 20.88 W, 27
 15:06:49 up 6 days, 22:57,  5 users,  load average: 1.04, 0.99, 0.83
2026-09-30T15:06:51-04:00
0 %, 431 MiB, 232 MHz, 405 MHz, 6.25 W, 30
0 %, 20 MiB, 210 MHz, 405 MHz, 20.94 W, 27
 15:06:51 up 6 days, 22:57,  5 users,  load average: 1.04, 0.99, 0.83
2026-09-30T15:06:53-04:00
0 %, 431 MiB, 232 MHz, 405 MHz, 6.16 W, 30
0 %, 20 MiB, 210 MHz, 405 MHz, 27.37 W, 28
 15:06:53 up 6 days, 22:57,  5 users,  load average: 1.04, 0.99, 0.84
2026-09-30T15:06:55-04:00
0 %, 431 MiB, 232 MHz, 405 MHz, 6.30 W, 30
0 %, 20 MiB, 210 MHz, 405 MHz, 20.81 W, 27
 15:06:55 up 6 days, 22:57,  5 users,  load average: 1.04, 0.99, 0.84
2026-09-30T15:06:57-04:00
0 %, 431 MiB, 232 MHz, 405 MHz, 5.90 W, 30
0 %, 20 MiB, 210 MHz, 405 MHz, 20.86 W, 27
 15:06:57 up 6 days, 22:58,  5 users,  load average: 1.03, 0.99, 0.84
2026-09-30T15:06:59-04:00
0 %, 431 MiB, 232 MHz, 405 MHz, 6.34 W, 30
0 %, 20 MiB, 210 MHz, 405 MHz, 24.04 W, 28
 15:06:59 up 6 days, 22:58,  5 users,  load average: 1.03, 0.99, 0.84
2026-09-30T15:07:01-04:00
0 %, 431 MiB, 232 MHz, 405 MHz, 6.15 W, 30
0 %, 20 MiB, 210 MHz, 405 MHz, 22.23 W, 28
 15:07:01 up 6 days, 22:58,  5 users,  load average: 1.03, 0.99, 0.84
2026-09-30T15:07:03-04:00
0 %, 431 MiB, 232 MHz, 405 MHz, 5.80 W, 30
0 %, 20 MiB, 210 MHz, 405 MHz, 20.98 W, 27
 15:07:03 up 6 days, 22:58,  5 users,  load average: 1.03, 0.99, 0.84
2026-09-30T15:07:05-04:00
0 %, 431 MiB, 255 MHz, 405 MHz, 6.24 W, 30
0 %, 20 MiB, 210 MHz, 405 MHz, 20.99 W, 27
 15:07:05 up 6 days, 22:58,  5 users,  load average: 1.03, 0.99, 0.84
2026-09-30T15:07:07-04:00
0 %, 431 MiB, 232 MHz, 405 MHz, 6.20 W, 30
0 %, 20 MiB, 210 MHz, 405 MHz, 27.17 W, 28
 15:07:07 up 6 days, 22:58,  5 users,  load average: 1.03, 0.99, 0.84
2026-09-30T15:07:09-04:00
0 %, 431 MiB, 232 MHz, 405 MHz, 6.15 W, 30
0 %, 20 MiB, 210 MHz, 405 MHz, 20.85 W, 27
 15:07:10 up 6 days, 22:58,  5 users,  load average: 1.03, 0.99, 0.84
2026-09-30T15:07:12-04:00
0 %, 431 MiB, 232 MHz, 405 MHz, 5.88 W, 30
0 %, 20 MiB, 210 MHz, 405 MHz, 20.91 W, 27
 15:07:12 up 6 days, 22:58,  5 users,  load average: 1.03, 0.99, 0.84
2026-09-30T15:07:14-04:00
0 %, 431 MiB, 232 MHz, 405 MHz, 6.39 W, 30
0 %, 20 MiB, 210 MHz, 405 MHz, 27.28 W, 28
 15:07:14 up 6 days, 22:58,  5 users,  load average: 1.02, 0.99, 0.84
2026-09-30T15:07:16-04:00
0 %, 431 MiB, 232 MHz, 405 MHz, 6.19 W, 30
0 %, 20 MiB, 210 MHz, 405 MHz, 20.84 W, 27
 15:07:16 up 6 days, 22:58,  5 users,  load average: 1.02, 0.99, 0.84
2026-09-30T15:07:18-04:00
0 %, 431 MiB, 232 MHz, 405 MHz, 6.32 W, 30
0 %, 20 MiB, 210 MHz, 405 MHz, 20.69 W, 27
 15:07:18 up 6 days, 22:58,  5 users,  load average: 1.02, 0.99, 0.84
2026-09-30T15:07:20-04:00
0 %, 431 MiB, 255 MHz, 405 MHz, 6.54 W, 30
0 %, 20 MiB, 210 MHz, 405 MHz, 20.80 W, 27
 15:07:20 up 6 days, 22:58,  5 users,  load average: 1.02, 0.99, 0.84
2026-09-30T15:07:22-04:00
0 %, 431 MiB, 232 MHz, 405 MHz, 6.66 W, 30
0 %, 20 MiB, 210 MHz, 405 MHz, 27.42 W, 28
 15:07:22 up 6 days, 22:58,  5 users,  load average: 1.10, 1.01, 0.85
2026-09-30T15:07:24-04:00
0 %, 431 MiB, 232 MHz, 405 MHz, 5.75 W, 30
0 %, 20 MiB, 210 MHz, 405 MHz, 20.73 W, 27
 15:07:24 up 6 days, 22:58,  5 users,  load average: 1.10, 1.01, 0.85
2026-09-30T15:07:26-04:00
0 %, 431 MiB, 232 MHz, 405 MHz, 5.77 W, 30
0 %, 20 MiB, 210 MHz, 405 MHz, 20.89 W, 27
 15:07:26 up 6 days, 22:58,  5 users,  load average: 1.10, 1.01, 0.85
2026-09-30T15:07:28-04:00
0 %, 431 MiB, 232 MHz, 405 MHz, 5.50 W, 30
0 %, 20 MiB, 210 MHz, 405 MHz, 27.03 W, 28
 15:07:28 up 6 days, 22:58,  5 users,  load average: 1.09, 1.01, 0.85
2026-09-30T15:07:30-04:00
0 %, 431 MiB, 232 MHz, 405 MHz, 6.02 W, 30
0 %, 20 MiB, 210 MHz, 405 MHz, 21.02 W, 27
 15:07:30 up 6 days, 22:58,  5 users,  load average: 1.09, 1.01, 0.85
2026-09-30T15:07:32-04:00
0 %, 431 MiB, 232 MHz, 405 MHz, 5.99 W, 30
0 %, 20 MiB, 210 MHz, 405 MHz, 20.80 W, 27
 15:07:32 up 6 days, 22:58,  5 users,  load average: 1.08, 1.01, 0.85
2026-09-30T15:07:34-04:00
0 %, 431 MiB, 2550 MHz, 14001 MHz, 53.50 W, 31
0 %, 20 MiB, 210 MHz, 405 MHz, 28.50 W, 28
 15:07:34 up 6 days, 22:58,  5 users,  load average: 1.08, 1.01, 0.85
2026-09-30T15:07:36-04:00
0 %, 431 MiB, 457 MHz, 810 MHz, 13.40 W, 30
0 %, 20 MiB, 210 MHz, 405 MHz, 21.71 W, 28
 15:07:36 up 6 days, 22:58,  5 users,  load average: 1.08, 1.01, 0.85
2026-09-30T15:07:38-04:00
0 %, 431 MiB, 232 MHz, 405 MHz, 6.25 W, 30
0 %, 20 MiB, 210 MHz, 405 MHz, 20.84 W, 27
 15:07:39 up 6 days, 22:58,  5 users,  load average: 1.08, 1.01, 0.85
2026-09-30T15:07:41-04:00
0 %, 431 MiB, 232 MHz, 405 MHz, 6.18 W, 30
0 %, 20 MiB, 210 MHz, 405 MHz, 20.82 W, 27
 15:07:41 up 6 days, 22:58,  5 users,  load average: 1.08, 1.01, 0.85
2026-09-30T15:07:43-04:00
0 %, 431 MiB, 232 MHz, 405 MHz, 5.97 W, 30
0 %, 20 MiB, 210 MHz, 405 MHz, 27.45 W, 28
 15:07:43 up 6 days, 22:58,  5 users,  load average: 1.07, 1.01, 0.85
2026-09-30T15:07:45-04:00
0 %, 431 MiB, 232 MHz, 405 MHz, 5.92 W, 30
0 %, 20 MiB, 210 MHz, 405 MHz, 20.79 W, 27
 15:07:45 up 6 days, 22:58,  5 users,  load average: 1.07, 1.01, 0.85
2026-09-30T15:07:47-04:00
0 %, 431 MiB, 232 MHz, 405 MHz, 6.00 W, 30
0 %, 20 MiB, 210 MHz, 405 MHz, 20.73 W, 27
 15:07:47 up 6 days, 22:58,  5 users,  load average: 1.07, 1.01, 0.85
2026-09-30T15:07:49-04:00
0 %, 431 MiB, 232 MHz, 405 MHz, 5.89 W, 30
0 %, 20 MiB, 210 MHz, 405 MHz, 21.50 W, 28
 15:07:49 up 6 days, 22:58,  5 users,  load average: 1.07, 1.01, 0.85
2026-09-30T15:07:51-04:00
0 %, 431 MiB, 232 MHz, 405 MHz, 5.71 W, 30
0 %, 20 MiB, 210 MHz, 405 MHz, 21.96 W, 28
 15:07:51 up 6 days, 22:58,  5 users,  load average: 1.07, 1.01, 0.85
2026-09-30T15:07:53-04:00
0 %, 431 MiB, 232 MHz, 405 MHz, 6.13 W, 30
0 %, 20 MiB, 210 MHz, 405 MHz, 20.78 W, 27
 15:07:53 up 6 days, 22:58,  5 users,  load average: 1.06, 1.01, 0.85
2026-09-30T15:07:55-04:00
0 %, 431 MiB, 232 MHz, 405 MHz, 6.50 W, 30
0 %, 20 MiB, 210 MHz, 405 MHz, 20.93 W, 27
 15:07:55 up 6 days, 22:58,  5 users,  load average: 1.06, 1.01, 0.85
2026-09-30T15:07:57-04:00
0 %, 431 MiB, 232 MHz, 405 MHz, 6.39 W, 30
0 %, 20 MiB, 210 MHz, 405 MHz, 27.08 W, 28
 15:07:57 up 6 days, 22:59,  5 users,  load average: 1.06, 1.01, 0.85
2026-09-30T15:07:59-04:00
0 %, 431 MiB, 232 MHz, 405 MHz, 6.51 W, 30
0 %, 20 MiB, 210 MHz, 405 MHz, 20.98 W, 27
 15:07:59 up 6 days, 22:59,  5 users,  load average: 1.06, 1.01, 0.85
2026-09-30T15:08:01-04:00
0 %, 431 MiB, 232 MHz, 405 MHz, 6.72 W, 30
0 %, 20 MiB, 210 MHz, 405 MHz, 20.71 W, 27
 15:08:01 up 6 days, 22:59,  5 users,  load average: 1.06, 1.01, 0.85
2026-09-30T15:08:03-04:00
0 %, 431 MiB, 232 MHz, 405 MHz, 6.07 W, 30
0 %, 20 MiB, 210 MHz, 405 MHz, 22.33 W, 28
 15:08:03 up 6 days, 22:59,  5 users,  load average: 1.05, 1.01, 0.85
2026-09-30T15:08:05-04:00
0 %, 431 MiB, 232 MHz, 405 MHz, 6.04 W, 30
0 %, 20 MiB, 210 MHz, 405 MHz, 21.52 W, 28
 15:08:05 up 6 days, 22:59,  5 users,  load average: 1.05, 1.01, 0.85
2026-09-30T15:08:07-04:00
0 %, 431 MiB, 232 MHz, 405 MHz, 5.79 W, 30
0 %, 20 MiB, 210 MHz, 405 MHz, 20.70 W, 27
 15:08:08 up 6 days, 22:59,  5 users,  load average: 1.05, 1.00, 0.86
2026-09-30T15:08:10-04:00
0 %, 431 MiB, 232 MHz, 405 MHz, 6.41 W, 30
0 %, 20 MiB, 210 MHz, 405 MHz, 20.70 W, 27
 15:08:10 up 6 days, 22:59,  5 users,  load average: 1.05, 1.00, 0.86
2026-09-30T15:08:12-04:00
0 %, 431 MiB, 232 MHz, 405 MHz, 6.64 W, 30
0 %, 20 MiB, 210 MHz, 405 MHz, 27.28 W, 28
 15:08:12 up 6 days, 22:59,  5 users,  load average: 1.05, 1.00, 0.86
2026-09-30T15:08:14-04:00
0 %, 431 MiB, 232 MHz, 405 MHz, 6.17 W, 30
0 %, 20 MiB, 210 MHz, 405 MHz, 20.98 W, 27
 15:08:14 up 6 days, 22:59,  5 users,  load average: 1.04, 1.00, 0.86
2026-09-30T15:08:16-04:00
0 %, 431 MiB, 232 MHz, 405 MHz, 5.99 W, 30
0 %, 20 MiB, 210 MHz, 405 MHz, 20.70 W, 27
 15:08:16 up 6 days, 22:59,  5 users,  load average: 1.04, 1.00, 0.86
2026-09-30T15:08:18-04:00
0 %, 431 MiB, 232 MHz, 405 MHz, 6.42 W, 30
0 %, 20 MiB, 210 MHz, 405 MHz, 22.74 W, 28
 15:08:18 up 6 days, 22:59,  5 users,  load average: 1.04, 1.00, 0.86
2026-09-30T15:08:20-04:00
0 %, 431 MiB, 232 MHz, 405 MHz, 6.21 W, 30
0 %, 20 MiB, 210 MHz, 405 MHz, 21.79 W, 28
 15:08:20 up 6 days, 22:59,  5 users,  load average: 1.04, 1.00, 0.86
2026-09-30T15:08:22-04:00
0 %, 431 MiB, 232 MHz, 405 MHz, 6.36 W, 30
0 %, 20 MiB, 210 MHz, 405 MHz, 20.63 W, 27
 15:08:22 up 6 days, 22:59,  5 users,  load average: 1.04, 1.00, 0.86
2026-09-30T15:08:24-04:00
0 %, 431 MiB, 232 MHz, 405 MHz, 6.65 W, 30
0 %, 20 MiB, 210 MHz, 405 MHz, 20.60 W, 27
 15:08:24 up 6 days, 22:59,  5 users,  load average: 1.04, 1.00, 0.86
2026-09-30T15:08:26-04:00
0 %, 431 MiB, 232 MHz, 405 MHz, 6.68 W, 30
0 %, 20 MiB, 210 MHz, 405 MHz, 27.22 W, 28
 15:08:26 up 6 days, 22:59,  5 users,  load average: 1.04, 1.00, 0.86
2026-09-30T15:08:28-04:00
0 %, 1709 MiB, 2550 MHz, 13801 MHz, 56.60 W, 31
0 %, 20 MiB, 210 MHz, 405 MHz, 25.09 W, 28
1535591, /home/ndizazzo/dev/mesh/issue1393-q4-snapshot-20260930/target/release/xtask, 1272 MiB
 15:08:28 up 6 days, 22:59,  5 users,  load average: 1.03, 1.00, 0.86
2026-09-30T15:08:30-04:00
0 %, 431 MiB, 2550 MHz, 14001 MHz, 52.47 W, 31
0 %, 20 MiB, 210 MHz, 405 MHz, 25.86 W, 28
 15:08:30 up 6 days, 22:59,  5 users,  load average: 1.03, 1.00, 0.86
2026-09-30T15:08:32-04:00
0 %, 431 MiB, 390 MHz, 810 MHz, 13.59 W, 30
0 %, 20 MiB, 210 MHz, 405 MHz, 23.65 W, 28
 15:08:32 up 6 days, 22:59,  5 users,  load average: 1.03, 1.00, 0.86
2026-09-30T15:08:34-04:00
0 %, 431 MiB, 232 MHz, 405 MHz, 6.83 W, 30
0 %, 20 MiB, 210 MHz, 405 MHz, 22.12 W, 28
 15:08:34 up 6 days, 22:59,  5 users,  load average: 1.03, 1.00, 0.86
2026-09-30T15:08:36-04:00
0 %, 431 MiB, 232 MHz, 405 MHz, 6.08 W, 30
0 %, 20 MiB, 210 MHz, 405 MHz, 20.80 W, 27
 15:08:36 up 6 days, 22:59,  5 users,  load average: 1.03, 1.00, 0.86
2026-09-30T15:08:39-04:00
0 %, 431 MiB, 232 MHz, 405 MHz, 6.03 W, 30
0 %, 20 MiB, 210 MHz, 405 MHz, 20.93 W, 27
 15:08:39 up 6 days, 22:59,  5 users,  load average: 1.03, 1.00, 0.86
2026-09-30T15:08:41-04:00
0 %, 431 MiB, 232 MHz, 405 MHz, 6.05 W, 30
0 %, 20 MiB, 210 MHz, 405 MHz, 21.98 W, 28
 15:08:41 up 6 days, 22:59,  5 users,  load average: 1.03, 1.00, 0.86
2026-09-30T15:08:43-04:00
0 %, 431 MiB, 232 MHz, 405 MHz, 5.83 W, 30
0 %, 20 MiB, 210 MHz, 405 MHz, 20.78 W, 27
 15:08:43 up 6 days, 22:59,  5 users,  load average: 1.02, 1.00, 0.86
2026-09-30T15:08:45-04:00
0 %, 431 MiB, 232 MHz, 405 MHz, 6.39 W, 30
0 %, 20 MiB, 210 MHz, 405 MHz, 20.93 W, 27
 15:08:45 up 6 days, 22:59,  5 users,  load average: 1.02, 1.00, 0.86
2026-09-30T15:08:47-04:00
0 %, 431 MiB, 232 MHz, 405 MHz, 6.43 W, 30
0 %, 20 MiB, 210 MHz, 405 MHz, 27.09 W, 28
 15:08:47 up 6 days, 22:59,  5 users,  load average: 1.02, 1.00, 0.86
2026-09-30T15:08:49-04:00
0 %, 431 MiB, 232 MHz, 405 MHz, 6.07 W, 30
0 %, 20 MiB, 210 MHz, 405 MHz, 21.76 W, 28
 15:08:49 up 6 days, 22:59,  5 users,  load average: 1.02, 1.00, 0.86
2026-09-30T15:08:51-04:00
0 %, 431 MiB, 232 MHz, 405 MHz, 6.00 W, 30
0 %, 20 MiB, 210 MHz, 405 MHz, 20.70 W, 27
 15:08:51 up 6 days, 22:59,  5 users,  load average: 1.02, 1.00, 0.86
2026-09-30T15:08:53-04:00
0 %, 431 MiB, 255 MHz, 405 MHz, 6.60 W, 30
0 %, 20 MiB, 210 MHz, 405 MHz, 21.89 W, 28
 15:08:53 up 6 days, 22:59,  5 users,  load average: 1.02, 1.00, 0.86
2026-09-30T15:08:55-04:00
0 %, 431 MiB, 232 MHz, 405 MHz, 5.84 W, 30
0 %, 20 MiB, 210 MHz, 405 MHz, 21.49 W, 28
 15:08:55 up 6 days, 22:59,  5 users,  load average: 1.02, 1.00, 0.86
2026-09-30T15:08:57-04:00
0 %, 431 MiB, 232 MHz, 405 MHz, 6.27 W, 30
0 %, 20 MiB, 210 MHz, 405 MHz, 20.79 W, 27
 15:08:57 up 6 days, 23:00,  5 users,  load average: 1.02, 1.00, 0.87
2026-09-30T15:08:59-04:00
0 %, 431 MiB, 232 MHz, 405 MHz, 6.63 W, 30
0 %, 20 MiB, 210 MHz, 405 MHz, 20.86 W, 27
 15:08:59 up 6 days, 23:00,  5 users,  load average: 1.02, 1.00, 0.87
2026-09-30T15:09:01-04:00
0 %, 431 MiB, 232 MHz, 405 MHz, 6.38 W, 30
0 %, 20 MiB, 210 MHz, 405 MHz, 27.59 W, 28
 15:09:01 up 6 days, 23:00,  5 users,  load average: 1.02, 1.00, 0.87
2026-09-30T15:09:03-04:00
0 %, 431 MiB, 232 MHz, 405 MHz, 6.20 W, 30
0 %, 20 MiB, 210 MHz, 405 MHz, 21.16 W, 27
 15:09:03 up 6 days, 23:00,  5 users,  load average: 1.02, 1.00, 0.87
2026-09-30T15:09:05-04:00
0 %, 431 MiB, 232 MHz, 405 MHz, 6.44 W, 30
0 %, 20 MiB, 210 MHz, 405 MHz, 20.82 W, 27
 15:09:05 up 6 days, 23:00,  5 users,  load average: 1.02, 1.00, 0.87
2026-09-30T15:09:08-04:00
0 %, 431 MiB, 247 MHz, 405 MHz, 6.30 W, 30
0 %, 20 MiB, 210 MHz, 405 MHz, 22.64 W, 28
 15:09:08 up 6 days, 23:00,  5 users,  load average: 1.02, 1.00, 0.87
2026-09-30T15:09:10-04:00
0 %, 431 MiB, 232 MHz, 405 MHz, 6.37 W, 30
0 %, 20 MiB, 210 MHz, 405 MHz, 21.94 W, 28
 15:09:10 up 6 days, 23:00,  5 users,  load average: 1.02, 1.00, 0.87
2026-09-30T15:09:12-04:00
0 %, 431 MiB, 232 MHz, 405 MHz, 6.11 W, 30
0 %, 20 MiB, 210 MHz, 405 MHz, 20.82 W, 27
 15:09:12 up 6 days, 23:00,  5 users,  load average: 1.02, 1.00, 0.87
2026-09-30T15:09:14-04:00
0 %, 431 MiB, 232 MHz, 405 MHz, 5.98 W, 30
0 %, 20 MiB, 210 MHz, 405 MHz, 20.93 W, 27
 15:09:14 up 6 days, 23:00,  5 users,  load average: 1.01, 1.00, 0.87
2026-09-30T15:09:16-04:00
0 %, 431 MiB, 232 MHz, 405 MHz, 6.07 W, 30
0 %, 20 MiB, 210 MHz, 405 MHz, 27.38 W, 28
 15:09:16 up 6 days, 23:00,  5 users,  load average: 1.01, 1.00, 0.87
2026-09-30T15:09:18-04:00
0 %, 431 MiB, 232 MHz, 405 MHz, 6.33 W, 30
0 %, 20 MiB, 210 MHz, 405 MHz, 20.86 W, 27
 15:09:18 up 6 days, 23:00,  5 users,  load average: 1.01, 1.00, 0.87
2026-09-30T15:09:20-04:00
0 %, 431 MiB, 232 MHz, 405 MHz, 5.98 W, 30
0 %, 20 MiB, 210 MHz, 405 MHz, 20.80 W, 27
 15:09:20 up 6 days, 23:00,  5 users,  load average: 1.01, 1.00, 0.87
2026-09-30T15:09:22-04:00
0 %, 431 MiB, 232 MHz, 405 MHz, 5.77 W, 30
0 %, 20 MiB, 210 MHz, 405 MHz, 23.25 W, 28
 15:09:22 up 6 days, 23:00,  5 users,  load average: 1.01, 1.00, 0.87
2026-09-30T15:09:24-04:00
0 %, 1709 MiB, 2550 MHz, 13801 MHz, 61.19 W, 31
0 %, 20 MiB, 210 MHz, 405 MHz, 28.59 W, 28
1535591, /home/ndizazzo/dev/mesh/issue1393-q4-snapshot-20260930/target/release/xtask, 1272 MiB
 15:09:24 up 6 days, 23:00,  5 users,  load average: 1.01, 1.00, 0.87
2026-09-30T15:09:26-04:00
0 %, 429 MiB, 2550 MHz, 14001 MHz, 52.74 W, 31
0 %, 17 MiB, 210 MHz, 405 MHz, 28.66 W, 28
 15:09:26 up 6 days, 23:00,  5 users,  load average: 1.01, 1.00, 0.87
2026-09-30T15:09:28-04:00
0 %, 429 MiB, 255 MHz, 405 MHz, 7.13 W, 30
0 %, 17 MiB, 210 MHz, 405 MHz, 20.89 W, 28
 15:09:28 up 6 days, 23:00,  5 users,  load average: 1.01, 1.00, 0.87
2026-09-30T15:09:30-04:00
0 %, 429 MiB, 232 MHz, 405 MHz, 6.02 W, 30
0 %, 17 MiB, 210 MHz, 405 MHz, 24.95 W, 28
 15:09:30 up 6 days, 23:00,  5 users,  load average: 1.01, 1.00, 0.87
2026-09-30T15:09:32-04:00
0 %, 429 MiB, 232 MHz, 405 MHz, 5.94 W, 30
0 %, 17 MiB, 210 MHz, 405 MHz, 21.08 W, 27
 15:09:32 up 6 days, 23:00,  5 users,  load average: 1.01, 1.00, 0.87
2026-09-30T15:09:34-04:00
0 %, 429 MiB, 232 MHz, 405 MHz, 6.00 W, 30
0 %, 17 MiB, 210 MHz, 405 MHz, 20.79 W, 27
 15:09:34 up 6 days, 23:00,  5 users,  load average: 1.01, 1.00, 0.87
2026-09-30T15:09:36-04:00
0 %, 429 MiB, 232 MHz, 405 MHz, 5.87 W, 30
0 %, 17 MiB, 210 MHz, 405 MHz, 23.72 W, 28
 15:09:37 up 6 days, 23:00,  5 users,  load average: 1.01, 1.00, 0.87
2026-09-30T15:09:39-04:00
0 %, 429 MiB, 232 MHz, 405 MHz, 6.11 W, 30
0 %, 17 MiB, 210 MHz, 405 MHz, 21.90 W, 28
 15:09:39 up 6 days, 23:00,  5 users,  load average: 1.01, 1.00, 0.87
2026-09-30T15:09:41-04:00
0 %, 429 MiB, 232 MHz, 405 MHz, 6.24 W, 30
0 %, 17 MiB, 210 MHz, 405 MHz, 20.98 W, 27
 15:09:41 up 6 days, 23:00,  5 users,  load average: 1.01, 1.00, 0.87
2026-09-30T15:09:43-04:00
0 %, 429 MiB, 232 MHz, 405 MHz, 5.82 W, 30
0 %, 17 MiB, 210 MHz, 405 MHz, 21.01 W, 27
 15:09:43 up 6 days, 23:00,  5 users,  load average: 1.01, 1.00, 0.87
2026-09-30T15:09:45-04:00
0 %, 429 MiB, 232 MHz, 405 MHz, 6.01 W, 30
0 %, 17 MiB, 210 MHz, 405 MHz, 27.61 W, 28
 15:09:45 up 6 days, 23:00,  5 users,  load average: 1.01, 1.00, 0.87
2026-09-30T15:09:47-04:00
0 %, 429 MiB, 232 MHz, 405 MHz, 6.32 W, 30
0 %, 17 MiB, 210 MHz, 405 MHz, 20.98 W, 27
 15:09:47 up 6 days, 23:00,  5 users,  load average: 1.01, 1.00, 0.87
2026-09-30T15:09:49-04:00
0 %, 429 MiB, 232 MHz, 405 MHz, 5.83 W, 30
0 %, 17 MiB, 210 MHz, 405 MHz, 20.89 W, 27
 15:09:49 up 6 days, 23:00,  5 users,  load average: 1.09, 1.02, 0.88
2026-09-30T15:09:51-04:00
0 %, 429 MiB, 232 MHz, 405 MHz, 5.98 W, 30
0 %, 17 MiB, 210 MHz, 405 MHz, 24.12 W, 28
 15:09:51 up 6 days, 23:00,  5 users,  load average: 1.09, 1.02, 0.88
2026-09-30T15:09:53-04:00
0 %, 429 MiB, 232 MHz, 405 MHz, 6.10 W, 30
0 %, 17 MiB, 210 MHz, 405 MHz, 22.04 W, 28
 15:09:53 up 6 days, 23:00,  5 users,  load average: 1.08, 1.02, 0.88
2026-09-30T15:09:55-04:00
0 %, 429 MiB, 232 MHz, 405 MHz, 5.84 W, 30
0 %, 17 MiB, 210 MHz, 405 MHz, 20.88 W, 27
 15:09:55 up 6 days, 23:00,  5 users,  load average: 1.08, 1.02, 0.88
2026-09-30T15:09:57-04:00
0 %, 429 MiB, 247 MHz, 405 MHz, 6.03 W, 30
0 %, 17 MiB, 210 MHz, 405 MHz, 20.96 W, 27
 15:09:57 up 6 days, 23:01,  5 users,  load average: 1.07, 1.02, 0.88
2026-09-30T15:09:59-04:00
0 %, 429 MiB, 232 MHz, 405 MHz, 6.38 W, 30
0 %, 17 MiB, 210 MHz, 405 MHz, 27.18 W, 28
 15:09:59 up 6 days, 23:01,  5 users,  load average: 1.07, 1.02, 0.88
2026-09-30T15:10:01-04:00
0 %, 429 MiB, 225 MHz, 405 MHz, 5.61 W, 30
0 %, 17 MiB, 210 MHz, 405 MHz, 20.88 W, 28
 15:10:01 up 6 days, 23:01,  5 users,  load average: 1.07, 1.02, 0.88
2026-09-30T15:10:03-04:00
0 %, 429 MiB, 232 MHz, 405 MHz, 5.83 W, 30
0 %, 17 MiB, 210 MHz, 405 MHz, 20.71 W, 27
 15:10:03 up 6 days, 23:01,  5 users,  load average: 1.07, 1.02, 0.88
2026-09-30T15:10:05-04:00
0 %, 429 MiB, 232 MHz, 405 MHz, 6.07 W, 30
0 %, 17 MiB, 210 MHz, 405 MHz, 27.41 W, 28
 15:10:06 up 6 days, 23:01,  5 users,  load average: 1.07, 1.02, 0.88
2026-09-30T15:10:08-04:00
0 %, 429 MiB, 232 MHz, 405 MHz, 5.78 W, 30
0 %, 17 MiB, 210 MHz, 405 MHz, 20.85 W, 27
 15:10:08 up 6 days, 23:01,  5 users,  load average: 1.06, 1.01, 0.88
2026-09-30T15:10:10-04:00
0 %, 429 MiB, 232 MHz, 405 MHz, 5.93 W, 30
0 %, 17 MiB, 210 MHz, 405 MHz, 20.67 W, 27
 15:10:10 up 6 days, 23:01,  5 users,  load average: 1.06, 1.01, 0.88
2026-09-30T15:10:12-04:00
0 %, 429 MiB, 240 MHz, 405 MHz, 6.29 W, 30
0 %, 17 MiB, 210 MHz, 405 MHz, 20.68 W, 27
 15:10:12 up 6 days, 23:01,  5 users,  load average: 1.06, 1.01, 0.88
2026-09-30T15:10:14-04:00
0 %, 429 MiB, 232 MHz, 405 MHz, 5.76 W, 30
0 %, 17 MiB, 210 MHz, 405 MHz, 27.50 W, 28
 15:10:14 up 6 days, 23:01,  5 users,  load average: 1.06, 1.01, 0.89
2026-09-30T15:10:16-04:00
0 %, 429 MiB, 232 MHz, 405 MHz, 5.78 W, 30
0 %, 17 MiB, 210 MHz, 405 MHz, 21.03 W, 28
 15:10:16 up 6 days, 23:01,  5 users,  load average: 1.06, 1.01, 0.89
2026-09-30T15:10:18-04:00
0 %, 429 MiB, 232 MHz, 405 MHz, 6.11 W, 30
0 %, 17 MiB, 210 MHz, 405 MHz, 20.72 W, 27
 15:10:18 up 6 days, 23:01,  5 users,  load average: 1.05, 1.01, 0.89
2026-09-30T15:10:20-04:00
11 %, 463 MiB, 2565 MHz, 14001 MHz, 67.05 W, 31
0 %, 20 MiB, 210 MHz, 405 MHz, 28.52 W, 28
 15:10:20 up 6 days, 23:01,  5 users,  load average: 1.05, 1.01, 0.89
2026-09-30T15:10:22-04:00
0 %, 463 MiB, 570 MHz, 7001 MHz, 32.43 W, 30
0 %, 20 MiB, 210 MHz, 405 MHz, 22.07 W, 28
 15:10:22 up 6 days, 23:01,  5 users,  load average: 1.05, 1.01, 0.89
2026-09-30T15:10:24-04:00
0 %, 463 MiB, 232 MHz, 405 MHz, 9.00 W, 30
0 %, 20 MiB, 210 MHz, 405 MHz, 20.79 W, 27
 15:10:24 up 6 days, 23:01,  5 users,  load average: 1.05, 1.01, 0.89
2026-09-30T15:10:26-04:00
0 %, 463 MiB, 232 MHz, 405 MHz, 6.19 W, 30
0 %, 20 MiB, 210 MHz, 405 MHz, 20.82 W, 28
 15:10:26 up 6 days, 23:01,  5 users,  load average: 1.05, 1.01, 0.89
2026-09-30T15:10:28-04:00
0 %, 463 MiB, 232 MHz, 405 MHz, 5.54 W, 30
0 %, 20 MiB, 210 MHz, 405 MHz, 21.58 W, 28
 15:10:28 up 6 days, 23:01,  5 users,  load average: 1.04, 1.01, 0.89
2026-09-30T15:10:30-04:00
0 %, 463 MiB, 232 MHz, 405 MHz, 5.97 W, 30
0 %, 20 MiB, 210 MHz, 405 MHz, 20.74 W, 27
 15:10:30 up 6 days, 23:01,  5 users,  load average: 1.04, 1.01, 0.89
2026-09-30T15:10:32-04:00
0 %, 463 MiB, 232 MHz, 405 MHz, 5.98 W, 30
0 %, 20 MiB, 210 MHz, 405 MHz, 20.80 W, 27
 15:10:32 up 6 days, 23:01,  5 users,  load average: 1.04, 1.01, 0.89
2026-09-30T15:10:34-04:00
0 %, 463 MiB, 232 MHz, 405 MHz, 5.69 W, 30
0 %, 20 MiB, 210 MHz, 405 MHz, 27.46 W, 28
 15:10:35 up 6 days, 23:01,  5 users,  load average: 1.04, 1.01, 0.89
2026-09-30T15:10:37-04:00
0 %, 463 MiB, 232 MHz, 405 MHz, 6.16 W, 30
0 %, 20 MiB, 210 MHz, 405 MHz, 21.19 W, 27
 15:10:37 up 6 days, 23:01,  5 users,  load average: 1.04, 1.01, 0.89
2026-09-30T15:10:39-04:00
0 %, 463 MiB, 232 MHz, 405 MHz, 6.08 W, 30
0 %, 20 MiB, 210 MHz, 405 MHz, 20.83 W, 27
 15:10:39 up 6 days, 23:01,  5 users,  load average: 1.04, 1.01, 0.89
2026-09-30T15:10:41-04:00
0 %, 463 MiB, 240 MHz, 405 MHz, 5.75 W, 30
0 %, 20 MiB, 210 MHz, 405 MHz, 21.75 W, 28
 15:10:41 up 6 days, 23:01,  5 users,  load average: 1.04, 1.01, 0.89
2026-09-30T15:10:43-04:00
0 %, 463 MiB, 232 MHz, 405 MHz, 5.70 W, 30
0 %, 20 MiB, 210 MHz, 405 MHz, 22.05 W, 28
 15:10:43 up 6 days, 23:01,  5 users,  load average: 1.03, 1.01, 0.89
2026-09-30T15:10:45-04:00
0 %, 463 MiB, 232 MHz, 405 MHz, 5.76 W, 30
0 %, 20 MiB, 210 MHz, 405 MHz, 20.90 W, 28
 15:10:45 up 6 days, 23:01,  5 users,  load average: 1.03, 1.01, 0.89
2026-09-30T15:10:47-04:00
0 %, 463 MiB, 232 MHz, 405 MHz, 5.86 W, 30
0 %, 20 MiB, 210 MHz, 405 MHz, 20.89 W, 27
 15:10:47 up 6 days, 23:01,  5 users,  load average: 1.11, 1.03, 0.90
2026-09-30T15:10:49-04:00
0 %, 463 MiB, 232 MHz, 405 MHz, 5.99 W, 30
0 %, 20 MiB, 210 MHz, 405 MHz, 27.26 W, 28
 15:10:49 up 6 days, 23:01,  5 users,  load average: 1.11, 1.03, 0.90
2026-09-30T15:10:51-04:00
0 %, 463 MiB, 232 MHz, 405 MHz, 6.26 W, 30
0 %, 20 MiB, 210 MHz, 405 MHz, 21.00 W, 27
 15:10:51 up 6 days, 23:01,  5 users,  load average: 1.11, 1.03, 0.90
2026-09-30T15:10:53-04:00
0 %, 463 MiB, 232 MHz, 405 MHz, 6.15 W, 30
0 %, 20 MiB, 210 MHz, 405 MHz, 20.75 W, 27
 15:10:53 up 6 days, 23:01,  5 users,  load average: 1.10, 1.03, 0.90
2026-09-30T15:10:55-04:00
0 %, 463 MiB, 255 MHz, 405 MHz, 6.03 W, 30
0 %, 20 MiB, 210 MHz, 405 MHz, 22.33 W, 28
 15:10:55 up 6 days, 23:01,  5 users,  load average: 1.10, 1.03, 0.90
2026-09-30T15:10:57-04:00
0 %, 463 MiB, 232 MHz, 405 MHz, 6.13 W, 30
0 %, 20 MiB, 210 MHz, 405 MHz, 21.45 W, 28
 15:10:57 up 6 days, 23:02,  5 users,  load average: 1.09, 1.03, 0.90
2026-09-30T15:10:59-04:00
0 %, 463 MiB, 232 MHz, 405 MHz, 5.69 W, 30
0 %, 20 MiB, 210 MHz, 405 MHz, 20.79 W, 27
 15:10:59 up 6 days, 23:02,  5 users,  load average: 1.09, 1.03, 0.90
2026-09-30T15:11:01-04:00
0 %, 463 MiB, 232 MHz, 405 MHz, 5.80 W, 30
0 %, 20 MiB, 210 MHz, 405 MHz, 20.87 W, 27
 15:11:01 up 6 days, 23:02,  5 users,  load average: 1.09, 1.03, 0.90
2026-09-30T15:11:03-04:00
0 %, 463 MiB, 232 MHz, 405 MHz, 5.78 W, 30
0 %, 20 MiB, 210 MHz, 405 MHz, 27.61 W, 28
 15:11:04 up 6 days, 23:02,  5 users,  load average: 1.08, 1.03, 0.90
2026-09-30T15:11:06-04:00
0 %, 463 MiB, 232 MHz, 405 MHz, 5.89 W, 30
0 %, 20 MiB, 210 MHz, 405 MHz, 21.07 W, 27
 15:11:06 up 6 days, 23:02,  5 users,  load average: 1.08, 1.03, 0.90
2026-09-30T15:11:08-04:00
0 %, 463 MiB, 232 MHz, 405 MHz, 5.78 W, 30
0 %, 20 MiB, 210 MHz, 405 MHz, 20.85 W, 27
 15:11:08 up 6 days, 23:02,  5 users,  load average: 1.08, 1.03, 0.90
2026-09-30T15:11:10-04:00
0 %, 463 MiB, 232 MHz, 405 MHz, 6.07 W, 30
0 %, 20 MiB, 210 MHz, 405 MHz, 22.94 W, 28
 15:11:10 up 6 days, 23:02,  5 users,  load average: 1.08, 1.03, 0.90
2026-09-30T15:11:12-04:00
0 %, 463 MiB, 232 MHz, 405 MHz, 6.06 W, 30
0 %, 20 MiB, 210 MHz, 405 MHz, 21.87 W, 28
 15:11:12 up 6 days, 23:02,  5 users,  load average: 1.08, 1.03, 0.90
2026-09-30T15:11:14-04:00
0 %, 463 MiB, 2557 MHz, 13801 MHz, 53.77 W, 31
0 %, 20 MiB, 210 MHz, 405 MHz, 23.22 W, 28
 15:11:14 up 6 days, 23:02,  5 users,  load average: 1.07, 1.03, 0.90
2026-09-30T15:11:16-04:00
0 %, 463 MiB, 585 MHz, 810 MHz, 34.32 W, 30
0 %, 20 MiB, 210 MHz, 405 MHz, 28.47 W, 28
 15:11:16 up 6 days, 23:02,  5 users,  load average: 1.07, 1.03, 0.90
2026-09-30T15:11:18-04:00
0 %, 463 MiB, 240 MHz, 405 MHz, 9.17 W, 30
0 %, 20 MiB, 210 MHz, 405 MHz, 26.70 W, 28
 15:11:18 up 6 days, 23:02,  5 users,  load average: 1.07, 1.02, 0.90
2026-09-30T15:11:20-04:00
0 %, 463 MiB, 232 MHz, 405 MHz, 6.14 W, 30
0 %, 20 MiB, 210 MHz, 405 MHz, 20.75 W, 27
 15:11:20 up 6 days, 23:02,  5 users,  load average: 1.07, 1.02, 0.90
2026-09-30T15:11:22-04:00
0 %, 463 MiB, 232 MHz, 405 MHz, 5.49 W, 30
0 %, 20 MiB, 210 MHz, 405 MHz, 20.71 W, 28
 15:11:22 up 6 days, 23:02,  5 users,  load average: 1.06, 1.02, 0.90
2026-09-30T15:11:24-04:00
0 %, 463 MiB, 232 MHz, 405 MHz, 5.94 W, 30
0 %, 20 MiB, 210 MHz, 405 MHz, 23.49 W, 28
 15:11:24 up 6 days, 23:02,  5 users,  load average: 1.06, 1.02, 0.90
2026-09-30T15:11:26-04:00
0 %, 463 MiB, 232 MHz, 405 MHz, 6.07 W, 30
0 %, 20 MiB, 210 MHz, 405 MHz, 21.99 W, 28
 15:11:26 up 6 days, 23:02,  5 users,  load average: 1.06, 1.02, 0.90
2026-09-30T15:11:28-04:00
0 %, 463 MiB, 232 MHz, 405 MHz, 5.86 W, 30
0 %, 20 MiB, 210 MHz, 405 MHz, 20.77 W, 28
 15:11:28 up 6 days, 23:02,  5 users,  load average: 1.06, 1.02, 0.91
2026-09-30T15:11:30-04:00
0 %, 463 MiB, 232 MHz, 405 MHz, 6.10 W, 30
0 %, 20 MiB, 210 MHz, 405 MHz, 20.84 W, 27
 15:11:30 up 6 days, 23:02,  5 users,  load average: 1.06, 1.02, 0.91
2026-09-30T15:11:32-04:00
0 %, 463 MiB, 232 MHz, 405 MHz, 6.10 W, 30
0 %, 20 MiB, 210 MHz, 405 MHz, 21.85 W, 28
 15:11:33 up 6 days, 23:02,  5 users,  load average: 1.05, 1.02, 0.91
2026-09-30T15:11:35-04:00
0 %, 463 MiB, 232 MHz, 405 MHz, 5.74 W, 30
0 %, 20 MiB, 210 MHz, 405 MHz, 20.77 W, 28
 15:11:35 up 6 days, 23:02,  5 users,  load average: 1.05, 1.02, 0.91
2026-09-30T15:11:37-04:00
0 %, 463 MiB, 232 MHz, 405 MHz, 5.84 W, 30
0 %, 20 MiB, 210 MHz, 405 MHz, 20.82 W, 27
 15:11:37 up 6 days, 23:02,  5 users,  load average: 1.05, 1.02, 0.91
2026-09-30T15:11:39-04:00
0 %, 463 MiB, 232 MHz, 405 MHz, 5.86 W, 30
0 %, 20 MiB, 210 MHz, 405 MHz, 23.86 W, 28
 15:11:39 up 6 days, 23:02,  5 users,  load average: 1.05, 1.02, 0.91
2026-09-30T15:11:41-04:00
0 %, 463 MiB, 232 MHz, 405 MHz, 5.96 W, 30
0 %, 20 MiB, 210 MHz, 405 MHz, 21.75 W, 28
 15:11:41 up 6 days, 23:02,  5 users,  load average: 1.05, 1.02, 0.91
2026-09-30T15:11:43-04:00
0 %, 463 MiB, 232 MHz, 405 MHz, 6.12 W, 30
0 %, 20 MiB, 210 MHz, 405 MHz, 20.79 W, 27
 15:11:43 up 6 days, 23:02,  5 users,  load average: 1.04, 1.02, 0.91
2026-09-30T15:11:45-04:00
0 %, 463 MiB, 232 MHz, 405 MHz, 5.94 W, 30
0 %, 20 MiB, 210 MHz, 405 MHz, 20.79 W, 28
 15:11:45 up 6 days, 23:02,  5 users,  load average: 1.04, 1.02, 0.91
2026-09-30T15:11:47-04:00
0 %, 463 MiB, 232 MHz, 405 MHz, 6.16 W, 30
0 %, 20 MiB, 210 MHz, 405 MHz, 22.14 W, 28
 15:11:47 up 6 days, 23:02,  5 users,  load average: 1.04, 1.02, 0.91
2026-09-30T15:11:49-04:00
0 %, 463 MiB, 232 MHz, 405 MHz, 6.01 W, 30
0 %, 20 MiB, 210 MHz, 405 MHz, 20.74 W, 27
 15:11:49 up 6 days, 23:02,  5 users,  load average: 1.04, 1.02, 0.91
2026-09-30T15:11:51-04:00
0 %, 463 MiB, 232 MHz, 405 MHz, 5.85 W, 30
0 %, 20 MiB, 210 MHz, 405 MHz, 20.76 W, 27
 15:11:51 up 6 days, 23:02,  5 users,  load average: 1.04, 1.02, 0.91
2026-09-30T15:11:53-04:00
0 %, 463 MiB, 232 MHz, 405 MHz, 5.30 W, 30
0 %, 20 MiB, 210 MHz, 405 MHz, 27.02 W, 28
 15:11:53 up 6 days, 23:02,  5 users,  load average: 1.04, 1.02, 0.91
2026-09-30T15:11:55-04:00
0 %, 463 MiB, 232 MHz, 405 MHz, 5.55 W, 30
0 %, 20 MiB, 210 MHz, 405 MHz, 21.10 W, 27
 15:11:55 up 6 days, 23:02,  5 users,  load average: 1.04, 1.02, 0.91
2026-09-30T15:11:57-04:00
0 %, 463 MiB, 232 MHz, 405 MHz, 6.27 W, 30
0 %, 20 MiB, 210 MHz, 405 MHz, 20.84 W, 27
 15:11:57 up 6 days, 23:03,  5 users,  load average: 1.11, 1.04, 0.92
2026-09-30T15:11:59-04:00
0 %, 463 MiB, 247 MHz, 405 MHz, 6.07 W, 30
0 %, 20 MiB, 210 MHz, 405 MHz, 20.79 W, 27
 15:11:59 up 6 days, 23:03,  5 users,  load average: 1.11, 1.04, 0.92
2026-09-30T15:12:01-04:00
0 %, 463 MiB, 232 MHz, 405 MHz, 6.12 W, 30
0 %, 20 MiB, 210 MHz, 405 MHz, 21.72 W, 28
 15:12:02 up 6 days, 23:03,  5 users,  load average: 1.11, 1.04, 0.92
2026-09-30T15:12:04-04:00
0 %, 463 MiB, 232 MHz, 405 MHz, 6.43 W, 30
0 %, 20 MiB, 210 MHz, 405 MHz, 20.83 W, 27
 15:12:04 up 6 days, 23:03,  5 users,  load average: 1.10, 1.04, 0.92
2026-09-30T15:12:06-04:00
0 %, 463 MiB, 232 MHz, 405 MHz, 6.22 W, 30
0 %, 20 MiB, 210 MHz, 405 MHz, 20.89 W, 27
 15:12:06 up 6 days, 23:03,  5 users,  load average: 1.10, 1.04, 0.92
2026-09-30T15:12:08-04:00
0 %, 2131 MiB, 232 MHz, 13801 MHz, 8.50 W, 31
0 %, 20 MiB, 210 MHz, 405 MHz, 28.74 W, 28
1540910, /home/ndizazzo/dev/mesh/issue1393-q4-snapshot-20260930/target/release/xtask, 1694 MiB
 15:12:08 up 6 days, 23:03,  5 users,  load average: 1.10, 1.04, 0.92
2026-09-30T15:12:10-04:00
0 %, 463 MiB, 2550 MHz, 14001 MHz, 54.46 W, 31
0 %, 20 MiB, 210 MHz, 405 MHz, 22.41 W, 28
 15:12:10 up 6 days, 23:03,  5 users,  load average: 1.10, 1.04, 0.92
2026-09-30T15:12:12-04:00
0 %, 463 MiB, 540 MHz, 810 MHz, 29.80 W, 30
0 %, 20 MiB, 210 MHz, 405 MHz, 22.19 W, 28
 15:12:12 up 6 days, 23:03,  5 users,  load average: 1.10, 1.04, 0.92
2026-09-30T15:12:14-04:00
0 %, 463 MiB, 232 MHz, 405 MHz, 6.98 W, 30
1 %, 20 MiB, 210 MHz, 405 MHz, 21.21 W, 27
 15:12:14 up 6 days, 23:03,  5 users,  load average: 1.09, 1.04, 0.92
2026-09-30T15:12:16-04:00
0 %, 463 MiB, 232 MHz, 405 MHz, 5.92 W, 30
0 %, 20 MiB, 210 MHz, 405 MHz, 22.13 W, 28
 15:12:16 up 6 days, 23:03,  5 users,  load average: 1.09, 1.04, 0.92
2026-09-30T15:12:18-04:00
0 %, 463 MiB, 232 MHz, 405 MHz, 6.22 W, 30
0 %, 20 MiB, 210 MHz, 405 MHz, 20.86 W, 27
 15:12:18 up 6 days, 23:03,  5 users,  load average: 1.08, 1.03, 0.92
2026-09-30T15:12:20-04:00
0 %, 463 MiB, 232 MHz, 405 MHz, 5.92 W, 30
0 %, 20 MiB, 210 MHz, 405 MHz, 20.93 W, 27
 15:12:20 up 6 days, 23:03,  5 users,  load average: 1.08, 1.03, 0.92
2026-09-30T15:12:22-04:00
0 %, 463 MiB, 232 MHz, 405 MHz, 6.10 W, 30
0 %, 20 MiB, 210 MHz, 405 MHz, 27.25 W, 28
 15:12:22 up 6 days, 23:03,  5 users,  load average: 1.07, 1.03, 0.92
2026-09-30T15:12:24-04:00
0 %, 463 MiB, 232 MHz, 405 MHz, 5.91 W, 30
0 %, 20 MiB, 210 MHz, 405 MHz, 21.10 W, 27
 15:12:24 up 6 days, 23:03,  5 users,  load average: 1.07, 1.03, 0.92
2026-09-30T15:12:26-04:00
0 %, 463 MiB, 232 MHz, 405 MHz, 5.81 W, 30
0 %, 20 MiB, 210 MHz, 405 MHz, 20.95 W, 27
 15:12:26 up 6 days, 23:03,  5 users,  load average: 1.07, 1.03, 0.92
2026-09-30T15:12:28-04:00
0 %, 463 MiB, 232 MHz, 405 MHz, 5.83 W, 30
0 %, 20 MiB, 210 MHz, 405 MHz, 22.16 W, 28
 15:12:28 up 6 days, 23:03,  5 users,  load average: 1.07, 1.03, 0.92
2026-09-30T15:12:30-04:00
0 %, 463 MiB, 232 MHz, 405 MHz, 5.91 W, 30
0 %, 20 MiB, 210 MHz, 405 MHz, 21.90 W, 28
 15:12:31 up 6 days, 23:03,  5 users,  load average: 1.07, 1.03, 0.92
2026-09-30T15:12:33-04:00
0 %, 463 MiB, 232 MHz, 405 MHz, 5.59 W, 30
0 %, 20 MiB, 210 MHz, 405 MHz, 21.12 W, 27
 15:12:33 up 6 days, 23:03,  5 users,  load average: 1.06, 1.03, 0.92
2026-09-30T15:12:35-04:00
0 %, 463 MiB, 232 MHz, 405 MHz, 6.03 W, 30
0 %, 20 MiB, 210 MHz, 405 MHz, 21.04 W, 27
 15:12:35 up 6 days, 23:03,  5 users,  load average: 1.06, 1.03, 0.92
2026-09-30T15:12:37-04:00
0 %, 463 MiB, 232 MHz, 405 MHz, 6.13 W, 30
0 %, 20 MiB, 210 MHz, 405 MHz, 27.65 W, 28
 15:12:37 up 6 days, 23:03,  5 users,  load average: 1.06, 1.03, 0.92
2026-09-30T15:12:39-04:00
0 %, 463 MiB, 232 MHz, 405 MHz, 5.89 W, 30
0 %, 20 MiB, 210 MHz, 405 MHz, 21.28 W, 27
 15:12:39 up 6 days, 23:03,  5 users,  load average: 1.06, 1.03, 0.92
2026-09-30T15:12:41-04:00
0 %, 463 MiB, 232 MHz, 405 MHz, 6.34 W, 30
0 %, 20 MiB, 210 MHz, 405 MHz, 20.89 W, 27
 15:12:41 up 6 days, 23:03,  5 users,  load average: 1.06, 1.03, 0.92
2026-09-30T15:12:43-04:00
0 %, 463 MiB, 232 MHz, 405 MHz, 6.64 W, 30
0 %, 20 MiB, 210 MHz, 405 MHz, 22.70 W, 28
 15:12:43 up 6 days, 23:03,  5 users,  load average: 1.05, 1.03, 0.92
2026-09-30T15:12:45-04:00
0 %, 463 MiB, 232 MHz, 405 MHz, 6.01 W, 30
0 %, 20 MiB, 210 MHz, 405 MHz, 22.09 W, 28
 15:12:45 up 6 days, 23:03,  5 users,  load average: 1.05, 1.03, 0.92
2026-09-30T15:12:47-04:00
0 %, 463 MiB, 232 MHz, 405 MHz, 5.72 W, 30
0 %, 20 MiB, 210 MHz, 405 MHz, 20.97 W, 27
 15:12:47 up 6 days, 23:03,  5 users,  load average: 1.05, 1.03, 0.92
2026-09-30T15:12:49-04:00
0 %, 463 MiB, 232 MHz, 405 MHz, 6.07 W, 30
0 %, 20 MiB, 210 MHz, 405 MHz, 21.06 W, 27
 15:12:49 up 6 days, 23:03,  5 users,  load average: 1.05, 1.03, 0.92
2026-09-30T15:12:51-04:00
0 %, 463 MiB, 232 MHz, 405 MHz, 5.64 W, 30
0 %, 20 MiB, 210 MHz, 405 MHz, 27.45 W, 28
 15:12:51 up 6 days, 23:03,  5 users,  load average: 1.05, 1.03, 0.92
2026-09-30T15:12:53-04:00
0 %, 463 MiB, 232 MHz, 405 MHz, 6.03 W, 30
0 %, 20 MiB, 210 MHz, 405 MHz, 21.11 W, 27
 15:12:53 up 6 days, 23:03,  5 users,  load average: 1.04, 1.03, 0.92
2026-09-30T15:12:55-04:00
0 %, 463 MiB, 232 MHz, 405 MHz, 6.14 W, 30
0 %, 20 MiB, 210 MHz, 405 MHz, 20.94 W, 28
 15:12:55 up 6 days, 23:03,  5 users,  load average: 1.04, 1.03, 0.92
2026-09-30T15:12:57-04:00
0 %, 463 MiB, 232 MHz, 405 MHz, 6.00 W, 30
0 %, 20 MiB, 210 MHz, 405 MHz, 23.34 W, 28
 15:12:58 up 6 days, 23:04,  5 users,  load average: 1.04, 1.03, 0.92
2026-09-30T15:13:00-04:00
0 %, 463 MiB, 232 MHz, 405 MHz, 6.13 W, 30
0 %, 20 MiB, 210 MHz, 405 MHz, 21.28 W, 28
 15:13:00 up 6 days, 23:04,  5 users,  load average: 1.04, 1.03, 0.92
2026-09-30T15:13:02-04:00
0 %, 463 MiB, 232 MHz, 405 MHz, 6.40 W, 30
0 %, 20 MiB, 210 MHz, 405 MHz, 20.83 W, 27
 15:13:02 up 6 days, 23:04,  5 users,  load average: 1.04, 1.03, 0.92
2026-09-30T15:13:04-04:00
1 %, 2131 MiB, 2895 MHz, 13801 MHz, 44.45 W, 31
0 %, 20 MiB, 210 MHz, 405 MHz, 26.78 W, 28
1540910, /home/ndizazzo/dev/mesh/issue1393-q4-snapshot-20260930/target/release/xtask, 1694 MiB
 15:13:04 up 6 days, 23:04,  5 users,  load average: 1.04, 1.03, 0.92
2026-09-30T15:13:06-04:00
0 %, 463 MiB, 2550 MHz, 14001 MHz, 54.33 W, 31
0 %, 20 MiB, 210 MHz, 405 MHz, 28.20 W, 28
 15:13:06 up 6 days, 23:04,  5 users,  load average: 1.04, 1.03, 0.92
2026-09-30T15:13:08-04:00
0 %, 463 MiB, 360 MHz, 810 MHz, 12.30 W, 30
0 %, 20 MiB, 210 MHz, 405 MHz, 21.67 W, 28
 15:13:08 up 6 days, 23:04,  5 users,  load average: 1.03, 1.03, 0.92
2026-09-30T15:13:10-04:00
0 %, 463 MiB, 232 MHz, 405 MHz, 6.16 W, 30
0 %, 20 MiB, 210 MHz, 405 MHz, 20.82 W, 27
 15:13:10 up 6 days, 23:04,  5 users,  load average: 1.03, 1.03, 0.92
2026-09-30T15:13:12-04:00
0 %, 463 MiB, 232 MHz, 405 MHz, 6.02 W, 30
0 %, 20 MiB, 210 MHz, 405 MHz, 23.76 W, 28
 15:13:12 up 6 days, 23:04,  5 users,  load average: 1.03, 1.03, 0.92
2026-09-30T15:13:14-04:00
0 %, 463 MiB, 232 MHz, 405 MHz, 6.26 W, 30
0 %, 20 MiB, 210 MHz, 405 MHz, 21.03 W, 28
 15:13:14 up 6 days, 23:04,  5 users,  load average: 1.03, 1.03, 0.92
2026-09-30T15:13:16-04:00
0 %, 463 MiB, 232 MHz, 405 MHz, 6.23 W, 30
0 %, 20 MiB, 210 MHz, 405 MHz, 20.88 W, 27
 15:13:16 up 6 days, 23:04,  5 users,  load average: 1.03, 1.03, 0.92
2026-09-30T15:13:18-04:00
0 %, 463 MiB, 232 MHz, 405 MHz, 5.86 W, 30
1 %, 20 MiB, 210 MHz, 405 MHz, 21.04 W, 28
 15:13:18 up 6 days, 23:04,  5 users,  load average: 1.03, 1.03, 0.92
2026-09-30T15:13:20-04:00
0 %, 463 MiB, 232 MHz, 405 MHz, 6.40 W, 30
0 %, 20 MiB, 210 MHz, 405 MHz, 21.63 W, 28
 15:13:20 up 6 days, 23:04,  5 users,  load average: 1.03, 1.03, 0.92
2026-09-30T15:13:22-04:00
0 %, 463 MiB, 232 MHz, 405 MHz, 5.69 W, 30
0 %, 20 MiB, 210 MHz, 405 MHz, 20.98 W, 27
 15:13:22 up 6 days, 23:04,  5 users,  load average: 1.02, 1.03, 0.92
2026-09-30T15:13:24-04:00
0 %, 463 MiB, 232 MHz, 405 MHz, 5.88 W, 30
0 %, 20 MiB, 210 MHz, 405 MHz, 20.98 W, 27
 15:13:24 up 6 days, 23:04,  5 users,  load average: 1.02, 1.03, 0.92
2026-09-30T15:13:26-04:00
0 %, 463 MiB, 232 MHz, 405 MHz, 5.86 W, 30
0 %, 20 MiB, 210 MHz, 405 MHz, 24.15 W, 28
 15:13:26 up 6 days, 23:04,  5 users,  load average: 1.02, 1.03, 0.92
2026-09-30T15:13:28-04:00
0 %, 463 MiB, 225 MHz, 405 MHz, 5.64 W, 30
0 %, 20 MiB, 210 MHz, 405 MHz, 21.25 W, 27
 15:13:29 up 6 days, 23:04,  5 users,  load average: 1.02, 1.02, 0.92
2026-09-30T15:13:31-04:00
0 %, 463 MiB, 232 MHz, 405 MHz, 5.64 W, 30
0 %, 20 MiB, 210 MHz, 405 MHz, 21.00 W, 27
 15:13:31 up 6 days, 23:04,  5 users,  load average: 1.02, 1.02, 0.92
2026-09-30T15:13:33-04:00
0 %, 463 MiB, 232 MHz, 405 MHz, 5.62 W, 30
0 %, 20 MiB, 210 MHz, 405 MHz, 21.86 W, 28
 15:13:33 up 6 days, 23:04,  5 users,  load average: 1.02, 1.02, 0.93
2026-09-30T15:13:35-04:00
0 %, 463 MiB, 232 MHz, 405 MHz, 5.64 W, 30
0 %, 20 MiB, 210 MHz, 405 MHz, 21.95 W, 28
 15:13:35 up 6 days, 23:04,  5 users,  load average: 1.02, 1.02, 0.93
2026-09-30T15:13:37-04:00
0 %, 463 MiB, 232 MHz, 405 MHz, 6.13 W, 30
0 %, 20 MiB, 210 MHz, 405 MHz, 20.89 W, 27
 15:13:37 up 6 days, 23:04,  5 users,  load average: 1.02, 1.02, 0.93
2026-09-30T15:13:39-04:00
0 %, 463 MiB, 232 MHz, 405 MHz, 5.76 W, 30
0 %, 20 MiB, 210 MHz, 405 MHz, 20.94 W, 28
 15:13:39 up 6 days, 23:04,  5 users,  load average: 1.10, 1.04, 0.93
2026-09-30T15:13:41-04:00
0 %, 463 MiB, 232 MHz, 405 MHz, 5.59 W, 30
0 %, 20 MiB, 210 MHz, 405 MHz, 27.49 W, 28
 15:13:41 up 6 days, 23:04,  5 users,  load average: 1.10, 1.04, 0.93
2026-09-30T15:13:43-04:00
0 %, 463 MiB, 232 MHz, 405 MHz, 5.78 W, 30
0 %, 20 MiB, 210 MHz, 405 MHz, 20.93 W, 28
 15:13:43 up 6 days, 23:04,  5 users,  load average: 1.09, 1.04, 0.93
2026-09-30T15:13:45-04:00
0 %, 463 MiB, 232 MHz, 405 MHz, 5.83 W, 30
0 %, 20 MiB, 210 MHz, 405 MHz, 20.85 W, 28
 15:13:45 up 6 days, 23:04,  5 users,  load average: 1.09, 1.04, 0.93
2026-09-30T15:13:47-04:00
0 %, 463 MiB, 247 MHz, 405 MHz, 5.66 W, 30
0 %, 20 MiB, 210 MHz, 405 MHz, 22.65 W, 28
 15:13:47 up 6 days, 23:04,  5 users,  load average: 1.08, 1.04, 0.93
2026-09-30T15:13:49-04:00
0 %, 463 MiB, 232 MHz, 405 MHz, 6.11 W, 30
0 %, 20 MiB, 210 MHz, 405 MHz, 22.08 W, 28
 15:13:49 up 6 days, 23:04,  5 users,  load average: 1.08, 1.04, 0.93
2026-09-30T15:13:51-04:00
0 %, 463 MiB, 232 MHz, 405 MHz, 5.97 W, 30
0 %, 20 MiB, 210 MHz, 405 MHz, 20.75 W, 28
 15:13:51 up 6 days, 23:04,  5 users,  load average: 1.08, 1.04, 0.93
2026-09-30T15:13:53-04:00
0 %, 463 MiB, 232 MHz, 405 MHz, 5.94 W, 30
0 %, 20 MiB, 210 MHz, 405 MHz, 20.82 W, 28
 15:13:53 up 6 days, 23:04,  5 users,  load average: 1.08, 1.04, 0.93
2026-09-30T15:13:55-04:00
0 %, 463 MiB, 232 MHz, 405 MHz, 6.38 W, 30
0 %, 20 MiB, 210 MHz, 405 MHz, 27.13 W, 28
 15:13:55 up 6 days, 23:04,  5 users,  load average: 1.08, 1.04, 0.93
2026-09-30T15:13:57-04:00
0 %, 463 MiB, 232 MHz, 405 MHz, 5.54 W, 30
0 %, 20 MiB, 210 MHz, 405 MHz, 21.02 W, 28
 15:13:58 up 6 days, 23:05,  5 users,  load average: 1.07, 1.04, 0.93
2026-09-30T15:14:00-04:00
0 %, 463 MiB, 2550 MHz, 13801 MHz, 63.24 W, 31
0 %, 20 MiB, 210 MHz, 405 MHz, 26.85 W, 28
 15:14:00 up 6 days, 23:05,  5 users,  load average: 1.07, 1.04, 0.93
2026-09-30T15:14:02-04:00
0 %, 463 MiB, 1687 MHz, 7001 MHz, 46.69 W, 31
0 %, 20 MiB, 210 MHz, 405 MHz, 25.78 W, 28
 15:14:02 up 6 days, 23:05,  5 users,  load average: 1.07, 1.04, 0.93
2026-09-30T15:14:04-04:00
0 %, 463 MiB, 352 MHz, 810 MHz, 11.34 W, 30
0 %, 20 MiB, 210 MHz, 405 MHz, 21.90 W, 28
 15:14:04 up 6 days, 23:05,  5 users,  load average: 1.06, 1.04, 0.93
2026-09-30T15:14:06-04:00
0 %, 463 MiB, 232 MHz, 405 MHz, 5.86 W, 30
0 %, 20 MiB, 210 MHz, 405 MHz, 20.88 W, 28
 15:14:06 up 6 days, 23:05,  5 users,  load average: 1.06, 1.04, 0.93
2026-09-30T15:14:08-04:00
0 %, 463 MiB, 232 MHz, 405 MHz, 6.11 W, 30
0 %, 20 MiB, 210 MHz, 405 MHz, 20.90 W, 28
 15:14:08 up 6 days, 23:05,  5 users,  load average: 1.06, 1.04, 0.93
2026-09-30T15:14:10-04:00
0 %, 463 MiB, 232 MHz, 405 MHz, 6.40 W, 30
0 %, 20 MiB, 210 MHz, 405 MHz, 27.50 W, 28
 15:14:10 up 6 days, 23:05,  5 users,  load average: 1.06, 1.04, 0.93
2026-09-30T15:14:12-04:00
0 %, 463 MiB, 232 MHz, 405 MHz, 6.07 W, 30
0 %, 20 MiB, 210 MHz, 405 MHz, 21.33 W, 28
 15:14:12 up 6 days, 23:05,  5 users,  load average: 1.13, 1.05, 0.94
2026-09-30T15:14:14-04:00
0 %, 463 MiB, 232 MHz, 405 MHz, 6.32 W, 30
0 %, 20 MiB, 210 MHz, 405 MHz, 20.84 W, 28
 15:14:14 up 6 days, 23:05,  5 users,  load average: 1.13, 1.05, 0.94
2026-09-30T15:14:16-04:00
0 %, 463 MiB, 232 MHz, 405 MHz, 6.20 W, 30
0 %, 20 MiB, 210 MHz, 405 MHz, 23.53 W, 28
 15:14:16 up 6 days, 23:05,  5 users,  load average: 1.13, 1.05, 0.94
2026-09-30T15:14:18-04:00
0 %, 463 MiB, 232 MHz, 405 MHz, 5.85 W, 30
0 %, 20 MiB, 210 MHz, 405 MHz, 22.11 W, 28
 15:14:18 up 6 days, 23:05,  5 users,  load average: 1.12, 1.05, 0.94
2026-09-30T15:14:20-04:00
0 %, 463 MiB, 232 MHz, 405 MHz, 5.78 W, 30
0 %, 20 MiB, 210 MHz, 405 MHz, 20.94 W, 28
 15:14:20 up 6 days, 23:05,  5 users,  load average: 1.12, 1.05, 0.94
2026-09-30T15:14:22-04:00
0 %, 463 MiB, 232 MHz, 405 MHz, 5.94 W, 30
0 %, 20 MiB, 210 MHz, 405 MHz, 20.95 W, 28
 15:14:22 up 6 days, 23:05,  5 users,  load average: 1.11, 1.05, 0.94
2026-09-30T15:14:24-04:00
0 %, 463 MiB, 232 MHz, 405 MHz, 6.04 W, 30
0 %, 20 MiB, 210 MHz, 405 MHz, 27.37 W, 28
 15:14:24 up 6 days, 23:05,  5 users,  load average: 1.11, 1.05, 0.94
2026-09-30T15:14:26-04:00
0 %, 463 MiB, 232 MHz, 405 MHz, 6.04 W, 30
0 %, 20 MiB, 210 MHz, 405 MHz, 21.09 W, 28
 15:14:27 up 6 days, 23:05,  5 users,  load average: 1.11, 1.05, 0.94
2026-09-30T15:14:29-04:00
0 %, 463 MiB, 232 MHz, 405 MHz, 6.04 W, 30
0 %, 20 MiB, 210 MHz, 405 MHz, 21.05 W, 27
 15:14:29 up 6 days, 23:05,  5 users,  load average: 1.10, 1.05, 0.94
2026-09-30T15:14:31-04:00
0 %, 463 MiB, 232 MHz, 405 MHz, 6.02 W, 30
0 %, 20 MiB, 210 MHz, 405 MHz, 24.07 W, 28
 15:14:31 up 6 days, 23:05,  5 users,  load average: 1.10, 1.05, 0.94
2026-09-30T15:14:33-04:00
0 %, 463 MiB, 232 MHz, 405 MHz, 5.58 W, 30
0 %, 20 MiB, 210 MHz, 405 MHz, 21.59 W, 28
 15:14:33 up 6 days, 23:05,  5 users,  load average: 1.10, 1.05, 0.94
2026-09-30T15:14:35-04:00
0 %, 463 MiB, 232 MHz, 405 MHz, 6.06 W, 30
0 %, 20 MiB, 210 MHz, 405 MHz, 20.82 W, 28
 15:14:35 up 6 days, 23:05,  5 users,  load average: 1.10, 1.05, 0.94
2026-09-30T15:14:37-04:00
0 %, 463 MiB, 232 MHz, 405 MHz, 5.62 W, 30
0 %, 20 MiB, 210 MHz, 405 MHz, 20.91 W, 28
 15:14:37 up 6 days, 23:05,  5 users,  load average: 1.10, 1.05, 0.94
2026-09-30T15:14:39-04:00
0 %, 463 MiB, 232 MHz, 405 MHz, 5.41 W, 30
0 %, 20 MiB, 210 MHz, 405 MHz, 27.60 W, 28
 15:14:39 up 6 days, 23:05,  5 users,  load average: 1.09, 1.05, 0.94
2026-09-30T15:14:41-04:00
0 %, 463 MiB, 232 MHz, 405 MHz, 6.10 W, 30
0 %, 20 MiB, 210 MHz, 405 MHz, 20.92 W, 28
 15:14:41 up 6 days, 23:05,  5 users,  load average: 1.09, 1.05, 0.94
2026-09-30T15:14:43-04:00
0 %, 463 MiB, 232 MHz, 405 MHz, 6.01 W, 30
0 %, 20 MiB, 210 MHz, 405 MHz, 21.00 W, 28
 15:14:43 up 6 days, 23:05,  5 users,  load average: 1.08, 1.05, 0.94
2026-09-30T15:14:45-04:00
0 %, 463 MiB, 232 MHz, 405 MHz, 6.05 W, 30
0 %, 20 MiB, 210 MHz, 405 MHz, 27.24 W, 28
 15:14:45 up 6 days, 23:05,  5 users,  load average: 1.08, 1.05, 0.94
2026-09-30T15:14:47-04:00
0 %, 463 MiB, 232 MHz, 405 MHz, 6.17 W, 30
0 %, 20 MiB, 210 MHz, 405 MHz, 21.01 W, 28
 15:14:47 up 6 days, 23:05,  5 users,  load average: 1.07, 1.04, 0.94
2026-09-30T15:14:49-04:00
0 %, 463 MiB, 232 MHz, 405 MHz, 6.05 W, 30
0 %, 20 MiB, 210 MHz, 405 MHz, 20.88 W, 27
 15:14:49 up 6 days, 23:05,  5 users,  load average: 1.07, 1.04, 0.94
2026-09-30T15:14:51-04:00
0 %, 463 MiB, 255 MHz, 405 MHz, 5.93 W, 30
0 %, 20 MiB, 210 MHz, 405 MHz, 20.81 W, 27
 15:14:51 up 6 days, 23:05,  5 users,  load average: 1.07, 1.04, 0.94
2026-09-30T15:14:53-04:00
7 %, 2131 MiB, 2887 MHz, 13801 MHz, 29.06 W, 31
1 %, 20 MiB, 210 MHz, 405 MHz, 23.39 W, 28
1540910, /home/ndizazzo/dev/mesh/issue1393-q4-snapshot-20260930/target/release/xtask, 1694 MiB
 15:14:53 up 6 days, 23:05,  5 users,  load average: 1.07, 1.04, 0.94
2026-09-30T15:14:55-04:00
0 %, 463 MiB, 2550 MHz, 14001 MHz, 58.00 W, 31
0 %, 20 MiB, 210 MHz, 405 MHz, 25.16 W, 28
 15:14:56 up 6 days, 23:05,  5 users,  load average: 1.07, 1.04, 0.94
2026-09-30T15:14:58-04:00
0 %, 463 MiB, 562 MHz, 810 MHz, 24.74 W, 30
0 %, 20 MiB, 210 MHz, 405 MHz, 21.28 W, 27
 15:14:58 up 6 days, 23:06,  5 users,  load average: 1.06, 1.04, 0.94
2026-09-30T15:15:00-04:00
0 %, 463 MiB, 240 MHz, 405 MHz, 8.86 W, 30
0 %, 20 MiB, 210 MHz, 405 MHz, 24.64 W, 28
 15:15:00 up 6 days, 23:06,  5 users,  load average: 1.06, 1.04, 0.94
2026-09-30T15:15:02-04:00
0 %, 463 MiB, 232 MHz, 405 MHz, 5.89 W, 30
0 %, 20 MiB, 210 MHz, 405 MHz, 21.25 W, 28
 15:15:02 up 6 days, 23:06,  5 users,  load average: 1.06, 1.04, 0.94
2026-09-30T15:15:04-04:00
0 %, 463 MiB, 232 MHz, 405 MHz, 6.03 W, 30
0 %, 20 MiB, 210 MHz, 405 MHz, 20.86 W, 27
 15:15:04 up 6 days, 23:06,  5 users,  load average: 1.06, 1.04, 0.94
2026-09-30T15:15:06-04:00
0 %, 463 MiB, 232 MHz, 405 MHz, 6.34 W, 30
0 %, 20 MiB, 210 MHz, 405 MHz, 21.10 W, 27
 15:15:06 up 6 days, 23:06,  5 users,  load average: 1.06, 1.04, 0.94
2026-09-30T15:15:08-04:00
0 %, 463 MiB, 232 MHz, 405 MHz, 6.00 W, 30
0 %, 20 MiB, 210 MHz, 405 MHz, 21.92 W, 28
 15:15:08 up 6 days, 23:06,  5 users,  load average: 1.05, 1.04, 0.95
2026-09-30T15:15:10-04:00
0 %, 463 MiB, 232 MHz, 405 MHz, 5.44 W, 30
0 %, 20 MiB, 210 MHz, 405 MHz, 20.79 W, 28
 15:15:10 up 6 days, 23:06,  5 users,  load average: 1.05, 1.04, 0.95
2026-09-30T15:15:12-04:00
0 %, 463 MiB, 232 MHz, 405 MHz, 5.61 W, 30
0 %, 20 MiB, 210 MHz, 405 MHz, 20.82 W, 28
 15:15:12 up 6 days, 23:06,  5 users,  load average: 1.05, 1.04, 0.95
2026-09-30T15:15:14-04:00
0 %, 463 MiB, 232 MHz, 405 MHz, 6.03 W, 30
0 %, 20 MiB, 210 MHz, 405 MHz, 27.31 W, 28
 15:15:14 up 6 days, 23:06,  5 users,  load average: 1.05, 1.04, 0.95
2026-09-30T15:15:16-04:00
0 %, 463 MiB, 232 MHz, 405 MHz, 5.63 W, 30
0 %, 20 MiB, 210 MHz, 405 MHz, 20.87 W, 27
 15:15:16 up 6 days, 23:06,  5 users,  load average: 1.05, 1.04, 0.95
2026-09-30T15:15:18-04:00
0 %, 463 MiB, 232 MHz, 405 MHz, 5.97 W, 30
0 %, 20 MiB, 210 MHz, 405 MHz, 20.74 W, 28
 15:15:18 up 6 days, 23:06,  5 users,  load average: 1.04, 1.04, 0.95
2026-09-30T15:15:20-04:00
0 %, 463 MiB, 232 MHz, 405 MHz, 6.14 W, 30
0 %, 20 MiB, 210 MHz, 405 MHz, 21.51 W, 28
 15:15:20 up 6 days, 23:06,  5 users,  load average: 1.04, 1.04, 0.95
2026-09-30T15:15:22-04:00
0 %, 463 MiB, 232 MHz, 405 MHz, 6.27 W, 30
0 %, 20 MiB, 210 MHz, 405 MHz, 22.19 W, 28
 15:15:22 up 6 days, 23:06,  5 users,  load average: 1.04, 1.04, 0.95
2026-09-30T15:15:24-04:00
0 %, 463 MiB, 232 MHz, 405 MHz, 6.09 W, 30
0 %, 20 MiB, 210 MHz, 405 MHz, 20.78 W, 28
 15:15:25 up 6 days, 23:06,  5 users,  load average: 1.04, 1.04, 0.95
2026-09-30T15:15:27-04:00
0 %, 463 MiB, 232 MHz, 405 MHz, 5.81 W, 30
0 %, 20 MiB, 210 MHz, 405 MHz, 20.77 W, 27
 15:15:27 up 6 days, 23:06,  5 users,  load average: 1.04, 1.04, 0.95
2026-09-30T15:15:29-04:00
0 %, 463 MiB, 232 MHz, 405 MHz, 5.39 W, 30
0 %, 20 MiB, 210 MHz, 405 MHz, 27.05 W, 28
 15:15:29 up 6 days, 23:06,  5 users,  load average: 1.04, 1.04, 0.95
2026-09-30T15:15:31-04:00
0 %, 463 MiB, 232 MHz, 405 MHz, 5.70 W, 30
0 %, 20 MiB, 210 MHz, 405 MHz, 21.13 W, 27
 15:15:31 up 6 days, 23:06,  5 users,  load average: 1.04, 1.04, 0.95
2026-09-30T15:15:33-04:00
0 %, 463 MiB, 232 MHz, 405 MHz, 5.36 W, 30
0 %, 20 MiB, 210 MHz, 405 MHz, 20.83 W, 27
 15:15:33 up 6 days, 23:06,  5 users,  load average: 1.03, 1.04, 0.95
2026-09-30T15:15:35-04:00
0 %, 463 MiB, 232 MHz, 405 MHz, 5.57 W, 30
0 %, 20 MiB, 210 MHz, 405 MHz, 22.72 W, 28
 15:15:35 up 6 days, 23:06,  5 users,  load average: 1.03, 1.04, 0.95
2026-09-30T15:15:37-04:00
0 %, 463 MiB, 232 MHz, 405 MHz, 5.56 W, 30
0 %, 20 MiB, 210 MHz, 405 MHz, 21.79 W, 28
 15:15:37 up 6 days, 23:06,  5 users,  load average: 1.03, 1.04, 0.95
2026-09-30T15:15:39-04:00
0 %, 463 MiB, 232 MHz, 405 MHz, 5.47 W, 30
0 %, 20 MiB, 210 MHz, 405 MHz, 20.90 W, 27
 15:15:39 up 6 days, 23:06,  5 users,  load average: 1.03, 1.03, 0.95
2026-09-30T15:15:41-04:00
0 %, 463 MiB, 232 MHz, 405 MHz, 5.67 W, 30
0 %, 20 MiB, 210 MHz, 405 MHz, 20.98 W, 27
 15:15:41 up 6 days, 23:06,  5 users,  load average: 1.03, 1.03, 0.95
2026-09-30T15:15:43-04:00
0 %, 463 MiB, 232 MHz, 405 MHz, 5.70 W, 30
0 %, 20 MiB, 210 MHz, 405 MHz, 27.38 W, 28
 15:15:43 up 6 days, 23:06,  5 users,  load average: 1.03, 1.03, 0.95
2026-09-30T15:15:45-04:00
0 %, 463 MiB, 225 MHz, 405 MHz, 5.99 W, 30
0 %, 20 MiB, 210 MHz, 405 MHz, 20.93 W, 27
 15:15:45 up 6 days, 23:06,  5 users,  load average: 1.03, 1.03, 0.95
2026-09-30T15:15:47-04:00
0 %, 463 MiB, 232 MHz, 405 MHz, 5.73 W, 30
0 %, 20 MiB, 210 MHz, 405 MHz, 20.88 W, 28
 15:15:47 up 6 days, 23:06,  5 users,  load average: 1.02, 1.03, 0.95
2026-09-30T15:15:49-04:00
0 %, 2131 MiB, 2550 MHz, 13801 MHz, 64.37 W, 31
0 %, 20 MiB, 210 MHz, 405 MHz, 28.63 W, 28
1540910, /home/ndizazzo/dev/mesh/issue1393-q4-snapshot-20260930/target/release/xtask, 1694 MiB
 15:15:49 up 6 days, 23:06,  5 users,  load average: 1.02, 1.03, 0.95
2026-09-30T15:15:51-04:00
0 %, 2131 MiB, 2550 MHz, 13801 MHz, 53.22 W, 31
0 %, 20 MiB, 210 MHz, 405 MHz, 22.16 W, 28
1540910, /home/ndizazzo/dev/mesh/issue1393-q4-snapshot-20260930/target/release/xtask, 1694 MiB
 15:15:51 up 6 days, 23:06,  5 users,  load average: 1.02, 1.03, 0.95
2026-09-30T15:15:53-04:00
0 %, 463 MiB, 1942 MHz, 7001 MHz, 44.94 W, 30
0 %, 20 MiB, 210 MHz, 405 MHz, 25.74 W, 28
 15:15:53 up 6 days, 23:06,  5 users,  load average: 1.02, 1.03, 0.95
2026-09-30T15:15:55-04:00
0 %, 463 MiB, 375 MHz, 810 MHz, 12.84 W, 30
0 %, 20 MiB, 210 MHz, 405 MHz, 21.17 W, 28
 15:15:56 up 6 days, 23:06,  5 users,  load average: 1.02, 1.03, 0.95
2026-09-30T15:15:58-04:00
0 %, 463 MiB, 232 MHz, 405 MHz, 5.90 W, 30
0 %, 20 MiB, 210 MHz, 405 MHz, 25.25 W, 28
 15:15:58 up 6 days, 23:07,  5 users,  load average: 1.02, 1.03, 0.95
2026-09-30T15:16:00-04:00
0 %, 463 MiB, 232 MHz, 405 MHz, 5.16 W, 30
0 %, 20 MiB, 210 MHz, 405 MHz, 21.10 W, 27
 15:16:00 up 6 days, 23:07,  5 users,  load average: 1.02, 1.03, 0.95
2026-09-30T15:16:02-04:00
0 %, 463 MiB, 232 MHz, 405 MHz, 5.93 W, 30
0 %, 20 MiB, 210 MHz, 405 MHz, 20.93 W, 27
 15:16:02 up 6 days, 23:07,  5 users,  load average: 1.02, 1.03, 0.95
2026-09-30T15:16:04-04:00
0 %, 463 MiB, 232 MHz, 405 MHz, 5.78 W, 30
0 %, 20 MiB, 210 MHz, 405 MHz, 23.83 W, 28
 15:16:04 up 6 days, 23:07,  5 users,  load average: 1.02, 1.03, 0.95
2026-09-30T15:16:06-04:00
0 %, 463 MiB, 232 MHz, 405 MHz, 5.34 W, 30
0 %, 20 MiB, 210 MHz, 405 MHz, 21.76 W, 28
 15:16:06 up 6 days, 23:07,  5 users,  load average: 1.02, 1.03, 0.95
2026-09-30T15:16:08-04:00
0 %, 463 MiB, 232 MHz, 405 MHz, 5.87 W, 30
0 %, 20 MiB, 210 MHz, 405 MHz, 20.96 W, 28
 15:16:08 up 6 days, 23:07,  5 users,  load average: 1.02, 1.03, 0.95
2026-09-30T15:16:10-04:00
0 %, 463 MiB, 232 MHz, 405 MHz, 5.88 W, 30
0 %, 20 MiB, 210 MHz, 405 MHz, 20.91 W, 27
 15:16:10 up 6 days, 23:07,  5 users,  load average: 1.02, 1.03, 0.95
2026-09-30T15:16:12-04:00
0 %, 463 MiB, 232 MHz, 405 MHz, 5.59 W, 30
0 %, 20 MiB, 210 MHz, 405 MHz, 22.15 W, 28
 15:16:12 up 6 days, 23:07,  5 users,  load average: 1.02, 1.03, 0.95
2026-09-30T15:16:14-04:00
0 %, 463 MiB, 232 MHz, 405 MHz, 6.22 W, 30
0 %, 20 MiB, 210 MHz, 405 MHz, 20.77 W, 27
 15:16:14 up 6 days, 23:07,  5 users,  load average: 1.02, 1.03, 0.95
2026-09-30T15:16:16-04:00
0 %, 463 MiB, 232 MHz, 405 MHz, 5.76 W, 30
0 %, 20 MiB, 210 MHz, 405 MHz, 20.85 W, 28
 15:16:16 up 6 days, 23:07,  5 users,  load average: 1.02, 1.03, 0.95
2026-09-30T15:16:18-04:00
0 %, 463 MiB, 232 MHz, 405 MHz, 5.80 W, 30
0 %, 20 MiB, 210 MHz, 405 MHz, 26.93 W, 28
 15:16:18 up 6 days, 23:07,  5 users,  load average: 1.01, 1.03, 0.95
2026-09-30T15:16:20-04:00
0 %, 463 MiB, 232 MHz, 405 MHz, 5.80 W, 30
0 %, 20 MiB, 210 MHz, 405 MHz, 21.88 W, 28
 15:16:20 up 6 days, 23:07,  5 users,  load average: 1.01, 1.03, 0.95
2026-09-30T15:16:22-04:00
0 %, 463 MiB, 232 MHz, 405 MHz, 5.57 W, 30
0 %, 20 MiB, 210 MHz, 405 MHz, 20.75 W, 28
 15:16:22 up 6 days, 23:07,  5 users,  load average: 1.01, 1.03, 0.95
2026-09-30T15:16:24-04:00
0 %, 463 MiB, 232 MHz, 405 MHz, 5.59 W, 30
0 %, 20 MiB, 210 MHz, 405 MHz, 20.88 W, 27
 15:16:25 up 6 days, 23:07,  5 users,  load average: 1.01, 1.03, 0.95
2026-09-30T15:16:27-04:00
0 %, 463 MiB, 232 MHz, 405 MHz, 5.32 W, 30
0 %, 20 MiB, 210 MHz, 405 MHz, 21.70 W, 28
 15:16:27 up 6 days, 23:07,  5 users,  load average: 1.01, 1.03, 0.95
2026-09-30T15:16:29-04:00
0 %, 463 MiB, 232 MHz, 405 MHz, 5.45 W, 30
0 %, 20 MiB, 210 MHz, 405 MHz, 20.80 W, 28
 15:16:29 up 6 days, 23:07,  5 users,  load average: 1.01, 1.03, 0.95
2026-09-30T15:16:31-04:00
0 %, 463 MiB, 232 MHz, 405 MHz, 5.43 W, 30
0 %, 20 MiB, 210 MHz, 405 MHz, 20.80 W, 28
 15:16:31 up 6 days, 23:07,  5 users,  load average: 1.01, 1.03, 0.95
2026-09-30T15:16:33-04:00
0 %, 463 MiB, 232 MHz, 405 MHz, 5.89 W, 30
0 %, 20 MiB, 210 MHz, 405 MHz, 27.34 W, 28
 15:16:33 up 6 days, 23:07,  5 users,  load average: 1.01, 1.03, 0.95
2026-09-30T15:16:35-04:00
0 %, 463 MiB, 232 MHz, 405 MHz, 6.31 W, 30
0 %, 20 MiB, 210 MHz, 405 MHz, 21.16 W, 28
 15:16:35 up 6 days, 23:07,  5 users,  load average: 1.01, 1.03, 0.95
2026-09-30T15:16:37-04:00
0 %, 463 MiB, 232 MHz, 405 MHz, 6.01 W, 30
0 %, 20 MiB, 210 MHz, 405 MHz, 20.75 W, 27
 15:16:37 up 6 days, 23:07,  5 users,  load average: 1.01, 1.03, 0.95
2026-09-30T15:16:39-04:00
0 %, 463 MiB, 247 MHz, 405 MHz, 6.38 W, 30
0 %, 20 MiB, 210 MHz, 405 MHz, 20.80 W, 28
 15:16:39 up 6 days, 23:07,  5 users,  load average: 1.01, 1.03, 0.95
2026-09-30T15:16:41-04:00
0 %, 463 MiB, 232 MHz, 405 MHz, 5.94 W, 30
0 %, 20 MiB, 210 MHz, 405 MHz, 21.95 W, 28
 15:16:41 up 6 days, 23:07,  5 users,  load average: 1.01, 1.03, 0.95
2026-09-30T15:16:43-04:00
0 %, 463 MiB, 232 MHz, 405 MHz, 5.51 W, 30
0 %, 20 MiB, 210 MHz, 405 MHz, 20.82 W, 28
 15:16:43 up 6 days, 23:07,  5 users,  load average: 1.01, 1.03, 0.95
2026-09-30T15:16:45-04:00
0 %, 463 MiB, 232 MHz, 405 MHz, 5.66 W, 30
0 %, 20 MiB, 210 MHz, 405 MHz, 20.92 W, 27
 15:16:45 up 6 days, 23:07,  5 users,  load average: 1.01, 1.03, 0.95
2026-09-30T15:16:47-04:00
0 %, 2131 MiB, 2550 MHz, 13801 MHz, 55.30 W, 31
0 %, 20 MiB, 210 MHz, 405 MHz, 28.54 W, 28
1540910, /home/ndizazzo/dev/mesh/issue1393-q4-snapshot-20260930/target/release/xtask, 1694 MiB
 15:16:47 up 6 days, 23:07,  5 users,  load average: 1.01, 1.02, 0.95
2026-09-30T15:16:49-04:00
0 %, 2131 MiB, 2550 MHz, 13801 MHz, 52.67 W, 31
0 %, 20 MiB, 210 MHz, 405 MHz, 21.06 W, 28
1540910, /home/ndizazzo/dev/mesh/issue1393-q4-snapshot-20260930/target/release/xtask, 1694 MiB
 15:16:49 up 6 days, 23:07,  5 users,  load average: 1.01, 1.02, 0.95
2026-09-30T15:16:51-04:00
0 %, 463 MiB, 2047 MHz, 7001 MHz, 44.70 W, 31
0 %, 20 MiB, 210 MHz, 405 MHz, 25.17 W, 28
 15:16:51 up 6 days, 23:07,  5 users,  load average: 1.01, 1.02, 0.95
2026-09-30T15:16:53-04:00
0 %, 463 MiB, 382 MHz, 810 MHz, 13.91 W, 30
0 %, 20 MiB, 210 MHz, 405 MHz, 20.88 W, 28
 15:16:53 up 6 days, 23:07,  5 users,  load average: 1.01, 1.02, 0.96
2026-09-30T15:16:55-04:00
0 %, 463 MiB, 232 MHz, 405 MHz, 5.77 W, 30
0 %, 20 MiB, 210 MHz, 405 MHz, 21.63 W, 28
 15:16:56 up 6 days, 23:07,  5 users,  load average: 1.01, 1.02, 0.96
2026-09-30T15:16:58-04:00
0 %, 463 MiB, 232 MHz, 405 MHz, 5.78 W, 30
0 %, 20 MiB, 210 MHz, 405 MHz, 20.89 W, 27
 15:16:58 up 6 days, 23:08,  5 users,  load average: 1.01, 1.02, 0.96
2026-09-30T15:17:00-04:00
0 %, 463 MiB, 232 MHz, 405 MHz, 5.82 W, 30
0 %, 20 MiB, 210 MHz, 405 MHz, 21.00 W, 28
 15:17:00 up 6 days, 23:08,  5 users,  load average: 1.01, 1.02, 0.96
2026-09-30T15:17:02-04:00
0 %, 463 MiB, 232 MHz, 405 MHz, 5.57 W, 30
0 %, 20 MiB, 210 MHz, 405 MHz, 27.51 W, 28
 15:17:02 up 6 days, 23:08,  5 users,  load average: 1.01, 1.02, 0.96
2026-09-30T15:17:04-04:00
0 %, 463 MiB, 232 MHz, 405 MHz, 5.58 W, 30
0 %, 20 MiB, 210 MHz, 405 MHz, 21.27 W, 28
 15:17:04 up 6 days, 23:08,  5 users,  load average: 1.00, 1.02, 0.96
2026-09-30T15:17:06-04:00
0 %, 463 MiB, 232 MHz, 405 MHz, 5.72 W, 30
0 %, 20 MiB, 210 MHz, 405 MHz, 20.86 W, 28
 15:17:06 up 6 days, 23:08,  5 users,  load average: 1.00, 1.02, 0.96
2026-09-30T15:17:08-04:00
0 %, 463 MiB, 232 MHz, 405 MHz, 5.67 W, 30
0 %, 20 MiB, 210 MHz, 405 MHz, 21.86 W, 28
 15:17:08 up 6 days, 23:08,  5 users,  load average: 1.00, 1.02, 0.96
2026-09-30T15:17:10-04:00
0 %, 463 MiB, 232 MHz, 405 MHz, 6.02 W, 30
0 %, 20 MiB, 210 MHz, 405 MHz, 21.95 W, 28
 15:17:10 up 6 days, 23:08,  5 users,  load average: 1.00, 1.02, 0.96
2026-09-30T15:17:12-04:00
0 %, 463 MiB, 232 MHz, 405 MHz, 5.82 W, 30
0 %, 20 MiB, 210 MHz, 405 MHz, 20.91 W, 27
 15:17:12 up 6 days, 23:08,  5 users,  load average: 1.00, 1.02, 0.96
2026-09-30T15:17:14-04:00
0 %, 463 MiB, 232 MHz, 405 MHz, 5.65 W, 30
0 %, 20 MiB, 210 MHz, 405 MHz, 21.05 W, 28
 15:17:14 up 6 days, 23:08,  5 users,  load average: 1.00, 1.02, 0.96
2026-09-30T15:17:16-04:00
0 %, 463 MiB, 232 MHz, 405 MHz, 5.80 W, 30
0 %, 20 MiB, 210 MHz, 405 MHz, 27.47 W, 28
 15:17:16 up 6 days, 23:08,  5 users,  load average: 1.00, 1.02, 0.96
2026-09-30T15:17:18-04:00
0 %, 463 MiB, 232 MHz, 405 MHz, 6.01 W, 30
0 %, 20 MiB, 210 MHz, 405 MHz, 21.08 W, 28
 15:17:18 up 6 days, 23:08,  5 users,  load average: 1.00, 1.02, 0.96
2026-09-30T15:17:20-04:00
0 %, 463 MiB, 232 MHz, 405 MHz, 5.68 W, 30
0 %, 20 MiB, 210 MHz, 405 MHz, 20.99 W, 28
 15:17:20 up 6 days, 23:08,  5 users,  load average: 1.00, 1.02, 0.96
2026-09-30T15:17:22-04:00
0 %, 463 MiB, 232 MHz, 405 MHz, 5.91 W, 30
0 %, 20 MiB, 210 MHz, 405 MHz, 22.69 W, 28
 15:17:23 up 6 days, 23:08,  5 users,  load average: 1.00, 1.02, 0.96
2026-09-30T15:17:25-04:00
0 %, 463 MiB, 232 MHz, 405 MHz, 5.75 W, 30
0 %, 20 MiB, 210 MHz, 405 MHz, 22.24 W, 28
 15:17:25 up 6 days, 23:08,  5 users,  load average: 1.00, 1.02, 0.96
2026-09-30T15:17:27-04:00
0 %, 463 MiB, 232 MHz, 405 MHz, 5.17 W, 30
0 %, 20 MiB, 210 MHz, 405 MHz, 20.78 W, 28
 15:17:27 up 6 days, 23:08,  5 users,  load average: 1.00, 1.02, 0.96
2026-09-30T15:17:29-04:00
0 %, 463 MiB, 232 MHz, 405 MHz, 5.51 W, 30
0 %, 20 MiB, 210 MHz, 405 MHz, 20.89 W, 27
 15:17:29 up 6 days, 23:08,  5 users,  load average: 1.00, 1.02, 0.96
2026-09-30T15:17:31-04:00
0 %, 463 MiB, 232 MHz, 405 MHz, 5.70 W, 30
0 %, 20 MiB, 210 MHz, 405 MHz, 27.16 W, 28
 15:17:31 up 6 days, 23:08,  5 users,  load average: 1.00, 1.02, 0.96
2026-09-30T15:17:33-04:00
0 %, 463 MiB, 232 MHz, 405 MHz, 5.57 W, 30
0 %, 20 MiB, 210 MHz, 405 MHz, 21.18 W, 28
 15:17:33 up 6 days, 23:08,  5 users,  load average: 1.00, 1.02, 0.96
2026-09-30T15:17:35-04:00
0 %, 463 MiB, 232 MHz, 405 MHz, 5.61 W, 30
0 %, 20 MiB, 210 MHz, 405 MHz, 20.92 W, 28
 15:17:35 up 6 days, 23:08,  5 users,  load average: 1.00, 1.02, 0.96
2026-09-30T15:17:37-04:00
0 %, 463 MiB, 232 MHz, 405 MHz, 5.70 W, 30
0 %, 20 MiB, 210 MHz, 405 MHz, 23.20 W, 28
 15:17:37 up 6 days, 23:08,  5 users,  load average: 1.08, 1.04, 0.97
2026-09-30T15:17:39-04:00
0 %, 463 MiB, 232 MHz, 405 MHz, 5.39 W, 30
0 %, 20 MiB, 210 MHz, 405 MHz, 21.09 W, 27
 15:17:39 up 6 days, 23:08,  5 users,  load average: 1.08, 1.04, 0.97
2026-09-30T15:17:41-04:00
0 %, 463 MiB, 232 MHz, 405 MHz, 5.67 W, 30
0 %, 20 MiB, 210 MHz, 405 MHz, 20.91 W, 28
 15:17:41 up 6 days, 23:08,  5 users,  load average: 1.08, 1.04, 0.97
2026-09-30T15:17:43-04:00
0 %, 2131 MiB, 232 MHz, 405 MHz, 5.61 W, 30
0 %, 20 MiB, 210 MHz, 405 MHz, 20.87 W, 27
1540910, /home/ndizazzo/dev/mesh/issue1393-q4-snapshot-20260930/target/release/xtask, 1694 MiB
 15:17:43 up 6 days, 23:08,  5 users,  load average: 1.08, 1.04, 0.97
2026-09-30T15:17:45-04:00
0 %, 463 MiB, 2550 MHz, 14001 MHz, 50.82 W, 31
0 %, 20 MiB, 210 MHz, 405 MHz, 28.67 W, 28
 15:17:45 up 6 days, 23:08,  5 users,  load average: 1.08, 1.04, 0.97
2026-09-30T15:17:47-04:00
0 %, 463 MiB, 382 MHz, 810 MHz, 10.92 W, 30
0 %, 20 MiB, 210 MHz, 405 MHz, 21.35 W, 28
 15:17:47 up 6 days, 23:08,  5 users,  load average: 1.07, 1.04, 0.97
2026-09-30T15:17:49-04:00
0 %, 463 MiB, 232 MHz, 405 MHz, 5.76 W, 30
0 %, 20 MiB, 210 MHz, 405 MHz, 20.92 W, 27
 15:17:49 up 6 days, 23:08,  5 users,  load average: 1.07, 1.04, 0.97
2026-09-30T15:17:51-04:00
0 %, 463 MiB, 232 MHz, 405 MHz, 5.82 W, 30
0 %, 20 MiB, 210 MHz, 405 MHz, 24.42 W, 28
 15:17:52 up 6 days, 23:08,  5 users,  load average: 1.07, 1.04, 0.97
2026-09-30T15:17:54-04:00
0 %, 463 MiB, 232 MHz, 405 MHz, 5.41 W, 30
0 %, 20 MiB, 210 MHz, 405 MHz, 21.14 W, 28
 15:17:54 up 6 days, 23:08,  5 users,  load average: 1.06, 1.03, 0.97
2026-09-30T15:17:56-04:00
0 %, 463 MiB, 232 MHz, 405 MHz, 5.28 W, 30
0 %, 20 MiB, 210 MHz, 405 MHz, 20.95 W, 28
 15:17:56 up 6 days, 23:08,  5 users,  load average: 1.06, 1.03, 0.97
2026-09-30T15:17:58-04:00
0 %, 463 MiB, 232 MHz, 405 MHz, 5.69 W, 30
0 %, 20 MiB, 210 MHz, 405 MHz, 21.03 W, 28
 15:17:58 up 6 days, 23:09,  5 users,  load average: 1.06, 1.03, 0.97
2026-09-30T15:18:00-04:00
0 %, 463 MiB, 232 MHz, 405 MHz, 5.46 W, 30
0 %, 20 MiB, 210 MHz, 405 MHz, 21.74 W, 28
 15:18:00 up 6 days, 23:09,  5 users,  load average: 1.06, 1.03, 0.97
2026-09-30T15:18:02-04:00
0 %, 463 MiB, 232 MHz, 405 MHz, 5.23 W, 30
0 %, 20 MiB, 210 MHz, 405 MHz, 20.88 W, 28
 15:18:02 up 6 days, 23:09,  5 users,  load average: 1.06, 1.03, 0.97
2026-09-30T15:18:04-04:00
0 %, 463 MiB, 232 MHz, 405 MHz, 5.55 W, 30
0 %, 20 MiB, 210 MHz, 405 MHz, 20.90 W, 27
 15:18:04 up 6 days, 23:09,  5 users,  load average: 1.05, 1.03, 0.97
2026-09-30T15:18:06-04:00
0 %, 463 MiB, 225 MHz, 405 MHz, 5.77 W, 30
0 %, 20 MiB, 210 MHz, 405 MHz, 23.96 W, 28
 15:18:06 up 6 days, 23:09,  5 users,  load average: 1.05, 1.03, 0.97
2026-09-30T15:18:08-04:00
0 %, 463 MiB, 232 MHz, 405 MHz, 5.44 W, 30
0 %, 20 MiB, 210 MHz, 405 MHz, 20.95 W, 27
 15:18:08 up 6 days, 23:09,  5 users,  load average: 1.05, 1.03, 0.97
2026-09-30T15:18:10-04:00
0 %, 463 MiB, 232 MHz, 405 MHz, 5.25 W, 30
0 %, 20 MiB, 210 MHz, 405 MHz, 20.90 W, 28
 15:18:10 up 6 days, 23:09,  5 users,  load average: 1.05, 1.03, 0.97
2026-09-30T15:18:12-04:00
0 %, 463 MiB, 232 MHz, 405 MHz, 5.39 W, 30
0 %, 20 MiB, 210 MHz, 405 MHz, 21.63 W, 28
 15:18:12 up 6 days, 23:09,  5 users,  load average: 1.04, 1.03, 0.97
2026-09-30T15:18:14-04:00
0 %, 463 MiB, 232 MHz, 405 MHz, 5.15 W, 30
0 %, 20 MiB, 210 MHz, 405 MHz, 22.08 W, 28
 15:18:14 up 6 days, 23:09,  5 users,  load average: 1.04, 1.03, 0.97
2026-09-30T15:18:16-04:00
0 %, 463 MiB, 232 MHz, 405 MHz, 5.17 W, 30
0 %, 20 MiB, 210 MHz, 405 MHz, 20.80 W, 28
 15:18:16 up 6 days, 23:09,  5 users,  load average: 1.04, 1.03, 0.97
2026-09-30T15:18:18-04:00
0 %, 463 MiB, 232 MHz, 405 MHz, 5.93 W, 30
0 %, 20 MiB, 210 MHz, 405 MHz, 20.93 W, 28
 15:18:18 up 6 days, 23:09,  5 users,  load average: 1.04, 1.03, 0.97
2026-09-30T15:18:20-04:00
0 %, 463 MiB, 232 MHz, 405 MHz, 5.41 W, 30
0 %, 20 MiB, 210 MHz, 405 MHz, 27.33 W, 28
 15:18:21 up 6 days, 23:09,  5 users,  load average: 1.04, 1.03, 0.97
2026-09-30T15:18:23-04:00
0 %, 463 MiB, 232 MHz, 405 MHz, 5.81 W, 30
0 %, 20 MiB, 210 MHz, 405 MHz, 21.12 W, 27
 15:18:23 up 6 days, 23:09,  5 users,  load average: 1.04, 1.03, 0.97
2026-09-30T15:18:25-04:00
0 %, 463 MiB, 232 MHz, 405 MHz, 5.59 W, 30
0 %, 20 MiB, 210 MHz, 405 MHz, 20.89 W, 28
 15:18:25 up 6 days, 23:09,  5 users,  load average: 1.04, 1.03, 0.97
2026-09-30T15:18:27-04:00
0 %, 463 MiB, 255 MHz, 405 MHz, 5.45 W, 30
0 %, 20 MiB, 210 MHz, 405 MHz, 22.49 W, 28
 15:18:27 up 6 days, 23:09,  5 users,  load average: 1.04, 1.03, 0.97
2026-09-30T15:18:29-04:00
0 %, 463 MiB, 232 MHz, 405 MHz, 5.74 W, 30
0 %, 20 MiB, 210 MHz, 405 MHz, 21.83 W, 28
 15:18:29 up 6 days, 23:09,  5 users,  load average: 1.03, 1.03, 0.97
2026-09-30T15:18:31-04:00
0 %, 463 MiB, 232 MHz, 405 MHz, 6.01 W, 30
0 %, 20 MiB, 210 MHz, 405 MHz, 20.85 W, 27
 15:18:31 up 6 days, 23:09,  5 users,  load average: 1.03, 1.03, 0.97
2026-09-30T15:18:33-04:00
0 %, 463 MiB, 232 MHz, 405 MHz, 5.60 W, 30
0 %, 20 MiB, 210 MHz, 405 MHz, 20.83 W, 28
 15:18:33 up 6 days, 23:09,  5 users,  load average: 1.03, 1.03, 0.97
2026-09-30T15:18:35-04:00
0 %, 463 MiB, 232 MHz, 405 MHz, 5.79 W, 30
0 %, 20 MiB, 210 MHz, 405 MHz, 27.48 W, 28
 15:18:35 up 6 days, 23:09,  5 users,  load average: 1.03, 1.03, 0.97
2026-09-30T15:18:37-04:00
0 %, 481 MiB, 232 MHz, 405 MHz, 5.88 W, 30
0 %, 20 MiB, 210 MHz, 405 MHz, 21.25 W, 28
1540910, /home/ndizazzo/dev/mesh/issue1393-q4-snapshot-20260930/target/release/xtask, 532 MiB
 15:18:37 up 6 days, 23:09,  5 users,  load average: 1.03, 1.03, 0.97
2026-09-30T15:18:39-04:00
0 %, 463 MiB, 2550 MHz, 14001 MHz, 50.91 W, 31
0 %, 20 MiB, 210 MHz, 405 MHz, 28.67 W, 28
 15:18:39 up 6 days, 23:09,  5 users,  load average: 1.03, 1.03, 0.97
2026-09-30T15:18:41-04:00
0 %, 463 MiB, 435 MHz, 810 MHz, 14.12 W, 30
0 %, 20 MiB, 210 MHz, 405 MHz, 23.92 W, 28
 15:18:41 up 6 days, 23:09,  5 users,  load average: 1.03, 1.03, 0.97
2026-09-30T15:18:43-04:00
0 %, 463 MiB, 232 MHz, 405 MHz, 5.73 W, 30
0 %, 20 MiB, 210 MHz, 405 MHz, 22.02 W, 28
 15:18:43 up 6 days, 23:09,  5 users,  load average: 1.03, 1.03, 0.97
2026-09-30T15:18:45-04:00
0 %, 463 MiB, 232 MHz, 405 MHz, 5.92 W, 30
0 %, 20 MiB, 210 MHz, 405 MHz, 20.86 W, 28
 15:18:45 up 6 days, 23:09,  5 users,  load average: 1.03, 1.03, 0.97
2026-09-30T15:18:47-04:00
0 %, 463 MiB, 232 MHz, 405 MHz, 5.88 W, 30
0 %, 20 MiB, 210 MHz, 405 MHz, 21.02 W, 28
 15:18:47 up 6 days, 23:09,  5 users,  load average: 1.02, 1.03, 0.97
2026-09-30T15:18:49-04:00
0 %, 463 MiB, 232 MHz, 405 MHz, 5.38 W, 30
0 %, 20 MiB, 210 MHz, 405 MHz, 27.32 W, 28
 15:18:50 up 6 days, 23:09,  5 users,  load average: 1.02, 1.03, 0.97
2026-09-30T15:18:52-04:00
0 %, 463 MiB, 232 MHz, 405 MHz, 5.55 W, 30
0 %, 20 MiB, 210 MHz, 405 MHz, 21.05 W, 28
 15:18:52 up 6 days, 23:09,  5 users,  load average: 1.02, 1.03, 0.97
2026-09-30T15:18:54-04:00
0 %, 463 MiB, 232 MHz, 405 MHz, 5.62 W, 30
0 %, 20 MiB, 210 MHz, 405 MHz, 20.85 W, 27
 15:18:54 up 6 days, 23:09,  5 users,  load average: 1.02, 1.03, 0.97
2026-09-30T15:18:56-04:00
0 %, 463 MiB, 232 MHz, 405 MHz, 5.52 W, 30
0 %, 20 MiB, 210 MHz, 405 MHz, 23.44 W, 28
 15:18:56 up 6 days, 23:09,  5 users,  load average: 1.02, 1.03, 0.97
2026-09-30T15:18:58-04:00
0 %, 463 MiB, 232 MHz, 405 MHz, 5.85 W, 30
0 %, 20 MiB, 210 MHz, 405 MHz, 21.42 W, 28
 15:18:58 up 6 days, 23:10,  5 users,  load average: 1.02, 1.03, 0.97
2026-09-30T15:19:00-04:00
0 %, 463 MiB, 232 MHz, 405 MHz, 5.55 W, 30
0 %, 20 MiB, 210 MHz, 405 MHz, 20.70 W, 28
 15:19:00 up 6 days, 23:10,  5 users,  load average: 1.02, 1.03, 0.97
2026-09-30T15:19:02-04:00
0 %, 463 MiB, 232 MHz, 405 MHz, 5.23 W, 30
0 %, 20 MiB, 210 MHz, 405 MHz, 20.83 W, 28
 15:19:02 up 6 days, 23:10,  5 users,  load average: 1.02, 1.03, 0.97
2026-09-30T15:19:04-04:00
0 %, 463 MiB, 232 MHz, 405 MHz, 5.48 W, 30
0 %, 20 MiB, 210 MHz, 405 MHz, 27.64 W, 28
 15:19:04 up 6 days, 23:10,  5 users,  load average: 1.02, 1.02, 0.97
2026-09-30T15:19:06-04:00
0 %, 463 MiB, 232 MHz, 405 MHz, 5.24 W, 30
0 %, 20 MiB, 210 MHz, 405 MHz, 20.91 W, 28
 15:19:06 up 6 days, 23:10,  5 users,  load average: 1.02, 1.02, 0.97
2026-09-30T15:19:08-04:00
0 %, 463 MiB, 232 MHz, 405 MHz, 5.31 W, 30
0 %, 20 MiB, 210 MHz, 405 MHz, 21.01 W, 28
 15:19:08 up 6 days, 23:10,  5 users,  load average: 1.02, 1.02, 0.97
2026-09-30T15:19:10-04:00
0 %, 463 MiB, 232 MHz, 405 MHz, 5.77 W, 30
0 %, 20 MiB, 210 MHz, 405 MHz, 27.12 W, 28
 15:19:10 up 6 days, 23:10,  5 users,  load average: 1.02, 1.02, 0.97
2026-09-30T15:19:12-04:00
0 %, 463 MiB, 232 MHz, 405 MHz, 5.39 W, 30
0 %, 20 MiB, 210 MHz, 405 MHz, 21.80 W, 28
 15:19:12 up 6 days, 23:10,  5 users,  load average: 1.01, 1.02, 0.97
2026-09-30T15:19:14-04:00
0 %, 463 MiB, 232 MHz, 405 MHz, 5.20 W, 30
0 %, 20 MiB, 210 MHz, 405 MHz, 20.90 W, 27
 15:19:14 up 6 days, 23:10,  5 users,  load average: 1.01, 1.02, 0.97
2026-09-30T15:19:16-04:00
0 %, 463 MiB, 232 MHz, 405 MHz, 6.07 W, 30
0 %, 20 MiB, 210 MHz, 405 MHz, 20.97 W, 28
 15:19:16 up 6 days, 23:10,  5 users,  load average: 1.01, 1.02, 0.97
2026-09-30T15:19:18-04:00
0 %, 463 MiB, 232 MHz, 405 MHz, 5.99 W, 30
0 %, 20 MiB, 210 MHz, 405 MHz, 27.48 W, 28
 15:19:19 up 6 days, 23:10,  5 users,  load average: 1.01, 1.02, 0.97
2026-09-30T15:19:21-04:00
0 %, 463 MiB, 232 MHz, 405 MHz, 5.22 W, 30
0 %, 20 MiB, 210 MHz, 405 MHz, 20.80 W, 28
 15:19:21 up 6 days, 23:10,  5 users,  load average: 1.01, 1.02, 0.97
2026-09-30T15:19:23-04:00
0 %, 463 MiB, 232 MHz, 405 MHz, 5.61 W, 30
0 %, 20 MiB, 210 MHz, 405 MHz, 20.86 W, 28
 15:19:23 up 6 days, 23:10,  5 users,  load average: 1.01, 1.02, 0.98
2026-09-30T15:19:25-04:00
0 %, 463 MiB, 232 MHz, 405 MHz, 5.87 W, 30
0 %, 20 MiB, 210 MHz, 405 MHz, 27.50 W, 28
 15:19:25 up 6 days, 23:10,  5 users,  load average: 1.01, 1.02, 0.98
2026-09-30T15:19:27-04:00
0 %, 463 MiB, 232 MHz, 405 MHz, 5.23 W, 30
0 %, 20 MiB, 210 MHz, 405 MHz, 21.15 W, 28
 15:19:27 up 6 days, 23:10,  5 users,  load average: 1.01, 1.02, 0.98
2026-09-30T15:19:29-04:00
0 %, 463 MiB, 232 MHz, 405 MHz, 5.64 W, 30
0 %, 20 MiB, 210 MHz, 405 MHz, 20.81 W, 28
 15:19:29 up 6 days, 23:10,  5 users,  load average: 1.01, 1.02, 0.98
2026-09-30T15:19:31-04:00
0 %, 463 MiB, 247 MHz, 405 MHz, 5.49 W, 30
0 %, 20 MiB, 210 MHz, 405 MHz, 20.75 W, 27
 15:19:31 up 6 days, 23:10,  5 users,  load average: 1.01, 1.02, 0.98
2026-09-30T15:19:33-04:00
0 %, 463 MiB, 2550 MHz, 14001 MHz, 53.21 W, 31
0 %, 20 MiB, 210 MHz, 405 MHz, 27.34 W, 28
 15:19:33 up 6 days, 23:10,  5 users,  load average: 1.01, 1.02, 0.98
2026-09-30T15:19:35-04:00
0 %, 463 MiB, 570 MHz, 810 MHz, 24.11 W, 30
0 %, 20 MiB, 210 MHz, 405 MHz, 21.50 W, 28
 15:19:35 up 6 days, 23:10,  5 users,  load average: 1.01, 1.02, 0.98
2026-09-30T15:19:37-04:00
0 %, 463 MiB, 232 MHz, 405 MHz, 6.29 W, 30
0 %, 20 MiB, 210 MHz, 405 MHz, 20.77 W, 27
 15:19:37 up 6 days, 23:10,  5 users,  load average: 1.01, 1.02, 0.98
2026-09-30T15:19:39-04:00
0 %, 463 MiB, 232 MHz, 405 MHz, 5.70 W, 30
0 %, 20 MiB, 210 MHz, 405 MHz, 25.91 W, 28
 15:19:39 up 6 days, 23:10,  5 users,  load average: 1.01, 1.02, 0.98
2026-09-30T15:19:41-04:00
0 %, 463 MiB, 232 MHz, 405 MHz, 5.71 W, 30
0 %, 20 MiB, 210 MHz, 405 MHz, 20.93 W, 28
 15:19:41 up 6 days, 23:10,  5 users,  load average: 1.01, 1.02, 0.98
2026-09-30T15:19:43-04:00
0 %, 463 MiB, 232 MHz, 405 MHz, 5.90 W, 30
0 %, 20 MiB, 210 MHz, 405 MHz, 20.75 W, 27
 15:19:43 up 6 days, 23:10,  5 users,  load average: 1.01, 1.02, 0.98
2026-09-30T15:19:45-04:00
0 %, 463 MiB, 247 MHz, 405 MHz, 5.83 W, 30
0 %, 20 MiB, 210 MHz, 405 MHz, 21.06 W, 28
 15:19:45 up 6 days, 23:10,  5 users,  load average: 1.01, 1.02, 0.98
2026-09-30T15:19:47-04:00
0 %, 463 MiB, 232 MHz, 405 MHz, 5.49 W, 30
0 %, 20 MiB, 210 MHz, 405 MHz, 22.21 W, 28
 15:19:48 up 6 days, 23:10,  5 users,  load average: 1.01, 1.02, 0.98
2026-09-30T15:19:50-04:00
0 %, 463 MiB, 232 MHz, 405 MHz, 5.81 W, 30
0 %, 20 MiB, 210 MHz, 405 MHz, 20.83 W, 27
 15:19:50 up 6 days, 23:10,  5 users,  load average: 1.01, 1.02, 0.98
2026-09-30T15:19:52-04:00
0 %, 463 MiB, 232 MHz, 405 MHz, 5.69 W, 30
0 %, 20 MiB, 210 MHz, 405 MHz, 21.02 W, 28
 15:19:52 up 6 days, 23:10,  5 users,  load average: 1.01, 1.02, 0.98
2026-09-30T15:19:54-04:00
0 %, 463 MiB, 232 MHz, 405 MHz, 5.83 W, 30
0 %, 20 MiB, 210 MHz, 405 MHz, 27.19 W, 28
 15:19:54 up 6 days, 23:10,  5 users,  load average: 1.01, 1.02, 0.98
2026-09-30T15:19:56-04:00
0 %, 463 MiB, 232 MHz, 405 MHz, 5.91 W, 30
0 %, 20 MiB, 210 MHz, 405 MHz, 21.29 W, 28
 15:19:56 up 6 days, 23:10,  5 users,  load average: 1.01, 1.02, 0.98
2026-09-30T15:19:58-04:00
0 %, 463 MiB, 232 MHz, 405 MHz, 6.04 W, 30
0 %, 20 MiB, 210 MHz, 405 MHz, 20.88 W, 27
 15:19:58 up 6 days, 23:11,  5 users,  load average: 1.00, 1.02, 0.98
2026-09-30T15:20:00-04:00
0 %, 463 MiB, 232 MHz, 405 MHz, 5.78 W, 30
0 %, 20 MiB, 210 MHz, 405 MHz, 21.91 W, 28
 15:20:00 up 6 days, 23:11,  5 users,  load average: 1.00, 1.02, 0.98
2026-09-30T15:20:02-04:00
0 %, 463 MiB, 195 MHz, 405 MHz, 6.04 W, 30
0 %, 20 MiB, 210 MHz, 405 MHz, 21.83 W, 28
 15:20:02 up 6 days, 23:11,  5 users,  load average: 1.08, 1.04, 0.98
2026-09-30T15:20:04-04:00
0 %, 463 MiB, 195 MHz, 405 MHz, 5.61 W, 30
0 %, 20 MiB, 210 MHz, 405 MHz, 20.95 W, 27
 15:20:04 up 6 days, 23:11,  5 users,  load average: 1.08, 1.04, 0.98
2026-09-30T15:20:06-04:00
0 %, 463 MiB, 195 MHz, 405 MHz, 5.71 W, 30
0 %, 20 MiB, 210 MHz, 405 MHz, 21.01 W, 28
 15:20:06 up 6 days, 23:11,  5 users,  load average: 1.08, 1.04, 0.98
2026-09-30T15:20:08-04:00
0 %, 463 MiB, 195 MHz, 405 MHz, 5.66 W, 30
0 %, 20 MiB, 210 MHz, 405 MHz, 27.56 W, 28
 15:20:08 up 6 days, 23:11,  5 users,  load average: 1.08, 1.04, 0.99
2026-09-30T15:20:10-04:00
0 %, 463 MiB, 195 MHz, 405 MHz, 5.76 W, 30
0 %, 20 MiB, 210 MHz, 405 MHz, 20.86 W, 27
 15:20:10 up 6 days, 23:11,  5 users,  load average: 1.08, 1.04, 0.99
2026-09-30T15:20:12-04:00
0 %, 463 MiB, 195 MHz, 405 MHz, 5.39 W, 30
0 %, 20 MiB, 210 MHz, 405 MHz, 20.86 W, 27
 15:20:12 up 6 days, 23:11,  5 users,  load average: 1.07, 1.03, 0.99
2026-09-30T15:20:14-04:00
0 %, 463 MiB, 195 MHz, 405 MHz, 5.57 W, 30
0 %, 20 MiB, 210 MHz, 405 MHz, 22.71 W, 28
 15:20:15 up 6 days, 23:11,  5 users,  load average: 1.07, 1.03, 0.99
2026-09-30T15:20:17-04:00
0 %, 463 MiB, 195 MHz, 405 MHz, 5.68 W, 30
0 %, 20 MiB, 210 MHz, 405 MHz, 22.06 W, 28
 15:20:17 up 6 days, 23:11,  5 users,  load average: 1.07, 1.03, 0.99
2026-09-30T15:20:19-04:00
0 %, 463 MiB, 195 MHz, 405 MHz, 5.67 W, 30
0 %, 20 MiB, 210 MHz, 405 MHz, 20.87 W, 28
 15:20:19 up 6 days, 23:11,  5 users,  load average: 1.07, 1.03, 0.99
2026-09-30T15:20:21-04:00
0 %, 463 MiB, 195 MHz, 405 MHz, 5.76 W, 30
0 %, 20 MiB, 210 MHz, 405 MHz, 21.01 W, 27
 15:20:21 up 6 days, 23:11,  5 users,  load average: 1.07, 1.03, 0.99
2026-09-30T15:20:23-04:00
0 %, 463 MiB, 195 MHz, 405 MHz, 5.64 W, 30
0 %, 20 MiB, 210 MHz, 405 MHz, 27.33 W, 28
 15:20:23 up 6 days, 23:11,  5 users,  load average: 1.06, 1.03, 0.99
2026-09-30T15:20:25-04:00
0 %, 463 MiB, 195 MHz, 405 MHz, 5.65 W, 30
0 %, 20 MiB, 210 MHz, 405 MHz, 21.16 W, 28
 15:20:25 up 6 days, 23:11,  5 users,  load average: 1.06, 1.03, 0.99
2026-09-30T15:20:27-04:00
0 %, 2131 MiB, 2542 MHz, 13801 MHz, 64.52 W, 31
0 %, 20 MiB, 210 MHz, 405 MHz, 24.36 W, 28
 15:20:27 up 6 days, 23:11,  5 users,  load average: 1.06, 1.03, 0.99
2026-09-30T15:20:29-04:00
0 %, 463 MiB, 517 MHz, 810 MHz, 27.70 W, 30
0 %, 20 MiB, 210 MHz, 405 MHz, 28.18 W, 28
 15:20:29 up 6 days, 23:11,  5 users,  load average: 1.06, 1.03, 0.99
2026-09-30T15:20:31-04:00
0 %, 463 MiB, 195 MHz, 405 MHz, 6.11 W, 30
0 %, 20 MiB, 210 MHz, 405 MHz, 21.68 W, 28
 15:20:31 up 6 days, 23:11,  5 users,  load average: 1.06, 1.03, 0.99
2026-09-30T15:20:33-04:00
0 %, 463 MiB, 195 MHz, 405 MHz, 5.60 W, 30
0 %, 20 MiB, 210 MHz, 405 MHz, 20.88 W, 28
 15:20:33 up 6 days, 23:11,  5 users,  load average: 1.05, 1.03, 0.99
2026-09-30T15:20:35-04:00
0 %, 463 MiB, 195 MHz, 405 MHz, 5.51 W, 30
0 %, 20 MiB, 210 MHz, 405 MHz, 20.97 W, 28
 15:20:35 up 6 days, 23:11,  5 users,  load average: 1.05, 1.03, 0.99
2026-09-30T15:20:37-04:00
0 %, 463 MiB, 195 MHz, 405 MHz, 5.74 W, 30
0 %, 20 MiB, 210 MHz, 405 MHz, 27.57 W, 28
 15:20:37 up 6 days, 23:11,  5 users,  load average: 1.05, 1.03, 0.99
2026-09-30T15:20:39-04:00
0 %, 463 MiB, 195 MHz, 405 MHz, 5.36 W, 30
0 %, 20 MiB, 210 MHz, 405 MHz, 21.30 W, 28
 15:20:39 up 6 days, 23:11,  5 users,  load average: 1.05, 1.03, 0.99
2026-09-30T15:20:41-04:00
0 %, 463 MiB, 195 MHz, 405 MHz, 5.64 W, 30
0 %, 20 MiB, 210 MHz, 405 MHz, 20.97 W, 28
 15:20:41 up 6 days, 23:11,  5 users,  load average: 1.05, 1.03, 0.99
2026-09-30T15:20:43-04:00
0 %, 463 MiB, 195 MHz, 405 MHz, 5.83 W, 30
0 %, 20 MiB, 210 MHz, 405 MHz, 23.58 W, 28
 15:20:44 up 6 days, 23:11,  5 users,  load average: 1.04, 1.03, 0.99
2026-09-30T15:20:46-04:00
0 %, 463 MiB, 195 MHz, 405 MHz, 5.32 W, 30
0 %, 20 MiB, 210 MHz, 405 MHz, 21.98 W, 28
 15:20:46 up 6 days, 23:11,  5 users,  load average: 1.04, 1.03, 0.99
2026-09-30T15:20:48-04:00
0 %, 463 MiB, 195 MHz, 405 MHz, 5.67 W, 30
0 %, 20 MiB, 210 MHz, 405 MHz, 21.03 W, 28
 15:20:48 up 6 days, 23:11,  5 users,  load average: 1.04, 1.03, 0.99
2026-09-30T15:20:50-04:00
0 %, 463 MiB, 195 MHz, 405 MHz, 5.75 W, 30
1 %, 20 MiB, 210 MHz, 405 MHz, 21.14 W, 27
 15:20:50 up 6 days, 23:11,  5 users,  load average: 1.04, 1.03, 0.99
2026-09-30T15:20:52-04:00
0 %, 463 MiB, 195 MHz, 405 MHz, 5.44 W, 30
0 %, 20 MiB, 210 MHz, 405 MHz, 21.78 W, 28
 15:20:52 up 6 days, 23:11,  5 users,  load average: 1.04, 1.03, 0.99
2026-09-30T15:20:54-04:00
0 %, 463 MiB, 195 MHz, 405 MHz, 5.20 W, 30
0 %, 20 MiB, 210 MHz, 405 MHz, 20.91 W, 28
 15:20:54 up 6 days, 23:11,  5 users,  load average: 1.04, 1.03, 0.99
2026-09-30T15:20:56-04:00
0 %, 463 MiB, 195 MHz, 405 MHz, 5.64 W, 30
0 %, 20 MiB, 210 MHz, 405 MHz, 20.96 W, 27
 15:20:56 up 6 days, 23:11,  5 users,  load average: 1.04, 1.03, 0.99
2026-09-30T15:20:58-04:00
0 %, 463 MiB, 195 MHz, 405 MHz, 5.53 W, 30
0 %, 20 MiB, 210 MHz, 405 MHz, 24.04 W, 28
 15:20:58 up 6 days, 23:12,  5 users,  load average: 1.03, 1.03, 0.99
2026-09-30T15:21:00-04:00
0 %, 463 MiB, 195 MHz, 405 MHz, 5.67 W, 30
0 %, 20 MiB, 210 MHz, 405 MHz, 22.23 W, 28
 15:21:00 up 6 days, 23:12,  5 users,  load average: 1.03, 1.03, 0.99
2026-09-30T15:21:02-04:00
0 %, 463 MiB, 195 MHz, 405 MHz, 5.75 W, 30
0 %, 20 MiB, 210 MHz, 405 MHz, 20.75 W, 28
 15:21:02 up 6 days, 23:12,  5 users,  load average: 1.03, 1.03, 0.99
2026-09-30T15:21:04-04:00
0 %, 463 MiB, 210 MHz, 405 MHz, 5.65 W, 30
0 %, 20 MiB, 210 MHz, 405 MHz, 21.70 W, 28
 15:21:04 up 6 days, 23:12,  5 users,  load average: 1.03, 1.03, 0.99
2026-09-30T15:21:06-04:00
0 %, 463 MiB, 195 MHz, 405 MHz, 5.58 W, 30
0 %, 20 MiB, 210 MHz, 405 MHz, 21.98 W, 28
 15:21:06 up 6 days, 23:12,  5 users,  load average: 1.03, 1.03, 0.99
2026-09-30T15:21:08-04:00
0 %, 463 MiB, 195 MHz, 405 MHz, 5.76 W, 30
0 %, 20 MiB, 210 MHz, 405 MHz, 20.81 W, 27
 15:21:08 up 6 days, 23:12,  5 users,  load average: 1.03, 1.03, 0.99
2026-09-30T15:21:10-04:00
0 %, 463 MiB, 195 MHz, 405 MHz, 5.68 W, 30
0 %, 20 MiB, 210 MHz, 405 MHz, 20.98 W, 28
 15:21:10 up 6 days, 23:12,  5 users,  load average: 1.03, 1.03, 0.99
2026-09-30T15:21:12-04:00
0 %, 463 MiB, 195 MHz, 405 MHz, 5.51 W, 30
0 %, 20 MiB, 210 MHz, 405 MHz, 27.31 W, 28
 15:21:13 up 6 days, 23:12,  5 users,  load average: 1.02, 1.03, 0.99
2026-09-30T15:21:15-04:00
0 %, 463 MiB, 195 MHz, 405 MHz, 5.91 W, 30
0 %, 20 MiB, 210 MHz, 405 MHz, 21.04 W, 28
 15:21:15 up 6 days, 23:12,  5 users,  load average: 1.02, 1.03, 0.99
2026-09-30T15:21:17-04:00
0 %, 463 MiB, 195 MHz, 405 MHz, 6.03 W, 30
0 %, 20 MiB, 210 MHz, 405 MHz, 20.98 W, 28
 15:21:17 up 6 days, 23:12,  5 users,  load average: 1.02, 1.03, 0.99
2026-09-30T15:21:19-04:00
0 %, 463 MiB, 195 MHz, 405 MHz, 5.89 W, 30
0 %, 20 MiB, 210 MHz, 405 MHz, 22.61 W, 28
 15:21:19 up 6 days, 23:12,  5 users,  load average: 1.02, 1.03, 0.99
2026-09-30T15:21:21-04:00
0 %, 2131 MiB, 1192 MHz, 13801 MHz, 13.35 W, 31
0 %, 20 MiB, 210 MHz, 405 MHz, 21.96 W, 28
1540910, /home/ndizazzo/dev/mesh/issue1393-q4-snapshot-20260930/target/release/xtask, 1694 MiB
 15:21:21 up 6 days, 23:12,  5 users,  load average: 1.02, 1.03, 0.99
2026-09-30T15:21:23-04:00
0 %, 463 MiB, 2542 MHz, 14001 MHz, 51.21 W, 31
0 %, 20 MiB, 210 MHz, 405 MHz, 28.54 W, 28
 15:21:23 up 6 days, 23:12,  5 users,  load average: 1.02, 1.02, 0.99
2026-09-30T15:21:25-04:00
0 %, 463 MiB, 375 MHz, 810 MHz, 14.38 W, 30
0 %, 20 MiB, 210 MHz, 405 MHz, 21.09 W, 28
 15:21:25 up 6 days, 23:12,  5 users,  load average: 1.02, 1.02, 0.99
2026-09-30T15:21:27-04:00
0 %, 463 MiB, 195 MHz, 405 MHz, 5.75 W, 30
0 %, 20 MiB, 210 MHz, 405 MHz, 24.61 W, 28
 15:21:27 up 6 days, 23:12,  5 users,  load average: 1.02, 1.02, 0.99
2026-09-30T15:21:29-04:00
0 %, 463 MiB, 195 MHz, 405 MHz, 5.86 W, 30
0 %, 20 MiB, 210 MHz, 405 MHz, 21.24 W, 28
 15:21:29 up 6 days, 23:12,  5 users,  load average: 1.02, 1.02, 0.99
2026-09-30T15:21:31-04:00
0 %, 463 MiB, 195 MHz, 405 MHz, 5.88 W, 30
0 %, 20 MiB, 210 MHz, 405 MHz, 20.98 W, 28
 15:21:31 up 6 days, 23:12,  5 users,  load average: 1.02, 1.02, 0.99
2026-09-30T15:21:33-04:00
0 %, 463 MiB, 195 MHz, 405 MHz, 5.46 W, 30
0 %, 20 MiB, 210 MHz, 405 MHz, 23.09 W, 28
 15:21:33 up 6 days, 23:12,  5 users,  load average: 1.02, 1.02, 0.99
2026-09-30T15:21:35-04:00
0 %, 463 MiB, 195 MHz, 405 MHz, 5.63 W, 30
0 %, 20 MiB, 210 MHz, 405 MHz, 22.02 W, 28
 15:21:35 up 6 days, 23:12,  5 users,  load average: 1.02, 1.02, 0.99
2026-09-30T15:21:37-04:00
0 %, 463 MiB, 195 MHz, 405 MHz, 5.24 W, 30
0 %, 20 MiB, 210 MHz, 405 MHz, 20.94 W, 28
 15:21:37 up 6 days, 23:12,  5 users,  load average: 1.02, 1.02, 0.99
2026-09-30T15:21:39-04:00
0 %, 463 MiB, 195 MHz, 405 MHz, 4.95 W, 30
0 %, 20 MiB, 210 MHz, 405 MHz, 21.04 W, 28
 15:21:39 up 6 days, 23:12,  5 users,  load average: 1.02, 1.02, 0.99
2026-09-30T15:21:41-04:00
0 %, 463 MiB, 195 MHz, 405 MHz, 5.54 W, 30
0 %, 20 MiB, 210 MHz, 405 MHz, 27.42 W, 28
 15:21:42 up 6 days, 23:12,  5 users,  load average: 1.02, 1.02, 0.99
2026-09-30T15:21:44-04:00
0 %, 463 MiB, 195 MHz, 405 MHz, 5.57 W, 30
0 %, 20 MiB, 210 MHz, 405 MHz, 20.98 W, 28
 15:21:44 up 6 days, 23:12,  5 users,  load average: 1.01, 1.02, 0.99
2026-09-30T15:21:46-04:00
0 %, 463 MiB, 195 MHz, 405 MHz, 5.50 W, 30
0 %, 20 MiB, 210 MHz, 405 MHz, 20.89 W, 27
 15:21:46 up 6 days, 23:12,  5 users,  load average: 1.01, 1.02, 0.99
2026-09-30T15:21:48-04:00
0 %, 463 MiB, 195 MHz, 405 MHz, 5.33 W, 30
0 %, 20 MiB, 210 MHz, 405 MHz, 23.65 W, 28
 15:21:48 up 6 days, 23:12,  5 users,  load average: 1.01, 1.02, 1.00
2026-09-30T15:21:50-04:00
0 %, 463 MiB, 195 MHz, 405 MHz, 5.64 W, 30
0 %, 20 MiB, 210 MHz, 405 MHz, 22.23 W, 28
 15:21:50 up 6 days, 23:12,  5 users,  load average: 1.01, 1.02, 1.00
2026-09-30T15:21:52-04:00
0 %, 463 MiB, 195 MHz, 405 MHz, 5.18 W, 30
0 %, 20 MiB, 210 MHz, 405 MHz, 20.90 W, 28
 15:21:52 up 6 days, 23:12,  5 users,  load average: 1.01, 1.02, 1.00
2026-09-30T15:21:54-04:00
0 %, 463 MiB, 195 MHz, 405 MHz, 5.78 W, 30
0 %, 20 MiB, 210 MHz, 405 MHz, 20.95 W, 28
 15:21:54 up 6 days, 23:12,  5 users,  load average: 1.01, 1.02, 1.00
2026-09-30T15:21:56-04:00
0 %, 463 MiB, 187 MHz, 405 MHz, 5.34 W, 30
0 %, 20 MiB, 210 MHz, 405 MHz, 27.17 W, 28
 15:21:56 up 6 days, 23:12,  5 users,  load average: 1.01, 1.02, 1.00
2026-09-30T15:21:58-04:00
0 %, 463 MiB, 195 MHz, 405 MHz, 5.57 W, 30
0 %, 20 MiB, 210 MHz, 405 MHz, 21.16 W, 28
 15:21:58 up 6 days, 23:13,  5 users,  load average: 1.01, 1.02, 1.00
2026-09-30T15:22:00-04:00
0 %, 463 MiB, 195 MHz, 405 MHz, 5.89 W, 30
0 %, 20 MiB, 210 MHz, 405 MHz, 21.01 W, 28
 15:22:00 up 6 days, 23:13,  5 users,  load average: 1.01, 1.02, 1.00
2026-09-30T15:22:02-04:00
0 %, 463 MiB, 195 MHz, 405 MHz, 5.78 W, 30
0 %, 20 MiB, 210 MHz, 405 MHz, 23.96 W, 28
 15:22:02 up 6 days, 23:13,  5 users,  load average: 1.01, 1.02, 1.00
2026-09-30T15:22:04-04:00
0 %, 463 MiB, 195 MHz, 405 MHz, 5.45 W, 30
0 %, 20 MiB, 210 MHz, 405 MHz, 21.69 W, 28
 15:22:04 up 6 days, 23:13,  5 users,  load average: 1.01, 1.02, 1.00
2026-09-30T15:22:06-04:00
0 %, 463 MiB, 195 MHz, 405 MHz, 5.32 W, 30
0 %, 20 MiB, 210 MHz, 405 MHz, 20.77 W, 28
 15:22:06 up 6 days, 23:13,  5 users,  load average: 1.01, 1.02, 1.00
2026-09-30T15:22:08-04:00
0 %, 463 MiB, 195 MHz, 405 MHz, 5.41 W, 30
0 %, 20 MiB, 210 MHz, 405 MHz, 20.88 W, 28
 15:22:08 up 6 days, 23:13,  5 users,  load average: 1.01, 1.02, 1.00
2026-09-30T15:22:10-04:00
0 %, 463 MiB, 195 MHz, 405 MHz, 5.47 W, 30
0 %, 20 MiB, 210 MHz, 405 MHz, 27.34 W, 28
 15:22:11 up 6 days, 23:13,  5 users,  load average: 1.01, 1.02, 1.00
2026-09-30T15:22:13-04:00
0 %, 463 MiB, 195 MHz, 405 MHz, 5.60 W, 30
0 %, 20 MiB, 210 MHz, 405 MHz, 21.14 W, 28
 15:22:13 up 6 days, 23:13,  5 users,  load average: 1.01, 1.02, 1.00
2026-09-30T15:22:15-04:00
0 %, 480 MiB, 195 MHz, 405 MHz, 5.71 W, 30
0 %, 20 MiB, 210 MHz, 405 MHz, 20.89 W, 28
1540910, /home/ndizazzo/dev/mesh/issue1393-q4-snapshot-20260930/target/release/xtask, 44 MiB
 15:22:15 up 6 days, 23:13,  5 users,  load average: 1.01, 1.02, 1.00
2026-09-30T15:22:17-04:00
0 %, 463 MiB, 2542 MHz, 14001 MHz, 53.82 W, 31
0 %, 20 MiB, 210 MHz, 405 MHz, 28.63 W, 28
 15:22:17 up 6 days, 23:13,  5 users,  load average: 1.01, 1.02, 1.00
2026-09-30T15:22:19-04:00
0 %, 463 MiB, 397 MHz, 810 MHz, 14.12 W, 30
0 %, 20 MiB, 210 MHz, 405 MHz, 21.68 W, 28
 15:22:19 up 6 days, 23:13,  5 users,  load average: 1.01, 1.02, 1.00
2026-09-30T15:22:21-04:00
0 %, 463 MiB, 195 MHz, 405 MHz, 5.98 W, 30
0 %, 20 MiB, 210 MHz, 405 MHz, 20.89 W, 28
 15:22:21 up 6 days, 23:13,  5 users,  load average: 1.01, 1.02, 1.00
2026-09-30T15:22:23-04:00
0 %, 463 MiB, 195 MHz, 405 MHz, 5.58 W, 30
0 %, 20 MiB, 210 MHz, 405 MHz, 20.96 W, 28
 15:22:23 up 6 days, 23:13,  5 users,  load average: 1.01, 1.02, 1.00
2026-09-30T15:22:25-04:00
0 %, 463 MiB, 195 MHz, 405 MHz, 5.55 W, 30
0 %, 20 MiB, 210 MHz, 405 MHz, 24.59 W, 28
 15:22:25 up 6 days, 23:13,  5 users,  load average: 1.01, 1.02, 1.00
2026-09-30T15:22:27-04:00
0 %, 463 MiB, 195 MHz, 405 MHz, 5.44 W, 30
0 %, 20 MiB, 210 MHz, 405 MHz, 20.79 W, 28
 15:22:27 up 6 days, 23:13,  5 users,  load average: 1.09, 1.04, 1.00
2026-09-30T15:22:29-04:00
0 %, 463 MiB, 195 MHz, 405 MHz, 5.65 W, 30
0 %, 20 MiB, 210 MHz, 405 MHz, 20.97 W, 28
 15:22:29 up 6 days, 23:13,  5 users,  load average: 1.09, 1.04, 1.00
2026-09-30T15:22:31-04:00
0 %, 463 MiB, 195 MHz, 405 MHz, 5.72 W, 30
0 %, 20 MiB, 210 MHz, 405 MHz, 27.61 W, 28
 15:22:31 up 6 days, 23:13,  5 users,  load average: 1.09, 1.04, 1.00
2026-09-30T15:22:33-04:00
0 %, 463 MiB, 195 MHz, 405 MHz, 5.29 W, 30
0 %, 20 MiB, 210 MHz, 405 MHz, 21.10 W, 28
 15:22:33 up 6 days, 23:13,  5 users,  load average: 1.08, 1.03, 1.00
2026-09-30T15:22:35-04:00
0 %, 463 MiB, 195 MHz, 405 MHz, 5.73 W, 30
0 %, 20 MiB, 210 MHz, 405 MHz, 20.96 W, 28
 15:22:35 up 6 days, 23:13,  5 users,  load average: 1.08, 1.03, 1.00
2026-09-30T15:22:37-04:00
0 %, 463 MiB, 195 MHz, 405 MHz, 6.24 W, 30
1 %, 20 MiB, 210 MHz, 405 MHz, 21.10 W, 28
 15:22:37 up 6 days, 23:13,  5 users,  load average: 1.07, 1.03, 1.00
2026-09-30T15:22:39-04:00
0 %, 463 MiB, 195 MHz, 405 MHz, 5.62 W, 30
0 %, 20 MiB, 210 MHz, 405 MHz, 22.20 W, 28
 15:22:40 up 6 days, 23:13,  5 users,  load average: 1.07, 1.03, 1.00
2026-09-30T15:22:42-04:00
0 %, 463 MiB, 195 MHz, 405 MHz, 5.66 W, 30
0 %, 20 MiB, 210 MHz, 405 MHz, 20.97 W, 28
 15:22:42 up 6 days, 23:13,  5 users,  load average: 1.07, 1.03, 1.00
2026-09-30T15:22:44-04:00
0 %, 463 MiB, 195 MHz, 405 MHz, 5.61 W, 30
0 %, 20 MiB, 210 MHz, 405 MHz, 21.01 W, 27
 15:22:44 up 6 days, 23:13,  5 users,  load average: 1.07, 1.03, 1.00
2026-09-30T15:22:46-04:00
0 %, 463 MiB, 195 MHz, 405 MHz, 5.28 W, 30
0 %, 20 MiB, 210 MHz, 405 MHz, 27.35 W, 28
 15:22:46 up 6 days, 23:13,  5 users,  load average: 1.07, 1.03, 1.00
2026-09-30T15:22:48-04:00
0 %, 463 MiB, 195 MHz, 405 MHz, 5.61 W, 30
0 %, 20 MiB, 210 MHz, 405 MHz, 21.13 W, 28
 15:22:48 up 6 days, 23:13,  5 users,  load average: 1.06, 1.03, 1.00
2026-09-30T15:22:50-04:00
0 %, 463 MiB, 195 MHz, 405 MHz, 5.82 W, 30
0 %, 20 MiB, 210 MHz, 405 MHz, 20.95 W, 28
 15:22:50 up 6 days, 23:13,  5 users,  load average: 1.06, 1.03, 1.00
2026-09-30T15:22:52-04:00
0 %, 463 MiB, 195 MHz, 405 MHz, 5.66 W, 30
0 %, 20 MiB, 210 MHz, 405 MHz, 21.92 W, 28
 15:22:52 up 6 days, 23:13,  5 users,  load average: 1.06, 1.03, 1.00
2026-09-30T15:22:54-04:00
0 %, 463 MiB, 195 MHz, 405 MHz, 5.59 W, 30
0 %, 20 MiB, 210 MHz, 405 MHz, 21.71 W, 28
 15:22:54 up 6 days, 23:13,  5 users,  load average: 1.06, 1.03, 1.00
2026-09-30T15:22:56-04:00
0 %, 463 MiB, 195 MHz, 405 MHz, 5.41 W, 30
0 %, 20 MiB, 210 MHz, 405 MHz, 20.86 W, 28
 15:22:56 up 6 days, 23:13,  5 users,  load average: 1.06, 1.03, 1.00
2026-09-30T15:22:58-04:00
0 %, 463 MiB, 195 MHz, 405 MHz, 5.12 W, 30
0 %, 20 MiB, 210 MHz, 405 MHz, 20.92 W, 27
 15:22:58 up 6 days, 23:14,  5 users,  load average: 1.05, 1.03, 1.00
2026-09-30T15:23:00-04:00
0 %, 463 MiB, 195 MHz, 405 MHz, 5.21 W, 30
0 %, 20 MiB, 210 MHz, 405 MHz, 27.51 W, 28
 15:23:00 up 6 days, 23:14,  5 users,  load average: 1.05, 1.03, 1.00
2026-09-30T15:23:02-04:00
0 %, 463 MiB, 195 MHz, 405 MHz, 5.86 W, 30
0 %, 20 MiB, 210 MHz, 405 MHz, 21.11 W, 28
 15:23:02 up 6 days, 23:14,  5 users,  load average: 1.05, 1.03, 1.00
2026-09-30T15:23:04-04:00
0 %, 463 MiB, 195 MHz, 405 MHz, 5.36 W, 30
0 %, 20 MiB, 210 MHz, 405 MHz, 20.79 W, 28
 15:23:04 up 6 days, 23:14,  5 users,  load average: 1.05, 1.03, 1.00
2026-09-30T15:23:06-04:00
0 %, 463 MiB, 195 MHz, 405 MHz, 5.62 W, 30
0 %, 20 MiB, 210 MHz, 405 MHz, 22.63 W, 28
 15:23:07 up 6 days, 23:14,  5 users,  load average: 1.05, 1.03, 1.00
2026-09-30T15:23:09-04:00
0 %, 463 MiB, 195 MHz, 405 MHz, 5.37 W, 30
0 %, 20 MiB, 210 MHz, 405 MHz, 21.89 W, 28
 15:23:09 up 6 days, 23:14,  5 users,  load average: 1.04, 1.03, 1.00
2026-09-30T15:23:11-04:00
0 %, 2131 MiB, 2542 MHz, 13801 MHz, 56.58 W, 31
0 %, 20 MiB, 210 MHz, 405 MHz, 26.25 W, 28
1540910, /home/ndizazzo/dev/mesh/issue1393-q4-snapshot-20260930/target/release/xtask, 1694 MiB
 15:23:11 up 6 days, 23:14,  5 users,  load average: 1.04, 1.03, 1.00
2026-09-30T15:23:13-04:00
0 %, 463 MiB, 2542 MHz, 14001 MHz, 53.45 W, 31
0 %, 20 MiB, 210 MHz, 405 MHz, 26.04 W, 28
 15:23:13 up 6 days, 23:14,  5 users,  load average: 1.04, 1.03, 1.00
2026-09-30T15:23:15-04:00
0 %, 463 MiB, 367 MHz, 810 MHz, 14.73 W, 30
0 %, 20 MiB, 210 MHz, 405 MHz, 26.36 W, 28
 15:23:15 up 6 days, 23:14,  5 users,  load average: 1.04, 1.03, 1.00
2026-09-30T15:23:17-04:00
0 %, 463 MiB, 195 MHz, 405 MHz, 6.01 W, 30
0 %, 20 MiB, 210 MHz, 405 MHz, 20.94 W, 28
 15:23:17 up 6 days, 23:14,  5 users,  load average: 1.04, 1.03, 1.00
2026-09-30T15:23:19-04:00
0 %, 463 MiB, 195 MHz, 405 MHz, 5.61 W, 30
0 %, 20 MiB, 210 MHz, 405 MHz, 20.83 W, 27
 15:23:19 up 6 days, 23:14,  5 users,  load average: 1.04, 1.03, 1.00
2026-09-30T15:23:21-04:00
0 %, 463 MiB, 195 MHz, 405 MHz, 5.69 W, 30
0 %, 20 MiB, 210 MHz, 405 MHz, 23.16 W, 28
 15:23:21 up 6 days, 23:14,  5 users,  load average: 1.04, 1.03, 1.00
2026-09-30T15:23:23-04:00
0 %, 463 MiB, 195 MHz, 405 MHz, 5.85 W, 30
0 %, 20 MiB, 210 MHz, 405 MHz, 22.11 W, 28
 15:23:23 up 6 days, 23:14,  5 users,  load average: 1.03, 1.03, 1.00
2026-09-30T15:23:25-04:00
0 %, 463 MiB, 195 MHz, 405 MHz, 5.78 W, 30
0 %, 20 MiB, 210 MHz, 405 MHz, 20.77 W, 27
 15:23:25 up 6 days, 23:14,  5 users,  load average: 1.03, 1.03, 1.00
2026-09-30T15:23:27-04:00
0 %, 463 MiB, 195 MHz, 405 MHz, 5.70 W, 30
0 %, 20 MiB, 210 MHz, 405 MHz, 20.88 W, 27
 15:23:27 up 6 days, 23:14,  5 users,  load average: 1.03, 1.03, 1.00
2026-09-30T15:23:29-04:00
0 %, 463 MiB, 187 MHz, 405 MHz, 6.18 W, 30
0 %, 20 MiB, 210 MHz, 405 MHz, 27.07 W, 28
 15:23:29 up 6 days, 23:14,  5 users,  load average: 1.03, 1.03, 1.00
2026-09-30T15:23:31-04:00
0 %, 463 MiB, 195 MHz, 405 MHz, 5.86 W, 30
0 %, 20 MiB, 210 MHz, 405 MHz, 21.09 W, 28
 15:23:31 up 6 days, 23:14,  5 users,  load average: 1.03, 1.03, 1.00
2026-09-30T15:23:33-04:00
0 %, 463 MiB, 195 MHz, 405 MHz, 6.05 W, 30
0 %, 20 MiB, 210 MHz, 405 MHz, 20.76 W, 28
 15:23:33 up 6 days, 23:14,  5 users,  load average: 1.03, 1.03, 1.00
2026-09-30T15:23:35-04:00
0 %, 463 MiB, 187 MHz, 405 MHz, 5.81 W, 30
0 %, 20 MiB, 210 MHz, 405 MHz, 23.60 W, 28
 15:23:35 up 6 days, 23:14,  5 users,  load average: 1.03, 1.03, 1.00
2026-09-30T15:23:37-04:00
0 %, 463 MiB, 195 MHz, 405 MHz, 5.72 W, 30
0 %, 20 MiB, 210 MHz, 405 MHz, 21.75 W, 28
 15:23:38 up 6 days, 23:14,  5 users,  load average: 1.02, 1.03, 1.00
2026-09-30T15:23:40-04:00
0 %, 463 MiB, 195 MHz, 405 MHz, 5.80 W, 30
0 %, 20 MiB, 210 MHz, 405 MHz, 20.69 W, 28
 15:23:40 up 6 days, 23:14,  5 users,  load average: 1.02, 1.03, 1.00
2026-09-30T15:23:42-04:00
0 %, 463 MiB, 195 MHz, 405 MHz, 5.81 W, 30
1 %, 20 MiB, 210 MHz, 405 MHz, 20.86 W, 27
 15:23:42 up 6 days, 23:14,  5 users,  load average: 1.02, 1.03, 1.00
2026-09-30T15:23:44-04:00
0 %, 463 MiB, 195 MHz, 405 MHz, 5.72 W, 30
0 %, 20 MiB, 210 MHz, 405 MHz, 21.59 W, 28
 15:23:44 up 6 days, 23:14,  5 users,  load average: 1.02, 1.02, 1.00
2026-09-30T15:23:46-04:00
0 %, 463 MiB, 195 MHz, 405 MHz, 5.72 W, 30
0 %, 20 MiB, 210 MHz, 405 MHz, 20.83 W, 27
 15:23:46 up 6 days, 23:14,  5 users,  load average: 1.02, 1.02, 1.00
2026-09-30T15:23:48-04:00
0 %, 463 MiB, 195 MHz, 405 MHz, 5.63 W, 30
0 %, 20 MiB, 210 MHz, 405 MHz, 20.99 W, 27
 15:23:48 up 6 days, 23:14,  5 users,  load average: 1.02, 1.02, 1.00
2026-09-30T15:23:50-04:00
0 %, 463 MiB, 195 MHz, 405 MHz, 5.65 W, 30
0 %, 20 MiB, 210 MHz, 405 MHz, 24.01 W, 28
 15:23:50 up 6 days, 23:14,  5 users,  load average: 1.02, 1.02, 1.00
2026-09-30T15:23:52-04:00
0 %, 463 MiB, 195 MHz, 405 MHz, 5.21 W, 30
0 %, 20 MiB, 210 MHz, 405 MHz, 22.02 W, 28
 15:23:52 up 6 days, 23:14,  5 users,  load average: 1.02, 1.02, 1.00
2026-09-30T15:23:54-04:00
0 %, 463 MiB, 195 MHz, 405 MHz, 5.46 W, 30
0 %, 20 MiB, 210 MHz, 405 MHz, 20.87 W, 28
 15:23:54 up 6 days, 23:14,  5 users,  load average: 1.02, 1.02, 1.00
2026-09-30T15:23:56-04:00
0 %, 463 MiB, 210 MHz, 405 MHz, 5.36 W, 30
0 %, 20 MiB, 210 MHz, 405 MHz, 21.74 W, 28
 15:23:56 up 6 days, 23:14,  5 users,  load average: 1.02, 1.02, 1.00
2026-09-30T15:23:58-04:00
0 %, 463 MiB, 195 MHz, 405 MHz, 5.50 W, 30
0 %, 20 MiB, 210 MHz, 405 MHz, 21.84 W, 28
 15:23:58 up 6 days, 23:15,  5 users,  load average: 1.02, 1.02, 1.00
2026-09-30T15:24:00-04:00
0 %, 463 MiB, 195 MHz, 405 MHz, 5.57 W, 30
0 %, 20 MiB, 210 MHz, 405 MHz, 20.92 W, 27
 15:24:00 up 6 days, 23:15,  5 users,  load average: 1.02, 1.02, 1.00
2026-09-30T15:24:02-04:00
0 %, 463 MiB, 195 MHz, 405 MHz, 5.56 W, 30
0 %, 20 MiB, 210 MHz, 405 MHz, 20.97 W, 28
 15:24:02 up 6 days, 23:15,  5 users,  load average: 1.02, 1.02, 1.00
2026-09-30T15:24:04-04:00
0 %, 463 MiB, 195 MHz, 405 MHz, 5.66 W, 30
0 %, 20 MiB, 210 MHz, 405 MHz, 27.39 W, 28
 15:24:04 up 6 days, 23:15,  5 users,  load average: 1.02, 1.02, 1.00
2026-09-30T15:24:06-04:00
0 %, 2131 MiB, 2542 MHz, 13801 MHz, 52.50 W, 31
0 %, 20 MiB, 210 MHz, 405 MHz, 25.15 W, 28
1540910, /home/ndizazzo/dev/mesh/issue1393-q4-snapshot-20260930/target/release/xtask, 1694 MiB
 15:24:07 up 6 days, 23:15,  5 users,  load average: 1.02, 1.02, 1.00
2026-09-30T15:24:09-04:00
0 %, 429 MiB, 2542 MHz, 14001 MHz, 50.24 W, 31
0 %, 17 MiB, 210 MHz, 405 MHz, 25.95 W, 28
 15:24:09 up 6 days, 23:15,  5 users,  load average: 1.01, 1.02, 1.00
2026-09-30T15:24:11-04:00
0 %, 429 MiB, 375 MHz, 810 MHz, 13.95 W, 30
0 %, 17 MiB, 210 MHz, 405 MHz, 22.74 W, 28
 15:24:11 up 6 days, 23:15,  5 users,  load average: 1.01, 1.02, 1.00
2026-09-30T15:24:13-04:00
0 %, 429 MiB, 195 MHz, 405 MHz, 5.71 W, 30
0 %, 17 MiB, 210 MHz, 405 MHz, 22.18 W, 28
 15:24:13 up 6 days, 23:15,  5 users,  load average: 1.01, 1.02, 1.00
2026-09-30T15:24:15-04:00
0 %, 429 MiB, 195 MHz, 405 MHz, 5.32 W, 30
0 %, 17 MiB, 210 MHz, 405 MHz, 20.78 W, 28
 15:24:15 up 6 days, 23:15,  5 users,  load average: 1.01, 1.02, 1.00
2026-09-30T15:24:17-04:00
0 %, 429 MiB, 195 MHz, 405 MHz, 5.49 W, 30
0 %, 17 MiB, 210 MHz, 405 MHz, 20.85 W, 27
 15:24:17 up 6 days, 23:15,  5 users,  load average: 1.01, 1.02, 1.00
2026-09-30T15:24:19-04:00
0 %, 429 MiB, 195 MHz, 405 MHz, 5.55 W, 30
0 %, 17 MiB, 210 MHz, 405 MHz, 27.13 W, 28
 15:24:19 up 6 days, 23:15,  5 users,  load average: 1.01, 1.02, 1.00
2026-09-30T15:24:21-04:00
0 %, 429 MiB, 195 MHz, 405 MHz, 5.62 W, 30
0 %, 17 MiB, 210 MHz, 405 MHz, 21.13 W, 27
 15:24:21 up 6 days, 23:15,  5 users,  load average: 1.01, 1.02, 1.00
2026-09-30T15:24:23-04:00
0 %, 429 MiB, 195 MHz, 405 MHz, 5.74 W, 30
0 %, 17 MiB, 210 MHz, 405 MHz, 20.81 W, 27
 15:24:23 up 6 days, 23:15,  5 users,  load average: 1.01, 1.02, 1.00
2026-09-30T15:24:25-04:00
0 %, 429 MiB, 187 MHz, 405 MHz, 5.64 W, 30
0 %, 17 MiB, 210 MHz, 405 MHz, 23.05 W, 28
 15:24:25 up 6 days, 23:15,  5 users,  load average: 1.01, 1.02, 1.00
2026-09-30T15:24:27-04:00
0 %, 429 MiB, 195 MHz, 405 MHz, 5.50 W, 30
0 %, 17 MiB, 210 MHz, 405 MHz, 21.75 W, 28
 15:24:27 up 6 days, 23:15,  5 users,  load average: 1.01, 1.02, 1.00
2026-09-30T15:24:29-04:00
0 %, 429 MiB, 195 MHz, 405 MHz, 5.81 W, 30
0 %, 17 MiB, 210 MHz, 405 MHz, 20.81 W, 28
 15:24:29 up 6 days, 23:15,  5 users,  load average: 1.01, 1.02, 1.00
2026-09-30T15:24:31-04:00
0 %, 429 MiB, 195 MHz, 405 MHz, 5.66 W, 30
0 %, 17 MiB, 210 MHz, 405 MHz, 20.90 W, 27
 15:24:31 up 6 days, 23:15,  5 users,  load average: 1.01, 1.02, 1.00
2026-09-30T15:24:33-04:00
0 %, 429 MiB, 195 MHz, 405 MHz, 5.48 W, 30
0 %, 17 MiB, 210 MHz, 405 MHz, 27.40 W, 28
 15:24:33 up 6 days, 23:15,  5 users,  load average: 1.01, 1.02, 1.00
2026-09-30T15:24:35-04:00
0 %, 429 MiB, 195 MHz, 405 MHz, 5.73 W, 30
0 %, 17 MiB, 210 MHz, 405 MHz, 21.15 W, 27
 15:24:36 up 6 days, 23:15,  5 users,  load average: 1.01, 1.02, 1.00
2026-09-30T15:24:38-04:00
0 %, 429 MiB, 195 MHz, 405 MHz, 5.53 W, 30
0 %, 17 MiB, 210 MHz, 405 MHz, 20.73 W, 27
 15:24:38 up 6 days, 23:15,  5 users,  load average: 1.01, 1.02, 1.00
2026-09-30T15:24:40-04:00
0 %, 429 MiB, 195 MHz, 405 MHz, 5.59 W, 30
0 %, 17 MiB, 210 MHz, 405 MHz, 23.39 W, 28
 15:24:40 up 6 days, 23:15,  5 users,  load average: 1.01, 1.02, 1.00
2026-09-30T15:24:42-04:00
0 %, 429 MiB, 195 MHz, 405 MHz, 6.03 W, 30
0 %, 17 MiB, 210 MHz, 405 MHz, 21.88 W, 28
 15:24:42 up 6 days, 23:15,  5 users,  load average: 1.01, 1.02, 1.00
2026-09-30T15:24:44-04:00
0 %, 429 MiB, 195 MHz, 405 MHz, 6.02 W, 30
0 %, 17 MiB, 210 MHz, 405 MHz, 20.67 W, 27
 15:24:44 up 6 days, 23:15,  5 users,  load average: 1.01, 1.02, 1.00
2026-09-30T15:24:46-04:00
0 %, 429 MiB, 195 MHz, 405 MHz, 5.49 W, 30
0 %, 17 MiB, 210 MHz, 405 MHz, 20.67 W, 27
 15:24:46 up 6 days, 23:15,  5 users,  load average: 1.01, 1.02, 1.00
2026-09-30T15:24:48-04:00
0 %, 429 MiB, 195 MHz, 405 MHz, 5.52 W, 30
0 %, 17 MiB, 210 MHz, 405 MHz, 27.18 W, 28
 15:24:48 up 6 days, 23:15,  5 users,  load average: 1.01, 1.02, 1.00
2026-09-30T15:24:50-04:00
0 %, 429 MiB, 195 MHz, 405 MHz, 5.71 W, 30
0 %, 17 MiB, 210 MHz, 405 MHz, 20.93 W, 27
 15:24:50 up 6 days, 23:15,  5 users,  load average: 1.01, 1.02, 1.00
2026-09-30T15:24:52-04:00
0 %, 429 MiB, 195 MHz, 405 MHz, 5.45 W, 30
0 %, 17 MiB, 210 MHz, 405 MHz, 20.74 W, 27
 15:24:52 up 6 days, 23:15,  5 users,  load average: 1.09, 1.04, 1.01
2026-09-30T15:24:54-04:00
0 %, 429 MiB, 195 MHz, 405 MHz, 5.82 W, 30
0 %, 17 MiB, 210 MHz, 405 MHz, 23.90 W, 28
 15:24:54 up 6 days, 23:15,  5 users,  load average: 1.09, 1.04, 1.01
2026-09-30T15:24:56-04:00
0 %, 429 MiB, 195 MHz, 405 MHz, 6.00 W, 30
0 %, 17 MiB, 210 MHz, 405 MHz, 21.39 W, 28
 15:24:56 up 6 days, 23:15,  5 users,  load average: 1.09, 1.04, 1.01
2026-09-30T15:24:58-04:00
0 %, 429 MiB, 195 MHz, 405 MHz, 5.67 W, 30
0 %, 17 MiB, 210 MHz, 405 MHz, 20.61 W, 27
 15:24:58 up 6 days, 23:16,  5 users,  load average: 1.08, 1.03, 1.00
2026-09-30T15:25:00-04:00
0 %, 429 MiB, 195 MHz, 405 MHz, 5.80 W, 30
0 %, 17 MiB, 210 MHz, 405 MHz, 20.78 W, 27
 15:25:00 up 6 days, 23:16,  5 users,  load average: 1.08, 1.03, 1.00
2026-09-30T15:25:02-04:00
1 %, 1761 MiB, 2812 MHz, 13801 MHz, 52.68 W, 31
0 %, 20 MiB, 210 MHz, 405 MHz, 28.51 W, 28
1545992, /home/ndizazzo/dev/mesh/issue1393-q4-snapshot-20260930/target/release/xtask, 1324 MiB
 15:25:02 up 6 days, 23:16,  5 users,  load average: 1.07, 1.03, 1.00
2026-09-30T15:25:04-04:00
100 %, 1761 MiB, 2925 MHz, 13801 MHz, 91.33 W, 32
0 %, 20 MiB, 210 MHz, 405 MHz, 22.37 W, 28
1545992, /home/ndizazzo/dev/mesh/issue1393-q4-snapshot-20260930/target/release/xtask, 1324 MiB
 15:25:05 up 6 days, 23:16,  5 users,  load average: 1.07, 1.03, 1.00
2026-09-30T15:25:07-04:00
100 %, 1761 MiB, 2925 MHz, 13801 MHz, 90.86 W, 32
0 %, 20 MiB, 210 MHz, 405 MHz, 20.94 W, 28
1545992, /home/ndizazzo/dev/mesh/issue1393-q4-snapshot-20260930/target/release/xtask, 1324 MiB
 15:25:07 up 6 days, 23:16,  5 users,  load average: 1.07, 1.03, 1.00
2026-09-30T15:25:09-04:00
100 %, 1761 MiB, 2925 MHz, 13801 MHz, 91.05 W, 32
0 %, 20 MiB, 210 MHz, 405 MHz, 22.92 W, 28
1545992, /home/ndizazzo/dev/mesh/issue1393-q4-snapshot-20260930/target/release/xtask, 1324 MiB
 15:25:09 up 6 days, 23:16,  5 users,  load average: 1.23, 1.07, 1.02
2026-09-30T15:25:11-04:00
100 %, 1761 MiB, 2925 MHz, 13801 MHz, 90.88 W, 32
0 %, 20 MiB, 210 MHz, 405 MHz, 21.34 W, 27
1545992, /home/ndizazzo/dev/mesh/issue1393-q4-snapshot-20260930/target/release/xtask, 1324 MiB
 15:25:11 up 6 days, 23:16,  5 users,  load average: 1.23, 1.07, 1.02
2026-09-30T15:25:13-04:00
100 %, 1761 MiB, 2925 MHz, 13801 MHz, 91.74 W, 32
0 %, 20 MiB, 210 MHz, 405 MHz, 21.14 W, 27
1545992, /home/ndizazzo/dev/mesh/issue1393-q4-snapshot-20260930/target/release/xtask, 1324 MiB
 15:25:13 up 6 days, 23:16,  5 users,  load average: 1.29, 1.08, 1.02
2026-09-30T15:25:15-04:00
100 %, 1761 MiB, 2925 MHz, 13801 MHz, 89.80 W, 32
0 %, 20 MiB, 210 MHz, 405 MHz, 21.20 W, 27
1545992, /home/ndizazzo/dev/mesh/issue1393-q4-snapshot-20260930/target/release/xtask, 1324 MiB
 15:25:15 up 6 days, 23:16,  5 users,  load average: 1.29, 1.08, 1.02
2026-09-30T15:25:17-04:00
100 %, 1761 MiB, 2925 MHz, 13801 MHz, 91.86 W, 32
0 %, 20 MiB, 210 MHz, 405 MHz, 27.10 W, 28
1545992, /home/ndizazzo/dev/mesh/issue1393-q4-snapshot-20260930/target/release/xtask, 1324 MiB
 15:25:17 up 6 days, 23:16,  5 users,  load average: 1.29, 1.08, 1.02
2026-09-30T15:25:19-04:00
100 %, 1761 MiB, 2925 MHz, 13801 MHz, 91.11 W, 32
0 %, 20 MiB, 210 MHz, 405 MHz, 21.23 W, 27
1545992, /home/ndizazzo/dev/mesh/issue1393-q4-snapshot-20260930/target/release/xtask, 1324 MiB
 15:25:19 up 6 days, 23:16,  5 users,  load average: 1.43, 1.11, 1.03
2026-09-30T15:25:21-04:00
100 %, 1761 MiB, 2925 MHz, 13801 MHz, 91.26 W, 32
0 %, 20 MiB, 210 MHz, 405 MHz, 21.12 W, 27
1545992, /home/ndizazzo/dev/mesh/issue1393-q4-snapshot-20260930/target/release/xtask, 1324 MiB
 15:25:21 up 6 days, 23:16,  5 users,  load average: 1.43, 1.11, 1.03
2026-09-30T15:25:23-04:00
100 %, 1761 MiB, 2925 MHz, 13801 MHz, 91.06 W, 32
0 %, 20 MiB, 210 MHz, 405 MHz, 23.73 W, 28
1545992, /home/ndizazzo/dev/mesh/issue1393-q4-snapshot-20260930/target/release/xtask, 1324 MiB
 15:25:23 up 6 days, 23:16,  5 users,  load average: 1.47, 1.13, 1.04
2026-09-30T15:25:25-04:00
100 %, 1761 MiB, 2925 MHz, 13801 MHz, 91.89 W, 32
0 %, 20 MiB, 210 MHz, 405 MHz, 22.43 W, 28
1545992, /home/ndizazzo/dev/mesh/issue1393-q4-snapshot-20260930/target/release/xtask, 1324 MiB
 15:25:25 up 6 days, 23:16,  5 users,  load average: 1.47, 1.13, 1.04
2026-09-30T15:25:27-04:00
100 %, 1761 MiB, 2925 MHz, 13801 MHz, 90.48 W, 32
0 %, 20 MiB, 210 MHz, 405 MHz, 21.12 W, 27
1545992, /home/ndizazzo/dev/mesh/issue1393-q4-snapshot-20260930/target/release/xtask, 1324 MiB
 15:25:27 up 6 days, 23:16,  5 users,  load average: 1.51, 1.14, 1.04
2026-09-30T15:25:29-04:00
0 %, 463 MiB, 2925 MHz, 14001 MHz, 67.03 W, 32
0 %, 20 MiB, 210 MHz, 405 MHz, 23.83 W, 27
 15:25:29 up 6 days, 23:16,  5 users,  load average: 1.51, 1.14, 1.04
2026-09-30T15:25:31-04:00
0 %, 463 MiB, 367 MHz, 405 MHz, 11.32 W, 30
0 %, 20 MiB, 210 MHz, 405 MHz, 22.02 W, 28
 15:25:31 up 6 days, 23:16,  5 users,  load average: 1.51, 1.14, 1.04
2026-09-30T15:25:33-04:00
0 %, 463 MiB, 195 MHz, 405 MHz, 5.60 W, 30
0 %, 20 MiB, 210 MHz, 405 MHz, 21.01 W, 28
 15:25:33 up 6 days, 23:16,  5 users,  load average: 1.47, 1.14, 1.04
2026-09-30T15:25:35-04:00
0 %, 463 MiB, 195 MHz, 405 MHz, 5.68 W, 30
0 %, 20 MiB, 210 MHz, 405 MHz, 21.05 W, 27
 15:25:35 up 6 days, 23:16,  5 users,  load average: 1.47, 1.14, 1.04
2026-09-30T15:25:37-04:00
0 %, 463 MiB, 195 MHz, 405 MHz, 6.12 W, 30
0 %, 20 MiB, 210 MHz, 405 MHz, 24.06 W, 28
 15:25:37 up 6 days, 23:16,  5 users,  load average: 1.43, 1.14, 1.04
2026-09-30T15:25:40-04:00
0 %, 463 MiB, 195 MHz, 405 MHz, 5.38 W, 30
0 %, 20 MiB, 210 MHz, 405 MHz, 21.98 W, 28
 15:25:40 up 6 days, 23:16,  5 users,  load average: 1.43, 1.14, 1.04
2026-09-30T15:25:42-04:00
0 %, 463 MiB, 195 MHz, 405 MHz, 5.66 W, 30
0 %, 20 MiB, 210 MHz, 405 MHz, 20.90 W, 27
 15:25:42 up 6 days, 23:16,  5 users,  load average: 1.43, 1.14, 1.04
2026-09-30T15:25:44-04:00
0 %, 463 MiB, 210 MHz, 405 MHz, 5.86 W, 30
0 %, 20 MiB, 210 MHz, 405 MHz, 21.83 W, 28
 15:25:44 up 6 days, 23:16,  5 users,  load average: 1.40, 1.14, 1.04
2026-09-30T15:25:46-04:00
0 %, 463 MiB, 195 MHz, 405 MHz, 5.39 W, 30
0 %, 20 MiB, 210 MHz, 405 MHz, 21.76 W, 28
 15:25:46 up 6 days, 23:16,  5 users,  load average: 1.40, 1.14, 1.04
2026-09-30T15:25:48-04:00
0 %, 463 MiB, 187 MHz, 405 MHz, 5.29 W, 30
0 %, 20 MiB, 210 MHz, 405 MHz, 21.16 W, 27
 15:25:48 up 6 days, 23:16,  5 users,  load average: 1.37, 1.13, 1.04
2026-09-30T15:25:50-04:00
0 %, 463 MiB, 195 MHz, 405 MHz, 5.84 W, 30
0 %, 20 MiB, 210 MHz, 405 MHz, 20.95 W, 27
 15:25:50 up 6 days, 23:16,  5 users,  load average: 1.37, 1.13, 1.04
2026-09-30T15:25:52-04:00
0 %, 463 MiB, 195 MHz, 405 MHz, 6.02 W, 30
0 %, 20 MiB, 210 MHz, 405 MHz, 27.48 W, 28
 15:25:52 up 6 days, 23:16,  5 users,  load average: 1.37, 1.13, 1.04
2026-09-30T15:25:54-04:00
0 %, 463 MiB, 195 MHz, 405 MHz, 5.90 W, 30
0 %, 20 MiB, 210 MHz, 405 MHz, 21.14 W, 28
 15:25:54 up 6 days, 23:16,  5 users,  load average: 1.34, 1.13, 1.04
2026-09-30T15:25:56-04:00
0 %, 463 MiB, 195 MHz, 405 MHz, 5.85 W, 30
0 %, 20 MiB, 210 MHz, 405 MHz, 20.75 W, 27
 15:25:56 up 6 days, 23:16,  5 users,  load average: 1.34, 1.13, 1.04
2026-09-30T15:25:58-04:00
0 %, 463 MiB, 210 MHz, 405 MHz, 5.89 W, 30
0 %, 20 MiB, 210 MHz, 405 MHz, 22.29 W, 28
 15:25:58 up 6 days, 23:17,  5 users,  load average: 1.31, 1.13, 1.04
2026-09-30T15:26:00-04:00
0 %, 463 MiB, 195 MHz, 405 MHz, 5.44 W, 30
0 %, 20 MiB, 210 MHz, 405 MHz, 21.82 W, 28
 15:26:00 up 6 days, 23:17,  5 users,  load average: 1.31, 1.13, 1.04
2026-09-30T15:26:02-04:00
0 %, 463 MiB, 195 MHz, 405 MHz, 5.39 W, 30
0 %, 20 MiB, 210 MHz, 405 MHz, 20.92 W, 28
 15:26:02 up 6 days, 23:17,  5 users,  load average: 1.29, 1.13, 1.04
2026-09-30T15:26:04-04:00
0 %, 463 MiB, 195 MHz, 405 MHz, 5.37 W, 30
0 %, 20 MiB, 210 MHz, 405 MHz, 20.95 W, 28
 15:26:04 up 6 days, 23:17,  5 users,  load average: 1.29, 1.13, 1.04
2026-09-30T15:26:06-04:00
0 %, 463 MiB, 195 MHz, 405 MHz, 5.28 W, 30
0 %, 20 MiB, 210 MHz, 405 MHz, 27.54 W, 28
 15:26:07 up 6 days, 23:17,  5 users,  load average: 1.29, 1.13, 1.04
2026-09-30T15:26:09-04:00
0 %, 463 MiB, 195 MHz, 405 MHz, 5.55 W, 30
0 %, 20 MiB, 210 MHz, 405 MHz, 20.97 W, 28
 15:26:09 up 6 days, 23:17,  5 users,  load average: 1.26, 1.12, 1.04
2026-09-30T15:26:11-04:00
0 %, 463 MiB, 195 MHz, 405 MHz, 5.74 W, 30
0 %, 20 MiB, 210 MHz, 405 MHz, 20.79 W, 28
 15:26:11 up 6 days, 23:17,  5 users,  load average: 1.26, 1.12, 1.04
2026-09-30T15:26:13-04:00
0 %, 463 MiB, 195 MHz, 405 MHz, 5.46 W, 30
0 %, 20 MiB, 210 MHz, 405 MHz, 23.04 W, 28
 15:26:13 up 6 days, 23:17,  5 users,  load average: 1.24, 1.12, 1.04
2026-09-30T15:26:15-04:00
0 %, 463 MiB, 195 MHz, 405 MHz, 5.88 W, 30
0 %, 20 MiB, 210 MHz, 405 MHz, 22.23 W, 28
 15:26:15 up 6 days, 23:17,  5 users,  load average: 1.24, 1.12, 1.04
2026-09-30T15:26:17-04:00
0 %, 463 MiB, 195 MHz, 405 MHz, 5.68 W, 30
0 %, 20 MiB, 210 MHz, 405 MHz, 21.00 W, 28
 15:26:17 up 6 days, 23:17,  5 users,  load average: 1.24, 1.12, 1.04
2026-09-30T15:26:19-04:00
0 %, 463 MiB, 195 MHz, 405 MHz, 5.41 W, 30
0 %, 20 MiB, 210 MHz, 405 MHz, 21.02 W, 28
 15:26:19 up 6 days, 23:17,  5 users,  load average: 1.22, 1.12, 1.04
2026-09-30T15:26:21-04:00
0 %, 985 MiB, 195 MHz, 405 MHz, 5.32 W, 30
0 %, 20 MiB, 210 MHz, 405 MHz, 27.33 W, 28
1545992, /home/ndizazzo/dev/mesh/issue1393-q4-snapshot-20260930/target/release/xtask, 548 MiB
 15:26:21 up 6 days, 23:17,  5 users,  load average: 1.22, 1.12, 1.04
2026-09-30T15:26:23-04:00
100 %, 1761 MiB, 2925 MHz, 13801 MHz, 91.37 W, 32
0 %, 20 MiB, 210 MHz, 405 MHz, 26.10 W, 28
1545992, /home/ndizazzo/dev/mesh/issue1393-q4-snapshot-20260930/target/release/xtask, 1324 MiB
 15:26:23 up 6 days, 23:17,  5 users,  load average: 1.28, 1.13, 1.04
2026-09-30T15:26:25-04:00
100 %, 1761 MiB, 2925 MHz, 13801 MHz, 91.34 W, 33
0 %, 20 MiB, 210 MHz, 405 MHz, 21.30 W, 28
1545992, /home/ndizazzo/dev/mesh/issue1393-q4-snapshot-20260930/target/release/xtask, 1324 MiB
 15:26:25 up 6 days, 23:17,  5 users,  load average: 1.28, 1.13, 1.04
2026-09-30T15:26:27-04:00
100 %, 1761 MiB, 2925 MHz, 13801 MHz, 91.46 W, 33
0 %, 20 MiB, 210 MHz, 405 MHz, 25.20 W, 28
1545992, /home/ndizazzo/dev/mesh/issue1393-q4-snapshot-20260930/target/release/xtask, 1324 MiB
 15:26:27 up 6 days, 23:17,  5 users,  load average: 1.42, 1.16, 1.05
2026-09-30T15:26:29-04:00
100 %, 1761 MiB, 2925 MHz, 13801 MHz, 91.32 W, 33
0 %, 20 MiB, 210 MHz, 405 MHz, 21.90 W, 28
1545992, /home/ndizazzo/dev/mesh/issue1393-q4-snapshot-20260930/target/release/xtask, 1324 MiB
 15:26:29 up 6 days, 23:17,  5 users,  load average: 1.42, 1.16, 1.05
2026-09-30T15:26:31-04:00
100 %, 1761 MiB, 2925 MHz, 13801 MHz, 91.41 W, 33
0 %, 20 MiB, 210 MHz, 405 MHz, 21.22 W, 28
1545992, /home/ndizazzo/dev/mesh/issue1393-q4-snapshot-20260930/target/release/xtask, 1324 MiB
 15:26:31 up 6 days, 23:17,  5 users,  load average: 1.42, 1.16, 1.05
2026-09-30T15:26:33-04:00
100 %, 1761 MiB, 2925 MHz, 13801 MHz, 90.77 W, 33
0 %, 20 MiB, 210 MHz, 405 MHz, 21.32 W, 28
1545992, /home/ndizazzo/dev/mesh/issue1393-q4-snapshot-20260930/target/release/xtask, 1324 MiB
 15:26:33 up 6 days, 23:17,  5 users,  load average: 1.47, 1.18, 1.06
2026-09-30T15:26:35-04:00
100 %, 1761 MiB, 2925 MHz, 13801 MHz, 90.48 W, 33
0 %, 20 MiB, 210 MHz, 405 MHz, 27.44 W, 28
1545992, /home/ndizazzo/dev/mesh/issue1393-q4-snapshot-20260930/target/release/xtask, 1324 MiB
 15:26:35 up 6 days, 23:17,  5 users,  load average: 1.47, 1.18, 1.06
2026-09-30T15:26:37-04:00
100 %, 1761 MiB, 2925 MHz, 13801 MHz, 91.78 W, 33
0 %, 20 MiB, 210 MHz, 405 MHz, 21.58 W, 28
1545992, /home/ndizazzo/dev/mesh/issue1393-q4-snapshot-20260930/target/release/xtask, 1324 MiB
 15:26:37 up 6 days, 23:17,  5 users,  load average: 1.51, 1.19, 1.06
2026-09-30T15:26:39-04:00
100 %, 1761 MiB, 2925 MHz, 13801 MHz, 92.06 W, 33
0 %, 20 MiB, 210 MHz, 405 MHz, 21.17 W, 28
1545992, /home/ndizazzo/dev/mesh/issue1393-q4-snapshot-20260930/target/release/xtask, 1324 MiB
 15:26:39 up 6 days, 23:17,  5 users,  load average: 1.51, 1.19, 1.06
2026-09-30T15:26:41-04:00
100 %, 1761 MiB, 2925 MHz, 13801 MHz, 91.62 W, 33
0 %, 20 MiB, 210 MHz, 405 MHz, 22.95 W, 28
1545992, /home/ndizazzo/dev/mesh/issue1393-q4-snapshot-20260930/target/release/xtask, 1324 MiB
 15:26:42 up 6 days, 23:17,  5 users,  load average: 1.51, 1.19, 1.06
2026-09-30T15:26:44-04:00
100 %, 1761 MiB, 2925 MHz, 13801 MHz, 92.25 W, 33
0 %, 20 MiB, 210 MHz, 405 MHz, 22.32 W, 28
1545992, /home/ndizazzo/dev/mesh/issue1393-q4-snapshot-20260930/target/release/xtask, 1324 MiB
 15:26:44 up 6 days, 23:17,  5 users,  load average: 1.55, 1.21, 1.07
2026-09-30T15:26:46-04:00
100 %, 1761 MiB, 2925 MHz, 13801 MHz, 91.54 W, 33
0 %, 20 MiB, 210 MHz, 405 MHz, 21.15 W, 28
1545992, /home/ndizazzo/dev/mesh/issue1393-q4-snapshot-20260930/target/release/xtask, 1324 MiB
 15:26:46 up 6 days, 23:17,  5 users,  load average: 1.55, 1.21, 1.07
2026-09-30T15:26:48-04:00
0 %, 463 MiB, 2925 MHz, 14001 MHz, 73.39 W, 32
0 %, 20 MiB, 210 MHz, 405 MHz, 25.03 W, 28
 15:26:48 up 6 days, 23:17,  5 users,  load average: 1.51, 1.20, 1.07
2026-09-30T15:26:50-04:00
0 %, 463 MiB, 547 MHz, 810 MHz, 13.38 W, 30
0 %, 20 MiB, 210 MHz, 405 MHz, 27.04 W, 28
 15:26:50 up 6 days, 23:17,  5 users,  load average: 1.51, 1.20, 1.07
2026-09-30T15:26:52-04:00
0 %, 463 MiB, 187 MHz, 405 MHz, 5.89 W, 30
0 %, 20 MiB, 210 MHz, 405 MHz, 21.12 W, 28
 15:26:52 up 6 days, 23:17,  5 users,  load average: 1.51, 1.20, 1.07
2026-09-30T15:26:54-04:00
0 %, 463 MiB, 195 MHz, 405 MHz, 5.72 W, 30
0 %, 20 MiB, 210 MHz, 405 MHz, 21.01 W, 28
 15:26:54 up 6 days, 23:17,  5 users,  load average: 1.47, 1.20, 1.07
2026-09-30T15:26:56-04:00
0 %, 463 MiB, 195 MHz, 405 MHz, 5.60 W, 30
0 %, 20 MiB, 210 MHz, 405 MHz, 23.32 W, 28
 15:26:56 up 6 days, 23:17,  5 users,  load average: 1.47, 1.20, 1.07
2026-09-30T15:26:58-04:00
0 %, 463 MiB, 195 MHz, 405 MHz, 5.07 W, 30
0 %, 20 MiB, 210 MHz, 405 MHz, 21.69 W, 28
 15:26:58 up 6 days, 23:18,  5 users,  load average: 1.43, 1.20, 1.07
2026-09-30T15:27:00-04:00
0 %, 463 MiB, 195 MHz, 405 MHz, 5.74 W, 30
0 %, 20 MiB, 210 MHz, 405 MHz, 21.03 W, 28
 15:27:00 up 6 days, 23:18,  5 users,  load average: 1.43, 1.20, 1.07
2026-09-30T15:27:02-04:00
0 %, 463 MiB, 195 MHz, 405 MHz, 5.65 W, 30
0 %, 20 MiB, 210 MHz, 405 MHz, 21.11 W, 27
 15:27:02 up 6 days, 23:18,  5 users,  load average: 1.39, 1.19, 1.07
2026-09-30T15:27:04-04:00
0 %, 463 MiB, 195 MHz, 405 MHz, 5.45 W, 30
0 %, 20 MiB, 210 MHz, 405 MHz, 27.75 W, 28
 15:27:04 up 6 days, 23:18,  5 users,  load average: 1.39, 1.19, 1.07
2026-09-30T15:27:06-04:00
0 %, 463 MiB, 195 MHz, 405 MHz, 5.66 W, 30
0 %, 20 MiB, 210 MHz, 405 MHz, 21.31 W, 28
 15:27:06 up 6 days, 23:18,  5 users,  load average: 1.39, 1.19, 1.07
2026-09-30T15:27:08-04:00
0 %, 463 MiB, 195 MHz, 405 MHz, 5.95 W, 30
0 %, 20 MiB, 210 MHz, 405 MHz, 20.99 W, 27
 15:27:08 up 6 days, 23:18,  5 users,  load average: 1.36, 1.19, 1.07
2026-09-30T15:27:10-04:00
0 %, 463 MiB, 195 MHz, 405 MHz, 6.22 W, 30
0 %, 20 MiB, 210 MHz, 405 MHz, 23.71 W, 28
 15:27:10 up 6 days, 23:18,  5 users,  load average: 1.36, 1.19, 1.07
2026-09-30T15:27:13-04:00
0 %, 463 MiB, 195 MHz, 405 MHz, 5.16 W, 30
0 %, 20 MiB, 210 MHz, 405 MHz, 22.04 W, 28
 15:27:13 up 6 days, 23:18,  5 users,  load average: 1.33, 1.19, 1.07
2026-09-30T15:27:15-04:00
0 %, 463 MiB, 195 MHz, 405 MHz, 5.70 W, 30
0 %, 20 MiB, 210 MHz, 405 MHz, 20.92 W, 27
 15:27:15 up 6 days, 23:18,  5 users,  load average: 1.33, 1.19, 1.07
2026-09-30T15:27:17-04:00
0 %, 463 MiB, 195 MHz, 405 MHz, 5.76 W, 30
1 %, 20 MiB, 210 MHz, 405 MHz, 21.03 W, 28
 15:27:17 up 6 days, 23:18,  5 users,  load average: 1.33, 1.19, 1.07
2026-09-30T15:27:19-04:00
0 %, 463 MiB, 195 MHz, 405 MHz, 5.75 W, 30
0 %, 20 MiB, 210 MHz, 405 MHz, 21.87 W, 28
 15:27:19 up 6 days, 23:18,  5 users,  load average: 1.31, 1.18, 1.07
2026-09-30T15:27:21-04:00
0 %, 463 MiB, 195 MHz, 405 MHz, 5.58 W, 30
0 %, 20 MiB, 210 MHz, 405 MHz, 21.04 W, 28
 15:27:21 up 6 days, 23:18,  5 users,  load average: 1.31, 1.18, 1.07
2026-09-30T15:27:23-04:00
3 %, 463 MiB, 195 MHz, 405 MHz, 5.63 W, 30
0 %, 20 MiB, 210 MHz, 405 MHz, 21.01 W, 28
 15:27:23 up 6 days, 23:18,  5 users,  load average: 1.28, 1.18, 1.07
2026-09-30T15:27:25-04:00
3 %, 463 MiB, 195 MHz, 405 MHz, 5.97 W, 30
0 %, 20 MiB, 210 MHz, 405 MHz, 24.22 W, 28
 15:27:25 up 6 days, 23:18,  5 users,  load average: 1.28, 1.18, 1.07
2026-09-30T15:27:27-04:00
3 %, 463 MiB, 195 MHz, 405 MHz, 6.44 W, 30
0 %, 20 MiB, 210 MHz, 405 MHz, 22.44 W, 28
 15:27:27 up 6 days, 23:18,  5 users,  load average: 1.28, 1.18, 1.07
2026-09-30T15:27:29-04:00
3 %, 463 MiB, 195 MHz, 405 MHz, 5.93 W, 30
0 %, 20 MiB, 210 MHz, 405 MHz, 21.04 W, 28
 15:27:29 up 6 days, 23:18,  5 users,  load average: 1.26, 1.18, 1.06
2026-09-30T15:27:31-04:00
3 %, 463 MiB, 210 MHz, 405 MHz, 5.90 W, 30
0 %, 20 MiB, 210 MHz, 405 MHz, 22.02 W, 28
 15:27:31 up 6 days, 23:18,  5 users,  load average: 1.26, 1.18, 1.06
2026-09-30T15:27:33-04:00
3 %, 463 MiB, 195 MHz, 405 MHz, 5.66 W, 30
0 %, 20 MiB, 210 MHz, 405 MHz, 22.25 W, 28
 15:27:33 up 6 days, 23:18,  5 users,  load average: 1.24, 1.17, 1.06
2026-09-30T15:27:35-04:00
3 %, 463 MiB, 195 MHz, 405 MHz, 6.02 W, 30
0 %, 20 MiB, 210 MHz, 405 MHz, 21.17 W, 28
 15:27:35 up 6 days, 23:18,  5 users,  load average: 1.24, 1.17, 1.06
2026-09-30T15:27:37-04:00
3 %, 463 MiB, 195 MHz, 405 MHz, 5.72 W, 30
0 %, 20 MiB, 210 MHz, 405 MHz, 21.23 W, 28
 15:27:37 up 6 days, 23:18,  5 users,  load average: 1.22, 1.17, 1.06
2026-09-30T15:27:39-04:00
3 %, 463 MiB, 195 MHz, 405 MHz, 6.01 W, 30
0 %, 20 MiB, 210 MHz, 405 MHz, 27.54 W, 28
 15:27:40 up 6 days, 23:18,  5 users,  load average: 1.22, 1.17, 1.06
2026-09-30T15:27:42-04:00
0 %, 1759 MiB, 2542 MHz, 13801 MHz, 55.90 W, 31
0 %, 20 MiB, 210 MHz, 405 MHz, 24.97 W, 28
1545992, /home/ndizazzo/dev/mesh/issue1393-q4-snapshot-20260930/target/release/xtask, 1322 MiB
 15:27:42 up 6 days, 23:18,  5 users,  load average: 1.22, 1.17, 1.06
2026-09-30T15:27:44-04:00
100 %, 1761 MiB, 2925 MHz, 13801 MHz, 92.69 W, 33
0 %, 20 MiB, 210 MHz, 405 MHz, 21.31 W, 28
1545992, /home/ndizazzo/dev/mesh/issue1393-q4-snapshot-20260930/target/release/xtask, 1324 MiB
 15:27:44 up 6 days, 23:18,  5 users,  load average: 1.20, 1.17, 1.06
2026-09-30T15:27:46-04:00
100 %, 1761 MiB, 2925 MHz, 13801 MHz, 92.64 W, 33
0 %, 20 MiB, 210 MHz, 405 MHz, 22.72 W, 28
1545992, /home/ndizazzo/dev/mesh/issue1393-q4-snapshot-20260930/target/release/xtask, 1324 MiB
 15:27:46 up 6 days, 23:18,  5 users,  load average: 1.20, 1.17, 1.06
2026-09-30T15:27:48-04:00
100 %, 1761 MiB, 2925 MHz, 13801 MHz, 91.87 W, 33
0 %, 20 MiB, 210 MHz, 405 MHz, 22.36 W, 28
1545992, /home/ndizazzo/dev/mesh/issue1393-q4-snapshot-20260930/target/release/xtask, 1324 MiB
 15:27:48 up 6 days, 23:18,  5 users,  load average: 1.26, 1.18, 1.07
2026-09-30T15:27:50-04:00
100 %, 1761 MiB, 2925 MHz, 13801 MHz, 91.97 W, 33
0 %, 20 MiB, 210 MHz, 405 MHz, 21.19 W, 28
1545992, /home/ndizazzo/dev/mesh/issue1393-q4-snapshot-20260930/target/release/xtask, 1324 MiB
 15:27:50 up 6 days, 23:18,  5 users,  load average: 1.26, 1.18, 1.07
2026-09-30T15:27:52-04:00
100 %, 1761 MiB, 2925 MHz, 13801 MHz, 91.86 W, 33
0 %, 20 MiB, 210 MHz, 405 MHz, 21.13 W, 28
1545992, /home/ndizazzo/dev/mesh/issue1393-q4-snapshot-20260930/target/release/xtask, 1324 MiB
 15:27:52 up 6 days, 23:18,  5 users,  load average: 1.26, 1.18, 1.07
2026-09-30T15:27:54-04:00
100 %, 1761 MiB, 2925 MHz, 13801 MHz, 91.33 W, 33
0 %, 20 MiB, 210 MHz, 405 MHz, 27.00 W, 28
1545992, /home/ndizazzo/dev/mesh/issue1393-q4-snapshot-20260930/target/release/xtask, 1324 MiB
 15:27:54 up 6 days, 23:18,  5 users,  load average: 1.32, 1.19, 1.07
2026-09-30T15:27:56-04:00
100 %, 1761 MiB, 2925 MHz, 13801 MHz, 91.44 W, 33
0 %, 20 MiB, 210 MHz, 405 MHz, 21.52 W, 28
1545992, /home/ndizazzo/dev/mesh/issue1393-q4-snapshot-20260930/target/release/xtask, 1324 MiB
 15:27:56 up 6 days, 23:18,  5 users,  load average: 1.32, 1.19, 1.07
2026-09-30T15:27:58-04:00
100 %, 1761 MiB, 2925 MHz, 13801 MHz, 91.19 W, 33
0 %, 20 MiB, 210 MHz, 405 MHz, 21.20 W, 28
1545992, /home/ndizazzo/dev/mesh/issue1393-q4-snapshot-20260930/target/release/xtask, 1324 MiB
 15:27:58 up 6 days, 23:19,  5 users,  load average: 1.38, 1.21, 1.08
2026-09-30T15:28:00-04:00
100 %, 1761 MiB, 2925 MHz, 13801 MHz, 91.29 W, 33
1 %, 20 MiB, 210 MHz, 405 MHz, 21.40 W, 28
1545992, /home/ndizazzo/dev/mesh/issue1393-q4-snapshot-20260930/target/release/xtask, 1324 MiB
 15:28:00 up 6 days, 23:19,  5 users,  load average: 1.38, 1.21, 1.08
2026-09-30T15:28:02-04:00
100 %, 1761 MiB, 2925 MHz, 13801 MHz, 91.56 W, 33
0 %, 20 MiB, 210 MHz, 405 MHz, 22.10 W, 28
1545992, /home/ndizazzo/dev/mesh/issue1393-q4-snapshot-20260930/target/release/xtask, 1324 MiB
 15:28:02 up 6 days, 23:19,  5 users,  load average: 1.51, 1.24, 1.09
2026-09-30T15:28:04-04:00
100 %, 1761 MiB, 2925 MHz, 13801 MHz, 91.48 W, 33
0 %, 20 MiB, 210 MHz, 405 MHz, 21.27 W, 28
1545992, /home/ndizazzo/dev/mesh/issue1393-q4-snapshot-20260930/target/release/xtask, 1324 MiB
 15:28:04 up 6 days, 23:19,  5 users,  load average: 1.51, 1.24, 1.09
2026-09-30T15:28:06-04:00
100 %, 899 MiB, 2925 MHz, 13801 MHz, 93.94 W, 33
0 %, 20 MiB, 210 MHz, 405 MHz, 21.33 W, 28
 15:28:06 up 6 days, 23:19,  5 users,  load average: 1.51, 1.24, 1.09
2026-09-30T15:28:08-04:00
0 %, 463 MiB, 2925 MHz, 14001 MHz, 66.75 W, 32
0 %, 20 MiB, 210 MHz, 405 MHz, 28.69 W, 28
 15:28:08 up 6 days, 23:19,  5 users,  load average: 1.47, 1.23, 1.09
2026-09-30T15:28:10-04:00
3 %, 463 MiB, 270 MHz, 405 MHz, 9.87 W, 31
0 %, 20 MiB, 210 MHz, 405 MHz, 21.03 W, 28
 15:28:10 up 6 days, 23:19,  5 users,  load average: 1.47, 1.23, 1.09
2026-09-30T15:28:12-04:00
3 %, 463 MiB, 195 MHz, 405 MHz, 6.07 W, 31
0 %, 20 MiB, 210 MHz, 405 MHz, 20.97 W, 28
 15:28:12 up 6 days, 23:19,  5 users,  load average: 1.43, 1.23, 1.09
2026-09-30T15:28:14-04:00
3 %, 463 MiB, 210 MHz, 405 MHz, 5.84 W, 30
0 %, 20 MiB, 210 MHz, 405 MHz, 21.81 W, 28
 15:28:15 up 6 days, 23:19,  5 users,  load average: 1.43, 1.23, 1.09
2026-09-30T15:28:17-04:00
3 %, 463 MiB, 195 MHz, 405 MHz, 5.24 W, 30
0 %, 20 MiB, 210 MHz, 405 MHz, 22.10 W, 28
 15:28:17 up 6 days, 23:19,  5 users,  load average: 1.43, 1.23, 1.09
2026-09-30T15:28:19-04:00
3 %, 463 MiB, 195 MHz, 405 MHz, 5.67 W, 30
0 %, 20 MiB, 210 MHz, 405 MHz, 20.88 W, 28
 15:28:19 up 6 days, 23:19,  5 users,  load average: 1.39, 1.23, 1.09
2026-09-30T15:28:21-04:00
3 %, 463 MiB, 187 MHz, 405 MHz, 5.68 W, 30
0 %, 20 MiB, 210 MHz, 405 MHz, 20.94 W, 28
 15:28:21 up 6 days, 23:19,  5 users,  load average: 1.39, 1.23, 1.09
2026-09-30T15:28:23-04:00
3 %, 463 MiB, 195 MHz, 405 MHz, 5.55 W, 30
0 %, 20 MiB, 210 MHz, 405 MHz, 27.13 W, 28
 15:28:23 up 6 days, 23:19,  5 users,  load average: 1.36, 1.22, 1.09
2026-09-30T15:28:25-04:00
3 %, 463 MiB, 195 MHz, 405 MHz, 5.76 W, 30
0 %, 20 MiB, 210 MHz, 405 MHz, 21.07 W, 28
 15:28:25 up 6 days, 23:19,  5 users,  load average: 1.36, 1.22, 1.09
2026-09-30T15:28:27-04:00
3 %, 463 MiB, 195 MHz, 405 MHz, 5.74 W, 30
0 %, 20 MiB, 210 MHz, 405 MHz, 20.83 W, 28
 15:28:27 up 6 days, 23:19,  5 users,  load average: 1.36, 1.22, 1.09
2026-09-30T15:28:29-04:00
3 %, 463 MiB, 210 MHz, 405 MHz, 5.64 W, 30
0 %, 20 MiB, 210 MHz, 405 MHz, 22.42 W, 28
 15:28:29 up 6 days, 23:19,  5 users,  load average: 1.33, 1.22, 1.09
2026-09-30T15:28:31-04:00
3 %, 463 MiB, 195 MHz, 405 MHz, 5.19 W, 30
0 %, 20 MiB, 210 MHz, 405 MHz, 21.62 W, 28
 15:28:31 up 6 days, 23:19,  5 users,  load average: 1.33, 1.22, 1.09
2026-09-30T15:28:33-04:00
3 %, 463 MiB, 195 MHz, 405 MHz, 5.48 W, 30
0 %, 20 MiB, 210 MHz, 405 MHz, 20.78 W, 28
 15:28:33 up 6 days, 23:19,  5 users,  load average: 1.31, 1.21, 1.09
2026-09-30T15:28:35-04:00
3 %, 463 MiB, 195 MHz, 405 MHz, 5.65 W, 30
0 %, 20 MiB, 210 MHz, 405 MHz, 20.76 W, 28
 15:28:35 up 6 days, 23:19,  5 users,  load average: 1.31, 1.21, 1.09
2026-09-30T15:28:37-04:00
3 %, 463 MiB, 195 MHz, 405 MHz, 5.72 W, 30
0 %, 20 MiB, 210 MHz, 405 MHz, 27.47 W, 28
 15:28:37 up 6 days, 23:19,  5 users,  load average: 1.28, 1.21, 1.09
2026-09-30T15:28:39-04:00
3 %, 463 MiB, 195 MHz, 405 MHz, 5.54 W, 30
0 %, 20 MiB, 210 MHz, 405 MHz, 21.11 W, 28
 15:28:39 up 6 days, 23:19,  5 users,  load average: 1.28, 1.21, 1.09
2026-09-30T15:28:41-04:00
3 %, 463 MiB, 195 MHz, 405 MHz, 5.80 W, 30
0 %, 20 MiB, 210 MHz, 405 MHz, 20.76 W, 28
 15:28:41 up 6 days, 23:19,  5 users,  load average: 1.28, 1.21, 1.09
2026-09-30T15:28:43-04:00
3 %, 463 MiB, 195 MHz, 405 MHz, 5.90 W, 30
0 %, 20 MiB, 210 MHz, 405 MHz, 22.96 W, 28
 15:28:44 up 6 days, 23:19,  5 users,  load average: 1.26, 1.21, 1.09
2026-09-30T15:28:46-04:00
3 %, 463 MiB, 195 MHz, 405 MHz, 5.55 W, 30
0 %, 20 MiB, 210 MHz, 405 MHz, 21.85 W, 28
 15:28:46 up 6 days, 23:19,  5 users,  load average: 1.26, 1.21, 1.09
2026-09-30T15:28:48-04:00
3 %, 463 MiB, 195 MHz, 405 MHz, 5.47 W, 30
0 %, 20 MiB, 210 MHz, 405 MHz, 20.92 W, 28
 15:28:48 up 6 days, 23:19,  5 users,  load average: 1.24, 1.20, 1.09
2026-09-30T15:28:50-04:00
3 %, 463 MiB, 195 MHz, 405 MHz, 5.61 W, 30
0 %, 20 MiB, 210 MHz, 405 MHz, 20.87 W, 28
 15:28:50 up 6 days, 23:19,  5 users,  load average: 1.24, 1.20, 1.09
2026-09-30T15:28:52-04:00
3 %, 463 MiB, 195 MHz, 405 MHz, 5.54 W, 30
0 %, 20 MiB, 210 MHz, 405 MHz, 27.47 W, 28
 15:28:52 up 6 days, 23:19,  5 users,  load average: 1.24, 1.20, 1.09
2026-09-30T15:28:54-04:00
3 %, 463 MiB, 195 MHz, 405 MHz, 6.11 W, 30
0 %, 20 MiB, 210 MHz, 405 MHz, 21.06 W, 28
 15:28:54 up 6 days, 23:19,  5 users,  load average: 1.22, 1.20, 1.09
2026-09-30T15:28:56-04:00
3 %, 463 MiB, 187 MHz, 405 MHz, 6.18 W, 30
0 %, 20 MiB, 210 MHz, 405 MHz, 20.92 W, 28
 15:28:56 up 6 days, 23:19,  5 users,  load average: 1.22, 1.20, 1.09
2026-09-30T15:28:58-04:00
3 %, 463 MiB, 195 MHz, 405 MHz, 6.20 W, 30
0 %, 20 MiB, 210 MHz, 405 MHz, 23.67 W, 28
 15:28:58 up 6 days, 23:20,  5 users,  load average: 1.20, 1.20, 1.08
2026-09-30T15:29:00-04:00
8 %, 1759 MiB, 2670 MHz, 13801 MHz, 29.43 W, 32
0 %, 20 MiB, 210 MHz, 405 MHz, 22.42 W, 28
1545992, /home/ndizazzo/dev/mesh/issue1393-q4-snapshot-20260930/target/release/xtask, 1322 MiB
 15:29:00 up 6 days, 23:20,  5 users,  load average: 1.20, 1.20, 1.08
2026-09-30T15:29:02-04:00
100 %, 1761 MiB, 2790 MHz, 13801 MHz, 63.10 W, 32
0 %, 20 MiB, 210 MHz, 405 MHz, 22.29 W, 28
1545992, /home/ndizazzo/dev/mesh/issue1393-q4-snapshot-20260930/target/release/xtask, 1324 MiB
 15:29:02 up 6 days, 23:20,  5 users,  load average: 1.27, 1.21, 1.09
2026-09-30T15:29:04-04:00
100 %, 1761 MiB, 2925 MHz, 13801 MHz, 92.30 W, 33
0 %, 20 MiB, 210 MHz, 405 MHz, 21.35 W, 28
1545992, /home/ndizazzo/dev/mesh/issue1393-q4-snapshot-20260930/target/release/xtask, 1324 MiB
 15:29:04 up 6 days, 23:20,  5 users,  load average: 1.27, 1.21, 1.09
2026-09-30T15:29:06-04:00
100 %, 1761 MiB, 2925 MHz, 13801 MHz, 91.93 W, 33
0 %, 20 MiB, 210 MHz, 405 MHz, 22.33 W, 28
1545992, /home/ndizazzo/dev/mesh/issue1393-q4-snapshot-20260930/target/release/xtask, 1324 MiB
 15:29:06 up 6 days, 23:20,  5 users,  load average: 1.27, 1.21, 1.09
2026-09-30T15:29:08-04:00
100 %, 1761 MiB, 2925 MHz, 13801 MHz, 91.77 W, 33
0 %, 20 MiB, 210 MHz, 405 MHz, 21.24 W, 28
1545992, /home/ndizazzo/dev/mesh/issue1393-q4-snapshot-20260930/target/release/xtask, 1324 MiB
 15:29:08 up 6 days, 23:20,  5 users,  load average: 1.32, 1.22, 1.10
2026-09-30T15:29:10-04:00
100 %, 1761 MiB, 2925 MHz, 13801 MHz, 92.09 W, 33
0 %, 20 MiB, 210 MHz, 405 MHz, 21.30 W, 28
1545992, /home/ndizazzo/dev/mesh/issue1393-q4-snapshot-20260930/target/release/xtask, 1324 MiB
 15:29:10 up 6 days, 23:20,  5 users,  load average: 1.32, 1.22, 1.10
2026-09-30T15:29:12-04:00
100 %, 1761 MiB, 2925 MHz, 13801 MHz, 91.81 W, 33
0 %, 20 MiB, 210 MHz, 405 MHz, 24.21 W, 28
1545992, /home/ndizazzo/dev/mesh/issue1393-q4-snapshot-20260930/target/release/xtask, 1324 MiB
 15:29:12 up 6 days, 23:20,  5 users,  load average: 1.38, 1.24, 1.10
2026-09-30T15:29:14-04:00
100 %, 1761 MiB, 2925 MHz, 13801 MHz, 96.33 W, 33
0 %, 20 MiB, 210 MHz, 405 MHz, 22.18 W, 28
1545992, /home/ndizazzo/dev/mesh/issue1393-q4-snapshot-20260930/target/release/xtask, 1324 MiB
 15:29:15 up 6 days, 23:20,  5 users,  load average: 1.38, 1.24, 1.10
2026-09-30T15:29:17-04:00
100 %, 1761 MiB, 2925 MHz, 13801 MHz, 92.06 W, 33
0 %, 20 MiB, 210 MHz, 405 MHz, 21.38 W, 28
1545992, /home/ndizazzo/dev/mesh/issue1393-q4-snapshot-20260930/target/release/xtask, 1324 MiB
 15:29:17 up 6 days, 23:20,  5 users,  load average: 1.38, 1.24, 1.10
2026-09-30T15:29:19-04:00
100 %, 1761 MiB, 2925 MHz, 13801 MHz, 91.79 W, 33
0 %, 20 MiB, 210 MHz, 405 MHz, 21.19 W, 28
1545992, /home/ndizazzo/dev/mesh/issue1393-q4-snapshot-20260930/target/release/xtask, 1324 MiB
 15:29:19 up 6 days, 23:20,  5 users,  load average: 1.43, 1.25, 1.11
2026-09-30T15:29:21-04:00
100 %, 1761 MiB, 2925 MHz, 13801 MHz, 92.04 W, 33
0 %, 20 MiB, 210 MHz, 405 MHz, 22.00 W, 28
1545992, /home/ndizazzo/dev/mesh/issue1393-q4-snapshot-20260930/target/release/xtask, 1324 MiB
 15:29:21 up 6 days, 23:20,  5 users,  load average: 1.43, 1.25, 1.11
2026-09-30T15:29:23-04:00
100 %, 1761 MiB, 2925 MHz, 13801 MHz, 92.22 W, 33
0 %, 20 MiB, 210 MHz, 405 MHz, 21.25 W, 28
1545992, /home/ndizazzo/dev/mesh/issue1393-q4-snapshot-20260930/target/release/xtask, 1324 MiB
 15:29:23 up 6 days, 23:20,  5 users,  load average: 1.47, 1.26, 1.11
2026-09-30T15:29:25-04:00
100 %, 1761 MiB, 2925 MHz, 13801 MHz, 92.03 W, 33
0 %, 20 MiB, 210 MHz, 405 MHz, 21.36 W, 28
1545992, /home/ndizazzo/dev/mesh/issue1393-q4-snapshot-20260930/target/release/xtask, 1324 MiB
 15:29:25 up 6 days, 23:20,  5 users,  load average: 1.47, 1.26, 1.11
2026-09-30T15:29:27-04:00
0 %, 463 MiB, 2925 MHz, 14001 MHz, 77.27 W, 32
0 %, 20 MiB, 210 MHz, 405 MHz, 27.75 W, 28
 15:29:27 up 6 days, 23:20,  5 users,  load average: 1.47, 1.26, 1.11
2026-09-30T15:29:29-04:00
2 %, 463 MiB, 450 MHz, 810 MHz, 14.64 W, 31
0 %, 20 MiB, 210 MHz, 405 MHz, 21.87 W, 28
 15:29:29 up 6 days, 23:20,  5 users,  load average: 1.44, 1.26, 1.11
2026-09-30T15:29:31-04:00
3 %, 463 MiB, 195 MHz, 405 MHz, 6.68 W, 31
0 %, 20 MiB, 210 MHz, 405 MHz, 21.05 W, 28
 15:29:31 up 6 days, 23:20,  5 users,  load average: 1.44, 1.26, 1.11
2026-09-30T15:29:33-04:00
3 %, 463 MiB, 195 MHz, 405 MHz, 5.82 W, 30
0 %, 20 MiB, 210 MHz, 405 MHz, 21.05 W, 28
 15:29:33 up 6 days, 23:20,  5 users,  load average: 1.40, 1.25, 1.11
2026-09-30T15:29:35-04:00
3 %, 463 MiB, 195 MHz, 405 MHz, 6.10 W, 30
0 %, 20 MiB, 210 MHz, 405 MHz, 24.65 W, 28
 15:29:35 up 6 days, 23:20,  5 users,  load average: 1.40, 1.25, 1.11
2026-09-30T15:29:37-04:00
3 %, 463 MiB, 195 MHz, 405 MHz, 5.66 W, 30
0 %, 20 MiB, 210 MHz, 405 MHz, 20.91 W, 28
 15:29:37 up 6 days, 23:20,  5 users,  load average: 1.37, 1.25, 1.11
2026-09-30T15:29:39-04:00
3 %, 463 MiB, 195 MHz, 405 MHz, 5.98 W, 30
0 %, 20 MiB, 210 MHz, 405 MHz, 21.01 W, 28
 15:29:39 up 6 days, 23:20,  5 users,  load average: 1.37, 1.25, 1.11
2026-09-30T15:29:41-04:00
3 %, 463 MiB, 195 MHz, 405 MHz, 5.98 W, 30
0 %, 20 MiB, 210 MHz, 405 MHz, 27.60 W, 28
 15:29:41 up 6 days, 23:20,  5 users,  load average: 1.37, 1.25, 1.11
2026-09-30T15:29:43-04:00
3 %, 463 MiB, 195 MHz, 405 MHz, 5.80 W, 30
0 %, 20 MiB, 210 MHz, 405 MHz, 21.19 W, 28
 15:29:43 up 6 days, 23:20,  5 users,  load average: 1.34, 1.24, 1.11
2026-09-30T15:29:45-04:00
3 %, 463 MiB, 195 MHz, 405 MHz, 5.56 W, 30
0 %, 20 MiB, 210 MHz, 405 MHz, 21.16 W, 27
 15:29:46 up 6 days, 23:20,  5 users,  load average: 1.34, 1.24, 1.11
2026-09-30T15:29:48-04:00
3 %, 463 MiB, 195 MHz, 405 MHz, 5.42 W, 30
1 %, 20 MiB, 210 MHz, 405 MHz, 21.15 W, 28
 15:29:48 up 6 days, 23:20,  5 users,  load average: 1.31, 1.24, 1.11
2026-09-30T15:29:50-04:00
3 %, 463 MiB, 195 MHz, 405 MHz, 6.11 W, 30
0 %, 20 MiB, 210 MHz, 405 MHz, 22.33 W, 28
 15:29:50 up 6 days, 23:20,  5 users,  load average: 1.31, 1.24, 1.11
2026-09-30T15:29:52-04:00
3 %, 463 MiB, 195 MHz, 405 MHz, 5.41 W, 30
0 %, 20 MiB, 210 MHz, 405 MHz, 20.91 W, 28
 15:29:52 up 6 days, 23:20,  5 users,  load average: 1.31, 1.24, 1.11
2026-09-30T15:29:54-04:00
3 %, 463 MiB, 195 MHz, 405 MHz, 5.63 W, 30
0 %, 20 MiB, 210 MHz, 405 MHz, 21.07 W, 28
 15:29:54 up 6 days, 23:20,  5 users,  load average: 1.29, 1.23, 1.10
2026-09-30T15:29:56-04:00
3 %, 463 MiB, 195 MHz, 405 MHz, 5.96 W, 30
0 %, 20 MiB, 210 MHz, 405 MHz, 27.10 W, 28
 15:29:56 up 6 days, 23:20,  5 users,  load average: 1.29, 1.23, 1.10
2026-09-30T15:29:58-04:00
3 %, 463 MiB, 195 MHz, 405 MHz, 5.63 W, 30
0 %, 20 MiB, 210 MHz, 405 MHz, 21.19 W, 28
 15:29:58 up 6 days, 23:21,  5 users,  load average: 1.26, 1.23, 1.10
2026-09-30T15:30:00-04:00
3 %, 463 MiB, 195 MHz, 405 MHz, 6.06 W, 30
0 %, 20 MiB, 210 MHz, 405 MHz, 20.88 W, 28
 15:30:00 up 6 days, 23:21,  5 users,  load average: 1.26, 1.23, 1.10
2026-09-30T15:30:02-04:00
3 %, 463 MiB, 210 MHz, 405 MHz, 6.32 W, 30
0 %, 20 MiB, 210 MHz, 405 MHz, 22.00 W, 28
 15:30:02 up 6 days, 23:21,  5 users,  load average: 1.26, 1.23, 1.10
2026-09-30T15:30:04-04:00
3 %, 463 MiB, 187 MHz, 405 MHz, 5.82 W, 30
0 %, 20 MiB, 210 MHz, 405 MHz, 21.75 W, 28
 15:30:04 up 6 days, 23:21,  5 users,  load average: 1.24, 1.23, 1.10
2026-09-30T15:30:06-04:00
3 %, 463 MiB, 195 MHz, 405 MHz, 5.49 W, 30
0 %, 20 MiB, 210 MHz, 405 MHz, 20.80 W, 28
 15:30:06 up 6 days, 23:21,  5 users,  load average: 1.24, 1.23, 1.10
2026-09-30T15:30:08-04:00
3 %, 463 MiB, 195 MHz, 405 MHz, 5.97 W, 30
0 %, 20 MiB, 210 MHz, 405 MHz, 20.94 W, 28
 15:30:08 up 6 days, 23:21,  5 users,  load average: 1.22, 1.22, 1.10
2026-09-30T15:30:10-04:00
3 %, 463 MiB, 187 MHz, 405 MHz, 5.57 W, 30
0 %, 20 MiB, 210 MHz, 405 MHz, 27.45 W, 28
 15:30:10 up 6 days, 23:21,  5 users,  load average: 1.22, 1.22, 1.10
2026-09-30T15:30:12-04:00
3 %, 463 MiB, 195 MHz, 405 MHz, 5.37 W, 30
0 %, 20 MiB, 210 MHz, 405 MHz, 21.36 W, 28
 15:30:12 up 6 days, 23:21,  5 users,  load average: 1.20, 1.22, 1.10
2026-09-30T15:30:14-04:00
3 %, 463 MiB, 195 MHz, 405 MHz, 5.91 W, 30
0 %, 20 MiB, 210 MHz, 405 MHz, 20.86 W, 28
 15:30:15 up 6 days, 23:21,  5 users,  load average: 1.20, 1.22, 1.10
2026-09-30T15:30:17-04:00
3 %, 463 MiB, 210 MHz, 405 MHz, 5.62 W, 30
0 %, 20 MiB, 210 MHz, 405 MHz, 22.64 W, 28
 15:30:17 up 6 days, 23:21,  5 users,  load average: 1.20, 1.22, 1.10
2026-09-30T15:30:19-04:00
3 %, 463 MiB, 195 MHz, 405 MHz, 5.46 W, 31
0 %, 20 MiB, 210 MHz, 405 MHz, 22.05 W, 28
 15:30:19 up 6 days, 23:21,  5 users,  load average: 1.19, 1.21, 1.10
2026-09-30T15:30:21-04:00
0 %, 1759 MiB, 2542 MHz, 13801 MHz, 62.23 W, 31
0 %, 20 MiB, 210 MHz, 405 MHz, 26.07 W, 28
1545992, /home/ndizazzo/dev/mesh/issue1393-q4-snapshot-20260930/target/release/xtask, 1322 MiB
 15:30:21 up 6 days, 23:21,  5 users,  load average: 1.19, 1.21, 1.10
2026-09-30T15:30:23-04:00
100 %, 1761 MiB, 2925 MHz, 13801 MHz, 92.42 W, 33
0 %, 20 MiB, 210 MHz, 405 MHz, 21.32 W, 28
1545992, /home/ndizazzo/dev/mesh/issue1393-q4-snapshot-20260930/target/release/xtask, 1324 MiB
 15:30:23 up 6 days, 23:21,  5 users,  load average: 1.25, 1.23, 1.10
2026-09-30T15:30:25-04:00
100 %, 1761 MiB, 2925 MHz, 13801 MHz, 92.11 W, 33
0 %, 20 MiB, 210 MHz, 405 MHz, 25.07 W, 28
1545992, /home/ndizazzo/dev/mesh/issue1393-q4-snapshot-20260930/target/release/xtask, 1324 MiB
 15:30:25 up 6 days, 23:21,  5 users,  load average: 1.25, 1.23, 1.10
2026-09-30T15:30:27-04:00
100 %, 1761 MiB, 2925 MHz, 13801 MHz, 91.26 W, 33
0 %, 20 MiB, 210 MHz, 405 MHz, 21.17 W, 28
1545992, /home/ndizazzo/dev/mesh/issue1393-q4-snapshot-20260930/target/release/xtask, 1324 MiB
 15:30:27 up 6 days, 23:21,  5 users,  load average: 1.25, 1.23, 1.10
2026-09-30T15:30:29-04:00
100 %, 1761 MiB, 2925 MHz, 13801 MHz, 91.61 W, 33
0 %, 20 MiB, 210 MHz, 405 MHz, 21.01 W, 28
1545992, /home/ndizazzo/dev/mesh/issue1393-q4-snapshot-20260930/target/release/xtask, 1324 MiB
 15:30:29 up 6 days, 23:21,  5 users,  load average: 1.31, 1.24, 1.11
2026-09-30T15:30:31-04:00
100 %, 1761 MiB, 2925 MHz, 13801 MHz, 91.78 W, 33
0 %, 20 MiB, 210 MHz, 405 MHz, 23.21 W, 28
1545992, /home/ndizazzo/dev/mesh/issue1393-q4-snapshot-20260930/target/release/xtask, 1324 MiB
 15:30:31 up 6 days, 23:21,  5 users,  load average: 1.31, 1.24, 1.11
2026-09-30T15:30:33-04:00
100 %, 1761 MiB, 2925 MHz, 13801 MHz, 92.13 W, 33
0 %, 20 MiB, 210 MHz, 405 MHz, 21.66 W, 28
1545992, /home/ndizazzo/dev/mesh/issue1393-q4-snapshot-20260930/target/release/xtask, 1324 MiB
 15:30:33 up 6 days, 23:21,  5 users,  load average: 1.37, 1.25, 1.11
2026-09-30T15:30:35-04:00
100 %, 1761 MiB, 2925 MHz, 13801 MHz, 92.57 W, 33
0 %, 20 MiB, 210 MHz, 405 MHz, 20.93 W, 28
1545992, /home/ndizazzo/dev/mesh/issue1393-q4-snapshot-20260930/target/release/xtask, 1324 MiB
 15:30:35 up 6 days, 23:21,  5 users,  load average: 1.37, 1.25, 1.11
2026-09-30T15:30:37-04:00
100 %, 1761 MiB, 2925 MHz, 13801 MHz, 92.33 W, 33
0 %, 20 MiB, 210 MHz, 405 MHz, 21.06 W, 28
1545992, /home/ndizazzo/dev/mesh/issue1393-q4-snapshot-20260930/target/release/xtask, 1324 MiB
 15:30:37 up 6 days, 23:21,  5 users,  load average: 1.37, 1.25, 1.11
2026-09-30T15:30:39-04:00
100 %, 1761 MiB, 2925 MHz, 13801 MHz, 92.47 W, 33
0 %, 20 MiB, 210 MHz, 405 MHz, 27.46 W, 28
1545992, /home/ndizazzo/dev/mesh/issue1393-q4-snapshot-20260930/target/release/xtask, 1324 MiB
 15:30:39 up 6 days, 23:21,  5 users,  load average: 1.42, 1.27, 1.12
2026-09-30T15:30:41-04:00
100 %, 1761 MiB, 2925 MHz, 13801 MHz, 92.82 W, 33
0 %, 20 MiB, 210 MHz, 405 MHz, 21.31 W, 28
1545992, /home/ndizazzo/dev/mesh/issue1393-q4-snapshot-20260930/target/release/xtask, 1324 MiB
 15:30:41 up 6 days, 23:21,  5 users,  load average: 1.42, 1.27, 1.12
2026-09-30T15:30:43-04:00
100 %, 1761 MiB, 2925 MHz, 13801 MHz, 93.12 W, 33
0 %, 20 MiB, 210 MHz, 405 MHz, 20.98 W, 28
1545992, /home/ndizazzo/dev/mesh/issue1393-q4-snapshot-20260930/target/release/xtask, 1324 MiB
 15:30:43 up 6 days, 23:21,  5 users,  load average: 1.47, 1.28, 1.12
2026-09-30T15:30:45-04:00
100 %, 1761 MiB, 2925 MHz, 13801 MHz, 89.61 W, 33
0 %, 20 MiB, 210 MHz, 405 MHz, 23.62 W, 28
1545992, /home/ndizazzo/dev/mesh/issue1393-q4-snapshot-20260930/target/release/xtask, 1324 MiB
 15:30:45 up 6 days, 23:21,  5 users,  load average: 1.47, 1.28, 1.12
2026-09-30T15:30:47-04:00
100 %, 1761 MiB, 2925 MHz, 13801 MHz, 89.68 W, 33
0 %, 20 MiB, 210 MHz, 405 MHz, 22.17 W, 28
1545992, /home/ndizazzo/dev/mesh/issue1393-q4-snapshot-20260930/target/release/xtask, 1324 MiB
 15:30:47 up 6 days, 23:21,  5 users,  load average: 1.51, 1.29, 1.13
2026-09-30T15:30:49-04:00
100 %, 1761 MiB, 2925 MHz, 13801 MHz, 90.17 W, 33
0 %, 20 MiB, 210 MHz, 405 MHz, 20.92 W, 28
1545992, /home/ndizazzo/dev/mesh/issue1393-q4-snapshot-20260930/target/release/xtask, 1324 MiB
 15:30:50 up 6 days, 23:21,  5 users,  load average: 1.51, 1.29, 1.13
2026-09-30T15:30:52-04:00
100 %, 1761 MiB, 2925 MHz, 13801 MHz, 92.39 W, 33
0 %, 20 MiB, 210 MHz, 405 MHz, 21.03 W, 28
1545992, /home/ndizazzo/dev/mesh/issue1393-q4-snapshot-20260930/target/release/xtask, 1324 MiB
 15:30:52 up 6 days, 23:21,  5 users,  load average: 1.51, 1.29, 1.13
2026-09-30T15:30:54-04:00
100 %, 1761 MiB, 2925 MHz, 13801 MHz, 92.68 W, 33
0 %, 20 MiB, 210 MHz, 405 MHz, 27.25 W, 28
1545992, /home/ndizazzo/dev/mesh/issue1393-q4-snapshot-20260930/target/release/xtask, 1324 MiB
 15:30:54 up 6 days, 23:21,  5 users,  load average: 1.55, 1.30, 1.13
2026-09-30T15:30:56-04:00
100 %, 1761 MiB, 2925 MHz, 13801 MHz, 92.16 W, 33
0 %, 20 MiB, 210 MHz, 405 MHz, 21.00 W, 28
1545992, /home/ndizazzo/dev/mesh/issue1393-q4-snapshot-20260930/target/release/xtask, 1324 MiB
 15:30:56 up 6 days, 23:21,  5 users,  load average: 1.55, 1.30, 1.13
2026-09-30T15:30:58-04:00
100 %, 1761 MiB, 2925 MHz, 13801 MHz, 92.27 W, 33
0 %, 20 MiB, 210 MHz, 405 MHz, 21.06 W, 28
1545992, /home/ndizazzo/dev/mesh/issue1393-q4-snapshot-20260930/target/release/xtask, 1324 MiB
 15:30:58 up 6 days, 23:22,  5 users,  load average: 1.58, 1.31, 1.14
2026-09-30T15:31:00-04:00
100 %, 1761 MiB, 2925 MHz, 13801 MHz, 92.38 W, 33
0 %, 20 MiB, 210 MHz, 405 MHz, 24.17 W, 28
1545992, /home/ndizazzo/dev/mesh/issue1393-q4-snapshot-20260930/target/release/xtask, 1324 MiB
 15:31:00 up 6 days, 23:22,  5 users,  load average: 1.58, 1.31, 1.14
2026-09-30T15:31:02-04:00
100 %, 1761 MiB, 2925 MHz, 13801 MHz, 92.41 W, 33
0 %, 20 MiB, 210 MHz, 405 MHz, 22.32 W, 28
1545992, /home/ndizazzo/dev/mesh/issue1393-q4-snapshot-20260930/target/release/xtask, 1324 MiB
 15:31:02 up 6 days, 23:22,  5 users,  load average: 1.58, 1.31, 1.14
2026-09-30T15:31:04-04:00
100 %, 1761 MiB, 2925 MHz, 13801 MHz, 92.89 W, 33
0 %, 20 MiB, 210 MHz, 405 MHz, 21.06 W, 28
1545992, /home/ndizazzo/dev/mesh/issue1393-q4-snapshot-20260930/target/release/xtask, 1324 MiB
 15:31:04 up 6 days, 23:22,  5 users,  load average: 1.62, 1.33, 1.14
2026-09-30T15:31:06-04:00
100 %, 1761 MiB, 2925 MHz, 13801 MHz, 92.36 W, 33
0 %, 20 MiB, 210 MHz, 405 MHz, 21.17 W, 28
1545992, /home/ndizazzo/dev/mesh/issue1393-q4-snapshot-20260930/target/release/xtask, 1324 MiB
 15:31:06 up 6 days, 23:22,  5 users,  load average: 1.62, 1.33, 1.14
2026-09-30T15:31:08-04:00
100 %, 1761 MiB, 2925 MHz, 13801 MHz, 92.65 W, 33
0 %, 20 MiB, 210 MHz, 405 MHz, 27.01 W, 28
1545992, /home/ndizazzo/dev/mesh/issue1393-q4-snapshot-20260930/target/release/xtask, 1324 MiB
 15:31:08 up 6 days, 23:22,  5 users,  load average: 1.65, 1.34, 1.15
2026-09-30T15:31:10-04:00
100 %, 1761 MiB, 2925 MHz, 13801 MHz, 91.31 W, 33
0 %, 20 MiB, 210 MHz, 405 MHz, 21.42 W, 28
1545992, /home/ndizazzo/dev/mesh/issue1393-q4-snapshot-20260930/target/release/xtask, 1324 MiB
 15:31:10 up 6 days, 23:22,  5 users,  load average: 1.65, 1.34, 1.15
2026-09-30T15:31:12-04:00
100 %, 1761 MiB, 2925 MHz, 13801 MHz, 90.45 W, 33
0 %, 20 MiB, 210 MHz, 405 MHz, 21.09 W, 28
1545992, /home/ndizazzo/dev/mesh/issue1393-q4-snapshot-20260930/target/release/xtask, 1324 MiB
 15:31:12 up 6 days, 23:22,  5 users,  load average: 1.65, 1.34, 1.15
2026-09-30T15:31:14-04:00
100 %, 1761 MiB, 2925 MHz, 13801 MHz, 89.52 W, 33
0 %, 20 MiB, 210 MHz, 405 MHz, 23.11 W, 28
1545992, /home/ndizazzo/dev/mesh/issue1393-q4-snapshot-20260930/target/release/xtask, 1324 MiB
 15:31:14 up 6 days, 23:22,  5 users,  load average: 1.68, 1.35, 1.15
2026-09-30T15:31:16-04:00
100 %, 1761 MiB, 2925 MHz, 13801 MHz, 89.73 W, 33
0 %, 20 MiB, 210 MHz, 405 MHz, 21.05 W, 28
1545992, /home/ndizazzo/dev/mesh/issue1393-q4-snapshot-20260930/target/release/xtask, 1324 MiB
 15:31:16 up 6 days, 23:22,  5 users,  load average: 1.68, 1.35, 1.15
2026-09-30T15:31:18-04:00
0 %, 463 MiB, 2925 MHz, 14001 MHz, 77.39 W, 32
0 %, 20 MiB, 210 MHz, 405 MHz, 23.60 W, 28
 15:31:18 up 6 days, 23:22,  5 users,  load average: 1.70, 1.36, 1.16
2026-09-30T15:31:20-04:00
2 %, 463 MiB, 600 MHz, 810 MHz, 22.43 W, 31
0 %, 20 MiB, 210 MHz, 405 MHz, 22.30 W, 28
 15:31:20 up 6 days, 23:22,  5 users,  load average: 1.70, 1.36, 1.16
2026-09-30T15:31:22-04:00
3 %, 463 MiB, 210 MHz, 405 MHz, 6.07 W, 31
0 %, 20 MiB, 210 MHz, 405 MHz, 24.80 W, 28
 15:31:22 up 6 days, 23:22,  5 users,  load average: 1.65, 1.35, 1.16
2026-09-30T15:31:24-04:00
3 %, 463 MiB, 195 MHz, 405 MHz, 5.85 W, 31
0 %, 20 MiB, 210 MHz, 405 MHz, 20.91 W, 28
 15:31:25 up 6 days, 23:22,  5 users,  load average: 1.65, 1.35, 1.16
2026-09-30T15:31:27-04:00
3 %, 463 MiB, 195 MHz, 405 MHz, 6.12 W, 31
0 %, 20 MiB, 210 MHz, 405 MHz, 20.89 W, 28
 15:31:27 up 6 days, 23:22,  5 users,  load average: 1.65, 1.35, 1.16
2026-09-30T15:31:29-04:00
3 %, 463 MiB, 195 MHz, 405 MHz, 5.58 W, 31
0 %, 20 MiB, 210 MHz, 405 MHz, 23.71 W, 28
 15:31:29 up 6 days, 23:22,  5 users,  load average: 1.59, 1.35, 1.16
2026-09-30T15:31:31-04:00
3 %, 463 MiB, 195 MHz, 405 MHz, 5.77 W, 31
0 %, 20 MiB, 210 MHz, 405 MHz, 21.08 W, 28
 15:31:31 up 6 days, 23:22,  5 users,  load average: 1.59, 1.35, 1.16
2026-09-30T15:31:33-04:00
3 %, 463 MiB, 195 MHz, 405 MHz, 5.98 W, 31
0 %, 20 MiB, 210 MHz, 405 MHz, 20.77 W, 28
 15:31:33 up 6 days, 23:22,  5 users,  load average: 1.55, 1.34, 1.16
2026-09-30T15:31:35-04:00
3 %, 463 MiB, 195 MHz, 405 MHz, 5.80 W, 31
0 %, 20 MiB, 210 MHz, 405 MHz, 20.75 W, 28
 15:31:35 up 6 days, 23:22,  5 users,  load average: 1.55, 1.34, 1.16
2026-09-30T15:31:37-04:00
3 %, 463 MiB, 195 MHz, 405 MHz, 5.91 W, 31
0 %, 20 MiB, 210 MHz, 405 MHz, 21.82 W, 28
 15:31:37 up 6 days, 23:22,  5 users,  load average: 1.55, 1.34, 1.16
2026-09-30T15:31:39-04:00
3 %, 463 MiB, 195 MHz, 405 MHz, 6.30 W, 31
0 %, 20 MiB, 210 MHz, 405 MHz, 20.81 W, 28
 15:31:39 up 6 days, 23:22,  5 users,  load average: 1.50, 1.34, 1.15
2026-09-30T15:31:41-04:00
3 %, 463 MiB, 195 MHz, 405 MHz, 6.00 W, 31
0 %, 20 MiB, 210 MHz, 405 MHz, 20.85 W, 28
 15:31:41 up 6 days, 23:22,  5 users,  load average: 1.50, 1.34, 1.15
2026-09-30T15:31:43-04:00
3 %, 463 MiB, 195 MHz, 405 MHz, 5.94 W, 31
0 %, 20 MiB, 210 MHz, 405 MHz, 24.00 W, 28
 15:31:43 up 6 days, 23:22,  5 users,  load average: 1.46, 1.33, 1.15
2026-09-30T15:31:45-04:00
3 %, 463 MiB, 195 MHz, 405 MHz, 6.20 W, 31
0 %, 20 MiB, 210 MHz, 405 MHz, 20.89 W, 28
 15:31:45 up 6 days, 23:22,  5 users,  load average: 1.46, 1.33, 1.15
2026-09-30T15:31:47-04:00
3 %, 463 MiB, 195 MHz, 405 MHz, 5.85 W, 31
0 %, 20 MiB, 210 MHz, 405 MHz, 20.80 W, 28
 15:31:47 up 6 days, 23:22,  5 users,  load average: 1.43, 1.32, 1.15
2026-09-30T15:31:49-04:00
3 %, 463 MiB, 210 MHz, 405 MHz, 5.70 W, 31
0 %, 20 MiB, 210 MHz, 405 MHz, 21.61 W, 28
 15:31:49 up 6 days, 23:22,  5 users,  load average: 1.43, 1.32, 1.15
2026-09-30T15:31:51-04:00
3 %, 463 MiB, 195 MHz, 405 MHz, 6.09 W, 31
0 %, 20 MiB, 210 MHz, 405 MHz, 22.14 W, 28
 15:31:51 up 6 days, 23:22,  5 users,  load average: 1.43, 1.32, 1.15
2026-09-30T15:31:53-04:00
3 %, 463 MiB, 195 MHz, 405 MHz, 6.41 W, 31
0 %, 20 MiB, 210 MHz, 405 MHz, 20.92 W, 28
 15:31:54 up 6 days, 23:22,  5 users,  load average: 1.39, 1.32, 1.15
2026-09-30T15:31:56-04:00
3 %, 463 MiB, 195 MHz, 405 MHz, 6.00 W, 31
0 %, 20 MiB, 210 MHz, 405 MHz, 20.95 W, 28
 15:31:56 up 6 days, 23:22,  5 users,  load average: 1.39, 1.32, 1.15
2026-09-30T15:31:58-04:00
3 %, 463 MiB, 195 MHz, 405 MHz, 6.43 W, 31
0 %, 20 MiB, 210 MHz, 405 MHz, 27.31 W, 28
 15:31:58 up 6 days, 23:23,  5 users,  load average: 1.36, 1.31, 1.15
2026-09-30T15:32:00-04:00
3 %, 463 MiB, 195 MHz, 405 MHz, 5.90 W, 31
0 %, 20 MiB, 210 MHz, 405 MHz, 21.36 W, 28
 15:32:00 up 6 days, 23:23,  5 users,  load average: 1.36, 1.31, 1.15
2026-09-30T15:32:02-04:00
3 %, 463 MiB, 195 MHz, 405 MHz, 5.49 W, 31
0 %, 20 MiB, 210 MHz, 405 MHz, 20.88 W, 28
 15:32:02 up 6 days, 23:23,  5 users,  load average: 1.36, 1.31, 1.15
2026-09-30T15:32:04-04:00
3 %, 463 MiB, 210 MHz, 405 MHz, 6.11 W, 31
0 %, 20 MiB, 210 MHz, 405 MHz, 22.38 W, 28
 15:32:04 up 6 days, 23:23,  5 users,  load average: 1.33, 1.31, 1.15
2026-09-30T15:32:06-04:00
3 %, 463 MiB, 195 MHz, 405 MHz, 5.90 W, 31
0 %, 20 MiB, 210 MHz, 405 MHz, 21.67 W, 28
 15:32:06 up 6 days, 23:23,  5 users,  load average: 1.33, 1.31, 1.15
2026-09-30T15:32:08-04:00
3 %, 463 MiB, 195 MHz, 405 MHz, 5.63 W, 31
0 %, 20 MiB, 210 MHz, 405 MHz, 20.78 W, 28
 15:32:08 up 6 days, 23:23,  5 users,  load average: 1.30, 1.30, 1.15
2026-09-30T15:32:10-04:00
3 %, 463 MiB, 195 MHz, 405 MHz, 5.98 W, 31
0 %, 20 MiB, 210 MHz, 405 MHz, 20.82 W, 28
 15:32:10 up 6 days, 23:23,  5 users,  load average: 1.30, 1.30, 1.15
2026-09-30T15:32:12-04:00
0 %, 1759 MiB, 2542 MHz, 13801 MHz, 60.18 W, 32
0 %, 20 MiB, 210 MHz, 405 MHz, 28.53 W, 28
1545992, /home/ndizazzo/dev/mesh/issue1393-q4-snapshot-20260930/target/release/xtask, 1322 MiB
 15:32:12 up 6 days, 23:23,  5 users,  load average: 1.30, 1.30, 1.15
2026-09-30T15:32:14-04:00
100 %, 1761 MiB, 2925 MHz, 13801 MHz, 92.93 W, 33
0 %, 20 MiB, 210 MHz, 405 MHz, 21.11 W, 28
1545992, /home/ndizazzo/dev/mesh/issue1393-q4-snapshot-20260930/target/release/xtask, 1324 MiB
 15:32:14 up 6 days, 23:23,  5 users,  load average: 1.28, 1.30, 1.15
2026-09-30T15:32:16-04:00
100 %, 1761 MiB, 2925 MHz, 13801 MHz, 93.26 W, 33
0 %, 20 MiB, 210 MHz, 405 MHz, 21.03 W, 28
1545992, /home/ndizazzo/dev/mesh/issue1393-q4-snapshot-20260930/target/release/xtask, 1324 MiB
 15:32:16 up 6 days, 23:23,  5 users,  load average: 1.28, 1.30, 1.15
2026-09-30T15:32:18-04:00
100 %, 1761 MiB, 2925 MHz, 13801 MHz, 93.59 W, 33
0 %, 20 MiB, 210 MHz, 405 MHz, 23.57 W, 28
1545992, /home/ndizazzo/dev/mesh/issue1393-q4-snapshot-20260930/target/release/xtask, 1324 MiB
 15:32:18 up 6 days, 23:23,  5 users,  load average: 1.34, 1.31, 1.15
2026-09-30T15:32:20-04:00
100 %, 1761 MiB, 2925 MHz, 13801 MHz, 92.94 W, 33
0 %, 20 MiB, 210 MHz, 405 MHz, 21.99 W, 28
1545992, /home/ndizazzo/dev/mesh/issue1393-q4-snapshot-20260930/target/release/xtask, 1324 MiB
 15:32:20 up 6 days, 23:23,  5 users,  load average: 1.34, 1.31, 1.15
2026-09-30T15:32:22-04:00
100 %, 1761 MiB, 2925 MHz, 13801 MHz, 92.59 W, 33
0 %, 20 MiB, 210 MHz, 405 MHz, 20.86 W, 28
1545992, /home/ndizazzo/dev/mesh/issue1393-q4-snapshot-20260930/target/release/xtask, 1324 MiB
 15:32:22 up 6 days, 23:23,  5 users,  load average: 1.39, 1.32, 1.16
2026-09-30T15:32:24-04:00
100 %, 1761 MiB, 2925 MHz, 13801 MHz, 92.94 W, 33
0 %, 20 MiB, 210 MHz, 405 MHz, 21.02 W, 28
1545992, /home/ndizazzo/dev/mesh/issue1393-q4-snapshot-20260930/target/release/xtask, 1324 MiB
 15:32:25 up 6 days, 23:23,  5 users,  load average: 1.39, 1.32, 1.16
2026-09-30T15:32:27-04:00
100 %, 1761 MiB, 2925 MHz, 13801 MHz, 92.90 W, 33
0 %, 20 MiB, 210 MHz, 405 MHz, 27.27 W, 28
1545992, /home/ndizazzo/dev/mesh/issue1393-q4-snapshot-20260930/target/release/xtask, 1324 MiB
 15:32:27 up 6 days, 23:23,  5 users,  load average: 1.39, 1.32, 1.16
2026-09-30T15:32:29-04:00
100 %, 1761 MiB, 2925 MHz, 13801 MHz, 93.49 W, 33
0 %, 20 MiB, 210 MHz, 405 MHz, 21.18 W, 28
1545992, /home/ndizazzo/dev/mesh/issue1393-q4-snapshot-20260930/target/release/xtask, 1324 MiB
 15:32:29 up 6 days, 23:23,  5 users,  load average: 1.44, 1.33, 1.16
2026-09-30T15:32:31-04:00
100 %, 1761 MiB, 2925 MHz, 13801 MHz, 93.10 W, 33
0 %, 20 MiB, 210 MHz, 405 MHz, 21.03 W, 28
1545992, /home/ndizazzo/dev/mesh/issue1393-q4-snapshot-20260930/target/release/xtask, 1324 MiB
 15:32:31 up 6 days, 23:23,  5 users,  load average: 1.44, 1.33, 1.16
2026-09-30T15:32:33-04:00
100 %, 1761 MiB, 2925 MHz, 13801 MHz, 93.24 W, 33
0 %, 20 MiB, 210 MHz, 405 MHz, 23.62 W, 28
1545992, /home/ndizazzo/dev/mesh/issue1393-q4-snapshot-20260930/target/release/xtask, 1324 MiB
 15:32:33 up 6 days, 23:23,  5 users,  load average: 1.48, 1.34, 1.17
2026-09-30T15:32:35-04:00
100 %, 1761 MiB, 2925 MHz, 13801 MHz, 94.22 W, 33
0 %, 20 MiB, 210 MHz, 405 MHz, 21.75 W, 28
1545992, /home/ndizazzo/dev/mesh/issue1393-q4-snapshot-20260930/target/release/xtask, 1324 MiB
 15:32:35 up 6 days, 23:23,  5 users,  load average: 1.48, 1.34, 1.17
2026-09-30T15:32:37-04:00
100 %, 1761 MiB, 2925 MHz, 13801 MHz, 90.96 W, 33
0 %, 20 MiB, 210 MHz, 405 MHz, 21.01 W, 28
1545992, /home/ndizazzo/dev/mesh/issue1393-q4-snapshot-20260930/target/release/xtask, 1324 MiB
 15:32:37 up 6 days, 23:23,  5 users,  load average: 1.48, 1.34, 1.17
2026-09-30T15:32:39-04:00
100 %, 1761 MiB, 2925 MHz, 13801 MHz, 90.53 W, 33
0 %, 20 MiB, 210 MHz, 405 MHz, 20.97 W, 28
1545992, /home/ndizazzo/dev/mesh/issue1393-q4-snapshot-20260930/target/release/xtask, 1324 MiB
 15:32:39 up 6 days, 23:23,  5 users,  load average: 1.53, 1.35, 1.17
2026-09-30T15:32:41-04:00
100 %, 1761 MiB, 2925 MHz, 13801 MHz, 90.13 W, 33
0 %, 20 MiB, 210 MHz, 405 MHz, 27.39 W, 28
1545992, /home/ndizazzo/dev/mesh/issue1393-q4-snapshot-20260930/target/release/xtask, 1324 MiB
 15:32:41 up 6 days, 23:23,  5 users,  load average: 1.53, 1.35, 1.17
2026-09-30T15:32:43-04:00
100 %, 1761 MiB, 2925 MHz, 13801 MHz, 92.92 W, 33
0 %, 20 MiB, 210 MHz, 405 MHz, 21.33 W, 28
1545992, /home/ndizazzo/dev/mesh/issue1393-q4-snapshot-20260930/target/release/xtask, 1324 MiB
 15:32:43 up 6 days, 23:23,  5 users,  load average: 1.56, 1.37, 1.18
2026-09-30T15:32:45-04:00
100 %, 1761 MiB, 2925 MHz, 13801 MHz, 92.85 W, 33
0 %, 20 MiB, 210 MHz, 405 MHz, 21.04 W, 28
1545992, /home/ndizazzo/dev/mesh/issue1393-q4-snapshot-20260930/target/release/xtask, 1324 MiB
 15:32:45 up 6 days, 23:23,  5 users,  load average: 1.56, 1.37, 1.18
2026-09-30T15:32:47-04:00
100 %, 1761 MiB, 2925 MHz, 13801 MHz, 92.74 W, 33
0 %, 20 MiB, 210 MHz, 405 MHz, 22.35 W, 28
1545992, /home/ndizazzo/dev/mesh/issue1393-q4-snapshot-20260930/target/release/xtask, 1324 MiB
 15:32:47 up 6 days, 23:23,  5 users,  load average: 1.56, 1.37, 1.18
2026-09-30T15:32:49-04:00
100 %, 1761 MiB, 2925 MHz, 13801 MHz, 93.00 W, 33
0 %, 20 MiB, 210 MHz, 405 MHz, 21.99 W, 28
1545992, /home/ndizazzo/dev/mesh/issue1393-q4-snapshot-20260930/target/release/xtask, 1324 MiB
 15:32:49 up 6 days, 23:23,  5 users,  load average: 1.60, 1.38, 1.18
2026-09-30T15:32:51-04:00
100 %, 1761 MiB, 2925 MHz, 13801 MHz, 92.79 W, 33
0 %, 20 MiB, 210 MHz, 405 MHz, 21.10 W, 28
1545992, /home/ndizazzo/dev/mesh/issue1393-q4-snapshot-20260930/target/release/xtask, 1324 MiB
 15:32:51 up 6 days, 23:23,  5 users,  load average: 1.60, 1.38, 1.18
2026-09-30T15:32:53-04:00
100 %, 1761 MiB, 2925 MHz, 13801 MHz, 92.70 W, 33
0 %, 20 MiB, 210 MHz, 405 MHz, 21.13 W, 28
1545992, /home/ndizazzo/dev/mesh/issue1393-q4-snapshot-20260930/target/release/xtask, 1324 MiB
 15:32:53 up 6 days, 23:23,  5 users,  load average: 1.63, 1.39, 1.19
2026-09-30T15:32:55-04:00
100 %, 1761 MiB, 2925 MHz, 13801 MHz, 92.86 W, 33
0 %, 20 MiB, 210 MHz, 405 MHz, 27.36 W, 28
1545992, /home/ndizazzo/dev/mesh/issue1393-q4-snapshot-20260930/target/release/xtask, 1324 MiB
 15:32:55 up 6 days, 23:23,  5 users,  load average: 1.63, 1.39, 1.19
2026-09-30T15:32:57-04:00
100 %, 1761 MiB, 2925 MHz, 13801 MHz, 92.59 W, 33
0 %, 20 MiB, 210 MHz, 405 MHz, 21.18 W, 28
1545992, /home/ndizazzo/dev/mesh/issue1393-q4-snapshot-20260930/target/release/xtask, 1324 MiB
 15:32:57 up 6 days, 23:24,  5 users,  load average: 1.66, 1.40, 1.19
2026-09-30T15:32:59-04:00
100 %, 1761 MiB, 2925 MHz, 13801 MHz, 92.18 W, 33
0 %, 20 MiB, 210 MHz, 405 MHz, 21.28 W, 28
1545992, /home/ndizazzo/dev/mesh/issue1393-q4-snapshot-20260930/target/release/xtask, 1324 MiB
 15:32:59 up 6 days, 23:24,  5 users,  load average: 1.66, 1.40, 1.19
2026-09-30T15:33:01-04:00
100 %, 1761 MiB, 2925 MHz, 13801 MHz, 92.47 W, 33
0 %, 20 MiB, 210 MHz, 405 MHz, 23.14 W, 28
1545992, /home/ndizazzo/dev/mesh/issue1393-q4-snapshot-20260930/target/release/xtask, 1324 MiB
 15:33:02 up 6 days, 23:24,  5 users,  load average: 1.66, 1.40, 1.19
2026-09-30T15:33:04-04:00
100 %, 1761 MiB, 2925 MHz, 13801 MHz, 93.35 W, 33
0 %, 20 MiB, 210 MHz, 405 MHz, 22.25 W, 28
1545992, /home/ndizazzo/dev/mesh/issue1393-q4-snapshot-20260930/target/release/xtask, 1324 MiB
 15:33:04 up 6 days, 23:24,  5 users,  load average: 1.77, 1.42, 1.20
2026-09-30T15:33:06-04:00
100 %, 1761 MiB, 2925 MHz, 13801 MHz, 90.03 W, 33
0 %, 20 MiB, 210 MHz, 405 MHz, 21.07 W, 28
1545992, /home/ndizazzo/dev/mesh/issue1393-q4-snapshot-20260930/target/release/xtask, 1324 MiB
 15:33:06 up 6 days, 23:24,  5 users,  load average: 1.77, 1.42, 1.20
2026-09-30T15:33:08-04:00
100 %, 1761 MiB, 2925 MHz, 13801 MHz, 90.84 W, 33
0 %, 20 MiB, 210 MHz, 405 MHz, 21.08 W, 28
1545992, /home/ndizazzo/dev/mesh/issue1393-q4-snapshot-20260930/target/release/xtask, 1324 MiB
 15:33:08 up 6 days, 23:24,  5 users,  load average: 2.11, 1.50, 1.23
2026-09-30T15:33:10-04:00
0 %, 463 MiB, 2925 MHz, 14001 MHz, 78.43 W, 32
0 %, 20 MiB, 210 MHz, 405 MHz, 27.25 W, 28
 15:33:10 up 6 days, 23:24,  5 users,  load average: 2.11, 1.50, 1.23
2026-09-30T15:33:12-04:00
0 %, 463 MiB, 652 MHz, 810 MHz, 25.46 W, 31
0 %, 20 MiB, 210 MHz, 405 MHz, 21.91 W, 28
 15:33:12 up 6 days, 23:24,  5 users,  load average: 2.11, 1.50, 1.23
2026-09-30T15:33:14-04:00
0 %, 463 MiB, 225 MHz, 405 MHz, 6.47 W, 31
0 %, 20 MiB, 210 MHz, 405 MHz, 21.00 W, 28
 15:33:14 up 6 days, 23:24,  5 users,  load average: 2.42, 1.57, 1.25
2026-09-30T15:33:16-04:00
0 %, 463 MiB, 195 MHz, 405 MHz, 6.36 W, 31
0 %, 20 MiB, 210 MHz, 405 MHz, 23.93 W, 28
 15:33:16 up 6 days, 23:24,  5 users,  load average: 2.42, 1.57, 1.25
2026-09-30T15:33:18-04:00
0 %, 463 MiB, 195 MHz, 405 MHz, 6.24 W, 31
0 %, 20 MiB, 210 MHz, 405 MHz, 22.02 W, 28
 15:33:18 up 6 days, 23:24,  5 users,  load average: 2.39, 1.58, 1.26
2026-09-30T15:33:20-04:00
0 %, 463 MiB, 195 MHz, 405 MHz, 5.97 W, 31
0 %, 20 MiB, 210 MHz, 405 MHz, 21.13 W, 28
 15:33:20 up 6 days, 23:24,  5 users,  load average: 2.39, 1.58, 1.26
2026-09-30T15:33:22-04:00
0 %, 463 MiB, 195 MHz, 405 MHz, 6.37 W, 31
0 %, 20 MiB, 210 MHz, 405 MHz, 21.27 W, 28
 15:33:22 up 6 days, 23:24,  5 users,  load average: 2.39, 1.58, 1.26
2026-09-30T15:33:24-04:00
3 %, 463 MiB, 195 MHz, 405 MHz, 6.40 W, 31
0 %, 20 MiB, 210 MHz, 405 MHz, 27.38 W, 28
 15:33:24 up 6 days, 23:24,  5 users,  load average: 3.16, 1.76, 1.31
2026-09-30T15:33:26-04:00
3 %, 463 MiB, 195 MHz, 405 MHz, 5.94 W, 31
0 %, 20 MiB, 210 MHz, 405 MHz, 20.88 W, 28
 15:33:26 up 6 days, 23:24,  5 users,  load average: 3.16, 1.76, 1.31
2026-09-30T15:33:28-04:00
3 %, 463 MiB, 195 MHz, 405 MHz, 6.15 W, 31
0 %, 20 MiB, 210 MHz, 405 MHz, 20.84 W, 28
 15:33:28 up 6 days, 23:24,  5 users,  load average: 3.06, 1.76, 1.32
2026-09-30T15:33:30-04:00
3 %, 463 MiB, 195 MHz, 405 MHz, 6.79 W, 31
0 %, 20 MiB, 210 MHz, 405 MHz, 23.67 W, 28
 15:33:30 up 6 days, 23:24,  5 users,  load average: 3.06, 1.76, 1.32
2026-09-30T15:33:32-04:00
3 %, 463 MiB, 195 MHz, 405 MHz, 6.18 W, 31
0 %, 20 MiB, 210 MHz, 405 MHz, 22.03 W, 28
 15:33:33 up 6 days, 23:24,  5 users,  load average: 3.06, 1.78, 1.33
2026-09-30T15:33:35-04:00
3 %, 463 MiB, 195 MHz, 405 MHz, 6.25 W, 31
0 %, 20 MiB, 210 MHz, 405 MHz, 20.93 W, 28
 15:33:35 up 6 days, 23:24,  5 users,  load average: 3.06, 1.78, 1.33
2026-09-30T15:33:37-04:00
0 %, 463 MiB, 195 MHz, 405 MHz, 6.59 W, 31
0 %, 20 MiB, 210 MHz, 405 MHz, 20.92 W, 28
 15:33:37 up 6 days, 23:24,  5 users,  load average: 3.06, 1.78, 1.33
2026-09-30T15:33:39-04:00
0 %, 463 MiB, 195 MHz, 405 MHz, 6.20 W, 31
0 %, 20 MiB, 210 MHz, 405 MHz, 27.13 W, 28
 15:33:39 up 6 days, 23:24,  5 users,  load average: 2.97, 1.78, 1.33
2026-09-30T15:33:41-04:00
0 %, 463 MiB, 195 MHz, 405 MHz, 6.22 W, 31
0 %, 20 MiB, 210 MHz, 405 MHz, 20.99 W, 28
 15:33:41 up 6 days, 23:24,  5 users,  load average: 2.97, 1.78, 1.33
2026-09-30T15:33:43-04:00
0 %, 463 MiB, 195 MHz, 405 MHz, 6.12 W, 31
0 %, 20 MiB, 210 MHz, 405 MHz, 21.02 W, 28
 15:33:43 up 6 days, 23:24,  5 users,  load average: 2.97, 1.81, 1.34
2026-09-30T15:33:45-04:00
0 %, 463 MiB, 195 MHz, 405 MHz, 6.26 W, 31
0 %, 20 MiB, 210 MHz, 405 MHz, 27.47 W, 28
 15:33:45 up 6 days, 23:24,  5 users,  load average: 2.97, 1.81, 1.34
2026-09-30T15:33:47-04:00
0 %, 463 MiB, 195 MHz, 405 MHz, 6.03 W, 31
0 %, 20 MiB, 210 MHz, 405 MHz, 20.86 W, 28
 15:33:47 up 6 days, 23:24,  5 users,  load average: 2.97, 1.81, 1.34
2026-09-30T15:33:49-04:00
0 %, 463 MiB, 195 MHz, 405 MHz, 6.68 W, 31
0 %, 20 MiB, 210 MHz, 405 MHz, 20.89 W, 28
 15:33:49 up 6 days, 23:24,  5 users,  load average: 2.82, 1.79, 1.34
2026-09-30T15:33:51-04:00
0 %, 463 MiB, 195 MHz, 405 MHz, 6.55 W, 31
0 %, 20 MiB, 210 MHz, 405 MHz, 20.90 W, 28
 15:33:51 up 6 days, 23:24,  5 users,  load average: 2.82, 1.79, 1.34
2026-09-30T15:33:53-04:00
0 %, 463 MiB, 195 MHz, 405 MHz, 6.52 W, 31
0 %, 20 MiB, 210 MHz, 405 MHz, 27.52 W, 28
 15:33:53 up 6 days, 23:24,  5 users,  load average: 2.67, 1.78, 1.34
2026-09-30T15:33:55-04:00
0 %, 463 MiB, 195 MHz, 405 MHz, 6.24 W, 31
0 %, 20 MiB, 210 MHz, 405 MHz, 20.83 W, 28
 15:33:55 up 6 days, 23:24,  5 users,  load average: 2.67, 1.78, 1.34
2026-09-30T15:33:57-04:00
0 %, 463 MiB, 195 MHz, 405 MHz, 6.17 W, 31
0 %, 20 MiB, 210 MHz, 405 MHz, 20.87 W, 28
 15:33:57 up 6 days, 23:25,  5 users,  load average: 2.62, 1.78, 1.34
2026-09-30T15:33:59-04:00
0 %, 463 MiB, 195 MHz, 405 MHz, 6.39 W, 31
0 %, 20 MiB, 210 MHz, 405 MHz, 26.99 W, 29
 15:33:59 up 6 days, 23:25,  5 users,  load average: 2.62, 1.78, 1.34
2026-09-30T15:34:01-04:00
0 %, 463 MiB, 195 MHz, 405 MHz, 6.36 W, 31
0 %, 20 MiB, 210 MHz, 405 MHz, 21.05 W, 28
 15:34:01 up 6 days, 23:25,  5 users,  load average: 2.62, 1.78, 1.34
2026-09-30T15:34:04-04:00
0 %, 1759 MiB, 195 MHz, 405 MHz, 6.07 W, 31
0 %, 20 MiB, 210 MHz, 405 MHz, 20.82 W, 28
1545992, /home/ndizazzo/dev/mesh/issue1393-q4-snapshot-20260930/target/release/xtask, 1322 MiB
 15:34:04 up 6 days, 23:25,  5 users,  load average: 2.57, 1.79, 1.35
2026-09-30T15:34:06-04:00
0 %, 1759 MiB, 2542 MHz, 13801 MHz, 53.40 W, 32
0 %, 20 MiB, 210 MHz, 405 MHz, 22.45 W, 28
1545992, /home/ndizazzo/dev/mesh/issue1393-q4-snapshot-20260930/target/release/xtask, 1322 MiB
 15:34:06 up 6 days, 23:25,  5 users,  load average: 2.57, 1.79, 1.35
2026-09-30T15:34:08-04:00
0 %, 1759 MiB, 2542 MHz, 13801 MHz, 53.22 W, 32
0 %, 20 MiB, 210 MHz, 405 MHz, 22.03 W, 29
1545992, /home/ndizazzo/dev/mesh/issue1393-q4-snapshot-20260930/target/release/xtask, 1322 MiB
 15:34:08 up 6 days, 23:25,  5 users,  load average: 2.76, 1.84, 1.37
2026-09-30T15:34:10-04:00
100 %, 1761 MiB, 2925 MHz, 13801 MHz, 92.77 W, 33
0 %, 20 MiB, 210 MHz, 405 MHz, 21.17 W, 28
1545992, /home/ndizazzo/dev/mesh/issue1393-q4-snapshot-20260930/target/release/xtask, 1324 MiB
 15:34:10 up 6 days, 23:25,  5 users,  load average: 2.76, 1.84, 1.37
2026-09-30T15:34:12-04:00
100 %, 1761 MiB, 2925 MHz, 13801 MHz, 92.68 W, 33
0 %, 20 MiB, 210 MHz, 405 MHz, 21.11 W, 28
1545992, /home/ndizazzo/dev/mesh/issue1393-q4-snapshot-20260930/target/release/xtask, 1324 MiB
 15:34:12 up 6 days, 23:25,  5 users,  load average: 2.76, 1.84, 1.37
2026-09-30T15:34:14-04:00
100 %, 1761 MiB, 2925 MHz, 13801 MHz, 93.36 W, 33
0 %, 20 MiB, 210 MHz, 405 MHz, 27.46 W, 29
1545992, /home/ndizazzo/dev/mesh/issue1393-q4-snapshot-20260930/target/release/xtask, 1324 MiB
 15:34:14 up 6 days, 23:25,  5 users,  load average: 2.70, 1.84, 1.37
2026-09-30T15:34:16-04:00
100 %, 1761 MiB, 2925 MHz, 13801 MHz, 93.11 W, 33
0 %, 20 MiB, 210 MHz, 405 MHz, 21.34 W, 28
1545992, /home/ndizazzo/dev/mesh/issue1393-q4-snapshot-20260930/target/release/xtask, 1324 MiB
 15:34:16 up 6 days, 23:25,  5 users,  load average: 2.70, 1.84, 1.37
2026-09-30T15:34:18-04:00
100 %, 1761 MiB, 2925 MHz, 13801 MHz, 92.87 W, 33
0 %, 20 MiB, 210 MHz, 405 MHz, 20.91 W, 28
1545992, /home/ndizazzo/dev/mesh/issue1393-q4-snapshot-20260930/target/release/xtask, 1324 MiB
 15:34:18 up 6 days, 23:25,  5 users,  load average: 2.64, 1.85, 1.37
2026-09-30T15:34:20-04:00
100 %, 1761 MiB, 2925 MHz, 13801 MHz, 93.01 W, 33
0 %, 20 MiB, 210 MHz, 405 MHz, 21.84 W, 28
1545992, /home/ndizazzo/dev/mesh/issue1393-q4-snapshot-20260930/target/release/xtask, 1324 MiB
 15:34:20 up 6 days, 23:25,  5 users,  load average: 2.64, 1.85, 1.37
2026-09-30T15:34:22-04:00
100 %, 1761 MiB, 2925 MHz, 13801 MHz, 93.66 W, 33
0 %, 20 MiB, 210 MHz, 405 MHz, 22.00 W, 28
1545992, /home/ndizazzo/dev/mesh/issue1393-q4-snapshot-20260930/target/release/xtask, 1324 MiB
 15:34:22 up 6 days, 23:25,  5 users,  load average: 2.64, 1.85, 1.37
2026-09-30T15:34:24-04:00
100 %, 1761 MiB, 2925 MHz, 13801 MHz, 93.34 W, 33
0 %, 20 MiB, 210 MHz, 405 MHz, 21.06 W, 28
1545992, /home/ndizazzo/dev/mesh/issue1393-q4-snapshot-20260930/target/release/xtask, 1324 MiB
 15:34:24 up 6 days, 23:25,  5 users,  load average: 2.59, 1.85, 1.38
2026-09-30T15:34:26-04:00
100 %, 1761 MiB, 2925 MHz, 13801 MHz, 93.62 W, 33
0 %, 20 MiB, 210 MHz, 405 MHz, 21.10 W, 28
1545992, /home/ndizazzo/dev/mesh/issue1393-q4-snapshot-20260930/target/release/xtask, 1324 MiB
 15:34:26 up 6 days, 23:25,  5 users,  load average: 2.59, 1.85, 1.38
2026-09-30T15:34:28-04:00
100 %, 1761 MiB, 2925 MHz, 13801 MHz, 93.52 W, 33
0 %, 20 MiB, 210 MHz, 405 MHz, 27.22 W, 28
1545992, /home/ndizazzo/dev/mesh/issue1393-q4-snapshot-20260930/target/release/xtask, 1324 MiB
 15:34:28 up 6 days, 23:25,  5 users,  load average: 2.54, 1.85, 1.38
2026-09-30T15:34:30-04:00
100 %, 1761 MiB, 2925 MHz, 13801 MHz, 94.79 W, 33
0 %, 20 MiB, 210 MHz, 405 MHz, 20.94 W, 28
1545992, /home/ndizazzo/dev/mesh/issue1393-q4-snapshot-20260930/target/release/xtask, 1324 MiB
 15:34:30 up 6 days, 23:25,  5 users,  load average: 2.54, 1.85, 1.38
2026-09-30T15:34:32-04:00
100 %, 1761 MiB, 2925 MHz, 13801 MHz, 91.37 W, 33
0 %, 20 MiB, 210 MHz, 405 MHz, 20.93 W, 28
1545992, /home/ndizazzo/dev/mesh/issue1393-q4-snapshot-20260930/target/release/xtask, 1324 MiB
 15:34:32 up 6 days, 23:25,  5 users,  load average: 2.50, 1.85, 1.38
2026-09-30T15:34:34-04:00
100 %, 1761 MiB, 2925 MHz, 13801 MHz, 91.59 W, 33
0 %, 20 MiB, 210 MHz, 405 MHz, 22.56 W, 28
1545992, /home/ndizazzo/dev/mesh/issue1393-q4-snapshot-20260930/target/release/xtask, 1324 MiB
 15:34:34 up 6 days, 23:25,  5 users,  load average: 2.50, 1.85, 1.38
2026-09-30T15:34:36-04:00
100 %, 1761 MiB, 2925 MHz, 13801 MHz, 91.12 W, 33
0 %, 20 MiB, 210 MHz, 405 MHz, 22.19 W, 28
1545992, /home/ndizazzo/dev/mesh/issue1393-q4-snapshot-20260930/target/release/xtask, 1324 MiB
 15:34:36 up 6 days, 23:25,  5 users,  load average: 2.50, 1.85, 1.38
2026-09-30T15:34:38-04:00
100 %, 1761 MiB, 2925 MHz, 13801 MHz, 94.46 W, 33
0 %, 20 MiB, 210 MHz, 405 MHz, 20.90 W, 28
1545992, /home/ndizazzo/dev/mesh/issue1393-q4-snapshot-20260930/target/release/xtask, 1324 MiB
 15:34:39 up 6 days, 23:25,  5 users,  load average: 2.46, 1.86, 1.39
2026-09-30T15:34:41-04:00
100 %, 1761 MiB, 2925 MHz, 13801 MHz, 93.85 W, 33
0 %, 20 MiB, 210 MHz, 405 MHz, 21.13 W, 28
1545992, /home/ndizazzo/dev/mesh/issue1393-q4-snapshot-20260930/target/release/xtask, 1324 MiB
 15:34:41 up 6 days, 23:25,  5 users,  load average: 2.46, 1.86, 1.39
2026-09-30T15:34:43-04:00
100 %, 1761 MiB, 2925 MHz, 13801 MHz, 93.69 W, 33
0 %, 20 MiB, 210 MHz, 405 MHz, 27.01 W, 28
1545992, /home/ndizazzo/dev/mesh/issue1393-q4-snapshot-20260930/target/release/xtask, 1324 MiB
 15:34:43 up 6 days, 23:25,  5 users,  load average: 2.58, 1.89, 1.40
2026-09-30T15:34:45-04:00
100 %, 1761 MiB, 2925 MHz, 13801 MHz, 93.23 W, 33
0 %, 20 MiB, 210 MHz, 405 MHz, 21.31 W, 28
1545992, /home/ndizazzo/dev/mesh/issue1393-q4-snapshot-20260930/target/release/xtask, 1324 MiB
 15:34:45 up 6 days, 23:25,  5 users,  load average: 2.58, 1.89, 1.40
2026-09-30T15:34:47-04:00
100 %, 1761 MiB, 2925 MHz, 13801 MHz, 93.54 W, 33
0 %, 20 MiB, 210 MHz, 405 MHz, 21.08 W, 28
1545992, /home/ndizazzo/dev/mesh/issue1393-q4-snapshot-20260930/target/release/xtask, 1324 MiB
 15:34:47 up 6 days, 23:25,  5 users,  load average: 2.58, 1.89, 1.40
2026-09-30T15:34:49-04:00
100 %, 1761 MiB, 2925 MHz, 13801 MHz, 92.87 W, 33
0 %, 20 MiB, 210 MHz, 405 MHz, 23.03 W, 28
1545992, /home/ndizazzo/dev/mesh/issue1393-q4-snapshot-20260930/target/release/xtask, 1324 MiB
 15:34:49 up 6 days, 23:25,  5 users,  load average: 2.54, 1.89, 1.40
2026-09-30T15:34:51-04:00
100 %, 1761 MiB, 2925 MHz, 13801 MHz, 93.16 W, 33
0 %, 20 MiB, 210 MHz, 405 MHz, 21.91 W, 28
1545992, /home/ndizazzo/dev/mesh/issue1393-q4-snapshot-20260930/target/release/xtask, 1324 MiB
 15:34:51 up 6 days, 23:25,  5 users,  load average: 2.54, 1.89, 1.40
2026-09-30T15:34:53-04:00
100 %, 1761 MiB, 2925 MHz, 13801 MHz, 93.18 W, 33
0 %, 20 MiB, 210 MHz, 405 MHz, 20.96 W, 28
1545992, /home/ndizazzo/dev/mesh/issue1393-q4-snapshot-20260930/target/release/xtask, 1324 MiB
 15:34:53 up 6 days, 23:25,  5 users,  load average: 2.49, 1.90, 1.41
2026-09-30T15:34:55-04:00
100 %, 1761 MiB, 2925 MHz, 13801 MHz, 92.48 W, 33
0 %, 20 MiB, 210 MHz, 405 MHz, 20.97 W, 28
1545992, /home/ndizazzo/dev/mesh/issue1393-q4-snapshot-20260930/target/release/xtask, 1324 MiB
 15:34:55 up 6 days, 23:25,  5 users,  load average: 2.49, 1.90, 1.41
2026-09-30T15:34:57-04:00
100 %, 1761 MiB, 2925 MHz, 13801 MHz, 93.46 W, 33
0 %, 20 MiB, 210 MHz, 405 MHz, 27.33 W, 28
1545992, /home/ndizazzo/dev/mesh/issue1393-q4-snapshot-20260930/target/release/xtask, 1324 MiB
 15:34:57 up 6 days, 23:26,  5 users,  load average: 2.49, 1.90, 1.41
2026-09-30T15:34:59-04:00
100 %, 1761 MiB, 2925 MHz, 13801 MHz, 93.55 W, 33
0 %, 20 MiB, 210 MHz, 405 MHz, 20.91 W, 28
1545992, /home/ndizazzo/dev/mesh/issue1393-q4-snapshot-20260930/target/release/xtask, 1324 MiB
 15:34:59 up 6 days, 23:26,  5 users,  load average: 2.45, 1.90, 1.41
2026-09-30T15:35:01-04:00
100 %, 1761 MiB, 2925 MHz, 13801 MHz, 91.28 W, 33
0 %, 20 MiB, 210 MHz, 405 MHz, 20.95 W, 28
1545992, /home/ndizazzo/dev/mesh/issue1393-q4-snapshot-20260930/target/release/xtask, 1324 MiB
 15:35:01 up 6 days, 23:26,  5 users,  load average: 2.45, 1.90, 1.41
2026-09-30T15:35:03-04:00
100 %, 1761 MiB, 2925 MHz, 13801 MHz, 90.98 W, 33
0 %, 20 MiB, 210 MHz, 405 MHz, 21.78 W, 28
1545992, /home/ndizazzo/dev/mesh/issue1393-q4-snapshot-20260930/target/release/xtask, 1324 MiB
 15:35:03 up 6 days, 23:26,  5 users,  load average: 2.42, 1.90, 1.41
2026-09-30T15:35:05-04:00
100 %, 1761 MiB, 2925 MHz, 13801 MHz, 90.66 W, 33
0 %, 20 MiB, 210 MHz, 405 MHz, 22.23 W, 29
1545992, /home/ndizazzo/dev/mesh/issue1393-q4-snapshot-20260930/target/release/xtask, 1324 MiB
 15:35:05 up 6 days, 23:26,  5 users,  load average: 2.42, 1.90, 1.41
2026-09-30T15:35:07-04:00
0 %, 463 MiB, 2925 MHz, 14001 MHz, 76.48 W, 32
0 %, 20 MiB, 210 MHz, 405 MHz, 24.08 W, 29
 15:35:07 up 6 days, 23:26,  5 users,  load average: 2.30, 1.89, 1.41
2026-09-30T15:35:09-04:00
0 %, 463 MiB, 502 MHz, 810 MHz, 26.77 W, 31
0 %, 20 MiB, 210 MHz, 405 MHz, 21.68 W, 28
 15:35:09 up 6 days, 23:26,  5 users,  load average: 2.30, 1.89, 1.41
2026-09-30T15:35:11-04:00
0 %, 463 MiB, 195 MHz, 405 MHz, 6.69 W, 31
0 %, 20 MiB, 210 MHz, 405 MHz, 27.22 W, 29
 15:35:11 up 6 days, 23:26,  5 users,  load average: 2.30, 1.89, 1.41
2026-09-30T15:35:13-04:00
0 %, 463 MiB, 195 MHz, 405 MHz, 5.95 W, 31
0 %, 20 MiB, 210 MHz, 405 MHz, 21.13 W, 28
 15:35:14 up 6 days, 23:26,  5 users,  load average: 2.20, 1.87, 1.41
2026-09-30T15:35:16-04:00
0 %, 463 MiB, 195 MHz, 405 MHz, 5.80 W, 31
0 %, 20 MiB, 210 MHz, 405 MHz, 20.87 W, 28
 15:35:16 up 6 days, 23:26,  5 users,  load average: 2.20, 1.87, 1.41
2026-09-30T15:35:18-04:00
0 %, 463 MiB, 210 MHz, 405 MHz, 5.90 W, 31
0 %, 20 MiB, 210 MHz, 405 MHz, 22.53 W, 28
 15:35:18 up 6 days, 23:26,  5 users,  load average: 2.10, 1.86, 1.41
2026-09-30T15:35:20-04:00
0 %, 463 MiB, 195 MHz, 405 MHz, 6.20 W, 31
0 %, 20 MiB, 210 MHz, 405 MHz, 21.71 W, 28
 15:35:20 up 6 days, 23:26,  5 users,  load average: 2.10, 1.86, 1.41
2026-09-30T15:35:22-04:00
0 %, 463 MiB, 195 MHz, 405 MHz, 6.38 W, 31
0 %, 20 MiB, 210 MHz, 405 MHz, 20.97 W, 28
 15:35:22 up 6 days, 23:26,  5 users,  load average: 2.10, 1.86, 1.41
2026-09-30T15:35:24-04:00
0 %, 463 MiB, 195 MHz, 405 MHz, 5.91 W, 31
0 %, 20 MiB, 210 MHz, 405 MHz, 20.95 W, 28
 15:35:24 up 6 days, 23:26,  5 users,  load average: 2.01, 1.84, 1.40
2026-09-30T15:35:26-04:00
0 %, 463 MiB, 195 MHz, 405 MHz, 6.41 W, 31
0 %, 20 MiB, 210 MHz, 405 MHz, 27.60 W, 29
 15:35:26 up 6 days, 23:26,  5 users,  load average: 2.01, 1.84, 1.40
2026-09-30T15:35:28-04:00
0 %, 463 MiB, 187 MHz, 405 MHz, 6.43 W, 31
0 %, 20 MiB, 210 MHz, 405 MHz, 21.35 W, 28
 15:35:28 up 6 days, 23:26,  5 users,  load average: 1.93, 1.83, 1.40
2026-09-30T15:35:30-04:00
0 %, 463 MiB, 195 MHz, 405 MHz, 5.86 W, 31
0 %, 20 MiB, 210 MHz, 405 MHz, 20.92 W, 28
 15:35:30 up 6 days, 23:26,  5 users,  load average: 1.93, 1.83, 1.40
2026-09-30T15:35:32-04:00
0 %, 463 MiB, 195 MHz, 405 MHz, 6.09 W, 31
0 %, 20 MiB, 210 MHz, 405 MHz, 23.05 W, 28
 15:35:32 up 6 days, 23:26,  5 users,  load average: 1.93, 1.83, 1.40
2026-09-30T15:35:34-04:00
0 %, 463 MiB, 195 MHz, 405 MHz, 5.99 W, 31
0 %, 20 MiB, 210 MHz, 405 MHz, 22.01 W, 29
 15:35:34 up 6 days, 23:26,  5 users,  load average: 1.86, 1.81, 1.40
2026-09-30T15:35:36-04:00
0 %, 463 MiB, 195 MHz, 405 MHz, 6.36 W, 31
0 %, 20 MiB, 210 MHz, 405 MHz, 20.91 W, 28
 15:35:36 up 6 days, 23:26,  5 users,  load average: 1.86, 1.81, 1.40
2026-09-30T15:35:38-04:00
0 %, 463 MiB, 232 MHz, 405 MHz, 6.37 W, 31
0 %, 20 MiB, 210 MHz, 405 MHz, 20.96 W, 28
 15:35:38 up 6 days, 23:26,  5 users,  load average: 1.79, 1.80, 1.40
2026-09-30T15:35:40-04:00
0 %, 463 MiB, 232 MHz, 405 MHz, 6.82 W, 31
0 %, 20 MiB, 210 MHz, 405 MHz, 27.44 W, 29
 15:35:40 up 6 days, 23:26,  5 users,  load average: 1.79, 1.80, 1.40
2026-09-30T15:35:42-04:00
0 %, 463 MiB, 232 MHz, 405 MHz, 6.30 W, 31
0 %, 20 MiB, 210 MHz, 405 MHz, 21.01 W, 28
 15:35:43 up 6 days, 23:26,  5 users,  load average: 1.73, 1.79, 1.39
2026-09-30T15:35:45-04:00
0 %, 463 MiB, 232 MHz, 405 MHz, 6.33 W, 31
0 %, 20 MiB, 210 MHz, 405 MHz, 20.95 W, 28
 15:35:45 up 6 days, 23:26,  5 users,  load average: 1.73, 1.79, 1.39
2026-09-30T15:35:47-04:00
0 %, 463 MiB, 232 MHz, 405 MHz, 6.16 W, 31
0 %, 20 MiB, 210 MHz, 405 MHz, 23.62 W, 29
 15:35:47 up 6 days, 23:26,  5 users,  load average: 1.73, 1.79, 1.39
2026-09-30T15:35:49-04:00
0 %, 463 MiB, 232 MHz, 405 MHz, 6.37 W, 31
0 %, 20 MiB, 210 MHz, 405 MHz, 22.29 W, 29
 15:35:49 up 6 days, 23:26,  5 users,  load average: 1.67, 1.77, 1.39
2026-09-30T15:35:51-04:00
0 %, 463 MiB, 232 MHz, 405 MHz, 6.14 W, 31
0 %, 20 MiB, 210 MHz, 405 MHz, 20.89 W, 28
 15:35:51 up 6 days, 23:26,  5 users,  load average: 1.67, 1.77, 1.39
2026-09-30T15:35:53-04:00
0 %, 463 MiB, 255 MHz, 405 MHz, 6.49 W, 31
0 %, 20 MiB, 210 MHz, 405 MHz, 20.92 W, 28
 15:35:53 up 6 days, 23:26,  5 users,  load average: 1.61, 1.76, 1.39
2026-09-30T15:35:55-04:00
0 %, 463 MiB, 232 MHz, 405 MHz, 6.20 W, 31
0 %, 20 MiB, 210 MHz, 405 MHz, 22.08 W, 29
 15:35:55 up 6 days, 23:26,  5 users,  load average: 1.61, 1.76, 1.39
2026-09-30T15:35:57-04:00
0 %, 463 MiB, 232 MHz, 405 MHz, 6.70 W, 31
0 %, 20 MiB, 210 MHz, 405 MHz, 20.86 W, 28
 15:35:57 up 6 days, 23:27,  5 users,  load average: 1.61, 1.76, 1.39
2026-09-30T15:35:59-04:00
0 %, 463 MiB, 232 MHz, 405 MHz, 6.94 W, 31
0 %, 20 MiB, 210 MHz, 405 MHz, 20.83 W, 28
 15:35:59 up 6 days, 23:27,  5 users,  load average: 1.56, 1.75, 1.39
2026-09-30T15:36:01-04:00
0 %, 1759 MiB, 2610 MHz, 13801 MHz, 50.83 W, 32
0 %, 20 MiB, 210 MHz, 405 MHz, 23.83 W, 29
1545992, /home/ndizazzo/dev/mesh/issue1393-q4-snapshot-20260930/target/release/xtask, 1322 MiB
 15:36:01 up 6 days, 23:27,  5 users,  load average: 1.56, 1.75, 1.39
2026-09-30T15:36:03-04:00
0 %, 1759 MiB, 2550 MHz, 13801 MHz, 53.12 W, 32
0 %, 20 MiB, 210 MHz, 405 MHz, 21.87 W, 29
1545992, /home/ndizazzo/dev/mesh/issue1393-q4-snapshot-20260930/target/release/xtask, 1322 MiB
 15:36:03 up 6 days, 23:27,  5 users,  load average: 1.52, 1.73, 1.38
2026-09-30T15:36:05-04:00
100 %, 1761 MiB, 2925 MHz, 13801 MHz, 91.00 W, 33
0 %, 20 MiB, 210 MHz, 405 MHz, 21.00 W, 28
1545992, /home/ndizazzo/dev/mesh/issue1393-q4-snapshot-20260930/target/release/xtask, 1324 MiB
 15:36:05 up 6 days, 23:27,  5 users,  load average: 1.52, 1.73, 1.38
2026-09-30T15:36:07-04:00
100 %, 1761 MiB, 2925 MHz, 13801 MHz, 93.21 W, 33
0 %, 20 MiB, 210 MHz, 405 MHz, 21.71 W, 29
1545992, /home/ndizazzo/dev/mesh/issue1393-q4-snapshot-20260930/target/release/xtask, 1324 MiB
 15:36:07 up 6 days, 23:27,  5 users,  load average: 1.56, 1.74, 1.39
2026-09-30T15:36:09-04:00
100 %, 1761 MiB, 2925 MHz, 13801 MHz, 93.53 W, 33
0 %, 20 MiB, 210 MHz, 405 MHz, 21.80 W, 28
1545992, /home/ndizazzo/dev/mesh/issue1393-q4-snapshot-20260930/target/release/xtask, 1324 MiB
 15:36:09 up 6 days, 23:27,  5 users,  load average: 1.56, 1.74, 1.39
2026-09-30T15:36:11-04:00
100 %, 1761 MiB, 2925 MHz, 13801 MHz, 93.81 W, 33
0 %, 20 MiB, 210 MHz, 405 MHz, 21.08 W, 28
1545992, /home/ndizazzo/dev/mesh/issue1393-q4-snapshot-20260930/target/release/xtask, 1324 MiB
 15:36:11 up 6 days, 23:27,  5 users,  load average: 1.56, 1.74, 1.39
2026-09-30T15:36:13-04:00
100 %, 1761 MiB, 2925 MHz, 13801 MHz, 93.08 W, 33
0 %, 20 MiB, 210 MHz, 405 MHz, 21.15 W, 28
1545992, /home/ndizazzo/dev/mesh/issue1393-q4-snapshot-20260930/target/release/xtask, 1324 MiB
 15:36:14 up 6 days, 23:27,  5 users,  load average: 1.59, 1.74, 1.39
2026-09-30T15:36:16-04:00
100 %, 1761 MiB, 2925 MHz, 13801 MHz, 93.03 W, 33
0 %, 20 MiB, 210 MHz, 405 MHz, 27.45 W, 28
1545992, /home/ndizazzo/dev/mesh/issue1393-q4-snapshot-20260930/target/release/xtask, 1324 MiB
 15:36:16 up 6 days, 23:27,  5 users,  load average: 1.59, 1.74, 1.39
2026-09-30T15:36:18-04:00
100 %, 1761 MiB, 2925 MHz, 13801 MHz, 93.39 W, 33
0 %, 20 MiB, 210 MHz, 405 MHz, 21.44 W, 28
1545992, /home/ndizazzo/dev/mesh/issue1393-q4-snapshot-20260930/target/release/xtask, 1324 MiB
 15:36:18 up 6 days, 23:27,  5 users,  load average: 1.63, 1.75, 1.39
2026-09-30T15:36:20-04:00
100 %, 1761 MiB, 2925 MHz, 13801 MHz, 93.31 W, 33
0 %, 20 MiB, 210 MHz, 405 MHz, 21.10 W, 28
1545992, /home/ndizazzo/dev/mesh/issue1393-q4-snapshot-20260930/target/release/xtask, 1324 MiB
 15:36:20 up 6 days, 23:27,  5 users,  load average: 1.63, 1.75, 1.39
2026-09-30T15:36:22-04:00
100 %, 1761 MiB, 2925 MHz, 13801 MHz, 92.97 W, 33
0 %, 20 MiB, 210 MHz, 405 MHz, 21.02 W, 28
1545992, /home/ndizazzo/dev/mesh/issue1393-q4-snapshot-20260930/target/release/xtask, 1324 MiB
 15:36:22 up 6 days, 23:27,  5 users,  load average: 1.63, 1.75, 1.39
2026-09-30T15:36:24-04:00
100 %, 1761 MiB, 2925 MHz, 13801 MHz, 92.64 W, 33
0 %, 20 MiB, 210 MHz, 405 MHz, 21.92 W, 28
1545992, /home/ndizazzo/dev/mesh/issue1393-q4-snapshot-20260930/target/release/xtask, 1324 MiB
 15:36:24 up 6 days, 23:27,  5 users,  load average: 1.66, 1.75, 1.40
2026-09-30T15:36:26-04:00
100 %, 1761 MiB, 2925 MHz, 13801 MHz, 93.68 W, 33
0 %, 20 MiB, 210 MHz, 405 MHz, 21.02 W, 28
1545992, /home/ndizazzo/dev/mesh/issue1393-q4-snapshot-20260930/target/release/xtask, 1324 MiB
 15:36:26 up 6 days, 23:27,  5 users,  load average: 1.66, 1.75, 1.40
2026-09-30T15:36:28-04:00
100 %, 1761 MiB, 2925 MHz, 13801 MHz, 90.63 W, 33
0 %, 20 MiB, 210 MHz, 405 MHz, 21.09 W, 28
1545992, /home/ndizazzo/dev/mesh/issue1393-q4-snapshot-20260930/target/release/xtask, 1324 MiB
 15:36:28 up 6 days, 23:27,  5 users,  load average: 1.68, 1.76, 1.40
2026-09-30T15:36:30-04:00
100 %, 1761 MiB, 2925 MHz, 13801 MHz, 90.21 W, 33
0 %, 20 MiB, 210 MHz, 405 MHz, 27.34 W, 28
1545992, /home/ndizazzo/dev/mesh/issue1393-q4-snapshot-20260930/target/release/xtask, 1324 MiB
 15:36:30 up 6 days, 23:27,  5 users,  load average: 1.68, 1.76, 1.40
2026-09-30T15:36:32-04:00
100 %, 1761 MiB, 2925 MHz, 13801 MHz, 90.63 W, 33
0 %, 20 MiB, 210 MHz, 405 MHz, 21.09 W, 28
1545992, /home/ndizazzo/dev/mesh/issue1393-q4-snapshot-20260930/target/release/xtask, 1324 MiB
 15:36:32 up 6 days, 23:27,  5 users,  load average: 1.68, 1.76, 1.40
2026-09-30T15:36:34-04:00
100 %, 1761 MiB, 2925 MHz, 13801 MHz, 92.53 W, 33
0 %, 20 MiB, 210 MHz, 405 MHz, 21.05 W, 28
1545992, /home/ndizazzo/dev/mesh/issue1393-q4-snapshot-20260930/target/release/xtask, 1324 MiB
 15:36:34 up 6 days, 23:27,  5 users,  load average: 1.71, 1.76, 1.40
2026-09-30T15:36:36-04:00
100 %, 1761 MiB, 2925 MHz, 13801 MHz, 93.27 W, 33
0 %, 20 MiB, 210 MHz, 405 MHz, 21.21 W, 28
1545992, /home/ndizazzo/dev/mesh/issue1393-q4-snapshot-20260930/target/release/xtask, 1324 MiB
 15:36:36 up 6 days, 23:27,  5 users,  load average: 1.71, 1.76, 1.40
2026-09-30T15:36:38-04:00
100 %, 1761 MiB, 2925 MHz, 13801 MHz, 93.36 W, 33
0 %, 20 MiB, 210 MHz, 405 MHz, 22.27 W, 28
1545992, /home/ndizazzo/dev/mesh/issue1393-q4-snapshot-20260930/target/release/xtask, 1324 MiB
 15:36:38 up 6 days, 23:27,  5 users,  load average: 1.73, 1.76, 1.41
2026-09-30T15:36:40-04:00
100 %, 1761 MiB, 2925 MHz, 13801 MHz, 92.98 W, 33
0 %, 20 MiB, 210 MHz, 405 MHz, 21.06 W, 28
1545992, /home/ndizazzo/dev/mesh/issue1393-q4-snapshot-20260930/target/release/xtask, 1324 MiB
 15:36:40 up 6 days, 23:27,  5 users,  load average: 1.73, 1.76, 1.41
2026-09-30T15:36:42-04:00
100 %, 1761 MiB, 2925 MHz, 13801 MHz, 92.84 W, 33
0 %, 20 MiB, 210 MHz, 405 MHz, 21.18 W, 28
1545992, /home/ndizazzo/dev/mesh/issue1393-q4-snapshot-20260930/target/release/xtask, 1324 MiB
 15:36:42 up 6 days, 23:27,  5 users,  load average: 1.75, 1.77, 1.41
2026-09-30T15:36:44-04:00
100 %, 1761 MiB, 2925 MHz, 13801 MHz, 92.76 W, 33
0 %, 20 MiB, 210 MHz, 405 MHz, 27.01 W, 28
1545992, /home/ndizazzo/dev/mesh/issue1393-q4-snapshot-20260930/target/release/xtask, 1324 MiB
 15:36:44 up 6 days, 23:27,  5 users,  load average: 1.75, 1.77, 1.41
2026-09-30T15:36:46-04:00
100 %, 1761 MiB, 2925 MHz, 13801 MHz, 92.53 W, 33
0 %, 20 MiB, 210 MHz, 405 MHz, 21.20 W, 28
1545992, /home/ndizazzo/dev/mesh/issue1393-q4-snapshot-20260930/target/release/xtask, 1324 MiB
 15:36:46 up 6 days, 23:27,  5 users,  load average: 1.75, 1.77, 1.41
2026-09-30T15:36:48-04:00
100 %, 1761 MiB, 2925 MHz, 13801 MHz, 92.96 W, 33
0 %, 20 MiB, 210 MHz, 405 MHz, 21.08 W, 28
1545992, /home/ndizazzo/dev/mesh/issue1393-q4-snapshot-20260930/target/release/xtask, 1324 MiB
 15:36:48 up 6 days, 23:27,  5 users,  load average: 1.77, 1.77, 1.41
2026-09-30T15:36:50-04:00
100 %, 1761 MiB, 2925 MHz, 13801 MHz, 93.47 W, 33
0 %, 20 MiB, 210 MHz, 405 MHz, 21.54 W, 28
1545992, /home/ndizazzo/dev/mesh/issue1393-q4-snapshot-20260930/target/release/xtask, 1324 MiB
 15:36:51 up 6 days, 23:27,  5 users,  load average: 1.77, 1.77, 1.41
2026-09-30T15:36:53-04:00
100 %, 1761 MiB, 2925 MHz, 13801 MHz, 93.31 W, 33
0 %, 20 MiB, 210 MHz, 405 MHz, 21.86 W, 28
1545992, /home/ndizazzo/dev/mesh/issue1393-q4-snapshot-20260930/target/release/xtask, 1324 MiB
 15:36:53 up 6 days, 23:27,  5 users,  load average: 1.79, 1.78, 1.42
2026-09-30T15:36:55-04:00
100 %, 1761 MiB, 2925 MHz, 13801 MHz, 92.71 W, 33
0 %, 20 MiB, 210 MHz, 405 MHz, 20.99 W, 28
1545992, /home/ndizazzo/dev/mesh/issue1393-q4-snapshot-20260930/target/release/xtask, 1324 MiB
 15:36:55 up 6 days, 23:27,  5 users,  load average: 1.79, 1.78, 1.42
2026-09-30T15:36:57-04:00
100 %, 1761 MiB, 2925 MHz, 13801 MHz, 91.34 W, 33
0 %, 20 MiB, 210 MHz, 405 MHz, 21.14 W, 28
1545992, /home/ndizazzo/dev/mesh/issue1393-q4-snapshot-20260930/target/release/xtask, 1324 MiB
 15:36:57 up 6 days, 23:28,  5 users,  load average: 1.79, 1.78, 1.42
2026-09-30T15:36:59-04:00
100 %, 1761 MiB, 2925 MHz, 13801 MHz, 91.24 W, 33
0 %, 20 MiB, 210 MHz, 405 MHz, 27.38 W, 28
1545992, /home/ndizazzo/dev/mesh/issue1393-q4-snapshot-20260930/target/release/xtask, 1324 MiB
 15:36:59 up 6 days, 23:28,  5 users,  load average: 1.81, 1.78, 1.42
2026-09-30T15:37:01-04:00
100 %, 1761 MiB, 2925 MHz, 13801 MHz, 90.69 W, 33
0 %, 20 MiB, 210 MHz, 405 MHz, 21.40 W, 28
1545992, /home/ndizazzo/dev/mesh/issue1393-q4-snapshot-20260930/target/release/xtask, 1324 MiB
 15:37:01 up 6 days, 23:28,  5 users,  load average: 1.81, 1.78, 1.42
2026-09-30T15:37:03-04:00
100 %, 463 MiB, 2925 MHz, 13801 MHz, 90.54 W, 33
0 %, 20 MiB, 210 MHz, 405 MHz, 21.00 W, 28
 15:37:03 up 6 days, 23:28,  5 users,  load average: 1.83, 1.78, 1.43
2026-09-30T15:37:05-04:00
0 %, 463 MiB, 1905 MHz, 810 MHz, 63.06 W, 31
0 %, 20 MiB, 210 MHz, 405 MHz, 24.41 W, 28
 15:37:05 up 6 days, 23:28,  5 users,  load average: 1.83, 1.78, 1.43
2026-09-30T15:37:07-04:00
0 %, 463 MiB, 285 MHz, 405 MHz, 7.56 W, 31
0 %, 20 MiB, 210 MHz, 405 MHz, 21.99 W, 28
 15:37:07 up 6 days, 23:28,  5 users,  load average: 1.83, 1.78, 1.43
2026-09-30T15:37:09-04:00
0 %, 463 MiB, 232 MHz, 405 MHz, 5.92 W, 31
0 %, 20 MiB, 210 MHz, 405 MHz, 20.90 W, 28
 15:37:09 up 6 days, 23:28,  5 users,  load average: 1.76, 1.77, 1.42
2026-09-30T15:37:11-04:00
0 %, 463 MiB, 232 MHz, 405 MHz, 6.08 W, 31
0 %, 20 MiB, 210 MHz, 405 MHz, 20.97 W, 28
 15:37:11 up 6 days, 23:28,  5 users,  load average: 1.76, 1.77, 1.42
2026-09-30T15:37:13-04:00
0 %, 463 MiB, 232 MHz, 405 MHz, 6.14 W, 31
0 %, 20 MiB, 210 MHz, 405 MHz, 27.29 W, 29
 15:37:13 up 6 days, 23:28,  5 users,  load average: 1.70, 1.76, 1.42
2026-09-30T15:37:15-04:00
0 %, 463 MiB, 232 MHz, 405 MHz, 5.89 W, 31
0 %, 20 MiB, 210 MHz, 405 MHz, 21.01 W, 28
 15:37:15 up 6 days, 23:28,  5 users,  load average: 1.70, 1.76, 1.42
2026-09-30T15:37:17-04:00
0 %, 463 MiB, 232 MHz, 405 MHz, 5.99 W, 31
0 %, 20 MiB, 210 MHz, 405 MHz, 20.93 W, 28
 15:37:17 up 6 days, 23:28,  5 users,  load average: 1.64, 1.75, 1.42
2026-09-30T15:37:19-04:00
0 %, 463 MiB, 232 MHz, 405 MHz, 6.19 W, 31
0 %, 20 MiB, 210 MHz, 405 MHz, 23.24 W, 28
 15:37:19 up 6 days, 23:28,  5 users,  load average: 1.64, 1.75, 1.42
2026-09-30T15:37:21-04:00
0 %, 463 MiB, 232 MHz, 405 MHz, 6.11 W, 31
0 %, 20 MiB, 210 MHz, 405 MHz, 21.67 W, 28
 15:37:21 up 6 days, 23:28,  5 users,  load average: 1.64, 1.75, 1.42
2026-09-30T15:37:23-04:00
0 %, 463 MiB, 232 MHz, 405 MHz, 6.19 W, 31
0 %, 20 MiB, 210 MHz, 405 MHz, 20.90 W, 28
 15:37:24 up 6 days, 23:28,  5 users,  load average: 1.59, 1.73, 1.42
2026-09-30T15:37:26-04:00
0 %, 463 MiB, 232 MHz, 405 MHz, 6.35 W, 31
0 %, 20 MiB, 210 MHz, 405 MHz, 20.95 W, 28
 15:37:26 up 6 days, 23:28,  5 users,  load average: 1.59, 1.73, 1.42
2026-09-30T15:37:28-04:00
0 %, 463 MiB, 232 MHz, 405 MHz, 6.22 W, 31
0 %, 20 MiB, 210 MHz, 405 MHz, 27.64 W, 29
 15:37:28 up 6 days, 23:28,  5 users,  load average: 1.54, 1.72, 1.41
2026-09-30T15:37:30-04:00
0 %, 463 MiB, 232 MHz, 405 MHz, 5.99 W, 31
0 %, 20 MiB, 210 MHz, 405 MHz, 21.27 W, 28
 15:37:30 up 6 days, 23:28,  5 users,  load average: 1.54, 1.72, 1.41
2026-09-30T15:37:32-04:00
0 %, 463 MiB, 232 MHz, 405 MHz, 6.00 W, 31
0 %, 20 MiB, 210 MHz, 405 MHz, 20.87 W, 28
 15:37:32 up 6 days, 23:28,  5 users,  load average: 1.54, 1.72, 1.41
2026-09-30T15:37:34-04:00
0 %, 463 MiB, 232 MHz, 405 MHz, 6.07 W, 31
0 %, 20 MiB, 210 MHz, 405 MHz, 23.57 W, 29
 15:37:34 up 6 days, 23:28,  5 users,  load average: 1.50, 1.71, 1.41
2026-09-30T15:37:36-04:00
0 %, 463 MiB, 232 MHz, 405 MHz, 6.44 W, 31
0 %, 20 MiB, 210 MHz, 405 MHz, 22.03 W, 29
 15:37:36 up 6 days, 23:28,  5 users,  load average: 1.50, 1.71, 1.41
2026-09-30T15:37:38-04:00
0 %, 463 MiB, 232 MHz, 405 MHz, 6.47 W, 31
0 %, 20 MiB, 210 MHz, 405 MHz, 20.92 W, 28
 15:37:38 up 6 days, 23:28,  5 users,  load average: 1.46, 1.70, 1.41
2026-09-30T15:37:40-04:00
0 %, 463 MiB, 240 MHz, 405 MHz, 6.31 W, 31
0 %, 20 MiB, 210 MHz, 405 MHz, 20.96 W, 28
 15:37:40 up 6 days, 23:28,  5 users,  load average: 1.46, 1.70, 1.41
2026-09-30T15:37:42-04:00
0 %, 463 MiB, 232 MHz, 405 MHz, 6.39 W, 31
0 %, 20 MiB, 210 MHz, 405 MHz, 27.46 W, 29
 15:37:42 up 6 days, 23:28,  5 users,  load average: 1.46, 1.70, 1.41
2026-09-30T15:37:44-04:00
0 %, 463 MiB, 232 MHz, 405 MHz, 6.68 W, 31
0 %, 20 MiB, 210 MHz, 405 MHz, 20.87 W, 28
 15:37:44 up 6 days, 23:28,  5 users,  load average: 1.42, 1.68, 1.41
2026-09-30T15:37:46-04:00
0 %, 463 MiB, 232 MHz, 405 MHz, 5.86 W, 31
0 %, 20 MiB, 210 MHz, 405 MHz, 20.99 W, 28
 15:37:46 up 6 days, 23:28,  5 users,  load average: 1.42, 1.68, 1.41
2026-09-30T15:37:48-04:00
0 %, 463 MiB, 232 MHz, 405 MHz, 6.41 W, 31
0 %, 20 MiB, 210 MHz, 405 MHz, 24.09 W, 29
 15:37:48 up 6 days, 23:28,  5 users,  load average: 1.39, 1.67, 1.40
2026-09-30T15:37:50-04:00
0 %, 463 MiB, 232 MHz, 405 MHz, 6.55 W, 31
0 %, 20 MiB, 210 MHz, 405 MHz, 22.24 W, 29
 15:37:51 up 6 days, 23:28,  5 users,  load average: 1.39, 1.67, 1.40
2026-09-30T15:37:53-04:00
0 %, 463 MiB, 232 MHz, 405 MHz, 6.30 W, 31
0 %, 20 MiB, 210 MHz, 405 MHz, 20.87 W, 28
 15:37:53 up 6 days, 23:28,  5 users,  load average: 1.36, 1.66, 1.40
2026-09-30T15:37:55-04:00
0 %, 463 MiB, 232 MHz, 405 MHz, 6.39 W, 31
0 %, 20 MiB, 210 MHz, 405 MHz, 20.86 W, 28
 15:37:55 up 6 days, 23:28,  5 users,  load average: 1.36, 1.66, 1.40
2026-09-30T15:37:57-04:00
8 %, 1759 MiB, 2895 MHz, 13801 MHz, 30.63 W, 32
0 %, 20 MiB, 210 MHz, 405 MHz, 27.08 W, 29
1545992, /home/ndizazzo/dev/mesh/issue1393-q4-snapshot-20260930/target/release/xtask, 1322 MiB
 15:37:57 up 6 days, 23:29,  5 users,  load average: 1.36, 1.66, 1.40
2026-09-30T15:37:59-04:00
100 %, 1761 MiB, 2925 MHz, 13801 MHz, 92.03 W, 33
0 %, 20 MiB, 210 MHz, 405 MHz, 21.72 W, 29
1545992, /home/ndizazzo/dev/mesh/issue1393-q4-snapshot-20260930/target/release/xtask, 1324 MiB
 15:37:59 up 6 days, 23:29,  5 users,  load average: 1.41, 1.67, 1.40
2026-09-30T15:38:01-04:00
100 %, 1761 MiB, 2925 MHz, 13801 MHz, 92.51 W, 33
0 %, 20 MiB, 210 MHz, 405 MHz, 20.92 W, 28
1545992, /home/ndizazzo/dev/mesh/issue1393-q4-snapshot-20260930/target/release/xtask, 1324 MiB
 15:38:01 up 6 days, 23:29,  5 users,  load average: 1.41, 1.67, 1.40
2026-09-30T15:38:03-04:00
100 %, 1761 MiB, 2925 MHz, 13801 MHz, 91.96 W, 33
0 %, 20 MiB, 210 MHz, 405 MHz, 25.83 W, 29
1545992, /home/ndizazzo/dev/mesh/issue1393-q4-snapshot-20260930/target/release/xtask, 1324 MiB
 15:38:03 up 6 days, 23:29,  5 users,  load average: 1.38, 1.66, 1.40
2026-09-30T15:38:05-04:00
100 %, 1761 MiB, 2925 MHz, 13801 MHz, 90.97 W, 33
0 %, 20 MiB, 210 MHz, 405 MHz, 21.02 W, 29
1545992, /home/ndizazzo/dev/mesh/issue1393-q4-snapshot-20260930/target/release/xtask, 1324 MiB
 15:38:05 up 6 days, 23:29,  5 users,  load average: 1.38, 1.66, 1.40
2026-09-30T15:38:07-04:00
100 %, 1761 MiB, 2925 MHz, 13801 MHz, 91.90 W, 33
0 %, 20 MiB, 210 MHz, 405 MHz, 20.87 W, 28
1545992, /home/ndizazzo/dev/mesh/issue1393-q4-snapshot-20260930/target/release/xtask, 1324 MiB
 15:38:07 up 6 days, 23:29,  5 users,  load average: 1.38, 1.66, 1.40
2026-09-30T15:38:09-04:00
0 %, 463 MiB, 2925 MHz, 14001 MHz, 69.71 W, 32
0 %, 20 MiB, 210 MHz, 405 MHz, 24.62 W, 28
 15:38:09 up 6 days, 23:29,  5 users,  load average: 1.43, 1.66, 1.41
2026-09-30T15:38:11-04:00
0 %, 463 MiB, 412 MHz, 810 MHz, 14.87 W, 31
0 %, 20 MiB, 210 MHz, 405 MHz, 27.37 W, 28
 15:38:11 up 6 days, 23:29,  5 users,  load average: 1.43, 1.66, 1.41
2026-09-30T15:38:13-04:00
0 %, 463 MiB, 232 MHz, 405 MHz, 6.85 W, 31
0 %, 20 MiB, 210 MHz, 405 MHz, 20.93 W, 28
 15:38:13 up 6 days, 23:29,  5 users,  load average: 1.39, 1.65, 1.40
2026-09-30T15:38:15-04:00
0 %, 463 MiB, 232 MHz, 405 MHz, 6.21 W, 31
0 %, 20 MiB, 210 MHz, 405 MHz, 20.81 W, 28
 15:38:15 up 6 days, 23:29,  5 users,  load average: 1.39, 1.65, 1.40
2026-09-30T15:38:17-04:00
0 %, 463 MiB, 232 MHz, 405 MHz, 6.17 W, 31
0 %, 20 MiB, 210 MHz, 405 MHz, 27.70 W, 28
 15:38:17 up 6 days, 23:29,  5 users,  load average: 1.36, 1.64, 1.40
2026-09-30T15:38:19-04:00
0 %, 463 MiB, 232 MHz, 405 MHz, 5.89 W, 31
0 %, 20 MiB, 210 MHz, 405 MHz, 21.19 W, 28
 15:38:19 up 6 days, 23:29,  5 users,  load average: 1.36, 1.64, 1.40
2026-09-30T15:38:21-04:00
0 %, 463 MiB, 232 MHz, 405 MHz, 5.75 W, 31
0 %, 20 MiB, 210 MHz, 405 MHz, 20.83 W, 28
 15:38:21 up 6 days, 23:29,  5 users,  load average: 1.36, 1.64, 1.40
2026-09-30T15:38:23-04:00
0 %, 463 MiB, 255 MHz, 405 MHz, 6.39 W, 31
0 %, 20 MiB, 210 MHz, 405 MHz, 20.90 W, 28
 15:38:24 up 6 days, 23:29,  5 users,  load average: 1.33, 1.63, 1.40
2026-09-30T15:38:26-04:00
0 %, 463 MiB, 232 MHz, 405 MHz, 6.56 W, 31
0 %, 20 MiB, 210 MHz, 405 MHz, 21.85 W, 28
 15:38:26 up 6 days, 23:29,  5 users,  load average: 1.33, 1.63, 1.40
2026-09-30T15:38:28-04:00
0 %, 463 MiB, 232 MHz, 405 MHz, 6.29 W, 31
0 %, 20 MiB, 210 MHz, 405 MHz, 20.90 W, 28
 15:38:28 up 6 days, 23:29,  5 users,  load average: 1.30, 1.62, 1.40
2026-09-30T15:38:30-04:00
0 %, 463 MiB, 232 MHz, 405 MHz, 6.31 W, 31
0 %, 20 MiB, 210 MHz, 405 MHz, 20.96 W, 28
 15:38:30 up 6 days, 23:29,  5 users,  load average: 1.30, 1.62, 1.40
2026-09-30T15:38:32-04:00
0 %, 463 MiB, 240 MHz, 405 MHz, 6.40 W, 31
0 %, 20 MiB, 210 MHz, 405 MHz, 27.55 W, 28
 15:38:32 up 6 days, 23:29,  5 users,  load average: 1.30, 1.62, 1.40
2026-09-30T15:38:34-04:00
0 %, 463 MiB, 232 MHz, 405 MHz, 5.96 W, 31
0 %, 20 MiB, 210 MHz, 405 MHz, 20.93 W, 28
 15:38:34 up 6 days, 23:29,  5 users,  load average: 1.28, 1.61, 1.39
2026-09-30T15:38:36-04:00
0 %, 463 MiB, 225 MHz, 405 MHz, 6.12 W, 31
0 %, 20 MiB, 210 MHz, 405 MHz, 20.85 W, 28
 15:38:36 up 6 days, 23:29,  5 users,  load average: 1.28, 1.61, 1.39
2026-09-30T15:38:38-04:00
0 %, 463 MiB, 247 MHz, 405 MHz, 6.26 W, 31
0 %, 20 MiB, 210 MHz, 405 MHz, 21.66 W, 28
 15:38:38 up 6 days, 23:29,  5 users,  load average: 1.26, 1.60, 1.39
2026-09-30T15:38:40-04:00
0 %, 463 MiB, 232 MHz, 405 MHz, 5.92 W, 31
0 %, 20 MiB, 210 MHz, 405 MHz, 22.06 W, 28
 15:38:40 up 6 days, 23:29,  5 users,  load average: 1.26, 1.60, 1.39
2026-09-30T15:38:42-04:00
0 %, 463 MiB, 232 MHz, 405 MHz, 6.15 W, 31
0 %, 20 MiB, 210 MHz, 405 MHz, 20.81 W, 28
 15:38:42 up 6 days, 23:29,  5 users,  load average: 1.26, 1.60, 1.39
2026-09-30T15:38:44-04:00
0 %, 463 MiB, 232 MHz, 405 MHz, 6.60 W, 31
0 %, 20 MiB, 210 MHz, 405 MHz, 20.87 W, 28
 15:38:44 up 6 days, 23:29,  5 users,  load average: 1.24, 1.59, 1.39
2026-09-30T15:38:46-04:00
0 %, 463 MiB, 232 MHz, 405 MHz, 6.09 W, 31
0 %, 20 MiB, 210 MHz, 405 MHz, 27.15 W, 28
 15:38:46 up 6 days, 23:29,  5 users,  load average: 1.24, 1.59, 1.39
2026-09-30T15:38:48-04:00
0 %, 463 MiB, 232 MHz, 405 MHz, 6.51 W, 31
0 %, 20 MiB, 210 MHz, 405 MHz, 21.02 W, 28
 15:38:48 up 6 days, 23:29,  5 users,  load average: 1.22, 1.58, 1.39
2026-09-30T15:38:50-04:00
0 %, 463 MiB, 232 MHz, 405 MHz, 5.82 W, 31
0 %, 20 MiB, 210 MHz, 405 MHz, 20.86 W, 28
 15:38:51 up 6 days, 23:29,  5 users,  load average: 1.22, 1.58, 1.39
2026-09-30T15:38:53-04:00
0 %, 463 MiB, 232 MHz, 405 MHz, 6.14 W, 31
0 %, 20 MiB, 210 MHz, 405 MHz, 22.29 W, 28
 15:38:53 up 6 days, 23:29,  5 users,  load average: 1.20, 1.57, 1.38
2026-09-30T15:38:55-04:00
0 %, 463 MiB, 232 MHz, 405 MHz, 6.24 W, 31
0 %, 20 MiB, 210 MHz, 405 MHz, 21.65 W, 28
 15:38:55 up 6 days, 23:29,  5 users,  load average: 1.20, 1.57, 1.38
2026-09-30T15:38:57-04:00
0 %, 463 MiB, 232 MHz, 405 MHz, 6.30 W, 31
0 %, 20 MiB, 210 MHz, 405 MHz, 20.87 W, 28
 15:38:57 up 6 days, 23:30,  5 users,  load average: 1.20, 1.57, 1.38
2026-09-30T15:38:59-04:00
0 %, 463 MiB, 232 MHz, 405 MHz, 5.63 W, 31
0 %, 20 MiB, 210 MHz, 405 MHz, 20.84 W, 28
 15:38:59 up 6 days, 23:30,  5 users,  load average: 1.18, 1.56, 1.38
2026-09-30T15:39:01-04:00
0 %, 463 MiB, 232 MHz, 405 MHz, 6.08 W, 31
0 %, 20 MiB, 210 MHz, 405 MHz, 27.56 W, 28
 15:39:01 up 6 days, 23:30,  5 users,  load average: 1.18, 1.56, 1.38
2026-09-30T15:39:03-04:00
100 %, 1761 MiB, 2925 MHz, 13801 MHz, 84.32 W, 33
0 %, 20 MiB, 210 MHz, 405 MHz, 27.76 W, 28
1545992, /home/ndizazzo/dev/mesh/issue1393-q4-snapshot-20260930/target/release/xtask, 1324 MiB
 15:39:03 up 6 days, 23:30,  5 users,  load average: 1.25, 1.57, 1.38
2026-09-30T15:39:05-04:00
100 %, 1761 MiB, 2925 MHz, 13801 MHz, 91.13 W, 33
0 %, 20 MiB, 210 MHz, 405 MHz, 21.05 W, 28
1545992, /home/ndizazzo/dev/mesh/issue1393-q4-snapshot-20260930/target/release/xtask, 1324 MiB
 15:39:05 up 6 days, 23:30,  5 users,  load average: 1.25, 1.57, 1.38
2026-09-30T15:39:07-04:00
100 %, 1761 MiB, 2925 MHz, 13801 MHz, 90.81 W, 33
0 %, 20 MiB, 210 MHz, 405 MHz, 23.11 W, 28
1545992, /home/ndizazzo/dev/mesh/issue1393-q4-snapshot-20260930/target/release/xtask, 1324 MiB
 15:39:07 up 6 days, 23:30,  5 users,  load average: 1.25, 1.57, 1.38
2026-09-30T15:39:09-04:00
100 %, 1761 MiB, 2925 MHz, 13801 MHz, 90.77 W, 33
0 %, 20 MiB, 210 MHz, 405 MHz, 22.04 W, 28
1545992, /home/ndizazzo/dev/mesh/issue1393-q4-snapshot-20260930/target/release/xtask, 1324 MiB
 15:39:09 up 6 days, 23:30,  5 users,  load average: 1.31, 1.57, 1.39
2026-09-30T15:39:11-04:00
100 %, 1761 MiB, 2925 MHz, 13801 MHz, 90.92 W, 33
0 %, 20 MiB, 210 MHz, 405 MHz, 20.85 W, 28
1545992, /home/ndizazzo/dev/mesh/issue1393-q4-snapshot-20260930/target/release/xtask, 1324 MiB
 15:39:11 up 6 days, 23:30,  5 users,  load average: 1.31, 1.57, 1.39
2026-09-30T15:39:13-04:00
100 %, 463 MiB, 2925 MHz, 13801 MHz, 90.57 W, 33
0 %, 20 MiB, 210 MHz, 405 MHz, 20.93 W, 28
 15:39:13 up 6 days, 23:30,  5 users,  load average: 1.36, 1.58, 1.39
2026-09-30T15:39:15-04:00
0 %, 463 MiB, 615 MHz, 810 MHz, 37.21 W, 31
0 %, 20 MiB, 210 MHz, 405 MHz, 28.51 W, 28
 15:39:15 up 6 days, 23:30,  5 users,  load average: 1.36, 1.58, 1.39
2026-09-30T15:39:17-04:00
0 %, 463 MiB, 240 MHz, 405 MHz, 6.44 W, 31
0 %, 20 MiB, 210 MHz, 405 MHz, 20.94 W, 28
 15:39:17 up 6 days, 23:30,  5 users,  load average: 1.34, 1.57, 1.39
2026-09-30T15:39:19-04:00
0 %, 463 MiB, 240 MHz, 405 MHz, 6.14 W, 31
0 %, 20 MiB, 210 MHz, 405 MHz, 20.82 W, 28
 15:39:19 up 6 days, 23:30,  5 users,  load average: 1.34, 1.57, 1.39
2026-09-30T15:39:21-04:00
0 %, 463 MiB, 232 MHz, 405 MHz, 5.94 W, 31
0 %, 20 MiB, 210 MHz, 405 MHz, 23.58 W, 28
 15:39:21 up 6 days, 23:30,  5 users,  load average: 1.34, 1.57, 1.39
2026-09-30T15:39:23-04:00
0 %, 463 MiB, 232 MHz, 405 MHz, 5.88 W, 31
0 %, 20 MiB, 210 MHz, 405 MHz, 21.71 W, 28
 15:39:24 up 6 days, 23:30,  5 users,  load average: 1.31, 1.56, 1.39
2026-09-30T15:39:26-04:00
0 %, 463 MiB, 232 MHz, 405 MHz, 6.21 W, 31
0 %, 20 MiB, 210 MHz, 405 MHz, 21.02 W, 28
 15:39:26 up 6 days, 23:30,  5 users,  load average: 1.31, 1.56, 1.39
2026-09-30T15:39:28-04:00
0 %, 463 MiB, 232 MHz, 405 MHz, 5.86 W, 31
0 %, 20 MiB, 210 MHz, 405 MHz, 21.03 W, 28
 15:39:28 up 6 days, 23:30,  5 users,  load average: 1.28, 1.55, 1.38
2026-09-30T15:39:30-04:00
0 %, 463 MiB, 232 MHz, 405 MHz, 6.10 W, 31
0 %, 20 MiB, 210 MHz, 405 MHz, 27.72 W, 28
 15:39:30 up 6 days, 23:30,  5 users,  load average: 1.28, 1.55, 1.38
2026-09-30T15:39:32-04:00
0 %, 463 MiB, 232 MHz, 405 MHz, 6.16 W, 31
0 %, 20 MiB, 210 MHz, 405 MHz, 20.90 W, 28
 15:39:32 up 6 days, 23:30,  5 users,  load average: 1.28, 1.55, 1.38
2026-09-30T15:39:34-04:00
0 %, 463 MiB, 232 MHz, 405 MHz, 6.69 W, 31
0 %, 20 MiB, 210 MHz, 405 MHz, 20.92 W, 28
 15:39:34 up 6 days, 23:30,  5 users,  load average: 1.26, 1.54, 1.38
2026-09-30T15:39:36-04:00
0 %, 463 MiB, 232 MHz, 405 MHz, 5.76 W, 31
0 %, 20 MiB, 210 MHz, 405 MHz, 23.86 W, 28
 15:39:36 up 6 days, 23:30,  5 users,  load average: 1.26, 1.54, 1.38
2026-09-30T15:39:38-04:00
0 %, 463 MiB, 232 MHz, 405 MHz, 6.30 W, 30
0 %, 20 MiB, 210 MHz, 405 MHz, 21.75 W, 28
 15:39:38 up 6 days, 23:30,  5 users,  load average: 1.24, 1.53, 1.38
2026-09-30T15:39:40-04:00
0 %, 463 MiB, 232 MHz, 405 MHz, 6.49 W, 31
0 %, 20 MiB, 210 MHz, 405 MHz, 20.85 W, 28
 15:39:40 up 6 days, 23:30,  5 users,  load average: 1.24, 1.53, 1.38
2026-09-30T15:39:42-04:00
0 %, 463 MiB, 232 MHz, 405 MHz, 5.76 W, 31
0 %, 20 MiB, 210 MHz, 405 MHz, 20.85 W, 28
 15:39:42 up 6 days, 23:30,  5 users,  load average: 1.24, 1.53, 1.38
2026-09-30T15:39:44-04:00
0 %, 463 MiB, 232 MHz, 405 MHz, 6.24 W, 30
0 %, 20 MiB, 210 MHz, 405 MHz, 21.68 W, 28
 15:39:44 up 6 days, 23:30,  5 users,  load average: 1.22, 1.52, 1.38
2026-09-30T15:39:46-04:00
0 %, 463 MiB, 232 MHz, 405 MHz, 6.13 W, 30
0 %, 20 MiB, 210 MHz, 405 MHz, 20.84 W, 28
 15:39:46 up 6 days, 23:30,  5 users,  load average: 1.22, 1.52, 1.38
2026-09-30T15:39:48-04:00
0 %, 463 MiB, 232 MHz, 405 MHz, 5.91 W, 30
0 %, 20 MiB, 210 MHz, 405 MHz, 20.97 W, 28
 15:39:48 up 6 days, 23:30,  5 users,  load average: 1.20, 1.51, 1.37
2026-09-30T15:39:50-04:00
0 %, 463 MiB, 232 MHz, 405 MHz, 5.99 W, 30
0 %, 20 MiB, 210 MHz, 405 MHz, 27.61 W, 28
 15:39:51 up 6 days, 23:30,  5 users,  load average: 1.20, 1.51, 1.37
2026-09-30T15:39:53-04:00
0 %, 463 MiB, 232 MHz, 405 MHz, 6.14 W, 30
0 %, 20 MiB, 210 MHz, 405 MHz, 21.16 W, 28
 15:39:53 up 6 days, 23:30,  5 users,  load average: 1.18, 1.51, 1.37
2026-09-30T15:39:55-04:00
0 %, 463 MiB, 232 MHz, 405 MHz, 5.85 W, 30
0 %, 20 MiB, 210 MHz, 405 MHz, 20.80 W, 28
 15:39:55 up 6 days, 23:30,  5 users,  load average: 1.18, 1.51, 1.37
2026-09-30T15:39:57-04:00
0 %, 463 MiB, 232 MHz, 405 MHz, 5.79 W, 30
0 %, 20 MiB, 210 MHz, 405 MHz, 20.92 W, 28
 15:39:57 up 6 days, 23:31,  5 users,  load average: 1.18, 1.51, 1.37
2026-09-30T15:39:59-04:00
0 %, 463 MiB, 232 MHz, 405 MHz, 5.71 W, 30
0 %, 20 MiB, 210 MHz, 405 MHz, 22.03 W, 28
 15:39:59 up 6 days, 23:31,  5 users,  load average: 1.17, 1.50, 1.37
2026-09-30T15:40:01-04:00
0 %, 463 MiB, 232 MHz, 405 MHz, 5.28 W, 30
0 %, 20 MiB, 210 MHz, 405 MHz, 20.87 W, 28
 15:40:01 up 6 days, 23:31,  5 users,  load average: 1.17, 1.50, 1.37
2026-09-30T15:40:03-04:00
0 %, 463 MiB, 232 MHz, 405 MHz, 6.10 W, 30
0 %, 20 MiB, 210 MHz, 405 MHz, 21.01 W, 28
 15:40:03 up 6 days, 23:31,  5 users,  load average: 1.16, 1.49, 1.37
2026-09-30T15:40:05-04:00
0 %, 463 MiB, 232 MHz, 405 MHz, 5.87 W, 30
0 %, 20 MiB, 210 MHz, 405 MHz, 27.40 W, 28
 15:40:05 up 6 days, 23:31,  5 users,  load average: 1.16, 1.49, 1.37
2026-09-30T15:40:07-04:00
8 %, 1759 MiB, 2925 MHz, 13801 MHz, 34.44 W, 32
0 %, 20 MiB, 210 MHz, 405 MHz, 24.53 W, 28
1545992, /home/ndizazzo/dev/mesh/issue1393-q4-snapshot-20260930/target/release/xtask, 1322 MiB
 15:40:07 up 6 days, 23:31,  5 users,  load average: 1.16, 1.49, 1.37
2026-09-30T15:40:09-04:00
100 %, 1761 MiB, 2925 MHz, 13801 MHz, 90.82 W, 33
0 %, 20 MiB, 210 MHz, 405 MHz, 22.50 W, 28
1545992, /home/ndizazzo/dev/mesh/issue1393-q4-snapshot-20260930/target/release/xtask, 1324 MiB
 15:40:09 up 6 days, 23:31,  5 users,  load average: 1.14, 1.48, 1.36
2026-09-30T15:40:11-04:00
100 %, 1761 MiB, 2925 MHz, 13801 MHz, 90.75 W, 33
0 %, 20 MiB, 210 MHz, 405 MHz, 21.02 W, 28
1545992, /home/ndizazzo/dev/mesh/issue1393-q4-snapshot-20260930/target/release/xtask, 1324 MiB
 15:40:11 up 6 days, 23:31,  5 users,  load average: 1.14, 1.48, 1.36
2026-09-30T15:40:13-04:00
100 %, 1761 MiB, 2925 MHz, 13801 MHz, 90.35 W, 33
0 %, 20 MiB, 210 MHz, 405 MHz, 22.31 W, 28
1545992, /home/ndizazzo/dev/mesh/issue1393-q4-snapshot-20260930/target/release/xtask, 1324 MiB
 15:40:13 up 6 days, 23:31,  5 users,  load average: 1.21, 1.49, 1.37
2026-09-30T15:40:15-04:00
100 %, 1761 MiB, 2925 MHz, 13801 MHz, 91.04 W, 33
0 %, 20 MiB, 210 MHz, 405 MHz, 21.08 W, 28
1545992, /home/ndizazzo/dev/mesh/issue1393-q4-snapshot-20260930/target/release/xtask, 1324 MiB
 15:40:15 up 6 days, 23:31,  5 users,  load average: 1.21, 1.49, 1.37
2026-09-30T15:40:17-04:00
100 %, 1761 MiB, 2925 MHz, 13801 MHz, 90.99 W, 33
0 %, 20 MiB, 210 MHz, 405 MHz, 20.99 W, 28
1545992, /home/ndizazzo/dev/mesh/issue1393-q4-snapshot-20260930/target/release/xtask, 1324 MiB
 15:40:17 up 6 days, 23:31,  5 users,  load average: 1.28, 1.50, 1.37
2026-09-30T15:40:19-04:00
0 %, 463 MiB, 2925 MHz, 14001 MHz, 72.47 W, 32
0 %, 20 MiB, 210 MHz, 405 MHz, 28.62 W, 28
 15:40:19 up 6 days, 23:31,  5 users,  load average: 1.28, 1.50, 1.37
2026-09-30T15:40:21-04:00
0 %, 463 MiB, 427 MHz, 810 MHz, 14.49 W, 31
0 %, 20 MiB, 210 MHz, 405 MHz, 21.33 W, 28
 15:40:21 up 6 days, 23:31,  5 users,  load average: 1.28, 1.50, 1.37
2026-09-30T15:40:23-04:00
0 %, 463 MiB, 240 MHz, 405 MHz, 6.39 W, 31
0 %, 20 MiB, 210 MHz, 405 MHz, 20.80 W, 28
 15:40:24 up 6 days, 23:31,  5 users,  load average: 1.25, 1.49, 1.37
2026-09-30T15:40:26-04:00
0 %, 463 MiB, 255 MHz, 405 MHz, 6.05 W, 31
0 %, 20 MiB, 210 MHz, 405 MHz, 21.22 W, 28
 15:40:26 up 6 days, 23:31,  5 users,  load average: 1.25, 1.49, 1.37
2026-09-30T15:40:28-04:00
0 %, 463 MiB, 232 MHz, 405 MHz, 6.72 W, 31
0 %, 20 MiB, 210 MHz, 405 MHz, 21.77 W, 28
 15:40:28 up 6 days, 23:31,  5 users,  load average: 1.23, 1.48, 1.37
2026-09-30T15:40:30-04:00
0 %, 463 MiB, 232 MHz, 405 MHz, 6.15 W, 31
0 %, 20 MiB, 210 MHz, 405 MHz, 20.79 W, 28
 15:40:30 up 6 days, 23:31,  5 users,  load average: 1.23, 1.48, 1.37
2026-09-30T15:40:32-04:00
0 %, 463 MiB, 232 MHz, 405 MHz, 6.36 W, 31
0 %, 20 MiB, 210 MHz, 405 MHz, 20.95 W, 28
 15:40:32 up 6 days, 23:31,  5 users,  load average: 1.23, 1.48, 1.37
2026-09-30T15:40:34-04:00
0 %, 463 MiB, 232 MHz, 405 MHz, 6.36 W, 30
0 %, 20 MiB, 210 MHz, 405 MHz, 27.57 W, 28
 15:40:34 up 6 days, 23:31,  5 users,  load average: 1.21, 1.47, 1.36
2026-09-30T15:40:36-04:00
0 %, 463 MiB, 232 MHz, 405 MHz, 6.26 W, 30
0 %, 20 MiB, 210 MHz, 405 MHz, 20.93 W, 28
 15:40:36 up 6 days, 23:31,  5 users,  load average: 1.21, 1.47, 1.36
2026-09-30T15:40:38-04:00
0 %, 463 MiB, 232 MHz, 405 MHz, 5.36 W, 31
0 %, 20 MiB, 210 MHz, 405 MHz, 20.84 W, 28
 15:40:38 up 6 days, 23:31,  5 users,  load average: 1.20, 1.46, 1.36
2026-09-30T15:40:40-04:00
0 %, 463 MiB, 232 MHz, 405 MHz, 5.89 W, 30
0 %, 20 MiB, 210 MHz, 405 MHz, 22.27 W, 28
 15:40:40 up 6 days, 23:31,  5 users,  load average: 1.20, 1.46, 1.36
2026-09-30T15:40:42-04:00
0 %, 463 MiB, 232 MHz, 405 MHz, 5.69 W, 30
0 %, 20 MiB, 210 MHz, 405 MHz, 22.04 W, 28
 15:40:42 up 6 days, 23:31,  5 users,  load average: 1.20, 1.46, 1.36
2026-09-30T15:40:44-04:00
0 %, 463 MiB, 232 MHz, 405 MHz, 5.63 W, 30
0 %, 20 MiB, 210 MHz, 405 MHz, 20.85 W, 28
 15:40:44 up 6 days, 23:31,  5 users,  load average: 1.18, 1.46, 1.36
2026-09-30T15:40:46-04:00
0 %, 463 MiB, 232 MHz, 405 MHz, 6.01 W, 30
0 %, 20 MiB, 210 MHz, 405 MHz, 20.91 W, 28
 15:40:46 up 6 days, 23:31,  5 users,  load average: 1.18, 1.46, 1.36
2026-09-30T15:40:48-04:00
0 %, 463 MiB, 232 MHz, 405 MHz, 5.85 W, 30
0 %, 20 MiB, 210 MHz, 405 MHz, 27.27 W, 28
 15:40:48 up 6 days, 23:31,  5 users,  load average: 1.17, 1.45, 1.36
2026-09-30T15:40:50-04:00
0 %, 463 MiB, 232 MHz, 405 MHz, 5.94 W, 30
0 %, 20 MiB, 210 MHz, 405 MHz, 21.07 W, 28
 15:40:50 up 6 days, 23:31,  5 users,  load average: 1.17, 1.45, 1.36
2026-09-30T15:40:53-04:00
0 %, 463 MiB, 232 MHz, 405 MHz, 5.90 W, 30
0 %, 20 MiB, 210 MHz, 405 MHz, 20.85 W, 28
 15:40:53 up 6 days, 23:31,  5 users,  load average: 1.15, 1.44, 1.36
2026-09-30T15:40:55-04:00
0 %, 463 MiB, 232 MHz, 405 MHz, 5.76 W, 30
0 %, 20 MiB, 210 MHz, 405 MHz, 23.16 W, 28
 15:40:55 up 6 days, 23:31,  5 users,  load average: 1.15, 1.44, 1.36
2026-09-30T15:40:57-04:00
0 %, 463 MiB, 232 MHz, 405 MHz, 5.64 W, 30
0 %, 20 MiB, 210 MHz, 405 MHz, 21.74 W, 28
 15:40:57 up 6 days, 23:32,  5 users,  load average: 1.15, 1.44, 1.36
2026-09-30T15:40:59-04:00
0 %, 463 MiB, 232 MHz, 405 MHz, 5.51 W, 30
0 %, 20 MiB, 210 MHz, 405 MHz, 20.89 W, 28
 15:40:59 up 6 days, 23:32,  5 users,  load average: 1.14, 1.43, 1.35
2026-09-30T15:41:01-04:00
0 %, 463 MiB, 232 MHz, 405 MHz, 5.53 W, 30
0 %, 20 MiB, 210 MHz, 405 MHz, 20.88 W, 28
 15:41:01 up 6 days, 23:32,  5 users,  load average: 1.14, 1.43, 1.35
2026-09-30T15:41:03-04:00
0 %, 463 MiB, 232 MHz, 405 MHz, 5.38 W, 30
0 %, 20 MiB, 210 MHz, 405 MHz, 27.58 W, 28
 15:41:03 up 6 days, 23:32,  5 users,  load average: 1.29, 1.46, 1.36
2026-09-30T15:41:05-04:00
0 %, 463 MiB, 232 MHz, 405 MHz, 5.57 W, 30
0 %, 20 MiB, 210 MHz, 405 MHz, 21.22 W, 28
 15:41:05 up 6 days, 23:32,  5 users,  load average: 1.29, 1.46, 1.36
2026-09-30T15:41:07-04:00
0 %, 463 MiB, 232 MHz, 405 MHz, 5.45 W, 30
0 %, 20 MiB, 210 MHz, 405 MHz, 20.80 W, 28
 15:41:07 up 6 days, 23:32,  5 users,  load average: 1.29, 1.46, 1.36
2026-09-30T15:41:09-04:00
0 %, 463 MiB, 232 MHz, 405 MHz, 5.16 W, 30
0 %, 20 MiB, 210 MHz, 405 MHz, 23.54 W, 28
 15:41:09 up 6 days, 23:32,  5 users,  load average: 1.27, 1.45, 1.36
2026-09-30T15:41:11-04:00
0 %, 463 MiB, 232 MHz, 405 MHz, 5.21 W, 30
0 %, 20 MiB, 210 MHz, 405 MHz, 21.94 W, 28
 15:41:11 up 6 days, 23:32,  5 users,  load average: 1.27, 1.45, 1.36
2026-09-30T15:41:13-04:00
100 %, 1761 MiB, 2925 MHz, 13801 MHz, 66.88 W, 32
0 %, 20 MiB, 210 MHz, 405 MHz, 25.57 W, 28
1545992, /home/ndizazzo/dev/mesh/issue1393-q4-snapshot-20260930/target/release/xtask, 1324 MiB
 15:41:13 up 6 days, 23:32,  5 users,  load average: 1.24, 1.44, 1.36
2026-09-30T15:41:15-04:00
100 %, 1761 MiB, 2925 MHz, 13801 MHz, 89.87 W, 33
0 %, 20 MiB, 210 MHz, 405 MHz, 21.58 W, 28
1545992, /home/ndizazzo/dev/mesh/issue1393-q4-snapshot-20260930/target/release/xtask, 1324 MiB
 15:41:15 up 6 days, 23:32,  5 users,  load average: 1.24, 1.44, 1.36
2026-09-30T15:41:17-04:00
100 %, 1761 MiB, 2925 MHz, 13801 MHz, 90.53 W, 33
0 %, 20 MiB, 210 MHz, 405 MHz, 22.02 W, 28
1545992, /home/ndizazzo/dev/mesh/issue1393-q4-snapshot-20260930/target/release/xtask, 1324 MiB
 15:41:17 up 6 days, 23:32,  5 users,  load average: 1.30, 1.45, 1.36
2026-09-30T15:41:19-04:00
100 %, 1761 MiB, 2925 MHz, 13801 MHz, 90.49 W, 33
0 %, 20 MiB, 210 MHz, 405 MHz, 21.20 W, 28
1545992, /home/ndizazzo/dev/mesh/issue1393-q4-snapshot-20260930/target/release/xtask, 1324 MiB
 15:41:19 up 6 days, 23:32,  5 users,  load average: 1.30, 1.45, 1.36
2026-09-30T15:41:21-04:00
100 %, 1761 MiB, 2925 MHz, 13801 MHz, 91.24 W, 33
0 %, 20 MiB, 210 MHz, 405 MHz, 21.24 W, 28
1545992, /home/ndizazzo/dev/mesh/issue1393-q4-snapshot-20260930/target/release/xtask, 1324 MiB
 15:41:22 up 6 days, 23:32,  5 users,  load average: 1.30, 1.45, 1.36
2026-09-30T15:41:24-04:00
100 %, 1761 MiB, 2925 MHz, 13801 MHz, 91.27 W, 33
0 %, 20 MiB, 210 MHz, 405 MHz, 24.13 W, 28
1545992, /home/ndizazzo/dev/mesh/issue1393-q4-snapshot-20260930/target/release/xtask, 1324 MiB
 15:41:24 up 6 days, 23:32,  5 users,  load average: 1.36, 1.46, 1.37
2026-09-30T15:41:26-04:00
0 %, 463 MiB, 2925 MHz, 14001 MHz, 66.64 W, 32
0 %, 20 MiB, 210 MHz, 405 MHz, 27.44 W, 28
 15:41:26 up 6 days, 23:32,  5 users,  load average: 1.36, 1.46, 1.37
2026-09-30T15:41:28-04:00
0 %, 463 MiB, 315 MHz, 405 MHz, 8.76 W, 31
0 %, 20 MiB, 210 MHz, 405 MHz, 20.87 W, 28
 15:41:28 up 6 days, 23:32,  5 users,  load average: 1.33, 1.45, 1.36
2026-09-30T15:41:30-04:00
0 %, 463 MiB, 255 MHz, 405 MHz, 6.24 W, 30
0 %, 20 MiB, 210 MHz, 405 MHz, 20.92 W, 28
 15:41:30 up 6 days, 23:32,  5 users,  load average: 1.33, 1.45, 1.36
2026-09-30T15:41:32-04:00
0 %, 463 MiB, 232 MHz, 405 MHz, 6.01 W, 30
0 %, 20 MiB, 210 MHz, 405 MHz, 21.97 W, 28
 15:41:32 up 6 days, 23:32,  5 users,  load average: 1.33, 1.45, 1.36
2026-09-30T15:41:34-04:00
0 %, 463 MiB, 240 MHz, 405 MHz, 5.54 W, 31
0 %, 20 MiB, 210 MHz, 405 MHz, 20.95 W, 28
 15:41:34 up 6 days, 23:32,  5 users,  load average: 1.30, 1.45, 1.36
2026-09-30T15:41:36-04:00
0 %, 463 MiB, 232 MHz, 405 MHz, 5.85 W, 30
0 %, 20 MiB, 210 MHz, 405 MHz, 21.02 W, 28
 15:41:36 up 6 days, 23:32,  5 users,  load average: 1.30, 1.45, 1.36
2026-09-30T15:41:38-04:00
0 %, 463 MiB, 232 MHz, 405 MHz, 5.95 W, 30
0 %, 20 MiB, 210 MHz, 405 MHz, 27.40 W, 28
 15:41:38 up 6 days, 23:32,  5 users,  load average: 1.28, 1.44, 1.36
2026-09-30T15:41:40-04:00
0 %, 463 MiB, 232 MHz, 405 MHz, 5.76 W, 30
0 %, 20 MiB, 210 MHz, 405 MHz, 21.21 W, 28
 15:41:40 up 6 days, 23:32,  5 users,  load average: 1.28, 1.44, 1.36
2026-09-30T15:41:42-04:00
0 %, 463 MiB, 232 MHz, 405 MHz, 6.13 W, 30
0 %, 20 MiB, 210 MHz, 405 MHz, 20.92 W, 28
 15:41:42 up 6 days, 23:32,  5 users,  load average: 1.28, 1.44, 1.36
2026-09-30T15:41:44-04:00
0 %, 463 MiB, 232 MHz, 405 MHz, 5.94 W, 30
0 %, 20 MiB, 210 MHz, 405 MHz, 20.85 W, 28
 15:41:44 up 6 days, 23:32,  5 users,  load average: 1.26, 1.43, 1.36
2026-09-30T15:41:46-04:00
0 %, 463 MiB, 232 MHz, 405 MHz, 5.68 W, 30
0 %, 20 MiB, 210 MHz, 405 MHz, 21.72 W, 28
 15:41:46 up 6 days, 23:32,  5 users,  load average: 1.26, 1.43, 1.36
2026-09-30T15:41:48-04:00
0 %, 463 MiB, 232 MHz, 405 MHz, 5.80 W, 30
0 %, 20 MiB, 210 MHz, 405 MHz, 20.96 W, 28
 15:41:48 up 6 days, 23:32,  5 users,  load average: 1.32, 1.44, 1.36
2026-09-30T15:41:50-04:00
0 %, 463 MiB, 232 MHz, 405 MHz, 5.91 W, 30
0 %, 20 MiB, 210 MHz, 405 MHz, 20.99 W, 28
 15:41:51 up 6 days, 23:32,  5 users,  load average: 1.32, 1.44, 1.36
2026-09-30T15:41:53-04:00
0 %, 463 MiB, 232 MHz, 405 MHz, 5.35 W, 30
0 %, 20 MiB, 210 MHz, 405 MHz, 27.53 W, 28
 15:41:53 up 6 days, 23:32,  5 users,  load average: 1.29, 1.43, 1.36
2026-09-30T15:41:55-04:00
0 %, 463 MiB, 232 MHz, 405 MHz, 5.62 W, 30
0 %, 20 MiB, 210 MHz, 405 MHz, 21.23 W, 28
 15:41:55 up 6 days, 23:32,  5 users,  load average: 1.29, 1.43, 1.36
2026-09-30T15:41:57-04:00
0 %, 463 MiB, 232 MHz, 405 MHz, 5.98 W, 30
0 %, 20 MiB, 210 MHz, 405 MHz, 20.88 W, 28
 15:41:57 up 6 days, 23:33,  5 users,  load average: 1.29, 1.43, 1.36
2026-09-30T15:41:59-04:00
0 %, 463 MiB, 232 MHz, 405 MHz, 5.89 W, 30
0 %, 20 MiB, 210 MHz, 405 MHz, 23.01 W, 28
 15:41:59 up 6 days, 23:33,  5 users,  load average: 1.27, 1.43, 1.36
2026-09-30T15:42:01-04:00
0 %, 463 MiB, 232 MHz, 405 MHz, 5.98 W, 30
0 %, 20 MiB, 210 MHz, 405 MHz, 21.94 W, 28
 15:42:01 up 6 days, 23:33,  5 users,  load average: 1.27, 1.43, 1.36
2026-09-30T15:42:03-04:00
0 %, 463 MiB, 232 MHz, 405 MHz, 6.40 W, 30
0 %, 20 MiB, 210 MHz, 405 MHz, 20.85 W, 28
 15:42:03 up 6 days, 23:33,  5 users,  load average: 1.25, 1.42, 1.36
2026-09-30T15:42:05-04:00
0 %, 463 MiB, 232 MHz, 405 MHz, 5.85 W, 30
0 %, 20 MiB, 210 MHz, 405 MHz, 20.87 W, 28
 15:42:05 up 6 days, 23:33,  5 users,  load average: 1.25, 1.42, 1.36
2026-09-30T15:42:07-04:00
0 %, 463 MiB, 232 MHz, 405 MHz, 5.92 W, 30
0 %, 20 MiB, 210 MHz, 405 MHz, 27.50 W, 28
 15:42:07 up 6 days, 23:33,  5 users,  load average: 1.25, 1.42, 1.36
2026-09-30T15:42:09-04:00
0 %, 463 MiB, 232 MHz, 405 MHz, 5.83 W, 30
0 %, 20 MiB, 210 MHz, 405 MHz, 20.94 W, 28
 15:42:09 up 6 days, 23:33,  5 users,  load average: 1.23, 1.41, 1.35
2026-09-30T15:42:11-04:00
0 %, 463 MiB, 232 MHz, 405 MHz, 5.35 W, 30
0 %, 20 MiB, 210 MHz, 405 MHz, 20.81 W, 28
 15:42:11 up 6 days, 23:33,  5 users,  load average: 1.23, 1.41, 1.35
2026-09-30T15:42:13-04:00
0 %, 463 MiB, 240 MHz, 405 MHz, 5.80 W, 30
0 %, 20 MiB, 210 MHz, 405 MHz, 23.55 W, 28
 15:42:13 up 6 days, 23:33,  5 users,  load average: 1.21, 1.40, 1.35
2026-09-30T15:42:15-04:00
0 %, 463 MiB, 232 MHz, 405 MHz, 5.76 W, 30
0 %, 20 MiB, 210 MHz, 405 MHz, 22.13 W, 28
 15:42:15 up 6 days, 23:33,  5 users,  load average: 1.21, 1.40, 1.35
2026-09-30T15:42:17-04:00
3 %, 1759 MiB, 1620 MHz, 13801 MHz, 16.23 W, 31
0 %, 20 MiB, 210 MHz, 405 MHz, 21.86 W, 28
1545992, /home/ndizazzo/dev/mesh/issue1393-q4-snapshot-20260930/target/release/xtask, 1322 MiB
 15:42:17 up 6 days, 23:33,  5 users,  load average: 1.19, 1.40, 1.35
2026-09-30T15:42:19-04:00
100 %, 1761 MiB, 2925 MHz, 13801 MHz, 91.32 W, 32
0 %, 20 MiB, 210 MHz, 405 MHz, 22.45 W, 28
1545992, /home/ndizazzo/dev/mesh/issue1393-q4-snapshot-20260930/target/release/xtask, 1324 MiB
 15:42:20 up 6 days, 23:33,  5 users,  load average: 1.19, 1.40, 1.35
2026-09-30T15:42:22-04:00
100 %, 1761 MiB, 2925 MHz, 13801 MHz, 90.31 W, 33
0 %, 20 MiB, 210 MHz, 405 MHz, 25.17 W, 28
1545992, /home/ndizazzo/dev/mesh/issue1393-q4-snapshot-20260930/target/release/xtask, 1324 MiB
 15:42:22 up 6 days, 23:33,  5 users,  load average: 1.19, 1.40, 1.35
2026-09-30T15:42:24-04:00
100 %, 1761 MiB, 2925 MHz, 13801 MHz, 90.56 W, 33
0 %, 20 MiB, 210 MHz, 405 MHz, 21.28 W, 28
1545992, /home/ndizazzo/dev/mesh/issue1393-q4-snapshot-20260930/target/release/xtask, 1324 MiB
 15:42:24 up 6 days, 23:33,  5 users,  load average: 1.26, 1.41, 1.35
2026-09-30T15:42:26-04:00
100 %, 1761 MiB, 2925 MHz, 13801 MHz, 90.61 W, 33
0 %, 20 MiB, 210 MHz, 405 MHz, 21.09 W, 28
1545992, /home/ndizazzo/dev/mesh/issue1393-q4-snapshot-20260930/target/release/xtask, 1324 MiB
 15:42:26 up 6 days, 23:33,  5 users,  load average: 1.26, 1.41, 1.35
2026-09-30T15:42:28-04:00
100 %, 1761 MiB, 2925 MHz, 13801 MHz, 90.25 W, 33
0 %, 20 MiB, 210 MHz, 405 MHz, 22.58 W, 28
1545992, /home/ndizazzo/dev/mesh/issue1393-q4-snapshot-20260930/target/release/xtask, 1324 MiB
 15:42:28 up 6 days, 23:33,  5 users,  load average: 1.32, 1.42, 1.36
2026-09-30T15:42:30-04:00
100 %, 1761 MiB, 2925 MHz, 13801 MHz, 90.92 W, 33
0 %, 20 MiB, 210 MHz, 405 MHz, 21.77 W, 28
1545992, /home/ndizazzo/dev/mesh/issue1393-q4-snapshot-20260930/target/release/xtask, 1324 MiB
 15:42:30 up 6 days, 23:33,  5 users,  load average: 1.32, 1.42, 1.36
2026-09-30T15:42:32-04:00
100 %, 1761 MiB, 2925 MHz, 13801 MHz, 90.71 W, 33
0 %, 20 MiB, 210 MHz, 405 MHz, 21.00 W, 28
1545992, /home/ndizazzo/dev/mesh/issue1393-q4-snapshot-20260930/target/release/xtask, 1324 MiB
 15:42:32 up 6 days, 23:33,  5 users,  load average: 1.32, 1.42, 1.36
2026-09-30T15:42:34-04:00
100 %, 1761 MiB, 2925 MHz, 13801 MHz, 90.55 W, 33
0 %, 20 MiB, 210 MHz, 405 MHz, 21.10 W, 28
1545992, /home/ndizazzo/dev/mesh/issue1393-q4-snapshot-20260930/target/release/xtask, 1324 MiB
 15:42:34 up 6 days, 23:33,  5 users,  load average: 1.37, 1.43, 1.36
2026-09-30T15:42:36-04:00
100 %, 1761 MiB, 2925 MHz, 13801 MHz, 90.94 W, 33
0 %, 20 MiB, 210 MHz, 405 MHz, 27.44 W, 28
1545992, /home/ndizazzo/dev/mesh/issue1393-q4-snapshot-20260930/target/release/xtask, 1324 MiB
 15:42:36 up 6 days, 23:33,  5 users,  load average: 1.37, 1.43, 1.36
2026-09-30T15:42:38-04:00
100 %, 1761 MiB, 2925 MHz, 13801 MHz, 90.47 W, 33
0 %, 20 MiB, 210 MHz, 405 MHz, 21.35 W, 28
1545992, /home/ndizazzo/dev/mesh/issue1393-q4-snapshot-20260930/target/release/xtask, 1324 MiB
 15:42:38 up 6 days, 23:33,  5 users,  load average: 1.42, 1.44, 1.37
2026-09-30T15:42:40-04:00
100 %, 1761 MiB, 2925 MHz, 13801 MHz, 90.74 W, 33
0 %, 20 MiB, 210 MHz, 405 MHz, 21.02 W, 28
1545992, /home/ndizazzo/dev/mesh/issue1393-q4-snapshot-20260930/target/release/xtask, 1324 MiB
 15:42:40 up 6 days, 23:33,  5 users,  load average: 1.42, 1.44, 1.37
2026-09-30T15:42:42-04:00
100 %, 1761 MiB, 2925 MHz, 13801 MHz, 89.88 W, 33
0 %, 20 MiB, 210 MHz, 405 MHz, 23.00 W, 28
1545992, /home/ndizazzo/dev/mesh/issue1393-q4-snapshot-20260930/target/release/xtask, 1324 MiB
 15:42:42 up 6 days, 23:33,  5 users,  load average: 1.42, 1.44, 1.37
2026-09-30T15:42:44-04:00
100 %, 1761 MiB, 2925 MHz, 13801 MHz, 90.16 W, 33
0 %, 20 MiB, 210 MHz, 405 MHz, 22.15 W, 28
1545992, /home/ndizazzo/dev/mesh/issue1393-q4-snapshot-20260930/target/release/xtask, 1324 MiB
 15:42:44 up 6 days, 23:33,  5 users,  load average: 1.47, 1.45, 1.37
2026-09-30T15:42:46-04:00
100 %, 1761 MiB, 2925 MHz, 13801 MHz, 90.97 W, 33
0 %, 20 MiB, 210 MHz, 405 MHz, 20.96 W, 28
1545992, /home/ndizazzo/dev/mesh/issue1393-q4-snapshot-20260930/target/release/xtask, 1324 MiB
 15:42:46 up 6 days, 23:33,  5 users,  load average: 1.47, 1.45, 1.37
2026-09-30T15:42:48-04:00
10 %, 463 MiB, 2925 MHz, 14001 MHz, 89.74 W, 32
0 %, 20 MiB, 210 MHz, 405 MHz, 21.17 W, 28
 15:42:48 up 6 days, 23:33,  5 users,  load average: 1.51, 1.46, 1.37
2026-09-30T15:42:50-04:00
0 %, 463 MiB, 982 MHz, 810 MHz, 52.59 W, 31
0 %, 20 MiB, 210 MHz, 405 MHz, 28.54 W, 28
 15:42:50 up 6 days, 23:33,  5 users,  load average: 1.51, 1.46, 1.37
2026-09-30T15:42:52-04:00
0 %, 463 MiB, 262 MHz, 405 MHz, 6.45 W, 30
0 %, 20 MiB, 210 MHz, 405 MHz, 21.02 W, 28
 15:42:52 up 6 days, 23:33,  5 users,  load average: 1.47, 1.45, 1.37
2026-09-30T15:42:54-04:00
0 %, 463 MiB, 240 MHz, 405 MHz, 5.67 W, 30
0 %, 20 MiB, 210 MHz, 405 MHz, 20.81 W, 28
 15:42:55 up 6 days, 23:33,  5 users,  load average: 1.47, 1.45, 1.37
2026-09-30T15:42:57-04:00
0 %, 463 MiB, 232 MHz, 405 MHz, 5.56 W, 30
0 %, 20 MiB, 210 MHz, 405 MHz, 23.59 W, 28
 15:42:57 up 6 days, 23:34,  5 users,  load average: 1.47, 1.45, 1.37
2026-09-30T15:42:59-04:00
0 %, 463 MiB, 232 MHz, 405 MHz, 5.17 W, 30
0 %, 20 MiB, 210 MHz, 405 MHz, 21.62 W, 28
 15:42:59 up 6 days, 23:34,  5 users,  load average: 1.43, 1.44, 1.37
2026-09-30T15:43:01-04:00
0 %, 463 MiB, 240 MHz, 405 MHz, 5.41 W, 30
0 %, 20 MiB, 210 MHz, 405 MHz, 20.94 W, 28
 15:43:01 up 6 days, 23:34,  5 users,  load average: 1.43, 1.44, 1.37
2026-09-30T15:43:03-04:00
0 %, 463 MiB, 232 MHz, 405 MHz, 5.75 W, 30
0 %, 20 MiB, 210 MHz, 405 MHz, 20.95 W, 28
 15:43:03 up 6 days, 23:34,  5 users,  load average: 1.40, 1.43, 1.37
2026-09-30T15:43:05-04:00
0 %, 463 MiB, 225 MHz, 405 MHz, 5.29 W, 30
0 %, 20 MiB, 210 MHz, 405 MHz, 22.18 W, 28
 15:43:05 up 6 days, 23:34,  5 users,  load average: 1.40, 1.43, 1.37
2026-09-30T15:43:07-04:00
0 %, 463 MiB, 232 MHz, 405 MHz, 5.52 W, 30
0 %, 20 MiB, 210 MHz, 405 MHz, 21.01 W, 28
 15:43:07 up 6 days, 23:34,  5 users,  load average: 1.40, 1.43, 1.37
2026-09-30T15:43:09-04:00
0 %, 463 MiB, 232 MHz, 405 MHz, 5.71 W, 30
0 %, 20 MiB, 210 MHz, 405 MHz, 21.05 W, 28
 15:43:09 up 6 days, 23:34,  5 users,  load average: 1.37, 1.43, 1.36
2026-09-30T15:43:11-04:00
0 %, 463 MiB, 232 MHz, 405 MHz, 5.58 W, 30
0 %, 20 MiB, 210 MHz, 405 MHz, 23.84 W, 28
 15:43:11 up 6 days, 23:34,  5 users,  load average: 1.37, 1.43, 1.36
2026-09-30T15:43:13-04:00
0 %, 463 MiB, 232 MHz, 405 MHz, 5.59 W, 30
0 %, 20 MiB, 210 MHz, 405 MHz, 21.84 W, 28
 15:43:13 up 6 days, 23:34,  5 users,  load average: 1.34, 1.42, 1.36
2026-09-30T15:43:15-04:00
0 %, 463 MiB, 232 MHz, 405 MHz, 5.75 W, 30
0 %, 20 MiB, 210 MHz, 405 MHz, 20.75 W, 28
 15:43:15 up 6 days, 23:34,  5 users,  load average: 1.34, 1.42, 1.36
2026-09-30T15:43:17-04:00
0 %, 463 MiB, 255 MHz, 405 MHz, 5.76 W, 30
0 %, 20 MiB, 210 MHz, 405 MHz, 21.54 W, 28
 15:43:17 up 6 days, 23:34,  5 users,  load average: 1.39, 1.43, 1.36
2026-09-30T15:43:19-04:00
0 %, 463 MiB, 232 MHz, 405 MHz, 5.95 W, 30
0 %, 20 MiB, 210 MHz, 405 MHz, 21.66 W, 28
 15:43:19 up 6 days, 23:34,  5 users,  load average: 1.39, 1.43, 1.36
2026-09-30T15:43:21-04:00
0 %, 463 MiB, 232 MHz, 405 MHz, 5.76 W, 30
0 %, 20 MiB, 210 MHz, 405 MHz, 20.88 W, 28
 15:43:21 up 6 days, 23:34,  5 users,  load average: 1.39, 1.43, 1.36
2026-09-30T15:43:23-04:00
0 %, 463 MiB, 240 MHz, 405 MHz, 5.73 W, 30
0 %, 20 MiB, 210 MHz, 405 MHz, 20.98 W, 28
 15:43:24 up 6 days, 23:34,  5 users,  load average: 1.36, 1.42, 1.36
2026-09-30T15:43:26-04:00
0 %, 463 MiB, 240 MHz, 405 MHz, 5.92 W, 30
0 %, 20 MiB, 210 MHz, 405 MHz, 27.66 W, 28
 15:43:26 up 6 days, 23:34,  5 users,  load average: 1.36, 1.42, 1.36
2026-09-30T15:43:28-04:00
0 %, 463 MiB, 240 MHz, 405 MHz, 5.84 W, 30
0 %, 20 MiB, 210 MHz, 405 MHz, 21.27 W, 28
 15:43:28 up 6 days, 23:34,  5 users,  load average: 1.33, 1.41, 1.36
2026-09-30T15:43:30-04:00
0 %, 463 MiB, 240 MHz, 405 MHz, 5.82 W, 30
0 %, 20 MiB, 210 MHz, 405 MHz, 20.93 W, 28
 15:43:30 up 6 days, 23:34,  5 users,  load average: 1.33, 1.41, 1.36
2026-09-30T15:43:32-04:00
0 %, 463 MiB, 232 MHz, 405 MHz, 5.67 W, 30
0 %, 20 MiB, 210 MHz, 405 MHz, 22.29 W, 28
 15:43:32 up 6 days, 23:34,  5 users,  load average: 1.33, 1.41, 1.36
2026-09-30T15:43:34-04:00
0 %, 463 MiB, 232 MHz, 405 MHz, 5.74 W, 30
0 %, 20 MiB, 210 MHz, 405 MHz, 22.15 W, 28
 15:43:34 up 6 days, 23:34,  5 users,  load average: 1.30, 1.41, 1.36
2026-09-30T15:43:36-04:00
0 %, 463 MiB, 232 MHz, 405 MHz, 5.31 W, 30
0 %, 20 MiB, 210 MHz, 405 MHz, 20.99 W, 28
 15:43:36 up 6 days, 23:34,  5 users,  load average: 1.30, 1.41, 1.36
2026-09-30T15:43:38-04:00
0 %, 463 MiB, 232 MHz, 405 MHz, 5.35 W, 30
0 %, 20 MiB, 210 MHz, 405 MHz, 21.10 W, 28
 15:43:38 up 6 days, 23:34,  5 users,  load average: 1.28, 1.40, 1.36
2026-09-30T15:43:40-04:00
0 %, 463 MiB, 240 MHz, 405 MHz, 6.00 W, 30
0 %, 20 MiB, 210 MHz, 405 MHz, 27.51 W, 28
 15:43:40 up 6 days, 23:34,  5 users,  load average: 1.28, 1.40, 1.36
2026-09-30T15:43:42-04:00
1 %, 1759 MiB, 1342 MHz, 13801 MHz, 14.60 W, 31
0 %, 20 MiB, 210 MHz, 405 MHz, 22.06 W, 28
1545992, /home/ndizazzo/dev/mesh/issue1393-q4-snapshot-20260930/target/release/xtask, 1322 MiB
 15:43:42 up 6 days, 23:34,  5 users,  load average: 1.28, 1.40, 1.36
2026-09-30T15:43:44-04:00
100 %, 1761 MiB, 2925 MHz, 13801 MHz, 90.74 W, 33
0 %, 20 MiB, 210 MHz, 405 MHz, 22.22 W, 28
1545992, /home/ndizazzo/dev/mesh/issue1393-q4-snapshot-20260930/target/release/xtask, 1324 MiB
 15:43:44 up 6 days, 23:34,  5 users,  load average: 1.26, 1.39, 1.35
2026-09-30T15:43:46-04:00
100 %, 1761 MiB, 2925 MHz, 13801 MHz, 90.48 W, 33
0 %, 20 MiB, 210 MHz, 405 MHz, 21.04 W, 28
1545992, /home/ndizazzo/dev/mesh/issue1393-q4-snapshot-20260930/target/release/xtask, 1324 MiB
 15:43:46 up 6 days, 23:34,  5 users,  load average: 1.26, 1.39, 1.35
2026-09-30T15:43:48-04:00
100 %, 1761 MiB, 2925 MHz, 13801 MHz, 90.96 W, 33
0 %, 20 MiB, 210 MHz, 405 MHz, 22.39 W, 28
1545992, /home/ndizazzo/dev/mesh/issue1393-q4-snapshot-20260930/target/release/xtask, 1324 MiB
 15:43:48 up 6 days, 23:34,  5 users,  load average: 1.32, 1.40, 1.36
2026-09-30T15:43:50-04:00
100 %, 1761 MiB, 2925 MHz, 13801 MHz, 89.98 W, 33
0 %, 20 MiB, 210 MHz, 405 MHz, 21.01 W, 28
1545992, /home/ndizazzo/dev/mesh/issue1393-q4-snapshot-20260930/target/release/xtask, 1324 MiB
 15:43:50 up 6 days, 23:34,  5 users,  load average: 1.32, 1.40, 1.36
2026-09-30T15:43:52-04:00
100 %, 1761 MiB, 2925 MHz, 13801 MHz, 90.63 W, 33
0 %, 20 MiB, 210 MHz, 405 MHz, 20.97 W, 28
1545992, /home/ndizazzo/dev/mesh/issue1393-q4-snapshot-20260930/target/release/xtask, 1324 MiB
 15:43:52 up 6 days, 23:34,  5 users,  load average: 1.37, 1.41, 1.36
2026-09-30T15:43:54-04:00
100 %, 1761 MiB, 2925 MHz, 13801 MHz, 90.37 W, 33
0 %, 20 MiB, 210 MHz, 405 MHz, 26.98 W, 28
1545992, /home/ndizazzo/dev/mesh/issue1393-q4-snapshot-20260930/target/release/xtask, 1324 MiB
 15:43:55 up 6 days, 23:34,  5 users,  load average: 1.37, 1.41, 1.36
2026-09-30T15:43:57-04:00
100 %, 1761 MiB, 2925 MHz, 13801 MHz, 91.11 W, 33
0 %, 20 MiB, 210 MHz, 405 MHz, 21.33 W, 28
1545992, /home/ndizazzo/dev/mesh/issue1393-q4-snapshot-20260930/target/release/xtask, 1324 MiB
 15:43:57 up 6 days, 23:35,  5 users,  load average: 1.37, 1.41, 1.36
2026-09-30T15:43:59-04:00
100 %, 1761 MiB, 2925 MHz, 13801 MHz, 91.06 W, 33
0 %, 20 MiB, 210 MHz, 405 MHz, 21.13 W, 28
1545992, /home/ndizazzo/dev/mesh/issue1393-q4-snapshot-20260930/target/release/xtask, 1324 MiB
 15:43:59 up 6 days, 23:35,  5 users,  load average: 1.42, 1.42, 1.37
2026-09-30T15:44:01-04:00
100 %, 1761 MiB, 2925 MHz, 13801 MHz, 91.04 W, 33
0 %, 20 MiB, 210 MHz, 405 MHz, 21.49 W, 28
1545992, /home/ndizazzo/dev/mesh/issue1393-q4-snapshot-20260930/target/release/xtask, 1324 MiB
 15:44:01 up 6 days, 23:35,  5 users,  load average: 1.42, 1.42, 1.37
2026-09-30T15:44:03-04:00
100 %, 1761 MiB, 2925 MHz, 13801 MHz, 91.24 W, 33
0 %, 20 MiB, 210 MHz, 405 MHz, 21.93 W, 28
1545992, /home/ndizazzo/dev/mesh/issue1393-q4-snapshot-20260930/target/release/xtask, 1324 MiB
 15:44:03 up 6 days, 23:35,  5 users,  load average: 1.47, 1.43, 1.37
2026-09-30T15:44:05-04:00
100 %, 1761 MiB, 2925 MHz, 13801 MHz, 91.22 W, 33
0 %, 20 MiB, 210 MHz, 405 MHz, 21.09 W, 28
1545992, /home/ndizazzo/dev/mesh/issue1393-q4-snapshot-20260930/target/release/xtask, 1324 MiB
 15:44:05 up 6 days, 23:35,  5 users,  load average: 1.47, 1.43, 1.37
2026-09-30T15:44:07-04:00
100 %, 1761 MiB, 2925 MHz, 13801 MHz, 90.86 W, 33
0 %, 20 MiB, 210 MHz, 405 MHz, 21.22 W, 28
1545992, /home/ndizazzo/dev/mesh/issue1393-q4-snapshot-20260930/target/release/xtask, 1324 MiB
 15:44:07 up 6 days, 23:35,  5 users,  load average: 1.47, 1.43, 1.37
2026-09-30T15:44:09-04:00
0 %, 429 MiB, 2925 MHz, 14001 MHz, 66.99 W, 32
0 %, 17 MiB, 210 MHz, 405 MHz, 28.75 W, 28
 15:44:09 up 6 days, 23:35,  5 users,  load average: 1.51, 1.44, 1.37
2026-09-30T15:44:11-04:00
0 %, 429 MiB, 375 MHz, 810 MHz, 11.86 W, 31
0 %, 17 MiB, 210 MHz, 405 MHz, 21.18 W, 28
 15:44:11 up 6 days, 23:35,  5 users,  load average: 1.51, 1.44, 1.37
2026-09-30T15:44:13-04:00
0 %, 429 MiB, 232 MHz, 405 MHz, 5.69 W, 30
0 %, 17 MiB, 210 MHz, 405 MHz, 20.95 W, 28
 15:44:13 up 6 days, 23:35,  5 users,  load average: 1.47, 1.43, 1.37
2026-09-30T15:44:15-04:00
0 %, 429 MiB, 232 MHz, 405 MHz, 5.75 W, 30
0 %, 17 MiB, 210 MHz, 405 MHz, 22.20 W, 28
 15:44:15 up 6 days, 23:35,  5 users,  load average: 1.47, 1.43, 1.37
2026-09-30T15:44:17-04:00
0 %, 429 MiB, 232 MHz, 405 MHz, 5.90 W, 30
0 %, 17 MiB, 210 MHz, 405 MHz, 22.14 W, 28
 15:44:17 up 6 days, 23:35,  5 users,  load average: 1.47, 1.43, 1.37
2026-09-30T15:44:19-04:00
0 %, 429 MiB, 232 MHz, 405 MHz, 5.64 W, 30
0 %, 17 MiB, 210 MHz, 405 MHz, 20.86 W, 28
 15:44:19 up 6 days, 23:35,  5 users,  load average: 1.43, 1.43, 1.37
2026-09-30T15:44:21-04:00
0 %, 429 MiB, 232 MHz, 405 MHz, 5.33 W, 30
0 %, 17 MiB, 210 MHz, 405 MHz, 20.93 W, 28
 15:44:21 up 6 days, 23:35,  5 users,  load average: 1.43, 1.43, 1.37
2026-09-30T15:44:23-04:00
0 %, 429 MiB, 232 MHz, 405 MHz, 6.02 W, 30
0 %, 17 MiB, 210 MHz, 405 MHz, 27.22 W, 28
 15:44:23 up 6 days, 23:35,  5 users,  load average: 1.40, 1.42, 1.37
2026-09-30T15:44:25-04:00
0 %, 429 MiB, 232 MHz, 405 MHz, 5.58 W, 30
0 %, 17 MiB, 210 MHz, 405 MHz, 21.11 W, 28
 15:44:26 up 6 days, 23:35,  5 users,  load average: 1.40, 1.42, 1.37
2026-09-30T15:44:28-04:00
0 %, 429 MiB, 240 MHz, 405 MHz, 5.49 W, 30
0 %, 17 MiB, 210 MHz, 405 MHz, 20.81 W, 28
 15:44:28 up 6 days, 23:35,  5 users,  load average: 1.37, 1.41, 1.36
2026-09-30T15:44:30-04:00
0 %, 429 MiB, 232 MHz, 405 MHz, 5.78 W, 30
0 %, 17 MiB, 210 MHz, 405 MHz, 22.81 W, 28
 15:44:30 up 6 days, 23:35,  5 users,  load average: 1.37, 1.41, 1.36
2026-09-30T15:44:32-04:00
0 %, 429 MiB, 240 MHz, 405 MHz, 5.79 W, 30
0 %, 17 MiB, 210 MHz, 405 MHz, 21.54 W, 28
 15:44:32 up 6 days, 23:35,  5 users,  load average: 1.37, 1.41, 1.36
2026-09-30T15:44:34-04:00
0 %, 429 MiB, 232 MHz, 405 MHz, 5.70 W, 30
0 %, 17 MiB, 210 MHz, 405 MHz, 20.80 W, 28
 15:44:34 up 6 days, 23:35,  5 users,  load average: 1.34, 1.41, 1.36
2026-09-30T15:44:36-04:00
0 %, 429 MiB, 232 MHz, 405 MHz, 6.10 W, 30
0 %, 17 MiB, 210 MHz, 405 MHz, 20.77 W, 28
 15:44:36 up 6 days, 23:35,  5 users,  load average: 1.34, 1.41, 1.36
2026-09-30T15:44:38-04:00
0 %, 429 MiB, 232 MHz, 405 MHz, 6.38 W, 30
0 %, 17 MiB, 210 MHz, 405 MHz, 27.42 W, 28
 15:44:38 up 6 days, 23:35,  5 users,  load average: 1.31, 1.40, 1.36
2026-09-30T15:44:40-04:00
0 %, 429 MiB, 232 MHz, 405 MHz, 5.86 W, 30
0 %, 17 MiB, 210 MHz, 405 MHz, 21.15 W, 28
 15:44:40 up 6 days, 23:35,  5 users,  load average: 1.31, 1.40, 1.36
2026-09-30T15:44:42-04:00
0 %, 429 MiB, 232 MHz, 405 MHz, 5.80 W, 30
0 %, 17 MiB, 210 MHz, 405 MHz, 20.77 W, 28
 15:44:42 up 6 days, 23:35,  5 users,  load average: 1.31, 1.40, 1.36
2026-09-30T15:44:44-04:00
0 %, 429 MiB, 240 MHz, 405 MHz, 5.72 W, 30
0 %, 17 MiB, 210 MHz, 405 MHz, 23.57 W, 28
 15:44:44 up 6 days, 23:35,  5 users,  load average: 1.28, 1.39, 1.36
2026-09-30T15:44:46-04:00
0 %, 429 MiB, 240 MHz, 405 MHz, 5.80 W, 30
0 %, 17 MiB, 210 MHz, 405 MHz, 22.03 W, 28
 15:44:46 up 6 days, 23:35,  5 users,  load average: 1.28, 1.39, 1.36
2026-09-30T15:44:48-04:00
0 %, 429 MiB, 240 MHz, 405 MHz, 5.84 W, 30
0 %, 17 MiB, 210 MHz, 405 MHz, 20.73 W, 28
 15:44:48 up 6 days, 23:35,  5 users,  load average: 1.26, 1.39, 1.36
2026-09-30T15:44:50-04:00
0 %, 429 MiB, 232 MHz, 405 MHz, 6.04 W, 30
0 %, 17 MiB, 210 MHz, 405 MHz, 20.79 W, 28
 15:44:50 up 6 days, 23:35,  5 users,  load average: 1.26, 1.39, 1.36
2026-09-30T15:44:52-04:00
0 %, 429 MiB, 232 MHz, 405 MHz, 5.75 W, 30
0 %, 17 MiB, 210 MHz, 405 MHz, 21.84 W, 28
 15:44:52 up 6 days, 23:35,  5 users,  load average: 1.24, 1.38, 1.35
2026-09-30T15:44:54-04:00
0 %, 429 MiB, 240 MHz, 405 MHz, 6.16 W, 30
0 %, 17 MiB, 210 MHz, 405 MHz, 20.80 W, 28
 15:44:55 up 6 days, 23:35,  5 users,  load average: 1.24, 1.38, 1.35
2026-09-30T15:44:57-04:00
0 %, 429 MiB, 240 MHz, 405 MHz, 6.03 W, 30
0 %, 17 MiB, 210 MHz, 405 MHz, 20.89 W, 28
 15:44:57 up 6 days, 23:36,  5 users,  load average: 1.24, 1.38, 1.35
2026-09-30T15:44:59-04:00
0 %, 429 MiB, 232 MHz, 405 MHz, 5.76 W, 30
0 %, 17 MiB, 210 MHz, 405 MHz, 24.10 W, 28
 15:44:59 up 6 days, 23:36,  5 users,  load average: 1.22, 1.37, 1.35
2026-09-30T15:45:01-04:00
0 %, 429 MiB, 232 MHz, 405 MHz, 5.49 W, 30
0 %, 17 MiB, 210 MHz, 405 MHz, 21.62 W, 28
 15:45:01 up 6 days, 23:36,  5 users,  load average: 1.22, 1.37, 1.35
2026-09-30T15:45:03-04:00
0 %, 463 MiB, 2550 MHz, 14001 MHz, 52.87 W, 31
0 %, 20 MiB, 210 MHz, 405 MHz, 28.61 W, 28
 15:45:03 up 6 days, 23:36,  5 users,  load average: 1.20, 1.37, 1.35
2026-09-30T15:45:05-04:00
0 %, 463 MiB, 465 MHz, 810 MHz, 12.67 W, 30
0 %, 20 MiB, 210 MHz, 405 MHz, 21.81 W, 28
 15:45:05 up 6 days, 23:36,  5 users,  load average: 1.20, 1.37, 1.35
2026-09-30T15:45:07-04:00
0 %, 463 MiB, 232 MHz, 405 MHz, 5.51 W, 30
0 %, 20 MiB, 210 MHz, 405 MHz, 22.10 W, 28
 15:45:07 up 6 days, 23:36,  5 users,  load average: 1.20, 1.37, 1.35
2026-09-30T15:45:09-04:00
0 %, 463 MiB, 232 MHz, 405 MHz, 5.81 W, 30
0 %, 20 MiB, 210 MHz, 405 MHz, 21.03 W, 28
 15:45:09 up 6 days, 23:36,  5 users,  load average: 1.19, 1.36, 1.35
2026-09-30T15:45:11-04:00
0 %, 463 MiB, 240 MHz, 405 MHz, 5.79 W, 30
0 %, 20 MiB, 210 MHz, 405 MHz, 21.05 W, 28
 15:45:11 up 6 days, 23:36,  5 users,  load average: 1.19, 1.36, 1.35
2026-09-30T15:45:13-04:00
0 %, 463 MiB, 232 MHz, 405 MHz, 5.66 W, 30
0 %, 20 MiB, 210 MHz, 405 MHz, 27.26 W, 28
 15:45:13 up 6 days, 23:36,  5 users,  load average: 1.17, 1.35, 1.35
2026-09-30T15:45:15-04:00
0 %, 463 MiB, 232 MHz, 405 MHz, 5.86 W, 30
0 %, 20 MiB, 210 MHz, 405 MHz, 21.10 W, 28
 15:45:15 up 6 days, 23:36,  5 users,  load average: 1.17, 1.35, 1.35
2026-09-30T15:45:17-04:00
0 %, 463 MiB, 232 MHz, 405 MHz, 5.78 W, 30
0 %, 20 MiB, 210 MHz, 405 MHz, 20.92 W, 28
 15:45:17 up 6 days, 23:36,  5 users,  load average: 1.17, 1.35, 1.35
2026-09-30T15:45:19-04:00
0 %, 463 MiB, 232 MHz, 405 MHz, 5.66 W, 30
0 %, 20 MiB, 210 MHz, 405 MHz, 22.63 W, 28
 15:45:19 up 6 days, 23:36,  5 users,  load average: 1.16, 1.35, 1.34
2026-09-30T15:45:21-04:00
0 %, 463 MiB, 240 MHz, 405 MHz, 5.54 W, 30
0 %, 20 MiB, 210 MHz, 405 MHz, 21.69 W, 28
 15:45:21 up 6 days, 23:36,  5 users,  load average: 1.16, 1.35, 1.34
2026-09-30T15:45:23-04:00
0 %, 463 MiB, 232 MHz, 405 MHz, 5.66 W, 30
0 %, 20 MiB, 210 MHz, 405 MHz, 20.92 W, 28
 15:45:24 up 6 days, 23:36,  5 users,  load average: 1.14, 1.34, 1.34
2026-09-30T15:45:26-04:00
0 %, 463 MiB, 240 MHz, 405 MHz, 5.62 W, 30
0 %, 20 MiB, 210 MHz, 405 MHz, 21.06 W, 28
 15:45:26 up 6 days, 23:36,  5 users,  load average: 1.14, 1.34, 1.34
2026-09-30T15:45:28-04:00
0 %, 463 MiB, 232 MHz, 405 MHz, 5.96 W, 30
0 %, 20 MiB, 210 MHz, 405 MHz, 27.69 W, 28
 15:45:28 up 6 days, 23:36,  5 users,  load average: 1.13, 1.33, 1.34
2026-09-30T15:45:30-04:00
0 %, 463 MiB, 232 MHz, 405 MHz, 5.81 W, 30
0 %, 20 MiB, 210 MHz, 405 MHz, 21.36 W, 28
 15:45:30 up 6 days, 23:36,  5 users,  load average: 1.13, 1.33, 1.34
2026-09-30T15:45:32-04:00
0 %, 463 MiB, 232 MHz, 405 MHz, 5.77 W, 30
0 %, 20 MiB, 210 MHz, 405 MHz, 21.04 W, 28
 15:45:32 up 6 days, 23:36,  5 users,  load average: 1.13, 1.33, 1.34
2026-09-30T15:45:34-04:00
0 %, 463 MiB, 232 MHz, 405 MHz, 6.12 W, 30
0 %, 20 MiB, 210 MHz, 405 MHz, 23.23 W, 28
 15:45:34 up 6 days, 23:36,  5 users,  load average: 1.12, 1.33, 1.34
2026-09-30T15:45:36-04:00
0 %, 463 MiB, 240 MHz, 405 MHz, 5.53 W, 30
0 %, 20 MiB, 210 MHz, 405 MHz, 22.12 W, 28
 15:45:36 up 6 days, 23:36,  5 users,  load average: 1.12, 1.33, 1.34
2026-09-30T15:45:38-04:00
0 %, 463 MiB, 240 MHz, 405 MHz, 5.49 W, 30
0 %, 20 MiB, 210 MHz, 405 MHz, 21.10 W, 28
 15:45:38 up 6 days, 23:36,  5 users,  load average: 1.11, 1.32, 1.34
2026-09-30T15:45:40-04:00
0 %, 463 MiB, 240 MHz, 405 MHz, 5.68 W, 30
0 %, 20 MiB, 210 MHz, 405 MHz, 21.14 W, 28
 15:45:40 up 6 days, 23:36,  5 users,  load average: 1.11, 1.32, 1.34
2026-09-30T15:45:42-04:00
0 %, 463 MiB, 240 MHz, 405 MHz, 5.46 W, 30
0 %, 20 MiB, 210 MHz, 405 MHz, 27.41 W, 28
 15:45:42 up 6 days, 23:36,  5 users,  load average: 1.11, 1.32, 1.34
2026-09-30T15:45:44-04:00
0 %, 463 MiB, 240 MHz, 405 MHz, 5.57 W, 30
0 %, 20 MiB, 210 MHz, 405 MHz, 21.02 W, 28
 15:45:44 up 6 days, 23:36,  5 users,  load average: 1.10, 1.32, 1.33
2026-09-30T15:45:46-04:00
0 %, 463 MiB, 240 MHz, 405 MHz, 5.87 W, 30
0 %, 20 MiB, 210 MHz, 405 MHz, 20.81 W, 28
 15:45:46 up 6 days, 23:36,  5 users,  load average: 1.10, 1.32, 1.33
2026-09-30T15:45:48-04:00
0 %, 463 MiB, 232 MHz, 405 MHz, 5.85 W, 30
0 %, 20 MiB, 210 MHz, 405 MHz, 23.64 W, 28
 15:45:48 up 6 days, 23:36,  5 users,  load average: 1.09, 1.31, 1.33
2026-09-30T15:45:50-04:00
0 %, 463 MiB, 232 MHz, 405 MHz, 5.79 W, 30
0 %, 20 MiB, 210 MHz, 405 MHz, 22.37 W, 28
 15:45:50 up 6 days, 23:36,  5 users,  load average: 1.09, 1.31, 1.33
2026-09-30T15:45:52-04:00
0 %, 463 MiB, 232 MHz, 405 MHz, 5.80 W, 30
0 %, 20 MiB, 210 MHz, 405 MHz, 20.84 W, 28
 15:45:53 up 6 days, 23:36,  5 users,  load average: 1.09, 1.31, 1.33
2026-09-30T15:45:55-04:00
0 %, 463 MiB, 240 MHz, 405 MHz, 5.41 W, 30
0 %, 20 MiB, 210 MHz, 405 MHz, 20.85 W, 28
 15:45:55 up 6 days, 23:36,  5 users,  load average: 1.09, 1.31, 1.33
2026-09-30T15:45:57-04:00
0 %, 463 MiB, 2565 MHz, 13801 MHz, 49.04 W, 31
0 %, 20 MiB, 210 MHz, 405 MHz, 28.68 W, 28
 15:45:57 up 6 days, 23:37,  5 users,  load average: 1.09, 1.31, 1.33
2026-09-30T15:45:59-04:00
0 %, 463 MiB, 600 MHz, 810 MHz, 24.25 W, 30
0 %, 20 MiB, 210 MHz, 405 MHz, 22.16 W, 28
 15:45:59 up 6 days, 23:37,  5 users,  load average: 1.08, 1.30, 1.33
2026-09-30T15:46:01-04:00
0 %, 463 MiB, 240 MHz, 405 MHz, 6.27 W, 30
0 %, 20 MiB, 210 MHz, 405 MHz, 20.93 W, 28
 15:46:01 up 6 days, 23:37,  5 users,  load average: 1.08, 1.30, 1.33
2026-09-30T15:46:03-04:00
0 %, 463 MiB, 232 MHz, 405 MHz, 6.03 W, 30
0 %, 20 MiB, 210 MHz, 405 MHz, 25.00 W, 28
 15:46:03 up 6 days, 23:37,  5 users,  load average: 1.07, 1.30, 1.33
2026-09-30T15:46:05-04:00
0 %, 463 MiB, 232 MHz, 405 MHz, 5.55 W, 30
0 %, 20 MiB, 210 MHz, 405 MHz, 21.89 W, 28
 15:46:05 up 6 days, 23:37,  5 users,  load average: 1.07, 1.30, 1.33
2026-09-30T15:46:07-04:00
0 %, 463 MiB, 240 MHz, 405 MHz, 5.87 W, 30
0 %, 20 MiB, 210 MHz, 405 MHz, 20.90 W, 28
 15:46:07 up 6 days, 23:37,  5 users,  load average: 1.07, 1.30, 1.33
2026-09-30T15:46:09-04:00
0 %, 463 MiB, 232 MHz, 405 MHz, 5.91 W, 30
0 %, 20 MiB, 210 MHz, 405 MHz, 20.98 W, 28
 15:46:09 up 6 days, 23:37,  5 users,  load average: 1.07, 1.29, 1.32
2026-09-30T15:46:11-04:00
0 %, 463 MiB, 232 MHz, 405 MHz, 5.68 W, 30
0 %, 20 MiB, 210 MHz, 405 MHz, 27.57 W, 28
 15:46:11 up 6 days, 23:37,  5 users,  load average: 1.07, 1.29, 1.32
2026-09-30T15:46:13-04:00
0 %, 463 MiB, 240 MHz, 405 MHz, 5.57 W, 30
0 %, 20 MiB, 210 MHz, 405 MHz, 21.00 W, 27
 15:46:13 up 6 days, 23:37,  5 users,  load average: 1.06, 1.29, 1.32
2026-09-30T15:46:15-04:00
0 %, 463 MiB, 232 MHz, 405 MHz, 5.49 W, 30
0 %, 20 MiB, 210 MHz, 405 MHz, 20.91 W, 27
 15:46:15 up 6 days, 23:37,  5 users,  load average: 1.06, 1.29, 1.32
2026-09-30T15:46:17-04:00
0 %, 463 MiB, 240 MHz, 405 MHz, 5.55 W, 30
0 %, 20 MiB, 210 MHz, 405 MHz, 27.64 W, 28
 15:46:17 up 6 days, 23:37,  5 users,  load average: 1.06, 1.28, 1.32
2026-09-30T15:46:19-04:00
0 %, 463 MiB, 240 MHz, 405 MHz, 5.50 W, 30
0 %, 20 MiB, 210 MHz, 405 MHz, 21.18 W, 28
 15:46:19 up 6 days, 23:37,  5 users,  load average: 1.06, 1.28, 1.32
2026-09-30T15:46:21-04:00
0 %, 463 MiB, 240 MHz, 405 MHz, 5.46 W, 30
0 %, 20 MiB, 210 MHz, 405 MHz, 20.86 W, 28
 15:46:22 up 6 days, 23:37,  5 users,  load average: 1.06, 1.28, 1.32
2026-09-30T15:46:24-04:00
0 %, 463 MiB, 240 MHz, 405 MHz, 5.70 W, 30
0 %, 20 MiB, 210 MHz, 405 MHz, 20.89 W, 28
 15:46:24 up 6 days, 23:37,  5 users,  load average: 1.05, 1.28, 1.32
2026-09-30T15:46:26-04:00
0 %, 463 MiB, 240 MHz, 405 MHz, 5.95 W, 30
0 %, 20 MiB, 210 MHz, 405 MHz, 27.28 W, 28
 15:46:26 up 6 days, 23:37,  5 users,  load average: 1.05, 1.28, 1.32
2026-09-30T15:46:28-04:00
0 %, 463 MiB, 240 MHz, 405 MHz, 5.51 W, 30
0 %, 20 MiB, 210 MHz, 405 MHz, 21.17 W, 28
 15:46:28 up 6 days, 23:37,  5 users,  load average: 1.05, 1.27, 1.32
2026-09-30T15:46:30-04:00
0 %, 463 MiB, 232 MHz, 405 MHz, 5.39 W, 30
0 %, 20 MiB, 210 MHz, 405 MHz, 20.87 W, 28
 15:46:30 up 6 days, 23:37,  5 users,  load average: 1.05, 1.27, 1.32
2026-09-30T15:46:32-04:00
0 %, 463 MiB, 232 MHz, 405 MHz, 5.53 W, 30
0 %, 20 MiB, 210 MHz, 405 MHz, 27.39 W, 28
 15:46:32 up 6 days, 23:37,  5 users,  load average: 1.05, 1.27, 1.32
2026-09-30T15:46:34-04:00
0 %, 463 MiB, 232 MHz, 405 MHz, 5.26 W, 30
0 %, 20 MiB, 210 MHz, 405 MHz, 20.77 W, 28
 15:46:34 up 6 days, 23:37,  5 users,  load average: 1.04, 1.27, 1.31
2026-09-30T15:46:36-04:00
0 %, 463 MiB, 232 MHz, 405 MHz, 5.40 W, 30
0 %, 20 MiB, 210 MHz, 405 MHz, 20.77 W, 27
 15:46:36 up 6 days, 23:37,  5 users,  load average: 1.04, 1.27, 1.31
2026-09-30T15:46:38-04:00
0 %, 463 MiB, 240 MHz, 405 MHz, 5.60 W, 30
0 %, 20 MiB, 210 MHz, 405 MHz, 20.75 W, 28
 15:46:38 up 6 days, 23:37,  5 users,  load average: 1.04, 1.26, 1.31
2026-09-30T15:46:40-04:00
0 %, 463 MiB, 240 MHz, 405 MHz, 5.56 W, 30
0 %, 20 MiB, 210 MHz, 405 MHz, 22.10 W, 28
 15:46:40 up 6 days, 23:37,  5 users,  load average: 1.04, 1.26, 1.31
2026-09-30T15:46:42-04:00
0 %, 463 MiB, 232 MHz, 405 MHz, 5.61 W, 30
0 %, 20 MiB, 210 MHz, 405 MHz, 20.83 W, 27
 15:46:42 up 6 days, 23:37,  5 users,  load average: 1.04, 1.26, 1.31
2026-09-30T15:46:44-04:00
0 %, 463 MiB, 232 MHz, 405 MHz, 5.52 W, 30
0 %, 20 MiB, 210 MHz, 405 MHz, 20.85 W, 27
 15:46:44 up 6 days, 23:37,  5 users,  load average: 1.04, 1.26, 1.31
2026-09-30T15:46:46-04:00
0 %, 463 MiB, 232 MHz, 405 MHz, 5.52 W, 30
0 %, 20 MiB, 210 MHz, 405 MHz, 27.17 W, 28
 15:46:46 up 6 days, 23:37,  5 users,  load average: 1.04, 1.26, 1.31
2026-09-30T15:46:48-04:00
0 %, 463 MiB, 240 MHz, 405 MHz, 5.20 W, 30
0 %, 20 MiB, 210 MHz, 405 MHz, 21.13 W, 28
 15:46:48 up 6 days, 23:37,  5 users,  load average: 1.03, 1.25, 1.31
2026-09-30T15:46:50-04:00
0 %, 1793 MiB, 2857 MHz, 13801 MHz, 41.69 W, 31
0 %, 20 MiB, 210 MHz, 405 MHz, 24.50 W, 28
1561772, /home/ndizazzo/dev/mesh/issue1393-q4-snapshot-20260930/target/release/xtask, 1356 MiB
 15:46:51 up 6 days, 23:37,  5 users,  load average: 1.03, 1.25, 1.31
2026-09-30T15:46:53-04:00
0 %, 463 MiB, 2550 MHz, 14001 MHz, 52.95 W, 31
0 %, 20 MiB, 210 MHz, 405 MHz, 23.83 W, 28
 15:46:53 up 6 days, 23:37,  5 users,  load average: 1.03, 1.25, 1.31
2026-09-30T15:46:55-04:00
0 %, 463 MiB, 480 MHz, 810 MHz, 19.15 W, 30
0 %, 20 MiB, 210 MHz, 405 MHz, 21.79 W, 28
 15:46:55 up 6 days, 23:37,  5 users,  load average: 1.03, 1.25, 1.31
2026-09-30T15:46:57-04:00
0 %, 463 MiB, 232 MHz, 405 MHz, 6.03 W, 30
0 %, 20 MiB, 210 MHz, 405 MHz, 20.80 W, 27
 15:46:57 up 6 days, 23:38,  5 users,  load average: 1.03, 1.25, 1.31
2026-09-30T15:46:59-04:00
0 %, 463 MiB, 240 MHz, 405 MHz, 5.52 W, 30
0 %, 20 MiB, 210 MHz, 405 MHz, 20.86 W, 27
 15:46:59 up 6 days, 23:38,  5 users,  load average: 1.11, 1.26, 1.31
2026-09-30T15:47:01-04:00
0 %, 463 MiB, 240 MHz, 405 MHz, 5.81 W, 30
0 %, 20 MiB, 210 MHz, 405 MHz, 27.44 W, 28
 15:47:01 up 6 days, 23:38,  5 users,  load average: 1.11, 1.26, 1.31
2026-09-30T15:47:03-04:00
0 %, 463 MiB, 232 MHz, 405 MHz, 5.65 W, 30
0 %, 20 MiB, 210 MHz, 405 MHz, 21.19 W, 27
 15:47:03 up 6 days, 23:38,  5 users,  load average: 1.10, 1.26, 1.31
2026-09-30T15:47:05-04:00
0 %, 463 MiB, 232 MHz, 405 MHz, 5.66 W, 30
0 %, 20 MiB, 210 MHz, 405 MHz, 20.83 W, 27
 15:47:05 up 6 days, 23:38,  5 users,  load average: 1.10, 1.26, 1.31
2026-09-30T15:47:07-04:00
0 %, 463 MiB, 232 MHz, 405 MHz, 5.72 W, 30
0 %, 20 MiB, 210 MHz, 405 MHz, 22.29 W, 28
 15:47:07 up 6 days, 23:38,  5 users,  load average: 1.10, 1.26, 1.31
2026-09-30T15:47:09-04:00
0 %, 463 MiB, 240 MHz, 405 MHz, 5.82 W, 30
0 %, 20 MiB, 210 MHz, 405 MHz, 22.04 W, 28
 15:47:09 up 6 days, 23:38,  5 users,  load average: 1.09, 1.25, 1.31
2026-09-30T15:47:11-04:00
0 %, 463 MiB, 232 MHz, 405 MHz, 5.43 W, 30
0 %, 20 MiB, 210 MHz, 405 MHz, 20.81 W, 27
 15:47:11 up 6 days, 23:38,  5 users,  load average: 1.09, 1.25, 1.31
2026-09-30T15:47:13-04:00
0 %, 463 MiB, 232 MHz, 405 MHz, 5.53 W, 30
0 %, 20 MiB, 210 MHz, 405 MHz, 20.74 W, 27
 15:47:13 up 6 days, 23:38,  5 users,  load average: 1.08, 1.25, 1.30
2026-09-30T15:47:15-04:00
0 %, 463 MiB, 240 MHz, 405 MHz, 5.87 W, 30
0 %, 20 MiB, 210 MHz, 405 MHz, 27.28 W, 28
 15:47:15 up 6 days, 23:38,  5 users,  load average: 1.08, 1.25, 1.30
2026-09-30T15:47:17-04:00
0 %, 463 MiB, 232 MHz, 405 MHz, 5.52 W, 30
0 %, 20 MiB, 210 MHz, 405 MHz, 21.04 W, 27
 15:47:17 up 6 days, 23:38,  5 users,  load average: 1.08, 1.24, 1.30
2026-09-30T15:47:19-04:00
0 %, 463 MiB, 232 MHz, 405 MHz, 5.57 W, 30
0 %, 20 MiB, 210 MHz, 405 MHz, 20.91 W, 27
 15:47:20 up 6 days, 23:38,  5 users,  load average: 1.08, 1.24, 1.30
2026-09-30T15:47:22-04:00
0 %, 463 MiB, 232 MHz, 405 MHz, 5.71 W, 30
0 %, 20 MiB, 210 MHz, 405 MHz, 22.94 W, 28
 15:47:22 up 6 days, 23:38,  5 users,  load average: 1.08, 1.24, 1.30
2026-09-30T15:47:24-04:00
0 %, 463 MiB, 232 MHz, 405 MHz, 5.38 W, 30
0 %, 20 MiB, 210 MHz, 405 MHz, 21.62 W, 28
 15:47:24 up 6 days, 23:38,  5 users,  load average: 1.07, 1.24, 1.30
2026-09-30T15:47:26-04:00
0 %, 463 MiB, 240 MHz, 405 MHz, 5.62 W, 30
0 %, 20 MiB, 210 MHz, 405 MHz, 20.87 W, 27
 15:47:26 up 6 days, 23:38,  5 users,  load average: 1.07, 1.24, 1.30
2026-09-30T15:47:28-04:00
0 %, 463 MiB, 240 MHz, 405 MHz, 5.91 W, 30
0 %, 20 MiB, 210 MHz, 405 MHz, 20.97 W, 27
 15:47:28 up 6 days, 23:38,  5 users,  load average: 1.06, 1.23, 1.30
2026-09-30T15:47:30-04:00
0 %, 463 MiB, 240 MHz, 405 MHz, 5.82 W, 30
0 %, 20 MiB, 210 MHz, 405 MHz, 27.71 W, 28
 15:47:30 up 6 days, 23:38,  5 users,  load average: 1.06, 1.23, 1.30
2026-09-30T15:47:32-04:00
0 %, 463 MiB, 232 MHz, 405 MHz, 5.91 W, 30
0 %, 20 MiB, 210 MHz, 405 MHz, 21.23 W, 27
 15:47:32 up 6 days, 23:38,  5 users,  load average: 1.06, 1.23, 1.30
2026-09-30T15:47:34-04:00
0 %, 463 MiB, 232 MHz, 405 MHz, 5.77 W, 30
0 %, 20 MiB, 210 MHz, 405 MHz, 20.83 W, 27
 15:47:34 up 6 days, 23:38,  5 users,  load average: 1.06, 1.23, 1.30
2026-09-30T15:47:36-04:00
0 %, 463 MiB, 240 MHz, 405 MHz, 5.40 W, 30
0 %, 20 MiB, 210 MHz, 405 MHz, 23.47 W, 28
 15:47:36 up 6 days, 23:38,  5 users,  load average: 1.06, 1.23, 1.30
2026-09-30T15:47:38-04:00
0 %, 463 MiB, 232 MHz, 405 MHz, 5.53 W, 30
0 %, 20 MiB, 210 MHz, 405 MHz, 21.98 W, 28
 15:47:38 up 6 days, 23:38,  5 users,  load average: 1.05, 1.23, 1.29
2026-09-30T15:47:40-04:00
0 %, 463 MiB, 232 MHz, 405 MHz, 5.68 W, 30
0 %, 20 MiB, 210 MHz, 405 MHz, 20.95 W, 27
 15:47:40 up 6 days, 23:38,  5 users,  load average: 1.05, 1.23, 1.29
2026-09-30T15:47:42-04:00
0 %, 463 MiB, 240 MHz, 405 MHz, 5.11 W, 30
0 %, 20 MiB, 210 MHz, 405 MHz, 21.04 W, 27
 15:47:42 up 6 days, 23:38,  5 users,  load average: 1.05, 1.23, 1.29
2026-09-30T15:47:44-04:00
0 %, 463 MiB, 232 MHz, 405 MHz, 5.53 W, 30
0 %, 20 MiB, 210 MHz, 405 MHz, 27.46 W, 28
 15:47:44 up 6 days, 23:38,  5 users,  load average: 1.05, 1.22, 1.29
2026-09-30T15:47:46-04:00
0 %, 1793 MiB, 2550 MHz, 13801 MHz, 55.15 W, 31
0 %, 20 MiB, 210 MHz, 405 MHz, 25.52 W, 28
1561772, /home/ndizazzo/dev/mesh/issue1393-q4-snapshot-20260930/target/release/xtask, 1356 MiB
 15:47:46 up 6 days, 23:38,  5 users,  load average: 1.05, 1.22, 1.29
2026-09-30T15:47:48-04:00
0 %, 463 MiB, 2550 MHz, 14001 MHz, 50.26 W, 31
0 %, 20 MiB, 210 MHz, 405 MHz, 24.96 W, 28
 15:47:48 up 6 days, 23:38,  5 users,  load average: 1.05, 1.22, 1.29
2026-09-30T15:47:50-04:00
0 %, 463 MiB, 315 MHz, 810 MHz, 11.74 W, 30
0 %, 20 MiB, 210 MHz, 405 MHz, 25.32 W, 28
 15:47:51 up 6 days, 23:38,  5 users,  load average: 1.05, 1.22, 1.29
2026-09-30T15:47:53-04:00
0 %, 463 MiB, 232 MHz, 405 MHz, 5.20 W, 30
0 %, 20 MiB, 210 MHz, 405 MHz, 22.23 W, 28
 15:47:53 up 6 days, 23:38,  5 users,  load average: 1.04, 1.22, 1.29
2026-09-30T15:47:55-04:00
0 %, 463 MiB, 232 MHz, 405 MHz, 5.74 W, 30
0 %, 20 MiB, 210 MHz, 405 MHz, 21.01 W, 27
 15:47:55 up 6 days, 23:38,  5 users,  load average: 1.04, 1.22, 1.29
2026-09-30T15:47:57-04:00
0 %, 463 MiB, 232 MHz, 405 MHz, 5.38 W, 30
0 %, 20 MiB, 210 MHz, 405 MHz, 20.98 W, 27
 15:47:57 up 6 days, 23:39,  5 users,  load average: 1.04, 1.22, 1.29
2026-09-30T15:47:59-04:00
0 %, 463 MiB, 232 MHz, 405 MHz, 5.32 W, 30
0 %, 20 MiB, 210 MHz, 405 MHz, 27.28 W, 28
 15:47:59 up 6 days, 23:39,  5 users,  load average: 1.04, 1.21, 1.29
2026-09-30T15:48:01-04:00
0 %, 463 MiB, 240 MHz, 405 MHz, 5.46 W, 30
0 %, 20 MiB, 210 MHz, 405 MHz, 20.88 W, 27
 15:48:01 up 6 days, 23:39,  5 users,  load average: 1.04, 1.21, 1.29
2026-09-30T15:48:03-04:00
0 %, 463 MiB, 232 MHz, 405 MHz, 5.93 W, 30
0 %, 20 MiB, 210 MHz, 405 MHz, 20.89 W, 27
 15:48:03 up 6 days, 23:39,  5 users,  load average: 1.03, 1.21, 1.29
2026-09-30T15:48:05-04:00
0 %, 463 MiB, 232 MHz, 405 MHz, 6.01 W, 30
0 %, 20 MiB, 210 MHz, 405 MHz, 27.18 W, 28
 15:48:05 up 6 days, 23:39,  5 users,  load average: 1.03, 1.21, 1.29
2026-09-30T15:48:07-04:00
0 %, 463 MiB, 232 MHz, 405 MHz, 5.84 W, 30
0 %, 20 MiB, 210 MHz, 405 MHz, 21.61 W, 27
 15:48:07 up 6 days, 23:39,  5 users,  load average: 1.03, 1.21, 1.29
2026-09-30T15:48:09-04:00
0 %, 463 MiB, 232 MHz, 405 MHz, 5.86 W, 30
0 %, 20 MiB, 210 MHz, 405 MHz, 20.69 W, 27
 15:48:09 up 6 days, 23:39,  5 users,  load average: 1.03, 1.20, 1.28
2026-09-30T15:48:11-04:00
0 %, 463 MiB, 232 MHz, 405 MHz, 5.85 W, 30
0 %, 20 MiB, 210 MHz, 405 MHz, 20.66 W, 27
 15:48:11 up 6 days, 23:39,  5 users,  load average: 1.03, 1.20, 1.28
2026-09-30T15:48:13-04:00
0 %, 463 MiB, 232 MHz, 405 MHz, 5.69 W, 30
0 %, 20 MiB, 210 MHz, 405 MHz, 27.31 W, 28
 15:48:13 up 6 days, 23:39,  5 users,  load average: 1.03, 1.20, 1.28
2026-09-30T15:48:15-04:00
0 %, 463 MiB, 240 MHz, 405 MHz, 5.53 W, 30
0 %, 20 MiB, 210 MHz, 405 MHz, 20.72 W, 27
 15:48:15 up 6 days, 23:39,  5 users,  load average: 1.03, 1.20, 1.28
2026-09-30T15:48:17-04:00
0 %, 463 MiB, 232 MHz, 405 MHz, 5.45 W, 30
0 %, 20 MiB, 210 MHz, 405 MHz, 20.85 W, 27
 15:48:17 up 6 days, 23:39,  5 users,  load average: 1.03, 1.20, 1.28
2026-09-30T15:48:19-04:00
0 %, 463 MiB, 232 MHz, 405 MHz, 5.99 W, 30
0 %, 20 MiB, 210 MHz, 405 MHz, 27.06 W, 28
 15:48:20 up 6 days, 23:39,  5 users,  load average: 1.03, 1.20, 1.28
2026-09-30T15:48:22-04:00
0 %, 463 MiB, 240 MHz, 405 MHz, 6.14 W, 30
0 %, 20 MiB, 210 MHz, 405 MHz, 21.05 W, 27
 15:48:22 up 6 days, 23:39,  5 users,  load average: 1.03, 1.20, 1.28
2026-09-30T15:48:24-04:00
0 %, 463 MiB, 240 MHz, 405 MHz, 5.73 W, 30
0 %, 20 MiB, 210 MHz, 405 MHz, 20.72 W, 27
 15:48:24 up 6 days, 23:39,  5 users,  load average: 1.02, 1.19, 1.28
2026-09-30T15:48:26-04:00
0 %, 463 MiB, 240 MHz, 405 MHz, 6.04 W, 30
0 %, 20 MiB, 210 MHz, 405 MHz, 20.86 W, 27
 15:48:26 up 6 days, 23:39,  5 users,  load average: 1.02, 1.19, 1.28
2026-09-30T15:48:28-04:00
0 %, 463 MiB, 240 MHz, 405 MHz, 6.19 W, 30
0 %, 20 MiB, 210 MHz, 405 MHz, 21.91 W, 28
 15:48:28 up 6 days, 23:39,  5 users,  load average: 1.02, 1.19, 1.28
2026-09-30T15:48:30-04:00
0 %, 463 MiB, 232 MHz, 405 MHz, 5.29 W, 30
0 %, 20 MiB, 210 MHz, 405 MHz, 20.91 W, 27
 15:48:30 up 6 days, 23:39,  5 users,  load average: 1.02, 1.19, 1.28
2026-09-30T15:48:32-04:00
0 %, 463 MiB, 232 MHz, 405 MHz, 5.58 W, 30
0 %, 20 MiB, 210 MHz, 405 MHz, 20.92 W, 27
 15:48:32 up 6 days, 23:39,  5 users,  load average: 1.02, 1.19, 1.28
2026-09-30T15:48:34-04:00
0 %, 463 MiB, 240 MHz, 405 MHz, 5.61 W, 30
0 %, 20 MiB, 210 MHz, 405 MHz, 27.50 W, 28
 15:48:34 up 6 days, 23:39,  5 users,  load average: 1.02, 1.19, 1.27
2026-09-30T15:48:36-04:00
0 %, 463 MiB, 232 MHz, 405 MHz, 5.33 W, 30
0 %, 20 MiB, 210 MHz, 405 MHz, 20.82 W, 27
 15:48:36 up 6 days, 23:39,  5 users,  load average: 1.02, 1.19, 1.27
2026-09-30T15:48:38-04:00
0 %, 463 MiB, 240 MHz, 405 MHz, 5.63 W, 30
0 %, 20 MiB, 210 MHz, 405 MHz, 20.90 W, 27
 15:48:38 up 6 days, 23:39,  5 users,  load average: 1.02, 1.18, 1.27
2026-09-30T15:48:40-04:00
0 %, 463 MiB, 255 MHz, 405 MHz, 5.81 W, 30
0 %, 20 MiB, 210 MHz, 405 MHz, 21.71 W, 28
 15:48:40 up 6 days, 23:39,  5 users,  load average: 1.02, 1.18, 1.27
2026-09-30T15:48:42-04:00
1 %, 463 MiB, 2550 MHz, 14001 MHz, 54.64 W, 31
0 %, 20 MiB, 210 MHz, 405 MHz, 25.77 W, 27
 15:48:42 up 6 days, 23:39,  5 users,  load average: 1.02, 1.18, 1.27
2026-09-30T15:48:44-04:00
0 %, 463 MiB, 532 MHz, 810 MHz, 21.96 W, 30
0 %, 20 MiB, 210 MHz, 405 MHz, 21.77 W, 28
 15:48:44 up 6 days, 23:39,  5 users,  load average: 1.02, 1.18, 1.27
2026-09-30T15:48:46-04:00
0 %, 463 MiB, 232 MHz, 405 MHz, 6.27 W, 30
0 %, 20 MiB, 210 MHz, 405 MHz, 20.93 W, 27
 15:48:46 up 6 days, 23:39,  5 users,  load average: 1.02, 1.18, 1.27
2026-09-30T15:48:48-04:00
0 %, 463 MiB, 232 MHz, 405 MHz, 5.68 W, 30
0 %, 20 MiB, 210 MHz, 405 MHz, 27.74 W, 28
 15:48:49 up 6 days, 23:39,  5 users,  load average: 1.02, 1.18, 1.27
2026-09-30T15:48:51-04:00
0 %, 463 MiB, 232 MHz, 405 MHz, 5.34 W, 30
0 %, 20 MiB, 210 MHz, 405 MHz, 21.07 W, 27
 15:48:51 up 6 days, 23:39,  5 users,  load average: 1.02, 1.18, 1.27
2026-09-30T15:48:53-04:00
0 %, 463 MiB, 232 MHz, 405 MHz, 5.28 W, 30
0 %, 20 MiB, 210 MHz, 405 MHz, 20.82 W, 27
 15:48:53 up 6 days, 23:39,  5 users,  load average: 1.01, 1.17, 1.27
2026-09-30T15:48:55-04:00
0 %, 463 MiB, 255 MHz, 405 MHz, 5.71 W, 30
0 %, 20 MiB, 210 MHz, 405 MHz, 22.49 W, 28
 15:48:55 up 6 days, 23:39,  5 users,  load average: 1.01, 1.17, 1.27
2026-09-30T15:48:57-04:00
0 %, 463 MiB, 240 MHz, 405 MHz, 5.70 W, 30
0 %, 20 MiB, 210 MHz, 405 MHz, 21.62 W, 28
 15:48:57 up 6 days, 23:40,  5 users,  load average: 1.01, 1.17, 1.27
2026-09-30T15:48:59-04:00
0 %, 463 MiB, 232 MHz, 405 MHz, 5.42 W, 30
0 %, 20 MiB, 210 MHz, 405 MHz, 20.89 W, 27
 15:48:59 up 6 days, 23:40,  5 users,  load average: 1.01, 1.17, 1.27
2026-09-30T15:49:01-04:00
0 %, 463 MiB, 232 MHz, 405 MHz, 5.54 W, 30
0 %, 20 MiB, 210 MHz, 405 MHz, 21.07 W, 27
 15:49:01 up 6 days, 23:40,  5 users,  load average: 1.01, 1.17, 1.27
2026-09-30T15:49:03-04:00
0 %, 463 MiB, 240 MHz, 405 MHz, 5.77 W, 30
0 %, 20 MiB, 210 MHz, 405 MHz, 27.56 W, 28
 15:49:03 up 6 days, 23:40,  5 users,  load average: 1.01, 1.17, 1.26
2026-09-30T15:49:05-04:00
0 %, 463 MiB, 232 MHz, 405 MHz, 5.62 W, 30
0 %, 20 MiB, 210 MHz, 405 MHz, 21.32 W, 27
 15:49:05 up 6 days, 23:40,  5 users,  load average: 1.01, 1.17, 1.26
2026-09-30T15:49:07-04:00
0 %, 463 MiB, 240 MHz, 405 MHz, 5.92 W, 30
0 %, 20 MiB, 210 MHz, 405 MHz, 20.89 W, 27
 15:49:07 up 6 days, 23:40,  5 users,  load average: 1.01, 1.17, 1.26
2026-09-30T15:49:09-04:00
0 %, 463 MiB, 232 MHz, 405 MHz, 5.72 W, 30
0 %, 20 MiB, 210 MHz, 405 MHz, 22.93 W, 28
 15:49:09 up 6 days, 23:40,  5 users,  load average: 1.01, 1.16, 1.26
2026-09-30T15:49:11-04:00
0 %, 463 MiB, 232 MHz, 405 MHz, 5.47 W, 30
0 %, 20 MiB, 210 MHz, 405 MHz, 21.97 W, 28
 15:49:11 up 6 days, 23:40,  5 users,  load average: 1.01, 1.16, 1.26
2026-09-30T15:49:13-04:00
0 %, 463 MiB, 232 MHz, 405 MHz, 5.79 W, 30
0 %, 20 MiB, 210 MHz, 405 MHz, 20.91 W, 27
 15:49:13 up 6 days, 23:40,  5 users,  load average: 1.01, 1.16, 1.26
2026-09-30T15:49:15-04:00
0 %, 463 MiB, 232 MHz, 405 MHz, 6.13 W, 30
0 %, 20 MiB, 210 MHz, 405 MHz, 20.88 W, 27
 15:49:16 up 6 days, 23:40,  5 users,  load average: 1.01, 1.16, 1.26
2026-09-30T15:49:18-04:00
0 %, 463 MiB, 232 MHz, 405 MHz, 5.71 W, 30
0 %, 20 MiB, 210 MHz, 405 MHz, 27.40 W, 28
 15:49:18 up 6 days, 23:40,  5 users,  load average: 1.01, 1.16, 1.26
2026-09-30T15:49:20-04:00
0 %, 463 MiB, 232 MHz, 405 MHz, 6.57 W, 30
0 %, 20 MiB, 210 MHz, 405 MHz, 21.09 W, 27
 15:49:20 up 6 days, 23:40,  5 users,  load average: 1.01, 1.16, 1.26
2026-09-30T15:49:22-04:00
0 %, 463 MiB, 232 MHz, 405 MHz, 6.43 W, 30
0 %, 20 MiB, 210 MHz, 405 MHz, 20.99 W, 27
 15:49:22 up 6 days, 23:40,  5 users,  load average: 1.01, 1.16, 1.26
2026-09-30T15:49:24-04:00
0 %, 463 MiB, 240 MHz, 405 MHz, 5.57 W, 30
0 %, 20 MiB, 210 MHz, 405 MHz, 23.73 W, 28
 15:49:24 up 6 days, 23:40,  5 users,  load average: 1.01, 1.16, 1.26
2026-09-30T15:49:26-04:00
0 %, 463 MiB, 240 MHz, 405 MHz, 5.98 W, 30
0 %, 20 MiB, 210 MHz, 405 MHz, 22.44 W, 28
 15:49:26 up 6 days, 23:40,  5 users,  load average: 1.01, 1.16, 1.26
2026-09-30T15:49:28-04:00
0 %, 463 MiB, 232 MHz, 405 MHz, 6.21 W, 30
0 %, 20 MiB, 210 MHz, 405 MHz, 20.97 W, 27
 15:49:28 up 6 days, 23:40,  5 users,  load average: 1.01, 1.15, 1.26
2026-09-30T15:49:30-04:00
0 %, 463 MiB, 240 MHz, 405 MHz, 6.11 W, 30
0 %, 20 MiB, 210 MHz, 405 MHz, 20.93 W, 27
 15:49:30 up 6 days, 23:40,  5 users,  load average: 1.01, 1.15, 1.26
2026-09-30T15:49:32-04:00
0 %, 463 MiB, 232 MHz, 405 MHz, 6.32 W, 30
0 %, 20 MiB, 210 MHz, 405 MHz, 22.06 W, 28
 15:49:32 up 6 days, 23:40,  5 users,  load average: 1.01, 1.15, 1.26
2026-09-30T15:49:34-04:00
0 %, 463 MiB, 240 MHz, 405 MHz, 6.29 W, 30
0 %, 20 MiB, 210 MHz, 405 MHz, 20.90 W, 27
 15:49:34 up 6 days, 23:40,  5 users,  load average: 1.01, 1.15, 1.26
2026-09-30T15:49:36-04:00
0 %, 1793 MiB, 2730 MHz, 13801 MHz, 49.62 W, 31
0 %, 20 MiB, 210 MHz, 405 MHz, 23.76 W, 28
1561772, /home/ndizazzo/dev/mesh/issue1393-q4-snapshot-20260930/target/release/xtask, 1356 MiB
 15:49:36 up 6 days, 23:40,  5 users,  load average: 1.01, 1.15, 1.26
2026-09-30T15:49:38-04:00
0 %, 463 MiB, 2550 MHz, 14001 MHz, 51.22 W, 31
0 %, 20 MiB, 210 MHz, 405 MHz, 28.74 W, 28
 15:49:38 up 6 days, 23:40,  5 users,  load average: 1.00, 1.15, 1.25
2026-09-30T15:49:40-04:00
0 %, 463 MiB, 397 MHz, 810 MHz, 11.55 W, 30
0 %, 20 MiB, 210 MHz, 405 MHz, 21.86 W, 28
 15:49:40 up 6 days, 23:40,  5 users,  load average: 1.00, 1.15, 1.25
2026-09-30T15:49:42-04:00
0 %, 463 MiB, 232 MHz, 405 MHz, 5.91 W, 30
0 %, 20 MiB, 210 MHz, 405 MHz, 20.99 W, 27
 15:49:42 up 6 days, 23:40,  5 users,  load average: 1.08, 1.16, 1.26
2026-09-30T15:49:44-04:00
0 %, 463 MiB, 255 MHz, 405 MHz, 6.11 W, 30
0 %, 20 MiB, 210 MHz, 405 MHz, 21.79 W, 28
 15:49:44 up 6 days, 23:40,  5 users,  load average: 1.08, 1.16, 1.26
2026-09-30T15:49:46-04:00
0 %, 463 MiB, 232 MHz, 405 MHz, 5.61 W, 30
0 %, 20 MiB, 210 MHz, 405 MHz, 21.86 W, 28
 15:49:47 up 6 days, 23:40,  5 users,  load average: 1.08, 1.16, 1.26
2026-09-30T15:49:49-04:00
0 %, 463 MiB, 232 MHz, 405 MHz, 6.00 W, 30
0 %, 20 MiB, 210 MHz, 405 MHz, 21.07 W, 27
 15:49:49 up 6 days, 23:40,  5 users,  load average: 1.16, 1.18, 1.26
2026-09-30T15:49:51-04:00
0 %, 463 MiB, 232 MHz, 405 MHz, 6.42 W, 30
0 %, 20 MiB, 210 MHz, 405 MHz, 21.27 W, 27
 15:49:51 up 6 days, 23:40,  5 users,  load average: 1.16, 1.18, 1.26
2026-09-30T15:49:53-04:00
0 %, 463 MiB, 240 MHz, 405 MHz, 6.24 W, 30
0 %, 20 MiB, 210 MHz, 405 MHz, 27.52 W, 28
 15:49:53 up 6 days, 23:40,  5 users,  load average: 1.23, 1.19, 1.27
2026-09-30T15:49:55-04:00
0 %, 463 MiB, 232 MHz, 405 MHz, 6.40 W, 30
0 %, 20 MiB, 210 MHz, 405 MHz, 21.39 W, 27
 15:49:55 up 6 days, 23:40,  5 users,  load average: 1.23, 1.19, 1.27
2026-09-30T15:49:57-04:00
0 %, 463 MiB, 232 MHz, 405 MHz, 6.07 W, 30
0 %, 20 MiB, 210 MHz, 405 MHz, 20.87 W, 27
 15:49:57 up 6 days, 23:41,  5 users,  load average: 1.23, 1.19, 1.27
2026-09-30T15:49:59-04:00
0 %, 463 MiB, 255 MHz, 405 MHz, 5.65 W, 30
0 %, 20 MiB, 210 MHz, 405 MHz, 22.27 W, 28
 15:49:59 up 6 days, 23:41,  5 users,  load average: 1.21, 1.19, 1.27
2026-09-30T15:50:01-04:00
0 %, 463 MiB, 232 MHz, 405 MHz, 6.02 W, 30
0 %, 20 MiB, 210 MHz, 405 MHz, 22.19 W, 28
 15:50:01 up 6 days, 23:41,  5 users,  load average: 1.21, 1.19, 1.27
2026-09-30T15:50:03-04:00
0 %, 463 MiB, 240 MHz, 405 MHz, 5.93 W, 30
0 %, 20 MiB, 210 MHz, 405 MHz, 21.09 W, 27
 15:50:03 up 6 days, 23:41,  5 users,  load average: 1.51, 1.25, 1.29
2026-09-30T15:50:05-04:00
0 %, 463 MiB, 240 MHz, 405 MHz, 5.73 W, 30
0 %, 20 MiB, 210 MHz, 405 MHz, 21.04 W, 27
 15:50:05 up 6 days, 23:41,  5 users,  load average: 1.51, 1.25, 1.29
2026-09-30T15:50:07-04:00
0 %, 463 MiB, 232 MHz, 405 MHz, 6.12 W, 30
0 %, 20 MiB, 210 MHz, 405 MHz, 27.36 W, 28
 15:50:07 up 6 days, 23:41,  5 users,  load average: 1.51, 1.25, 1.29
2026-09-30T15:50:09-04:00
0 %, 463 MiB, 232 MHz, 405 MHz, 6.08 W, 30
0 %, 20 MiB, 210 MHz, 405 MHz, 21.11 W, 27
 15:50:09 up 6 days, 23:41,  5 users,  load average: 1.63, 1.28, 1.30
2026-09-30T15:50:11-04:00
0 %, 463 MiB, 232 MHz, 405 MHz, 6.13 W, 30
0 %, 20 MiB, 210 MHz, 405 MHz, 21.08 W, 27
 15:50:11 up 6 days, 23:41,  5 users,  load average: 1.63, 1.28, 1.30
2026-09-30T15:50:13-04:00
0 %, 463 MiB, 232 MHz, 405 MHz, 6.58 W, 30
0 %, 20 MiB, 210 MHz, 405 MHz, 23.05 W, 28
 15:50:13 up 6 days, 23:41,  5 users,  load average: 1.74, 1.31, 1.30
2026-09-30T15:50:15-04:00
0 %, 463 MiB, 240 MHz, 405 MHz, 5.97 W, 30
0 %, 20 MiB, 210 MHz, 405 MHz, 22.30 W, 28
 15:50:16 up 6 days, 23:41,  5 users,  load average: 1.74, 1.31, 1.30
2026-09-30T15:50:18-04:00
0 %, 463 MiB, 232 MHz, 405 MHz, 5.70 W, 30
0 %, 20 MiB, 210 MHz, 405 MHz, 21.03 W, 27
 15:50:18 up 6 days, 23:41,  5 users,  load average: 1.76, 1.32, 1.31
2026-09-30T15:50:20-04:00
0 %, 463 MiB, 232 MHz, 405 MHz, 5.63 W, 30
0 %, 20 MiB, 210 MHz, 405 MHz, 21.06 W, 27
 15:50:20 up 6 days, 23:41,  5 users,  load average: 1.76, 1.32, 1.31
2026-09-30T15:50:22-04:00
0 %, 463 MiB, 232 MHz, 405 MHz, 6.27 W, 30
0 %, 20 MiB, 210 MHz, 405 MHz, 27.16 W, 28
 15:50:22 up 6 days, 23:41,  5 users,  load average: 1.76, 1.32, 1.31
2026-09-30T15:50:24-04:00
0 %, 463 MiB, 232 MHz, 405 MHz, 5.55 W, 30
0 %, 20 MiB, 210 MHz, 405 MHz, 21.28 W, 27
 15:50:24 up 6 days, 23:41,  5 users,  load average: 1.78, 1.33, 1.31
2026-09-30T15:50:26-04:00
0 %, 463 MiB, 232 MHz, 405 MHz, 6.21 W, 30
0 %, 20 MiB, 210 MHz, 405 MHz, 21.01 W, 27
 15:50:26 up 6 days, 23:41,  5 users,  load average: 1.78, 1.33, 1.31
2026-09-30T15:50:28-04:00
0 %, 463 MiB, 232 MHz, 405 MHz, 6.19 W, 30
0 %, 20 MiB, 210 MHz, 405 MHz, 23.51 W, 28
 15:50:28 up 6 days, 23:41,  5 users,  load average: 1.72, 1.33, 1.31
2026-09-30T15:50:30-04:00
0 %, 463 MiB, 232 MHz, 405 MHz, 6.60 W, 30
0 %, 20 MiB, 210 MHz, 405 MHz, 21.94 W, 28
 15:50:30 up 6 days, 23:41,  5 users,  load average: 1.72, 1.33, 1.31
2026-09-30T15:50:32-04:00
0 %, 1793 MiB, 2550 MHz, 13801 MHz, 62.72 W, 31
0 %, 20 MiB, 210 MHz, 405 MHz, 25.67 W, 28
1561772, /home/ndizazzo/dev/mesh/issue1393-q4-snapshot-20260930/target/release/xtask, 1356 MiB
 15:50:32 up 6 days, 23:41,  5 users,  load average: 1.72, 1.33, 1.31
2026-09-30T15:50:34-04:00
0 %, 1793 MiB, 2550 MHz, 13801 MHz, 52.44 W, 31
0 %, 20 MiB, 210 MHz, 405 MHz, 21.27 W, 27
1561772, /home/ndizazzo/dev/mesh/issue1393-q4-snapshot-20260930/target/release/xtask, 1356 MiB
 15:50:34 up 6 days, 23:41,  5 users,  load average: 1.74, 1.34, 1.31
2026-09-30T15:50:36-04:00
0 %, 463 MiB, 2550 MHz, 14001 MHz, 52.93 W, 31
0 %, 20 MiB, 210 MHz, 405 MHz, 28.61 W, 28
 15:50:36 up 6 days, 23:41,  5 users,  load average: 1.74, 1.34, 1.31
2026-09-30T15:50:38-04:00
0 %, 463 MiB, 375 MHz, 810 MHz, 13.31 W, 30
0 %, 20 MiB, 210 MHz, 405 MHz, 22.14 W, 28
 15:50:38 up 6 days, 23:41,  5 users,  load average: 1.92, 1.38, 1.33
2026-09-30T15:50:40-04:00
0 %, 463 MiB, 232 MHz, 405 MHz, 6.21 W, 30
0 %, 20 MiB, 210 MHz, 405 MHz, 21.10 W, 27
 15:50:40 up 6 days, 23:41,  5 users,  load average: 1.92, 1.38, 1.33
2026-09-30T15:50:42-04:00
0 %, 463 MiB, 255 MHz, 405 MHz, 5.66 W, 30
0 %, 20 MiB, 210 MHz, 405 MHz, 21.92 W, 28
 15:50:42 up 6 days, 23:41,  5 users,  load average: 1.92, 1.38, 1.33
2026-09-30T15:50:44-04:00
0 %, 463 MiB, 232 MHz, 405 MHz, 6.08 W, 30
0 %, 20 MiB, 210 MHz, 405 MHz, 22.16 W, 28
 15:50:44 up 6 days, 23:41,  5 users,  load average: 1.93, 1.39, 1.33
2026-09-30T15:50:46-04:00
0 %, 463 MiB, 240 MHz, 405 MHz, 6.31 W, 30
0 %, 20 MiB, 210 MHz, 405 MHz, 21.02 W, 27
 15:50:47 up 6 days, 23:41,  5 users,  load average: 1.93, 1.39, 1.33
2026-09-30T15:50:49-04:00
0 %, 463 MiB, 240 MHz, 405 MHz, 5.84 W, 30
0 %, 20 MiB, 210 MHz, 405 MHz, 21.08 W, 27
 15:50:49 up 6 days, 23:41,  5 users,  load average: 2.01, 1.42, 1.34
2026-09-30T15:50:51-04:00
0 %, 463 MiB, 232 MHz, 405 MHz, 6.19 W, 30
0 %, 20 MiB, 210 MHz, 405 MHz, 27.42 W, 28
 15:50:51 up 6 days, 23:41,  5 users,  load average: 2.01, 1.42, 1.34
2026-09-30T15:50:53-04:00
0 %, 463 MiB, 232 MHz, 405 MHz, 6.21 W, 30
0 %, 20 MiB, 210 MHz, 405 MHz, 21.31 W, 27
 15:50:53 up 6 days, 23:41,  5 users,  load average: 2.01, 1.43, 1.35
2026-09-30T15:50:55-04:00
0 %, 463 MiB, 240 MHz, 405 MHz, 5.78 W, 30
0 %, 20 MiB, 210 MHz, 405 MHz, 21.02 W, 27
 15:50:55 up 6 days, 23:41,  5 users,  load average: 2.01, 1.43, 1.35
2026-09-30T15:50:57-04:00
0 %, 463 MiB, 240 MHz, 405 MHz, 5.99 W, 30
0 %, 20 MiB, 210 MHz, 405 MHz, 23.01 W, 28
 15:50:57 up 6 days, 23:42,  5 users,  load average: 2.01, 1.43, 1.35
2026-09-30T15:50:59-04:00
0 %, 463 MiB, 240 MHz, 405 MHz, 5.79 W, 30
0 %, 20 MiB, 210 MHz, 405 MHz, 21.80 W, 27
 15:50:59 up 6 days, 23:42,  5 users,  load average: 2.01, 1.44, 1.35
2026-09-30T15:51:01-04:00
0 %, 463 MiB, 232 MHz, 405 MHz, 5.60 W, 30
0 %, 20 MiB, 210 MHz, 405 MHz, 21.06 W, 27
 15:51:01 up 6 days, 23:42,  5 users,  load average: 2.01, 1.44, 1.35
2026-09-30T15:51:03-04:00
0 %, 463 MiB, 232 MHz, 405 MHz, 5.81 W, 30
0 %, 20 MiB, 210 MHz, 405 MHz, 21.17 W, 27
 15:51:03 up 6 days, 23:42,  5 users,  load average: 1.93, 1.43, 1.35
2026-09-30T15:51:05-04:00
0 %, 463 MiB, 232 MHz, 405 MHz, 6.39 W, 30
0 %, 20 MiB, 210 MHz, 405 MHz, 27.72 W, 28
 15:51:05 up 6 days, 23:42,  5 users,  load average: 1.93, 1.43, 1.35
2026-09-30T15:51:07-04:00
0 %, 463 MiB, 240 MHz, 405 MHz, 5.98 W, 30
0 %, 20 MiB, 210 MHz, 405 MHz, 21.47 W, 27
 15:51:07 up 6 days, 23:42,  5 users,  load average: 1.93, 1.43, 1.35
2026-09-30T15:51:09-04:00
0 %, 463 MiB, 232 MHz, 405 MHz, 5.70 W, 30
0 %, 20 MiB, 210 MHz, 405 MHz, 20.99 W, 27
 15:51:09 up 6 days, 23:42,  5 users,  load average: 2.26, 1.51, 1.37
2026-09-30T15:51:11-04:00
0 %, 463 MiB, 232 MHz, 405 MHz, 6.02 W, 30
0 %, 20 MiB, 210 MHz, 405 MHz, 23.50 W, 28
 15:51:11 up 6 days, 23:42,  5 users,  load average: 2.26, 1.51, 1.37
2026-09-30T15:51:13-04:00
0 %, 463 MiB, 240 MHz, 405 MHz, 5.69 W, 30
0 %, 20 MiB, 210 MHz, 405 MHz, 21.22 W, 27
 15:51:13 up 6 days, 23:42,  5 users,  load average: 2.24, 1.52, 1.38
2026-09-30T15:51:15-04:00
0 %, 463 MiB, 232 MHz, 405 MHz, 5.62 W, 30
0 %, 20 MiB, 210 MHz, 405 MHz, 21.04 W, 27
 15:51:16 up 6 days, 23:42,  5 users,  load average: 2.24, 1.52, 1.38
2026-09-30T15:51:18-04:00
0 %, 463 MiB, 232 MHz, 405 MHz, 5.65 W, 30
0 %, 20 MiB, 210 MHz, 405 MHz, 21.05 W, 27
 15:51:18 up 6 days, 23:42,  5 users,  load average: 2.14, 1.51, 1.37
2026-09-30T15:51:20-04:00
0 %, 463 MiB, 232 MHz, 405 MHz, 5.75 W, 30
0 %, 20 MiB, 210 MHz, 405 MHz, 27.46 W, 28
 15:51:20 up 6 days, 23:42,  5 users,  load average: 2.14, 1.51, 1.37
2026-09-30T15:51:22-04:00
0 %, 463 MiB, 232 MHz, 405 MHz, 5.59 W, 30
0 %, 20 MiB, 210 MHz, 405 MHz, 21.04 W, 27
 15:51:22 up 6 days, 23:42,  5 users,  load average: 2.14, 1.51, 1.37
2026-09-30T15:51:24-04:00
0 %, 463 MiB, 232 MHz, 405 MHz, 6.46 W, 30
0 %, 20 MiB, 210 MHz, 405 MHz, 20.65 W, 27
 15:51:24 up 6 days, 23:42,  5 users,  load average: 2.13, 1.52, 1.38
2026-09-30T15:51:26-04:00
0 %, 463 MiB, 232 MHz, 405 MHz, 6.22 W, 30
0 %, 20 MiB, 210 MHz, 405 MHz, 23.93 W, 28
 15:51:26 up 6 days, 23:42,  5 users,  load average: 2.13, 1.52, 1.38
2026-09-30T15:51:28-04:00
0 %, 463 MiB, 232 MHz, 405 MHz, 5.95 W, 30
0 %, 20 MiB, 210 MHz, 405 MHz, 21.40 W, 27
 15:51:28 up 6 days, 23:42,  5 users,  load average: 2.12, 1.52, 1.38
2026-09-30T15:51:30-04:00
4 %, 1793 MiB, 2925 MHz, 13801 MHz, 41.04 W, 31
0 %, 20 MiB, 210 MHz, 405 MHz, 24.06 W, 28
1561772, /home/ndizazzo/dev/mesh/issue1393-q4-snapshot-20260930/target/release/xtask, 1356 MiB
 15:51:30 up 6 days, 23:42,  5 users,  load average: 2.12, 1.52, 1.38
2026-09-30T15:51:32-04:00
0 %, 1793 MiB, 2550 MHz, 13801 MHz, 52.71 W, 31
0 %, 20 MiB, 210 MHz, 405 MHz, 21.48 W, 28
1561772, /home/ndizazzo/dev/mesh/issue1393-q4-snapshot-20260930/target/release/xtask, 1356 MiB
 15:51:32 up 6 days, 23:42,  5 users,  load average: 2.12, 1.52, 1.38
2026-09-30T15:51:34-04:00
0 %, 463 MiB, 2557 MHz, 14001 MHz, 54.09 W, 31
0 %, 20 MiB, 210 MHz, 405 MHz, 23.41 W, 28
 15:51:34 up 6 days, 23:42,  5 users,  load average: 2.03, 1.51, 1.38
2026-09-30T15:51:36-04:00
0 %, 463 MiB, 622 MHz, 810 MHz, 36.85 W, 30
0 %, 20 MiB, 210 MHz, 405 MHz, 21.88 W, 28
 15:51:36 up 6 days, 23:42,  5 users,  load average: 2.03, 1.51, 1.38
2026-09-30T15:51:38-04:00
0 %, 463 MiB, 240 MHz, 405 MHz, 7.51 W, 30
0 %, 20 MiB, 210 MHz, 405 MHz, 21.22 W, 27
 15:51:38 up 6 days, 23:42,  5 users,  load average: 2.02, 1.52, 1.38
2026-09-30T15:51:40-04:00
0 %, 463 MiB, 240 MHz, 405 MHz, 5.97 W, 30
0 %, 20 MiB, 210 MHz, 405 MHz, 26.15 W, 28
 15:51:40 up 6 days, 23:42,  5 users,  load average: 2.02, 1.52, 1.38
2026-09-30T15:51:42-04:00
0 %, 463 MiB, 232 MHz, 405 MHz, 6.11 W, 30
0 %, 20 MiB, 210 MHz, 405 MHz, 22.03 W, 28
 15:51:42 up 6 days, 23:42,  5 users,  load average: 2.02, 1.52, 1.38
2026-09-30T15:51:44-04:00
0 %, 967 MiB, 2550 MHz, 13801 MHz, 53.04 W, 31
0 %, 20 MiB, 210 MHz, 405 MHz, 21.28 W, 27
1568497, /home/runner/_work/mesh-llm/mesh-llm/target/release/mesh-llm, 498 MiB
 15:51:44 up 6 days, 23:42,  5 users,  load average: 2.02, 1.53, 1.39
2026-09-30T15:51:46-04:00
0 %, 1713 MiB, 2925 MHz, 13801 MHz, 94.89 W, 32
0 %, 20 MiB, 210 MHz, 405 MHz, 22.47 W, 28
1568497, /home/runner/_work/mesh-llm/mesh-llm/target/release/mesh-llm, 1244 MiB
 15:51:46 up 6 days, 23:42,  5 users,  load average: 2.02, 1.53, 1.39
2026-09-30T15:51:48-04:00
0 %, 1713 MiB, 2550 MHz, 13801 MHz, 52.63 W, 31
0 %, 20 MiB, 210 MHz, 405 MHz, 21.99 W, 28
1568497, /home/runner/_work/mesh-llm/mesh-llm/target/release/mesh-llm, 1244 MiB
 15:51:49 up 6 days, 23:42,  5 users,  load average: 2.10, 1.56, 1.39
2026-09-30T15:51:51-04:00
0 %, 1779 MiB, 2550 MHz, 13801 MHz, 55.19 W, 31
0 %, 20 MiB, 210 MHz, 405 MHz, 21.39 W, 27
1568497, /home/runner/_work/mesh-llm/mesh-llm/target/release/mesh-llm, 1310 MiB
 15:51:51 up 6 days, 23:42,  5 users,  load average: 2.10, 1.56, 1.39
2026-09-30T15:51:53-04:00
0 %, 463 MiB, 2550 MHz, 14001 MHz, 54.82 W, 31
0 %, 20 MiB, 210 MHz, 405 MHz, 21.28 W, 27
 15:51:53 up 6 days, 23:42,  5 users,  load average: 2.17, 1.58, 1.40
2026-09-30T15:51:55-04:00
0 %, 463 MiB, 510 MHz, 810 MHz, 18.03 W, 30
0 %, 20 MiB, 210 MHz, 405 MHz, 27.61 W, 28
 15:51:55 up 6 days, 23:42,  5 users,  load average: 2.17, 1.58, 1.40
2026-09-30T15:51:57-04:00
0 %, 463 MiB, 232 MHz, 405 MHz, 6.10 W, 30
0 %, 20 MiB, 210 MHz, 405 MHz, 21.31 W, 27
 15:51:57 up 6 days, 23:43,  5 users,  load average: 2.17, 1.58, 1.40
2026-09-30T15:51:59-04:00
0 %, 463 MiB, 232 MHz, 405 MHz, 5.89 W, 30
0 %, 20 MiB, 210 MHz, 405 MHz, 20.91 W, 27
 15:51:59 up 6 days, 23:43,  5 users,  load average: 2.08, 1.57, 1.40
2026-09-30T15:52:01-04:00
0 %, 463 MiB, 232 MHz, 405 MHz, 5.50 W, 30
0 %, 20 MiB, 210 MHz, 405 MHz, 23.13 W, 28
 15:52:01 up 6 days, 23:43,  5 users,  load average: 2.08, 1.57, 1.40
2026-09-30T15:52:03-04:00
0 %, 463 MiB, 232 MHz, 405 MHz, 5.40 W, 30
0 %, 20 MiB, 210 MHz, 405 MHz, 22.15 W, 28
 15:52:03 up 6 days, 23:43,  5 users,  load average: 2.07, 1.58, 1.40
2026-09-30T15:52:05-04:00
0 %, 463 MiB, 240 MHz, 405 MHz, 5.81 W, 30
0 %, 20 MiB, 210 MHz, 405 MHz, 28.49 W, 28
 15:52:05 up 6 days, 23:43,  5 users,  load average: 2.07, 1.58, 1.40
2026-09-30T15:52:07-04:00
0 %, 463 MiB, 240 MHz, 405 MHz, 5.96 W, 30
0 %, 20 MiB, 210 MHz, 405 MHz, 21.22 W, 27
 15:52:07 up 6 days, 23:43,  5 users,  load average: 2.07, 1.58, 1.40
2026-09-30T15:52:09-04:00
0 %, 463 MiB, 232 MHz, 405 MHz, 5.59 W, 30
0 %, 20 MiB, 210 MHz, 405 MHz, 26.55 W, 28
 15:52:09 up 6 days, 23:43,  5 users,  load average: 2.07, 1.58, 1.41
2026-09-30T15:52:11-04:00
0 %, 463 MiB, 232 MHz, 405 MHz, 6.12 W, 30
0 %, 1268 MiB, 1950 MHz, 9251 MHz, 88.72 W, 31
1569993, target/release/mesh-llm, 508 MiB
1570200, /home/runner/_work/mesh-llm/mesh-llm/target/release/native-runtimes/meshllm-native-runtime-linux-x86_64-cuda12/tools/mesh-llm-gpu-benchmark, 730 MiB
 15:52:11 up 6 days, 23:43,  5 users,  load average: 2.07, 1.58, 1.41
2026-09-30T15:52:13-04:00
0 %, 463 MiB, 195 MHz, 405 MHz, 6.35 W, 30
0 %, 637 MiB, 1935 MHz, 9251 MHz, 116.82 W, 32
1569993, target/release/mesh-llm, 612 MiB
 15:52:13 up 6 days, 23:43,  5 users,  load average: 2.06, 1.59, 1.41
2026-09-30T15:52:15-04:00
0 %, 463 MiB, 195 MHz, 405 MHz, 5.88 W, 30
0 %, 637 MiB, 1800 MHz, 9251 MHz, 85.78 W, 31
1569993, target/release/mesh-llm, 612 MiB
 15:52:15 up 6 days, 23:43,  5 users,  load average: 2.06, 1.59, 1.41
2026-09-30T15:52:17-04:00
0 %, 463 MiB, 195 MHz, 405 MHz, 6.47 W, 30
0 %, 637 MiB, 1800 MHz, 9251 MHz, 85.57 W, 31
1569993, target/release/mesh-llm, 612 MiB
 15:52:17 up 6 days, 23:43,  5 users,  load average: 2.06, 1.60, 1.41
2026-09-30T15:52:19-04:00
0 %, 463 MiB, 195 MHz, 405 MHz, 5.84 W, 30
0 %, 637 MiB, 1950 MHz, 9251 MHz, 93.23 W, 31
1569993, target/release/mesh-llm, 612 MiB
 15:52:20 up 6 days, 23:43,  5 users,  load average: 2.06, 1.60, 1.41
2026-09-30T15:52:22-04:00
0 %, 463 MiB, 195 MHz, 405 MHz, 5.47 W, 30
0 %, 20 MiB, 1800 MHz, 9501 MHz, 93.89 W, 31
 15:52:22 up 6 days, 23:43,  5 users,  load average: 2.06, 1.60, 1.41
2026-09-30T15:52:24-04:00
0 %, 463 MiB, 195 MHz, 405 MHz, 5.86 W, 30
0 %, 20 MiB, 285 MHz, 405 MHz, 44.16 W, 29
 15:52:24 up 6 days, 23:43,  5 users,  load average: 2.05, 1.61, 1.42
2026-09-30T15:52:26-04:00
0 %, 463 MiB, 195 MHz, 405 MHz, 5.63 W, 30
0 %, 20 MiB, 210 MHz, 405 MHz, 21.67 W, 28
 15:52:26 up 6 days, 23:43,  5 users,  load average: 2.05, 1.61, 1.42
2026-09-30T15:52:28-04:00
0 %, 480 MiB, 195 MHz, 405 MHz, 5.41 W, 30
0 %, 241 MiB, 1800 MHz, 9251 MHz, 46.16 W, 30
1561772, /home/ndizazzo/dev/mesh/issue1393-q4-snapshot-20260930/target/release/xtask, 60 MiB
1570448, target/release/mesh-llm, 216 MiB
 15:52:28 up 6 days, 23:43,  5 users,  load average: 2.05, 1.61, 1.42
2026-09-30T15:52:30-04:00
0 %, 463 MiB, 2542 MHz, 14001 MHz, 52.90 W, 31
0 %, 761 MiB, 1950 MHz, 9251 MHz, 97.52 W, 31
1570448, target/release/mesh-llm, 736 MiB
 15:52:30 up 6 days, 23:43,  5 users,  load average: 2.05, 1.61, 1.42
2026-09-30T15:52:32-04:00
0 %, 463 MiB, 352 MHz, 810 MHz, 11.23 W, 30
0 %, 761 MiB, 1800 MHz, 9251 MHz, 92.43 W, 31
1570448, target/release/mesh-llm, 736 MiB
 15:52:32 up 6 days, 23:43,  5 users,  load average: 2.05, 1.61, 1.42
2026-09-30T15:52:34-04:00
0 %, 463 MiB, 195 MHz, 405 MHz, 5.40 W, 30
0 %, 761 MiB, 1800 MHz, 9251 MHz, 85.54 W, 31
1570448, target/release/mesh-llm, 736 MiB
 15:52:34 up 6 days, 23:43,  5 users,  load average: 2.04, 1.62, 1.42
2026-09-30T15:52:36-04:00
0 %, 463 MiB, 195 MHz, 405 MHz, 5.66 W, 31
0 %, 982 MiB, 1800 MHz, 9251 MHz, 86.11 W, 31
1570448, target/release/mesh-llm, 736 MiB
1570681, target/release/mesh-llm, 216 MiB
 15:52:36 up 6 days, 23:43,  5 users,  load average: 2.04, 1.62, 1.42
2026-09-30T15:52:38-04:00
0 %, 463 MiB, 195 MHz, 405 MHz, 5.69 W, 31
0 %, 20 MiB, 1950 MHz, 9501 MHz, 99.88 W, 31
 15:52:38 up 6 days, 23:43,  5 users,  load average: 2.04, 1.63, 1.43
2026-09-30T15:52:40-04:00
0 %, 463 MiB, 195 MHz, 405 MHz, 5.34 W, 31
0 %, 20 MiB, 360 MHz, 810 MHz, 52.17 W, 29
 15:52:40 up 6 days, 23:43,  5 users,  load average: 2.04, 1.63, 1.43
2026-09-30T15:52:42-04:00
0 %, 463 MiB, 195 MHz, 405 MHz, 5.84 W, 31
0 %, 20 MiB, 210 MHz, 405 MHz, 21.73 W, 28
 15:52:42 up 6 days, 23:43,  5 users,  load average: 2.04, 1.63, 1.43
2026-09-30T15:52:44-04:00
0 %, 463 MiB, 195 MHz, 405 MHz, 5.65 W, 31
0 %, 241 MiB, 210 MHz, 405 MHz, 23.60 W, 28
1570895, target/release/mesh-llm, 216 MiB
 15:52:44 up 6 days, 23:43,  5 users,  load average: 2.04, 1.63, 1.43
2026-09-30T15:52:46-04:00
0 %, 463 MiB, 195 MHz, 405 MHz, 5.62 W, 30
0 %, 533 MiB, 1950 MHz, 9251 MHz, 96.28 W, 31
1570895, target/release/mesh-llm, 508 MiB
 15:52:46 up 6 days, 23:43,  5 users,  load average: 2.04, 1.63, 1.43
2026-09-30T15:52:48-04:00
0 %, 463 MiB, 195 MHz, 405 MHz, 6.14 W, 30
0 %, 637 MiB, 1800 MHz, 9251 MHz, 89.68 W, 31
1570895, target/release/mesh-llm, 612 MiB
 15:52:48 up 6 days, 23:43,  5 users,  load average: 2.03, 1.64, 1.43
2026-09-30T15:52:50-04:00
0 %, 463 MiB, 195 MHz, 405 MHz, 5.88 W, 31
0 %, 20 MiB, 1800 MHz, 9251 MHz, 88.83 W, 31
 15:52:51 up 6 days, 23:43,  5 users,  load average: 2.03, 1.64, 1.43
2026-09-30T15:52:53-04:00
0 %, 463 MiB, 195 MHz, 405 MHz, 5.70 W, 31
0 %, 20 MiB, 1800 MHz, 9501 MHz, 86.75 W, 31
 15:52:53 up 6 days, 23:43,  5 users,  load average: 2.03, 1.64, 1.44
2026-09-30T15:52:55-04:00
0 %, 463 MiB, 195 MHz, 405 MHz, 5.96 W, 31
0 %, 20 MiB, 345 MHz, 810 MHz, 54.88 W, 29
 15:52:55 up 6 days, 23:43,  5 users,  load average: 2.03, 1.64, 1.44
2026-09-30T15:52:57-04:00
0 %, 463 MiB, 195 MHz, 405 MHz, 5.79 W, 31
0 %, 20 MiB, 210 MHz, 405 MHz, 22.08 W, 28
 15:52:57 up 6 days, 23:44,  5 users,  load average: 2.03, 1.64, 1.44
2026-09-30T15:52:59-04:00
0 %, 463 MiB, 195 MHz, 405 MHz, 5.92 W, 31
0 %, 451 MiB, 1800 MHz, 9251 MHz, 85.49 W, 30
1571262, target/release/mesh-llm, 426 MiB
 15:52:59 up 6 days, 23:44,  5 users,  load average: 2.03, 1.65, 1.44
2026-09-30T15:53:01-04:00
0 %, 463 MiB, 195 MHz, 405 MHz, 6.09 W, 30
0 %, 761 MiB, 1950 MHz, 9251 MHz, 99.91 W, 31
1571262, target/release/mesh-llm, 736 MiB
 15:53:01 up 6 days, 23:44,  5 users,  load average: 2.03, 1.65, 1.44
2026-09-30T15:53:03-04:00
0 %, 463 MiB, 195 MHz, 405 MHz, 6.06 W, 31
23 %, 761 MiB, 1800 MHz, 9251 MHz, 86.83 W, 31
1571262, target/release/mesh-llm, 736 MiB
 15:53:03 up 6 days, 23:44,  5 users,  load average: 2.02, 1.66, 1.45
2026-09-30T15:53:05-04:00
0 %, 463 MiB, 210 MHz, 405 MHz, 5.97 W, 31
0 %, 20 MiB, 1800 MHz, 9501 MHz, 86.82 W, 31
 15:53:05 up 6 days, 23:44,  5 users,  load average: 2.02, 1.66, 1.45
2026-09-30T15:53:07-04:00
0 %, 463 MiB, 195 MHz, 405 MHz, 5.73 W, 31
0 %, 20 MiB, 300 MHz, 405 MHz, 22.70 W, 28
 15:53:07 up 6 days, 23:44,  5 users,  load average: 2.02, 1.66, 1.45
2026-09-30T15:53:09-04:00
0 %, 463 MiB, 195 MHz, 405 MHz, 6.23 W, 31
0 %, 20 MiB, 210 MHz, 405 MHz, 21.21 W, 28
 15:53:09 up 6 days, 23:44,  5 users,  load average: 2.02, 1.66, 1.45
2026-09-30T15:53:11-04:00
0 %, 463 MiB, 195 MHz, 405 MHz, 6.26 W, 30
0 %, 505 MiB, 1800 MHz, 9251 MHz, 46.29 W, 30
1571559, target/release/mesh-llm, 508 MiB
 15:53:11 up 6 days, 23:44,  5 users,  load average: 2.02, 1.66, 1.45
2026-09-30T15:53:13-04:00
0 %, 463 MiB, 195 MHz, 405 MHz, 5.95 W, 30
0 %, 637 MiB, 1950 MHz, 9251 MHz, 101.60 W, 31
1571559, target/release/mesh-llm, 612 MiB
 15:53:13 up 6 days, 23:44,  5 users,  load average: 2.10, 1.69, 1.46
2026-09-30T15:53:15-04:00
0 %, 463 MiB, 195 MHz, 405 MHz, 5.99 W, 30
0 %, 637 MiB, 1800 MHz, 9251 MHz, 85.59 W, 31
1571559, target/release/mesh-llm, 612 MiB
 15:53:15 up 6 days, 23:44,  5 users,  load average: 2.10, 1.69, 1.46
2026-09-30T15:53:17-04:00
0 %, 463 MiB, 195 MHz, 405 MHz, 5.67 W, 31
0 %, 637 MiB, 1800 MHz, 9251 MHz, 85.69 W, 31
1571559, target/release/mesh-llm, 612 MiB
 15:53:17 up 6 days, 23:44,  5 users,  load average: 2.17, 1.71, 1.47
2026-09-30T15:53:19-04:00
0 %, 463 MiB, 195 MHz, 405 MHz, 5.66 W, 31
63 %, 1150 MiB, 1800 MHz, 9251 MHz, 86.46 W, 31
1571559, target/release/mesh-llm, 612 MiB
1571789, target/release/mesh-llm, 508 MiB
 15:53:20 up 6 days, 23:44,  5 users,  load average: 2.17, 1.71, 1.47
2026-09-30T15:53:22-04:00
0 %, 463 MiB, 195 MHz, 405 MHz, 5.71 W, 31
0 %, 20 MiB, 1800 MHz, 9501 MHz, 99.38 W, 32
 15:53:22 up 6 days, 23:44,  5 users,  load average: 2.17, 1.71, 1.47
2026-09-30T15:53:24-04:00
2 %, 463 MiB, 2550 MHz, 14001 MHz, 45.46 W, 32
0 %, 20 MiB, 300 MHz, 405 MHz, 57.98 W, 29
 15:53:24 up 6 days, 23:44,  5 users,  load average: 2.16, 1.71, 1.47
2026-09-30T15:53:26-04:00
0 %, 463 MiB, 525 MHz, 810 MHz, 21.03 W, 31
0 %, 20 MiB, 210 MHz, 405 MHz, 21.80 W, 28
 15:53:26 up 6 days, 23:44,  5 users,  load average: 2.16, 1.71, 1.47
2026-09-30T15:53:28-04:00
0 %, 463 MiB, 195 MHz, 405 MHz, 5.87 W, 31
0 %, 241 MiB, 210 MHz, 405 MHz, 24.74 W, 28
1571989, target/release/mesh-llm, 216 MiB
 15:53:28 up 6 days, 23:44,  5 users,  load average: 2.07, 1.70, 1.47
2026-09-30T15:53:30-04:00
0 %, 463 MiB, 195 MHz, 405 MHz, 5.97 W, 30
99 %, 707 MiB, 1950 MHz, 9251 MHz, 85.87 W, 31
1571989, target/release/mesh-llm, 682 MiB
 15:53:30 up 6 days, 23:44,  5 users,  load average: 2.07, 1.70, 1.47
2026-09-30T15:53:32-04:00
0 %, 463 MiB, 195 MHz, 405 MHz, 6.18 W, 30
0 %, 761 MiB, 1800 MHz, 9251 MHz, 95.25 W, 31
1571989, target/release/mesh-llm, 736 MiB
 15:53:32 up 6 days, 23:44,  5 users,  load average: 2.07, 1.70, 1.47
2026-09-30T15:53:34-04:00
0 %, 463 MiB, 195 MHz, 405 MHz, 5.83 W, 31
0 %, 761 MiB, 1800 MHz, 9251 MHz, 85.71 W, 31
1571989, target/release/mesh-llm, 736 MiB
 15:53:34 up 6 days, 23:44,  5 users,  load average: 2.06, 1.71, 1.47
2026-09-30T15:53:36-04:00
0 %, 463 MiB, 195 MHz, 405 MHz, 5.83 W, 31
0 %, 761 MiB, 1800 MHz, 9251 MHz, 85.77 W, 31
1571989, target/release/mesh-llm, 736 MiB
 15:53:36 up 6 days, 23:44,  5 users,  load average: 2.06, 1.71, 1.47
2026-09-30T15:53:38-04:00
0 %, 463 MiB, 195 MHz, 405 MHz, 6.10 W, 31
0 %, 982 MiB, 1800 MHz, 9251 MHz, 86.42 W, 31
1571989, target/release/mesh-llm, 736 MiB
1572244, target/release/mesh-llm, 216 MiB
 15:53:38 up 6 days, 23:44,  5 users,  load average: 2.06, 1.71, 1.47
2026-09-30T15:53:40-04:00
0 %, 463 MiB, 195 MHz, 405 MHz, 5.70 W, 31
0 %, 20 MiB, 1950 MHz, 9501 MHz, 99.72 W, 32
 15:53:40 up 6 days, 23:44,  5 users,  load average: 2.06, 1.71, 1.47
2026-09-30T15:53:42-04:00
0 %, 463 MiB, 195 MHz, 405 MHz, 5.55 W, 31
0 %, 20 MiB, 345 MHz, 405 MHz, 45.29 W, 29
 15:53:42 up 6 days, 23:44,  5 users,  load average: 2.06, 1.71, 1.47
2026-09-30T15:53:44-04:00
0 %, 463 MiB, 195 MHz, 405 MHz, 5.81 W, 31
0 %, 20 MiB, 210 MHz, 405 MHz, 21.28 W, 28
 15:53:44 up 6 days, 23:44,  5 users,  load average: 1.97, 1.70, 1.47
2026-09-30T15:53:46-04:00
0 %, 463 MiB, 195 MHz, 405 MHz, 5.56 W, 31
0 %, 20 MiB, 210 MHz, 405 MHz, 21.02 W, 28
 15:53:46 up 6 days, 23:44,  5 users,  load average: 1.97, 1.70, 1.47
2026-09-30T15:53:48-04:00
0 %, 463 MiB, 210 MHz, 405 MHz, 5.53 W, 31
0 %, 20 MiB, 210 MHz, 405 MHz, 23.12 W, 28
 15:53:48 up 6 days, 23:44,  5 users,  load average: 1.89, 1.69, 1.47
2026-09-30T15:53:50-04:00
0 %, 463 MiB, 195 MHz, 405 MHz, 6.18 W, 30
0 %, 20 MiB, 210 MHz, 405 MHz, 22.40 W, 28
 15:53:51 up 6 days, 23:44,  5 users,  load average: 1.89, 1.69, 1.47
2026-09-30T15:53:53-04:00
0 %, 463 MiB, 195 MHz, 405 MHz, 5.99 W, 30
0 %, 20 MiB, 210 MHz, 405 MHz, 20.99 W, 28
 15:53:53 up 6 days, 23:44,  5 users,  load average: 1.82, 1.68, 1.46
2026-09-30T15:53:55-04:00
0 %, 463 MiB, 195 MHz, 405 MHz, 5.89 W, 30
0 %, 20 MiB, 210 MHz, 405 MHz, 21.08 W, 28
 15:53:55 up 6 days, 23:44,  5 users,  load average: 1.82, 1.68, 1.46
2026-09-30T15:53:57-04:00
0 %, 463 MiB, 195 MHz, 405 MHz, 5.88 W, 30
0 %, 20 MiB, 210 MHz, 405 MHz, 27.22 W, 28
 15:53:57 up 6 days, 23:45,  5 users,  load average: 1.82, 1.68, 1.46
2026-09-30T15:53:59-04:00
0 %, 463 MiB, 195 MHz, 405 MHz, 5.42 W, 30
0 %, 20 MiB, 210 MHz, 405 MHz, 21.22 W, 28
 15:53:59 up 6 days, 23:45,  5 users,  load average: 1.75, 1.66, 1.46
2026-09-30T15:54:01-04:00
0 %, 463 MiB, 195 MHz, 405 MHz, 5.57 W, 30
0 %, 20 MiB, 210 MHz, 405 MHz, 20.82 W, 28
 15:54:01 up 6 days, 23:45,  5 users,  load average: 1.75, 1.66, 1.46
2026-09-30T15:54:03-04:00
0 %, 463 MiB, 195 MHz, 405 MHz, 5.72 W, 30
0 %, 20 MiB, 210 MHz, 405 MHz, 23.47 W, 28
 15:54:03 up 6 days, 23:45,  5 users,  load average: 1.69, 1.65, 1.46
2026-09-30T15:54:05-04:00
0 %, 463 MiB, 195 MHz, 405 MHz, 5.29 W, 30
0 %, 20 MiB, 210 MHz, 405 MHz, 21.83 W, 28
 15:54:05 up 6 days, 23:45,  5 users,  load average: 1.69, 1.65, 1.46
2026-09-30T15:54:07-04:00
0 %, 463 MiB, 195 MHz, 405 MHz, 5.41 W, 30
0 %, 20 MiB, 210 MHz, 405 MHz, 20.95 W, 28
 15:54:07 up 6 days, 23:45,  5 users,  load average: 1.69, 1.65, 1.46
2026-09-30T15:54:09-04:00
0 %, 463 MiB, 195 MHz, 405 MHz, 5.79 W, 30
0 %, 20 MiB, 210 MHz, 405 MHz, 21.08 W, 28
 15:54:09 up 6 days, 23:45,  5 users,  load average: 1.64, 1.64, 1.45
2026-09-30T15:54:11-04:00
0 %, 463 MiB, 195 MHz, 405 MHz, 5.51 W, 30
0 %, 20 MiB, 210 MHz, 405 MHz, 27.65 W, 28
 15:54:11 up 6 days, 23:45,  5 users,  load average: 1.64, 1.64, 1.45
2026-09-30T15:54:13-04:00
0 %, 463 MiB, 195 MHz, 405 MHz, 5.42 W, 30
0 %, 20 MiB, 210 MHz, 405 MHz, 20.88 W, 28
 15:54:13 up 6 days, 23:45,  5 users,  load average: 1.59, 1.63, 1.45
2026-09-30T15:54:15-04:00
0 %, 463 MiB, 195 MHz, 405 MHz, 5.63 W, 30
0 %, 20 MiB, 210 MHz, 405 MHz, 20.82 W, 28
 15:54:15 up 6 days, 23:45,  5 users,  load average: 1.59, 1.63, 1.45
2026-09-30T15:54:17-04:00
7 %, 1793 MiB, 2925 MHz, 13801 MHz, 36.40 W, 32
0 %, 20 MiB, 210 MHz, 405 MHz, 23.93 W, 28
1561772, /home/ndizazzo/dev/mesh/issue1393-q4-snapshot-20260930/target/release/xtask, 1356 MiB
 15:54:17 up 6 days, 23:45,  5 users,  load average: 1.62, 1.64, 1.45
2026-09-30T15:54:19-04:00
0 %, 463 MiB, 2542 MHz, 14001 MHz, 50.69 W, 31
0 %, 20 MiB, 210 MHz, 405 MHz, 27.96 W, 28
 15:54:20 up 6 days, 23:45,  5 users,  load average: 1.62, 1.64, 1.45
2026-09-30T15:54:22-04:00
0 %, 463 MiB, 277 MHz, 405 MHz, 6.36 W, 30
0 %, 20 MiB, 210 MHz, 405 MHz, 21.39 W, 28
 15:54:22 up 6 days, 23:45,  5 users,  load average: 1.62, 1.64, 1.45
2026-09-30T15:54:24-04:00
0 %, 463 MiB, 195 MHz, 405 MHz, 5.85 W, 30
0 %, 20 MiB, 210 MHz, 405 MHz, 20.95 W, 28
 15:54:24 up 6 days, 23:45,  5 users,  load average: 1.57, 1.63, 1.45
2026-09-30T15:54:26-04:00
0 %, 463 MiB, 195 MHz, 405 MHz, 5.65 W, 30
0 %, 20 MiB, 210 MHz, 405 MHz, 25.47 W, 28
 15:54:26 up 6 days, 23:45,  5 users,  load average: 1.57, 1.63, 1.45
2026-09-30T15:54:28-04:00
0 %, 463 MiB, 195 MHz, 405 MHz, 5.59 W, 30
0 %, 20 MiB, 210 MHz, 405 MHz, 21.16 W, 28
 15:54:28 up 6 days, 23:45,  5 users,  load average: 1.52, 1.62, 1.45
2026-09-30T15:54:30-04:00
0 %, 463 MiB, 187 MHz, 405 MHz, 5.65 W, 30
0 %, 20 MiB, 210 MHz, 405 MHz, 20.91 W, 28
 15:54:30 up 6 days, 23:45,  5 users,  load average: 1.52, 1.62, 1.45
2026-09-30T15:54:32-04:00
0 %, 463 MiB, 195 MHz, 405 MHz, 5.78 W, 30
0 %, 20 MiB, 210 MHz, 405 MHz, 27.35 W, 28
 15:54:32 up 6 days, 23:45,  5 users,  load average: 1.52, 1.62, 1.45
2026-09-30T15:54:34-04:00
0 %, 463 MiB, 195 MHz, 405 MHz, 5.44 W, 30
0 %, 20 MiB, 210 MHz, 405 MHz, 21.59 W, 28
 15:54:34 up 6 days, 23:45,  5 users,  load average: 1.48, 1.61, 1.45
2026-09-30T15:54:36-04:00
0 %, 463 MiB, 195 MHz, 405 MHz, 5.69 W, 30
0 %, 20 MiB, 210 MHz, 405 MHz, 20.96 W, 28
 15:54:36 up 6 days, 23:45,  5 users,  load average: 1.48, 1.61, 1.45
2026-09-30T15:54:38-04:00
0 %, 463 MiB, 195 MHz, 405 MHz, 5.79 W, 30
0 %, 20 MiB, 210 MHz, 405 MHz, 21.02 W, 28
 15:54:38 up 6 days, 23:45,  5 users,  load average: 1.44, 1.60, 1.44
2026-09-30T15:54:40-04:00
0 %, 463 MiB, 195 MHz, 405 MHz, 5.66 W, 30
0 %, 20 MiB, 210 MHz, 405 MHz, 27.61 W, 28
 15:54:40 up 6 days, 23:45,  5 users,  load average: 1.44, 1.60, 1.44
2026-09-30T15:54:42-04:00
0 %, 463 MiB, 195 MHz, 405 MHz, 5.72 W, 30
0 %, 20 MiB, 210 MHz, 405 MHz, 21.33 W, 28
 15:54:42 up 6 days, 23:45,  5 users,  load average: 1.44, 1.60, 1.44
2026-09-30T15:54:44-04:00
0 %, 463 MiB, 195 MHz, 405 MHz, 5.60 W, 30
0 %, 20 MiB, 210 MHz, 405 MHz, 20.87 W, 28
 15:54:44 up 6 days, 23:45,  5 users,  load average: 1.57, 1.62, 1.45
2026-09-30T15:54:46-04:00
0 %, 463 MiB, 195 MHz, 405 MHz, 5.56 W, 30
0 %, 20 MiB, 210 MHz, 405 MHz, 27.26 W, 28
 15:54:46 up 6 days, 23:45,  5 users,  load average: 1.57, 1.62, 1.45
2026-09-30T15:54:48-04:00
0 %, 463 MiB, 195 MHz, 405 MHz, 5.81 W, 30
0 %, 20 MiB, 210 MHz, 405 MHz, 21.16 W, 28
 15:54:49 up 6 days, 23:45,  5 users,  load average: 1.52, 1.61, 1.45
2026-09-30T15:54:51-04:00
0 %, 463 MiB, 195 MHz, 405 MHz, 5.46 W, 30
0 %, 20 MiB, 210 MHz, 405 MHz, 20.93 W, 28
 15:54:51 up 6 days, 23:45,  5 users,  load average: 1.52, 1.61, 1.45
2026-09-30T15:54:53-04:00
0 %, 463 MiB, 210 MHz, 405 MHz, 5.21 W, 30
0 %, 20 MiB, 210 MHz, 405 MHz, 20.93 W, 28
 15:54:53 up 6 days, 23:45,  5 users,  load average: 1.48, 1.60, 1.45
2026-09-30T15:54:55-04:00
0 %, 463 MiB, 195 MHz, 405 MHz, 5.60 W, 30
0 %, 20 MiB, 210 MHz, 405 MHz, 27.42 W, 28
 15:54:55 up 6 days, 23:45,  5 users,  load average: 1.48, 1.60, 1.45
2026-09-30T15:54:57-04:00
0 %, 463 MiB, 195 MHz, 405 MHz, 5.60 W, 30
0 %, 20 MiB, 210 MHz, 405 MHz, 21.04 W, 28
 15:54:57 up 6 days, 23:46,  5 users,  load average: 1.48, 1.60, 1.45
2026-09-30T15:54:59-04:00
0 %, 463 MiB, 195 MHz, 405 MHz, 5.51 W, 30
0 %, 20 MiB, 210 MHz, 405 MHz, 20.97 W, 28
 15:54:59 up 6 days, 23:46,  5 users,  load average: 1.44, 1.59, 1.45
2026-09-30T15:55:01-04:00
0 %, 463 MiB, 195 MHz, 405 MHz, 5.52 W, 30
0 %, 20 MiB, 210 MHz, 405 MHz, 27.50 W, 28
 15:55:01 up 6 days, 23:46,  5 users,  load average: 1.44, 1.59, 1.45
2026-09-30T15:55:03-04:00
0 %, 463 MiB, 195 MHz, 405 MHz, 5.80 W, 30
0 %, 20 MiB, 210 MHz, 405 MHz, 21.34 W, 28
 15:55:03 up 6 days, 23:46,  5 users,  load average: 1.41, 1.58, 1.44
2026-09-30T15:55:05-04:00
0 %, 463 MiB, 195 MHz, 405 MHz, 5.40 W, 30
0 %, 20 MiB, 210 MHz, 405 MHz, 20.89 W, 28
 15:55:05 up 6 days, 23:46,  5 users,  load average: 1.41, 1.58, 1.44
2026-09-30T15:55:07-04:00
0 %, 463 MiB, 210 MHz, 405 MHz, 5.38 W, 30
0 %, 20 MiB, 210 MHz, 405 MHz, 21.13 W, 28
 15:55:07 up 6 days, 23:46,  5 users,  load average: 1.41, 1.58, 1.44
2026-09-30T15:55:09-04:00
0 %, 463 MiB, 195 MHz, 405 MHz, 5.78 W, 30
0 %, 20 MiB, 210 MHz, 405 MHz, 22.12 W, 28
 15:55:09 up 6 days, 23:46,  5 users,  load average: 1.37, 1.57, 1.44
2026-09-30T15:55:11-04:00
0 %, 463 MiB, 195 MHz, 405 MHz, 5.55 W, 30
0 %, 20 MiB, 210 MHz, 405 MHz, 20.99 W, 28
 15:55:11 up 6 days, 23:46,  5 users,  load average: 1.37, 1.57, 1.44
2026-09-30T15:55:13-04:00
0 %, 463 MiB, 2542 MHz, 14001 MHz, 54.03 W, 31
0 %, 20 MiB, 210 MHz, 405 MHz, 28.01 W, 28
 15:55:13 up 6 days, 23:46,  5 users,  load average: 1.34, 1.56, 1.44
2026-09-30T15:55:15-04:00
0 %, 463 MiB, 570 MHz, 810 MHz, 34.01 W, 30
0 %, 20 MiB, 210 MHz, 405 MHz, 26.70 W, 28
 15:55:15 up 6 days, 23:46,  5 users,  load average: 1.34, 1.56, 1.44
2026-09-30T15:55:17-04:00
0 %, 463 MiB, 195 MHz, 405 MHz, 5.81 W, 30
0 %, 20 MiB, 210 MHz, 405 MHz, 21.09 W, 28
 15:55:18 up 6 days, 23:46,  5 users,  load average: 1.32, 1.55, 1.44
2026-09-30T15:55:20-04:00
0 %, 463 MiB, 195 MHz, 405 MHz, 5.92 W, 30
0 %, 20 MiB, 210 MHz, 405 MHz, 20.86 W, 28
 15:55:20 up 6 days, 23:46,  5 users,  load average: 1.32, 1.55, 1.44
2026-09-30T15:55:22-04:00
0 %, 463 MiB, 195 MHz, 405 MHz, 5.59 W, 30
0 %, 20 MiB, 210 MHz, 405 MHz, 22.11 W, 28
 15:55:22 up 6 days, 23:46,  5 users,  load average: 1.32, 1.55, 1.44
2026-09-30T15:55:24-04:00
0 %, 463 MiB, 195 MHz, 405 MHz, 5.96 W, 30
0 %, 20 MiB, 210 MHz, 405 MHz, 21.76 W, 28
 15:55:24 up 6 days, 23:46,  5 users,  load average: 1.29, 1.54, 1.43
2026-09-30T15:55:26-04:00
0 %, 463 MiB, 195 MHz, 405 MHz, 6.14 W, 30
0 %, 20 MiB, 210 MHz, 405 MHz, 21.04 W, 28
 15:55:26 up 6 days, 23:46,  5 users,  load average: 1.29, 1.54, 1.43
2026-09-30T15:55:28-04:00
0 %, 463 MiB, 195 MHz, 405 MHz, 5.18 W, 30
0 %, 20 MiB, 210 MHz, 405 MHz, 21.04 W, 28
 15:55:28 up 6 days, 23:46,  5 users,  load average: 1.27, 1.53, 1.43
2026-09-30T15:55:30-04:00
0 %, 463 MiB, 195 MHz, 405 MHz, 5.57 W, 30
0 %, 20 MiB, 210 MHz, 405 MHz, 27.69 W, 28
 15:55:30 up 6 days, 23:46,  5 users,  load average: 1.27, 1.53, 1.43
2026-09-30T15:55:32-04:00
0 %, 463 MiB, 195 MHz, 405 MHz, 5.76 W, 30
0 %, 20 MiB, 210 MHz, 405 MHz, 21.27 W, 28
 15:55:32 up 6 days, 23:46,  5 users,  load average: 1.27, 1.53, 1.43
2026-09-30T15:55:34-04:00
0 %, 463 MiB, 195 MHz, 405 MHz, 5.73 W, 30
0 %, 20 MiB, 210 MHz, 405 MHz, 20.88 W, 28
 15:55:34 up 6 days, 23:46,  5 users,  load average: 1.25, 1.52, 1.43
2026-09-30T15:55:36-04:00
0 %, 463 MiB, 195 MHz, 405 MHz, 5.63 W, 30
0 %, 20 MiB, 210 MHz, 405 MHz, 22.71 W, 28
 15:55:36 up 6 days, 23:46,  5 users,  load average: 1.25, 1.52, 1.43
2026-09-30T15:55:38-04:00
0 %, 463 MiB, 195 MHz, 405 MHz, 5.68 W, 30
0 %, 20 MiB, 210 MHz, 405 MHz, 21.83 W, 28
 15:55:38 up 6 days, 23:46,  5 users,  load average: 1.22, 1.51, 1.43
2026-09-30T15:55:40-04:00
0 %, 463 MiB, 195 MHz, 405 MHz, 5.61 W, 30
0 %, 20 MiB, 210 MHz, 405 MHz, 20.94 W, 27
 15:55:40 up 6 days, 23:46,  5 users,  load average: 1.22, 1.51, 1.43
2026-09-30T15:55:42-04:00
0 %, 463 MiB, 195 MHz, 405 MHz, 5.01 W, 30
0 %, 20 MiB, 210 MHz, 405 MHz, 21.05 W, 27
 15:55:42 up 6 days, 23:46,  5 users,  load average: 1.22, 1.51, 1.43
2026-09-30T15:55:44-04:00
0 %, 463 MiB, 195 MHz, 405 MHz, 5.25 W, 30
0 %, 20 MiB, 210 MHz, 405 MHz, 27.53 W, 28
 15:55:44 up 6 days, 23:46,  5 users,  load average: 1.21, 1.50, 1.42
2026-09-30T15:55:46-04:00
0 %, 463 MiB, 195 MHz, 405 MHz, 5.48 W, 30
0 %, 20 MiB, 210 MHz, 405 MHz, 21.02 W, 27
 15:55:47 up 6 days, 23:46,  5 users,  load average: 1.21, 1.50, 1.42
2026-09-30T15:55:49-04:00
0 %, 463 MiB, 195 MHz, 405 MHz, 5.23 W, 30
0 %, 20 MiB, 210 MHz, 405 MHz, 20.99 W, 27
 15:55:49 up 6 days, 23:46,  5 users,  load average: 1.19, 1.49, 1.42
2026-09-30T15:55:51-04:00
0 %, 463 MiB, 195 MHz, 405 MHz, 5.98 W, 30
0 %, 20 MiB, 210 MHz, 405 MHz, 23.71 W, 28
 15:55:51 up 6 days, 23:46,  5 users,  load average: 1.19, 1.49, 1.42
2026-09-30T15:55:53-04:00
0 %, 463 MiB, 195 MHz, 405 MHz, 6.03 W, 30
0 %, 20 MiB, 210 MHz, 405 MHz, 22.26 W, 28
 15:55:53 up 6 days, 23:46,  5 users,  load average: 1.17, 1.49, 1.42
2026-09-30T15:55:55-04:00
0 %, 463 MiB, 195 MHz, 405 MHz, 5.45 W, 30
0 %, 20 MiB, 210 MHz, 405 MHz, 20.89 W, 27
 15:55:55 up 6 days, 23:46,  5 users,  load average: 1.17, 1.49, 1.42
2026-09-30T15:55:57-04:00
0 %, 463 MiB, 195 MHz, 405 MHz, 5.87 W, 30
0 %, 20 MiB, 210 MHz, 405 MHz, 20.99 W, 27
 15:55:57 up 6 days, 23:47,  5 users,  load average: 1.17, 1.49, 1.42
2026-09-30T15:55:59-04:00
0 %, 463 MiB, 195 MHz, 405 MHz, 5.74 W, 30
0 %, 20 MiB, 210 MHz, 405 MHz, 22.04 W, 28
 15:55:59 up 6 days, 23:47,  5 users,  load average: 1.16, 1.48, 1.42
2026-09-30T15:56:01-04:00
0 %, 463 MiB, 195 MHz, 405 MHz, 5.44 W, 30
0 %, 20 MiB, 210 MHz, 405 MHz, 20.97 W, 27
 15:56:01 up 6 days, 23:47,  5 users,  load average: 1.16, 1.48, 1.42
2026-09-30T15:56:03-04:00
0 %, 463 MiB, 195 MHz, 405 MHz, 5.48 W, 30
0 %, 20 MiB, 210 MHz, 405 MHz, 21.09 W, 27
 15:56:03 up 6 days, 23:47,  5 users,  load average: 1.15, 1.47, 1.41
2026-09-30T15:56:05-04:00
0 %, 463 MiB, 195 MHz, 405 MHz, 5.64 W, 30
0 %, 20 MiB, 210 MHz, 405 MHz, 24.10 W, 28
 15:56:05 up 6 days, 23:47,  5 users,  load average: 1.15, 1.47, 1.41
2026-09-30T15:56:07-04:00
1 %, 463 MiB, 2550 MHz, 14001 MHz, 62.25 W, 31
0 %, 20 MiB, 210 MHz, 405 MHz, 25.44 W, 28
 15:56:07 up 6 days, 23:47,  5 users,  load average: 1.15, 1.47, 1.41
2026-09-30T15:56:09-04:00
0 %, 463 MiB, 607 MHz, 810 MHz, 33.36 W, 30
0 %, 20 MiB, 210 MHz, 405 MHz, 22.13 W, 28
 15:56:09 up 6 days, 23:47,  5 users,  load average: 1.14, 1.46, 1.41
2026-09-30T15:56:11-04:00
0 %, 463 MiB, 210 MHz, 405 MHz, 6.05 W, 30
0 %, 20 MiB, 210 MHz, 405 MHz, 21.12 W, 27
 15:56:11 up 6 days, 23:47,  5 users,  load average: 1.14, 1.46, 1.41
2026-09-30T15:56:13-04:00
0 %, 463 MiB, 195 MHz, 405 MHz, 5.56 W, 30
0 %, 20 MiB, 210 MHz, 405 MHz, 22.51 W, 28
 15:56:13 up 6 days, 23:47,  5 users,  load average: 1.12, 1.45, 1.41
2026-09-30T15:56:15-04:00
0 %, 463 MiB, 195 MHz, 405 MHz, 5.49 W, 30
0 %, 20 MiB, 210 MHz, 405 MHz, 21.04 W, 27
 15:56:16 up 6 days, 23:47,  5 users,  load average: 1.12, 1.45, 1.41
2026-09-30T15:56:18-04:00
0 %, 463 MiB, 195 MHz, 405 MHz, 5.08 W, 30
0 %, 20 MiB, 210 MHz, 405 MHz, 21.11 W, 27
 15:56:18 up 6 days, 23:47,  5 users,  load average: 1.11, 1.45, 1.41
2026-09-30T15:56:20-04:00
0 %, 463 MiB, 195 MHz, 405 MHz, 5.50 W, 30
0 %, 20 MiB, 210 MHz, 405 MHz, 27.15 W, 28
 15:56:20 up 6 days, 23:47,  5 users,  load average: 1.11, 1.45, 1.41
2026-09-30T15:56:22-04:00
0 %, 463 MiB, 195 MHz, 405 MHz, 5.52 W, 30
0 %, 20 MiB, 210 MHz, 405 MHz, 21.24 W, 28
 15:56:22 up 6 days, 23:47,  5 users,  load average: 1.11, 1.45, 1.41
2026-09-30T15:56:24-04:00
0 %, 463 MiB, 195 MHz, 405 MHz, 4.99 W, 30
0 %, 20 MiB, 210 MHz, 405 MHz, 20.90 W, 27
 15:56:24 up 6 days, 23:47,  5 users,  load average: 1.10, 1.44, 1.40
2026-09-30T15:56:26-04:00
0 %, 463 MiB, 195 MHz, 405 MHz, 5.64 W, 30
0 %, 20 MiB, 210 MHz, 405 MHz, 20.92 W, 27
 15:56:26 up 6 days, 23:47,  5 users,  load average: 1.10, 1.44, 1.40
2026-09-30T15:56:28-04:00
0 %, 463 MiB, 195 MHz, 405 MHz, 5.55 W, 30
0 %, 20 MiB, 210 MHz, 405 MHz, 21.85 W, 28
 15:56:28 up 6 days, 23:47,  5 users,  load average: 1.10, 1.43, 1.40
2026-09-30T15:56:30-04:00
0 %, 463 MiB, 195 MHz, 405 MHz, 6.01 W, 30
0 %, 20 MiB, 210 MHz, 405 MHz, 20.89 W, 27
 15:56:30 up 6 days, 23:47,  5 users,  load average: 1.10, 1.43, 1.40
2026-09-30T15:56:32-04:00
0 %, 463 MiB, 195 MHz, 405 MHz, 5.74 W, 30
0 %, 20 MiB, 210 MHz, 405 MHz, 21.12 W, 27
 15:56:32 up 6 days, 23:47,  5 users,  load average: 1.10, 1.43, 1.40
2026-09-30T15:56:34-04:00
0 %, 463 MiB, 195 MHz, 405 MHz, 5.80 W, 30
0 %, 20 MiB, 210 MHz, 405 MHz, 27.70 W, 28
 15:56:34 up 6 days, 23:47,  5 users,  load average: 1.09, 1.42, 1.40
2026-09-30T15:56:36-04:00
0 %, 463 MiB, 187 MHz, 405 MHz, 5.72 W, 30
0 %, 20 MiB, 210 MHz, 405 MHz, 20.98 W, 27
 15:56:36 up 6 days, 23:47,  5 users,  load average: 1.09, 1.42, 1.40
2026-09-30T15:56:38-04:00
0 %, 463 MiB, 195 MHz, 405 MHz, 5.74 W, 30
0 %, 20 MiB, 210 MHz, 405 MHz, 20.98 W, 27
 15:56:38 up 6 days, 23:47,  5 users,  load average: 1.08, 1.42, 1.40
2026-09-30T15:56:40-04:00
0 %, 463 MiB, 210 MHz, 405 MHz, 5.75 W, 30
0 %, 20 MiB, 210 MHz, 405 MHz, 21.03 W, 27
 15:56:40 up 6 days, 23:47,  5 users,  load average: 1.08, 1.42, 1.40
2026-09-30T15:56:42-04:00
0 %, 463 MiB, 195 MHz, 405 MHz, 5.75 W, 30
0 %, 20 MiB, 210 MHz, 405 MHz, 22.08 W, 28
 15:56:43 up 6 days, 23:47,  5 users,  load average: 1.15, 1.43, 1.40
2026-09-30T15:56:45-04:00
0 %, 463 MiB, 195 MHz, 405 MHz, 5.81 W, 30
0 %, 20 MiB, 210 MHz, 405 MHz, 20.90 W, 27
 15:56:45 up 6 days, 23:47,  5 users,  load average: 1.15, 1.43, 1.40
2026-09-30T15:56:47-04:00
0 %, 463 MiB, 195 MHz, 405 MHz, 5.84 W, 30
0 %, 20 MiB, 210 MHz, 405 MHz, 21.05 W, 27
 15:56:47 up 6 days, 23:47,  5 users,  load average: 1.15, 1.43, 1.40
2026-09-30T15:56:49-04:00
0 %, 463 MiB, 195 MHz, 405 MHz, 5.51 W, 30
0 %, 20 MiB, 210 MHz, 405 MHz, 27.28 W, 28
 15:56:49 up 6 days, 23:47,  5 users,  load average: 1.14, 1.42, 1.40
2026-09-30T15:56:51-04:00
0 %, 463 MiB, 195 MHz, 405 MHz, 5.99 W, 30
0 %, 20 MiB, 210 MHz, 405 MHz, 21.19 W, 27
 15:56:51 up 6 days, 23:47,  5 users,  load average: 1.14, 1.42, 1.40
2026-09-30T15:56:53-04:00
0 %, 463 MiB, 195 MHz, 405 MHz, 6.08 W, 30
0 %, 20 MiB, 210 MHz, 405 MHz, 21.05 W, 27
 15:56:53 up 6 days, 23:47,  5 users,  load average: 1.13, 1.41, 1.40
2026-09-30T15:56:55-04:00
0 %, 463 MiB, 210 MHz, 405 MHz, 5.62 W, 30
0 %, 20 MiB, 210 MHz, 405 MHz, 23.58 W, 28
 15:56:55 up 6 days, 23:47,  5 users,  load average: 1.13, 1.41, 1.40
2026-09-30T15:56:57-04:00
0 %, 463 MiB, 195 MHz, 405 MHz, 5.97 W, 30
0 %, 20 MiB, 210 MHz, 405 MHz, 21.74 W, 28
 15:56:57 up 6 days, 23:48,  5 users,  load average: 1.13, 1.41, 1.40
2026-09-30T15:56:59-04:00
0 %, 463 MiB, 195 MHz, 405 MHz, 6.12 W, 30
0 %, 20 MiB, 210 MHz, 405 MHz, 20.93 W, 27
 15:56:59 up 6 days, 23:48,  5 users,  load average: 1.12, 1.40, 1.39
2026-09-30T15:57:01-04:00
0 %, 933 MiB, 2542 MHz, 13801 MHz, 48.58 W, 31
0 %, 20 MiB, 210 MHz, 405 MHz, 24.18 W, 28
 15:57:01 up 6 days, 23:48,  5 users,  load average: 1.12, 1.40, 1.39
2026-09-30T15:57:03-04:00
0 %, 463 MiB, 637 MHz, 810 MHz, 36.21 W, 30
0 %, 20 MiB, 210 MHz, 405 MHz, 28.68 W, 28
 15:57:03 up 6 days, 23:48,  5 users,  load average: 1.11, 1.40, 1.39
2026-09-30T15:57:05-04:00
0 %, 463 MiB, 217 MHz, 405 MHz, 6.41 W, 30
0 %, 20 MiB, 210 MHz, 405 MHz, 21.34 W, 27
 15:57:05 up 6 days, 23:48,  5 users,  load average: 1.11, 1.40, 1.39
2026-09-30T15:57:07-04:00
0 %, 463 MiB, 195 MHz, 405 MHz, 5.77 W, 30
0 %, 20 MiB, 210 MHz, 405 MHz, 20.95 W, 27
 15:57:07 up 6 days, 23:48,  5 users,  load average: 1.11, 1.40, 1.39
2026-09-30T15:57:09-04:00
0 %, 463 MiB, 195 MHz, 405 MHz, 5.52 W, 30
0 %, 20 MiB, 210 MHz, 405 MHz, 23.94 W, 28
 15:57:09 up 6 days, 23:48,  5 users,  load average: 1.10, 1.39, 1.39
2026-09-30T15:57:11-04:00
0 %, 463 MiB, 195 MHz, 405 MHz, 5.61 W, 30
0 %, 20 MiB, 210 MHz, 405 MHz, 22.07 W, 28
 15:57:12 up 6 days, 23:48,  5 users,  load average: 1.10, 1.39, 1.39
2026-09-30T15:57:14-04:00
0 %, 463 MiB, 195 MHz, 405 MHz, 5.62 W, 30
0 %, 20 MiB, 210 MHz, 405 MHz, 21.04 W, 27
 15:57:14 up 6 days, 23:48,  5 users,  load average: 1.09, 1.38, 1.39
2026-09-30T15:57:16-04:00
0 %, 463 MiB, 195 MHz, 405 MHz, 5.52 W, 30
0 %, 20 MiB, 210 MHz, 405 MHz, 21.10 W, 27
 15:57:16 up 6 days, 23:48,  5 users,  load average: 1.09, 1.38, 1.39
2026-09-30T15:57:18-04:00
0 %, 463 MiB, 195 MHz, 405 MHz, 5.70 W, 30
0 %, 20 MiB, 210 MHz, 405 MHz, 27.42 W, 28
 15:57:18 up 6 days, 23:48,  5 users,  load average: 1.08, 1.38, 1.38
2026-09-30T15:57:20-04:00
0 %, 463 MiB, 195 MHz, 405 MHz, 5.88 W, 30
0 %, 20 MiB, 210 MHz, 405 MHz, 21.15 W, 27
 15:57:20 up 6 days, 23:48,  5 users,  load average: 1.08, 1.38, 1.38
2026-09-30T15:57:22-04:00
0 %, 463 MiB, 195 MHz, 405 MHz, 5.69 W, 30
0 %, 20 MiB, 210 MHz, 405 MHz, 21.01 W, 27
 15:57:22 up 6 days, 23:48,  5 users,  load average: 1.08, 1.38, 1.38
2026-09-30T15:57:24-04:00
0 %, 463 MiB, 195 MHz, 405 MHz, 6.24 W, 30
0 %, 20 MiB, 210 MHz, 405 MHz, 27.64 W, 28
 15:57:24 up 6 days, 23:48,  5 users,  load average: 1.08, 1.37, 1.38
2026-09-30T15:57:26-04:00
0 %, 463 MiB, 195 MHz, 405 MHz, 5.79 W, 30
0 %, 20 MiB, 210 MHz, 405 MHz, 21.47 W, 27
 15:57:26 up 6 days, 23:48,  5 users,  load average: 1.08, 1.37, 1.38
2026-09-30T15:57:28-04:00
0 %, 463 MiB, 195 MHz, 405 MHz, 5.67 W, 30
0 %, 20 MiB, 210 MHz, 405 MHz, 21.01 W, 27
 15:57:28 up 6 days, 23:48,  5 users,  load average: 1.07, 1.36, 1.38
2026-09-30T15:57:30-04:00
0 %, 463 MiB, 195 MHz, 405 MHz, 5.49 W, 30
0 %, 20 MiB, 210 MHz, 405 MHz, 21.00 W, 27
 15:57:30 up 6 days, 23:48,  5 users,  load average: 1.07, 1.36, 1.38
2026-09-30T15:57:32-04:00
0 %, 463 MiB, 195 MHz, 405 MHz, 5.64 W, 30
0 %, 20 MiB, 210 MHz, 405 MHz, 27.21 W, 28
 15:57:32 up 6 days, 23:48,  5 users,  load average: 1.07, 1.36, 1.38
2026-09-30T15:57:34-04:00
0 %, 463 MiB, 195 MHz, 405 MHz, 5.57 W, 30
0 %, 20 MiB, 210 MHz, 405 MHz, 21.30 W, 27
 15:57:34 up 6 days, 23:48,  5 users,  load average: 1.07, 1.36, 1.38
2026-09-30T15:57:36-04:00
0 %, 463 MiB, 195 MHz, 405 MHz, 5.57 W, 30
0 %, 20 MiB, 210 MHz, 405 MHz, 20.86 W, 27
 15:57:36 up 6 days, 23:48,  5 users,  load average: 1.07, 1.36, 1.38
2026-09-30T15:57:38-04:00
0 %, 463 MiB, 195 MHz, 405 MHz, 6.05 W, 30
0 %, 20 MiB, 210 MHz, 405 MHz, 27.33 W, 28
 15:57:38 up 6 days, 23:48,  5 users,  load average: 1.06, 1.35, 1.37
2026-09-30T15:57:40-04:00
0 %, 463 MiB, 195 MHz, 405 MHz, 5.56 W, 30
0 %, 20 MiB, 210 MHz, 405 MHz, 21.17 W, 27
 15:57:41 up 6 days, 23:48,  5 users,  load average: 1.06, 1.35, 1.37
2026-09-30T15:57:43-04:00
0 %, 463 MiB, 195 MHz, 405 MHz, 6.07 W, 30
0 %, 20 MiB, 210 MHz, 405 MHz, 20.95 W, 27
 15:57:43 up 6 days, 23:48,  5 users,  load average: 1.06, 1.35, 1.37
2026-09-30T15:57:45-04:00
0 %, 463 MiB, 210 MHz, 405 MHz, 5.96 W, 30
0 %, 20 MiB, 210 MHz, 405 MHz, 21.06 W, 27
 15:57:45 up 6 days, 23:48,  5 users,  load average: 1.06, 1.35, 1.37
2026-09-30T15:57:47-04:00
0 %, 463 MiB, 195 MHz, 405 MHz, 5.83 W, 30
0 %, 20 MiB, 210 MHz, 405 MHz, 27.60 W, 28
 15:57:47 up 6 days, 23:48,  5 users,  load average: 1.06, 1.35, 1.37
2026-09-30T15:57:49-04:00
0 %, 463 MiB, 195 MHz, 405 MHz, 5.61 W, 30
0 %, 20 MiB, 210 MHz, 405 MHz, 21.04 W, 27
 15:57:49 up 6 days, 23:48,  5 users,  load average: 1.05, 1.34, 1.37
2026-09-30T15:57:51-04:00
0 %, 463 MiB, 195 MHz, 405 MHz, 6.17 W, 30
0 %, 20 MiB, 210 MHz, 405 MHz, 20.94 W, 27
 15:57:51 up 6 days, 23:48,  5 users,  load average: 1.05, 1.34, 1.37
2026-09-30T15:57:53-04:00
0 %, 463 MiB, 195 MHz, 405 MHz, 6.01 W, 30
0 %, 20 MiB, 210 MHz, 405 MHz, 27.72 W, 28
 15:57:53 up 6 days, 23:48,  5 users,  load average: 1.13, 1.35, 1.37
2026-09-30T15:57:55-04:00
8 %, 1793 MiB, 2925 MHz, 13801 MHz, 31.39 W, 31
0 %, 20 MiB, 210 MHz, 405 MHz, 22.48 W, 28
1561772, /home/ndizazzo/dev/mesh/issue1393-q4-snapshot-20260930/target/release/xtask, 1356 MiB
 15:57:55 up 6 days, 23:48,  5 users,  load average: 1.13, 1.35, 1.37
2026-09-30T15:57:57-04:00
2 %, 463 MiB, 2550 MHz, 14001 MHz, 54.19 W, 31
0 %, 20 MiB, 210 MHz, 405 MHz, 21.15 W, 27
 15:57:57 up 6 days, 23:49,  5 users,  load average: 1.13, 1.35, 1.37
2026-09-30T15:57:59-04:00
0 %, 463 MiB, 562 MHz, 810 MHz, 35.87 W, 30
0 %, 20 MiB, 210 MHz, 405 MHz, 22.22 W, 27
 15:57:59 up 6 days, 23:49,  5 users,  load average: 1.12, 1.35, 1.37
2026-09-30T15:58:01-04:00
0 %, 463 MiB, 195 MHz, 405 MHz, 6.67 W, 30
0 %, 20 MiB, 210 MHz, 405 MHz, 22.06 W, 28
 15:58:01 up 6 days, 23:49,  5 users,  load average: 1.12, 1.35, 1.37
2026-09-30T15:58:03-04:00
0 %, 463 MiB, 195 MHz, 405 MHz, 6.12 W, 30
0 %, 20 MiB, 210 MHz, 405 MHz, 21.07 W, 27
 15:58:03 up 6 days, 23:49,  5 users,  load average: 1.11, 1.34, 1.37
2026-09-30T15:58:05-04:00
0 %, 463 MiB, 195 MHz, 405 MHz, 5.78 W, 30
0 %, 20 MiB, 210 MHz, 405 MHz, 21.04 W, 27
 15:58:05 up 6 days, 23:49,  5 users,  load average: 1.11, 1.34, 1.37
2026-09-30T15:58:07-04:00
0 %, 463 MiB, 195 MHz, 405 MHz, 6.00 W, 30
0 %, 20 MiB, 210 MHz, 405 MHz, 27.51 W, 28
 15:58:07 up 6 days, 23:49,  5 users,  load average: 1.11, 1.34, 1.37
2026-09-30T15:58:09-04:00
0 %, 463 MiB, 195 MHz, 405 MHz, 5.97 W, 30
0 %, 20 MiB, 210 MHz, 405 MHz, 21.03 W, 27
 15:58:10 up 6 days, 23:49,  5 users,  load average: 1.10, 1.33, 1.37
2026-09-30T15:58:12-04:00
0 %, 463 MiB, 195 MHz, 405 MHz, 5.66 W, 30
0 %, 20 MiB, 210 MHz, 405 MHz, 20.93 W, 27
 15:58:12 up 6 days, 23:49,  5 users,  load average: 1.10, 1.33, 1.37
2026-09-30T15:58:14-04:00
0 %, 463 MiB, 195 MHz, 405 MHz, 5.75 W, 30
0 %, 20 MiB, 210 MHz, 405 MHz, 22.24 W, 27
 15:58:14 up 6 days, 23:49,  5 users,  load average: 1.09, 1.33, 1.36
2026-09-30T15:58:16-04:00
0 %, 463 MiB, 195 MHz, 405 MHz, 5.67 W, 30
0 %, 20 MiB, 210 MHz, 405 MHz, 22.37 W, 28
 15:58:16 up 6 days, 23:49,  5 users,  load average: 1.09, 1.33, 1.36
2026-09-30T15:58:18-04:00
0 %, 463 MiB, 195 MHz, 405 MHz, 5.46 W, 30
0 %, 20 MiB, 210 MHz, 405 MHz, 21.02 W, 27
 15:58:18 up 6 days, 23:49,  5 users,  load average: 1.08, 1.32, 1.36
2026-09-30T15:58:20-04:00
0 %, 463 MiB, 195 MHz, 405 MHz, 5.95 W, 30
0 %, 20 MiB, 210 MHz, 405 MHz, 21.13 W, 27
 15:58:20 up 6 days, 23:49,  5 users,  load average: 1.08, 1.32, 1.36
2026-09-30T15:58:22-04:00
0 %, 463 MiB, 195 MHz, 405 MHz, 5.89 W, 30
0 %, 20 MiB, 210 MHz, 405 MHz, 27.36 W, 27
 15:58:22 up 6 days, 23:49,  5 users,  load average: 1.08, 1.32, 1.36
2026-09-30T15:58:24-04:00
0 %, 463 MiB, 195 MHz, 405 MHz, 5.49 W, 30
0 %, 20 MiB, 210 MHz, 405 MHz, 21.39 W, 27
 15:58:24 up 6 days, 23:49,  5 users,  load average: 1.08, 1.32, 1.36
2026-09-30T15:58:26-04:00
0 %, 463 MiB, 195 MHz, 405 MHz, 5.58 W, 30
0 %, 20 MiB, 210 MHz, 405 MHz, 21.24 W, 27
 15:58:26 up 6 days, 23:49,  5 users,  load average: 1.08, 1.32, 1.36
2026-09-30T15:58:28-04:00
0 %, 463 MiB, 195 MHz, 405 MHz, 5.78 W, 30
0 %, 20 MiB, 210 MHz, 405 MHz, 22.99 W, 27
 15:58:28 up 6 days, 23:49,  5 users,  load average: 1.07, 1.31, 1.36
2026-09-30T15:58:30-04:00
0 %, 463 MiB, 187 MHz, 405 MHz, 5.69 W, 30
0 %, 20 MiB, 210 MHz, 405 MHz, 22.03 W, 28
 15:58:30 up 6 days, 23:49,  5 users,  load average: 1.07, 1.31, 1.36
2026-09-30T15:58:32-04:00
0 %, 463 MiB, 195 MHz, 405 MHz, 6.30 W, 30
0 %, 20 MiB, 210 MHz, 405 MHz, 21.16 W, 27
 15:58:32 up 6 days, 23:49,  5 users,  load average: 1.07, 1.31, 1.36
2026-09-30T15:58:34-04:00
0 %, 463 MiB, 195 MHz, 405 MHz, 5.95 W, 30
0 %, 20 MiB, 210 MHz, 405 MHz, 21.07 W, 27
 15:58:34 up 6 days, 23:49,  5 users,  load average: 1.06, 1.31, 1.35
2026-09-30T15:58:36-04:00
0 %, 463 MiB, 195 MHz, 405 MHz, 5.64 W, 30
0 %, 20 MiB, 210 MHz, 405 MHz, 27.64 W, 27
 15:58:37 up 6 days, 23:49,  5 users,  load average: 1.06, 1.31, 1.35
2026-09-30T15:58:39-04:00
0 %, 463 MiB, 195 MHz, 405 MHz, 5.69 W, 30
0 %, 20 MiB, 210 MHz, 405 MHz, 21.48 W, 27
 15:58:39 up 6 days, 23:49,  5 users,  load average: 1.06, 1.30, 1.35
2026-09-30T15:58:41-04:00
0 %, 463 MiB, 195 MHz, 405 MHz, 5.85 W, 30
0 %, 20 MiB, 210 MHz, 405 MHz, 21.06 W, 27
 15:58:41 up 6 days, 23:49,  5 users,  load average: 1.06, 1.30, 1.35
2026-09-30T15:58:43-04:00
0 %, 463 MiB, 195 MHz, 405 MHz, 5.68 W, 30
0 %, 20 MiB, 210 MHz, 405 MHz, 23.36 W, 27
 15:58:43 up 6 days, 23:49,  5 users,  load average: 1.05, 1.30, 1.35
2026-09-30T15:58:45-04:00
0 %, 463 MiB, 195 MHz, 405 MHz, 6.14 W, 30
0 %, 20 MiB, 210 MHz, 405 MHz, 22.28 W, 28
 15:58:45 up 6 days, 23:49,  5 users,  load average: 1.05, 1.30, 1.35
2026-09-30T15:58:47-04:00
0 %, 463 MiB, 195 MHz, 405 MHz, 6.11 W, 30
0 %, 20 MiB, 210 MHz, 405 MHz, 21.11 W, 27
 15:58:47 up 6 days, 23:49,  5 users,  load average: 1.05, 1.30, 1.35
2026-09-30T15:58:49-04:00
0 %, 463 MiB, 195 MHz, 405 MHz, 5.97 W, 30
0 %, 20 MiB, 210 MHz, 405 MHz, 21.07 W, 27
 15:58:49 up 6 days, 23:49,  5 users,  load average: 1.05, 1.29, 1.35
2026-09-30T15:58:51-04:00
8 %, 1793 MiB, 2437 MHz, 13801 MHz, 21.62 W, 31
0 %, 20 MiB, 210 MHz, 405 MHz, 27.16 W, 27
1561772, /home/ndizazzo/dev/mesh/issue1393-q4-snapshot-20260930/target/release/xtask, 1356 MiB
 15:58:51 up 6 days, 23:49,  5 users,  load average: 1.05, 1.29, 1.35
