========= COMPUTE-SANITIZER
========= Barrier error detected. Divergent thread(s) in block.
=========     at native_mtp_q8_sliced_k_fc_c4+0x2280
=========     by thread (32,0,0) in block (2,0,0)
=========     Saved host backtrace up to driver entry point at kernel launch time
=========         Host Frame: cuLaunchKernel [0x3f268a] in libcuda.so.1
=========         Host Frame: _RNvMs7_NtNtNtCs7B1mgaSUMqZ_15mesh_specialize7kernels4cuda6driverNtB5_8Function6launch [0x3829b1] in xtask
=========         Host Frame: _RNvNtCs7B1mgaSUMqZ_15mesh_specialize7kernels22native_mtp_q8_fc_trial [0x3da35f] in xtask
=========         Host Frame: _RNvNtNtCsiPimAIRWmYX_5xtask10specialize5probe16native_mtp_q8_fc [0x880774] in xtask
=========         Host Frame: _RNvCsiPimAIRWmYX_5xtask4main [0x815f97] in xtask
=========         Host Frame: _RINvNtNtCsiVHaJpKZL7S_3std3sys9backtrace28___rust_begin_short_backtraceFEuuECsiPimAIRWmYX_5xtask [0x7de1e2] in xtask
=========         Host Frame: _RNCINvNtCsiVHaJpKZL7S_3std2rt10lang_startuE0CsiPimAIRWmYX_5xtask [0x814bb8] in xtask
=========         Host Frame: _RNvNtCsiVHaJpKZL7S_3std2rt19lang_start_internal [0x6c0082] in xtask
=========         Host Frame: main [0x8a0214] in xtask
========= 
========= Barrier error detected. Divergent thread(s) in block.
=========     at native_mtp_q8_sliced_k_fc_c4+0x2280
=========     by thread (33,0,0) in block (2,0,0)
=========     Saved host backtrace up to driver entry point at kernel launch time
=========         Host Frame: cuLaunchKernel [0x3f268a] in libcuda.so.1
=========         Host Frame: _RNvMs7_NtNtNtCs7B1mgaSUMqZ_15mesh_specialize7kernels4cuda6driverNtB5_8Function6launch [0x3829b1] in xtask
=========         Host Frame: _RNvNtCs7B1mgaSUMqZ_15mesh_specialize7kernels22native_mtp_q8_fc_trial [0x3da35f] in xtask
=========         Host Frame: _RNvNtNtCsiPimAIRWmYX_5xtask10specialize5probe16native_mtp_q8_fc [0x880774] in xtask
=========         Host Frame: _RNvCsiPimAIRWmYX_5xtask4main [0x815f97] in xtask
=========         Host Frame: _RINvNtNtCsiVHaJpKZL7S_3std3sys9backtrace28___rust_begin_short_backtraceFEuuECsiPimAIRWmYX_5xtask [0x7de1e2] in xtask
=========         Host Frame: _RNCINvNtCsiVHaJpKZL7S_3std2rt10lang_startuE0CsiPimAIRWmYX_5xtask [0x814bb8] in xtask
=========         Host Frame: _RNvNtCsiVHaJpKZL7S_3std2rt19lang_start_internal [0x6c0082] in xtask
=========         Host Frame: main [0x8a0214] in xtask
========= 
========= Barrier error detected. Divergent thread(s) in block.
=========     at native_mtp_q8_sliced_k_fc_c4+0x2280
=========     by thread (34,0,0) in block (2,0,0)
=========     Saved host backtrace up to driver entry point at kernel launch time
=========         Host Frame: cuLaunchKernel [0x3f268a] in libcuda.so.1
=========         Host Frame: _RNvMs7_NtNtNtCs7B1mgaSUMqZ_15mesh_specialize7kernels4cuda6driverNtB5_8Function6launch [0x3829b1] in xtask
=========         Host Frame: _RNvNtCs7B1mgaSUMqZ_15mesh_specialize7kernels22native_mtp_q8_fc_trial [0x3da35f] in xtask
=========         Host Frame: _RNvNtNtCsiPimAIRWmYX_5xtask10specialize5probe16native_mtp_q8_fc [0x880774] in xtask
=========         Host Frame: _RNvCsiPimAIRWmYX_5xtask4main [0x815f97] in xtask
=========         Host Frame: _RINvNtNtCsiVHaJpKZL7S_3std3sys9backtrace28___rust_begin_short_backtraceFEuuECsiPimAIRWmYX_5xtask [0x7de1e2] in xtask
=========         Host Frame: _RNCINvNtCsiVHaJpKZL7S_3std2rt10lang_startuE0CsiPimAIRWmYX_5xtask [0x814bb8] in xtask
=========         Host Frame: _RNvNtCsiVHaJpKZL7S_3std2rt19lang_start_internal [0x6c0082] in xtask
=========         Host Frame: main [0x8a0214] in xtask
========= 
========= Barrier error detected. Divergent thread(s) in block.
=========     at native_mtp_q8_sliced_k_fc_c4+0x2280
=========     by thread (35,0,0) in block (2,0,0)
=========     Saved host backtrace up to driver entry point at kernel launch time
=========         Host Frame: cuLaunchKernel [0x3f268a] in libcuda.so.1
=========         Host Frame: _RNvMs7_NtNtNtCs7B1mgaSUMqZ_15mesh_specialize7kernels4cuda6driverNtB5_8Function6launch [0x3829b1] in xtask
=========         Host Frame: _RNvNtCs7B1mgaSUMqZ_15mesh_specialize7kernels22native_mtp_q8_fc_trial [0x3da35f] in xtask
=========         Host Frame: _RNvNtNtCsiPimAIRWmYX_5xtask10specialize5probe16native_mtp_q8_fc [0x880774] in xtask
=========         Host Frame: _RNvCsiPimAIRWmYX_5xtask4main [0x815f97] in xtask
=========         Host Frame: _RINvNtNtCsiVHaJpKZL7S_3std3sys9backtrace28___rust_begin_short_backtraceFEuuECsiPimAIRWmYX_5xtask [0x7de1e2] in xtask
=========         Host Frame: _RNCINvNtCsiVHaJpKZL7S_3std2rt10lang_startuE0CsiPimAIRWmYX_5xtask [0x814bb8] in xtask
=========         Host Frame: _RNvNtCsiVHaJpKZL7S_3std2rt19lang_start_internal [0x6c0082] in xtask
=========         Host Frame: main [0x8a0214] in xtask
========= 
========= Barrier error detected. Divergent thread(s) in block.
=========     at native_mtp_q8_sliced_k_fc_c4+0x2280
=========     by thread (36,0,0) in block (2,0,0)
=========     Saved host backtrace up to driver entry point at kernel launch time
=========         Host Frame: cuLaunchKernel [0x3f268a] in libcuda.so.1
=========         Host Frame: _RNvMs7_NtNtNtCs7B1mgaSUMqZ_15mesh_specialize7kernels4cuda6driverNtB5_8Function6launch [0x3829b1] in xtask
=========         Host Frame: _RNvNtCs7B1mgaSUMqZ_15mesh_specialize7kernels22native_mtp_q8_fc_trial [0x3da35f] in xtask
=========         Host Frame: _RNvNtNtCsiPimAIRWmYX_5xtask10specialize5probe16native_mtp_q8_fc [0x880774] in xtask
=========         Host Frame: _RNvCsiPimAIRWmYX_5xtask4main [0x815f97] in xtask
=========         Host Frame: _RINvNtNtCsiVHaJpKZL7S_3std3sys9backtrace28___rust_begin_short_backtraceFEuuECsiPimAIRWmYX_5xtask [0x7de1e2] in xtask
=========         Host Frame: _RNCINvNtCsiVHaJpKZL7S_3std2rt10lang_startuE0CsiPimAIRWmYX_5xtask [0x814bb8] in xtask
=========         Host Frame: _RNvNtCsiVHaJpKZL7S_3std2rt19lang_start_internal [0x6c0082] in xtask
=========         Host Frame: main [0x8a0214] in xtask
========= 
========= Barrier error detected. Divergent thread(s) in block.
=========     at native_mtp_q8_sliced_k_fc_c4+0x2280
=========     by thread (37,0,0) in block (2,0,0)
=========     Saved host backtrace up to driver entry point at kernel launch time
=========         Host Frame: cuLaunchKernel [0x3f268a] in libcuda.so.1
=========         Host Frame: _RNvMs7_NtNtNtCs7B1mgaSUMqZ_15mesh_specialize7kernels4cuda6driverNtB5_8Function6launch [0x3829b1] in xtask
=========         Host Frame: _RNvNtCs7B1mgaSUMqZ_15mesh_specialize7kernels22native_mtp_q8_fc_trial [0x3da35f] in xtask
=========         Host Frame: _RNvNtNtCsiPimAIRWmYX_5xtask10specialize5probe16native_mtp_q8_fc [0x880774] in xtask
=========         Host Frame: _RNvCsiPimAIRWmYX_5xtask4main [0x815f97] in xtask
=========         Host Frame: _RINvNtNtCsiVHaJpKZL7S_3std3sys9backtrace28___rust_begin_short_backtraceFEuuECsiPimAIRWmYX_5xtask [0x7de1e2] in xtask
=========         Host Frame: _RNCINvNtCsiVHaJpKZL7S_3std2rt10lang_startuE0CsiPimAIRWmYX_5xtask [0x814bb8] in xtask
=========         Host Frame: _RNvNtCsiVHaJpKZL7S_3std2rt19lang_start_internal [0x6c0082] in xtask
=========         Host Frame: main [0x8a0214] in xtask
========= 
========= Barrier error detected. Divergent thread(s) in block.
=========     at native_mtp_q8_sliced_k_fc_c4+0x2280
=========     by thread (38,0,0) in block (2,0,0)
=========     Saved host backtrace up to driver entry point at kernel launch time
=========         Host Frame: cuLaunchKernel [0x3f268a] in libcuda.so.1
=========         Host Frame: _RNvMs7_NtNtNtCs7B1mgaSUMqZ_15mesh_specialize7kernels4cuda6driverNtB5_8Function6launch [0x3829b1] in xtask
=========         Host Frame: _RNvNtCs7B1mgaSUMqZ_15mesh_specialize7kernels22native_mtp_q8_fc_trial [0x3da35f] in xtask
=========         Host Frame: _RNvNtNtCsiPimAIRWmYX_5xtask10specialize5probe16native_mtp_q8_fc [0x880774] in xtask
=========         Host Frame: _RNvCsiPimAIRWmYX_5xtask4main [0x815f97] in xtask
=========         Host Frame: _RINvNtNtCsiVHaJpKZL7S_3std3sys9backtrace28___rust_begin_short_backtraceFEuuECsiPimAIRWmYX_5xtask [0x7de1e2] in xtask
=========         Host Frame: _RNCINvNtCsiVHaJpKZL7S_3std2rt10lang_startuE0CsiPimAIRWmYX_5xtask [0x814bb8] in xtask
=========         Host Frame: _RNvNtCsiVHaJpKZL7S_3std2rt19lang_start_internal [0x6c0082] in xtask
=========         Host Frame: main [0x8a0214] in xtask
========= 
========= Barrier error detected. Divergent thread(s) in block.
=========     at native_mtp_q8_sliced_k_fc_c4+0x2280
=========     by thread (39,0,0) in block (2,0,0)
=========     Saved host backtrace up to driver entry point at kernel launch time
=========         Host Frame: cuLaunchKernel [0x3f268a] in libcuda.so.1
=========         Host Frame: _RNvMs7_NtNtNtCs7B1mgaSUMqZ_15mesh_specialize7kernels4cuda6driverNtB5_8Function6launch [0x3829b1] in xtask
=========         Host Frame: _RNvNtCs7B1mgaSUMqZ_15mesh_specialize7kernels22native_mtp_q8_fc_trial [0x3da35f] in xtask
=========         Host Frame: _RNvNtNtCsiPimAIRWmYX_5xtask10specialize5probe16native_mtp_q8_fc [0x880774] in xtask
=========         Host Frame: _RNvCsiPimAIRWmYX_5xtask4main [0x815f97] in xtask
=========         Host Frame: _RINvNtNtCsiVHaJpKZL7S_3std3sys9backtrace28___rust_begin_short_backtraceFEuuECsiPimAIRWmYX_5xtask [0x7de1e2] in xtask
=========         Host Frame: _RNCINvNtCsiVHaJpKZL7S_3std2rt10lang_startuE0CsiPimAIRWmYX_5xtask [0x814bb8] in xtask
=========         Host Frame: _RNvNtCsiVHaJpKZL7S_3std2rt19lang_start_internal [0x6c0082] in xtask
=========         Host Frame: main [0x8a0214] in xtask
========= 
========= Barrier error detected. Divergent thread(s) in block.
=========     at native_mtp_q8_sliced_k_fc_c4+0x2280
=========     by thread (40,0,0) in block (2,0,0)
=========     Saved host backtrace up to driver entry point at kernel launch time
=========         Host Frame: cuLaunchKernel [0x3f268a] in libcuda.so.1
=========         Host Frame: _RNvMs7_NtNtNtCs7B1mgaSUMqZ_15mesh_specialize7kernels4cuda6driverNtB5_8Function6launch [0x3829b1] in xtask
=========         Host Frame: _RNvNtCs7B1mgaSUMqZ_15mesh_specialize7kernels22native_mtp_q8_fc_trial [0x3da35f] in xtask
=========         Host Frame: _RNvNtNtCsiPimAIRWmYX_5xtask10specialize5probe16native_mtp_q8_fc [0x880774] in xtask
=========         Host Frame: _RNvCsiPimAIRWmYX_5xtask4main [0x815f97] in xtask
=========         Host Frame: _RINvNtNtCsiVHaJpKZL7S_3std3sys9backtrace28___rust_begin_short_backtraceFEuuECsiPimAIRWmYX_5xtask [0x7de1e2] in xtask
=========         Host Frame: _RNCINvNtCsiVHaJpKZL7S_3std2rt10lang_startuE0CsiPimAIRWmYX_5xtask [0x814bb8] in xtask
=========         Host Frame: _RNvNtCsiVHaJpKZL7S_3std2rt19lang_start_internal [0x6c0082] in xtask
=========         Host Frame: main [0x8a0214] in xtask
========= 
========= Barrier error detected. Divergent thread(s) in block.
=========     at native_mtp_q8_sliced_k_fc_c4+0x2280
=========     by thread (41,0,0) in block (2,0,0)
=========     Saved host backtrace up to driver entry point at kernel launch time
=========         Host Frame: cuLaunchKernel [0x3f268a] in libcuda.so.1
=========         Host Frame: _RNvMs7_NtNtNtCs7B1mgaSUMqZ_15mesh_specialize7kernels4cuda6driverNtB5_8Function6launch [0x3829b1] in xtask
=========         Host Frame: _RNvNtCs7B1mgaSUMqZ_15mesh_specialize7kernels22native_mtp_q8_fc_trial [0x3da35f] in xtask
=========         Host Frame: _RNvNtNtCsiPimAIRWmYX_5xtask10specialize5probe16native_mtp_q8_fc [0x880774] in xtask
=========         Host Frame: _RNvCsiPimAIRWmYX_5xtask4main [0x815f97] in xtask
=========         Host Frame: _RINvNtNtCsiVHaJpKZL7S_3std3sys9backtrace28___rust_begin_short_backtraceFEuuECsiPimAIRWmYX_5xtask [0x7de1e2] in xtask
=========         Host Frame: _RNCINvNtCsiVHaJpKZL7S_3std2rt10lang_startuE0CsiPimAIRWmYX_5xtask [0x814bb8] in xtask
=========         Host Frame: _RNvNtCsiVHaJpKZL7S_3std2rt19lang_start_internal [0x6c0082] in xtask
=========         Host Frame: main [0x8a0214] in xtask
========= 
========= Barrier error detected. Divergent thread(s) in block.
=========     at native_mtp_q8_sliced_k_fc_c4+0x2280
=========     by thread (42,0,0) in block (2,0,0)
=========     Saved host backtrace up to driver entry point at kernel launch time
=========         Host Frame: cuLaunchKernel [0x3f268a] in libcuda.so.1
=========         Host Frame: _RNvMs7_NtNtNtCs7B1mgaSUMqZ_15mesh_specialize7kernels4cuda6driverNtB5_8Function6launch [0x3829b1] in xtask
=========         Host Frame: _RNvNtCs7B1mgaSUMqZ_15mesh_specialize7kernels22native_mtp_q8_fc_trial [0x3da35f] in xtask
=========         Host Frame: _RNvNtNtCsiPimAIRWmYX_5xtask10specialize5probe16native_mtp_q8_fc [0x880774] in xtask
=========         Host Frame: _RNvCsiPimAIRWmYX_5xtask4main [0x815f97] in xtask
=========         Host Frame: _RINvNtNtCsiVHaJpKZL7S_3std3sys9backtrace28___rust_begin_short_backtraceFEuuECsiPimAIRWmYX_5xtask [0x7de1e2] in xtask
=========         Host Frame: _RNCINvNtCsiVHaJpKZL7S_3std2rt10lang_startuE0CsiPimAIRWmYX_5xtask [0x814bb8] in xtask
=========         Host Frame: _RNvNtCsiVHaJpKZL7S_3std2rt19lang_start_internal [0x6c0082] in xtask
=========         Host Frame: main [0x8a0214] in xtask
========= 
========= Barrier error detected. Divergent thread(s) in block.
=========     at native_mtp_q8_sliced_k_fc_c4+0x2280
=========     by thread (43,0,0) in block (2,0,0)
=========     Saved host backtrace up to driver entry point at kernel launch time
=========         Host Frame: cuLaunchKernel [0x3f268a] in libcuda.so.1
=========         Host Frame: _RNvMs7_NtNtNtCs7B1mgaSUMqZ_15mesh_specialize7kernels4cuda6driverNtB5_8Function6launch [0x3829b1] in xtask
=========         Host Frame: _RNvNtCs7B1mgaSUMqZ_15mesh_specialize7kernels22native_mtp_q8_fc_trial [0x3da35f] in xtask
=========         Host Frame: _RNvNtNtCsiPimAIRWmYX_5xtask10specialize5probe16native_mtp_q8_fc [0x880774] in xtask
=========         Host Frame: _RNvCsiPimAIRWmYX_5xtask4main [0x815f97] in xtask
=========         Host Frame: _RINvNtNtCsiVHaJpKZL7S_3std3sys9backtrace28___rust_begin_short_backtraceFEuuECsiPimAIRWmYX_5xtask [0x7de1e2] in xtask
=========         Host Frame: _RNCINvNtCsiVHaJpKZL7S_3std2rt10lang_startuE0CsiPimAIRWmYX_5xtask [0x814bb8] in xtask
=========         Host Frame: _RNvNtCsiVHaJpKZL7S_3std2rt19lang_start_internal [0x6c0082] in xtask
=========         Host Frame: main [0x8a0214] in xtask
========= 
========= Barrier error detected. Divergent thread(s) in block.
=========     at native_mtp_q8_sliced_k_fc_c4+0x2280
=========     by thread (44,0,0) in block (2,0,0)
=========     Saved host backtrace up to driver entry point at kernel launch time
=========         Host Frame: cuLaunchKernel [0x3f268a] in libcuda.so.1
=========         Host Frame: _RNvMs7_NtNtNtCs7B1mgaSUMqZ_15mesh_specialize7kernels4cuda6driverNtB5_8Function6launch [0x3829b1] in xtask
=========         Host Frame: _RNvNtCs7B1mgaSUMqZ_15mesh_specialize7kernels22native_mtp_q8_fc_trial [0x3da35f] in xtask
=========         Host Frame: _RNvNtNtCsiPimAIRWmYX_5xtask10specialize5probe16native_mtp_q8_fc [0x880774] in xtask
=========         Host Frame: _RNvCsiPimAIRWmYX_5xtask4main [0x815f97] in xtask
=========         Host Frame: _RINvNtNtCsiVHaJpKZL7S_3std3sys9backtrace28___rust_begin_short_backtraceFEuuECsiPimAIRWmYX_5xtask [0x7de1e2] in xtask
=========         Host Frame: _RNCINvNtCsiVHaJpKZL7S_3std2rt10lang_startuE0CsiPimAIRWmYX_5xtask [0x814bb8] in xtask
=========         Host Frame: _RNvNtCsiVHaJpKZL7S_3std2rt19lang_start_internal [0x6c0082] in xtask
=========         Host Frame: main [0x8a0214] in xtask
========= 
========= Barrier error detected. Divergent thread(s) in block.
=========     at native_mtp_q8_sliced_k_fc_c4+0x2280
=========     by thread (45,0,0) in block (2,0,0)
=========     Saved host backtrace up to driver entry point at kernel launch time
=========         Host Frame: cuLaunchKernel [0x3f268a] in libcuda.so.1
=========         Host Frame: _RNvMs7_NtNtNtCs7B1mgaSUMqZ_15mesh_specialize7kernels4cuda6driverNtB5_8Function6launch [0x3829b1] in xtask
=========         Host Frame: _RNvNtCs7B1mgaSUMqZ_15mesh_specialize7kernels22native_mtp_q8_fc_trial [0x3da35f] in xtask
=========         Host Frame: _RNvNtNtCsiPimAIRWmYX_5xtask10specialize5probe16native_mtp_q8_fc [0x880774] in xtask
=========         Host Frame: _RNvCsiPimAIRWmYX_5xtask4main [0x815f97] in xtask
=========         Host Frame: _RINvNtNtCsiVHaJpKZL7S_3std3sys9backtrace28___rust_begin_short_backtraceFEuuECsiPimAIRWmYX_5xtask [0x7de1e2] in xtask
=========         Host Frame: _RNCINvNtCsiVHaJpKZL7S_3std2rt10lang_startuE0CsiPimAIRWmYX_5xtask [0x814bb8] in xtask
=========         Host Frame: _RNvNtCsiVHaJpKZL7S_3std2rt19lang_start_internal [0x6c0082] in xtask
=========         Host Frame: main [0x8a0214] in xtask
========= 
========= Barrier error detected. Divergent thread(s) in block.
=========     at native_mtp_q8_sliced_k_fc_c4+0x2280
=========     by thread (46,0,0) in block (2,0,0)
=========     Saved host backtrace up to driver entry point at kernel launch time
=========         Host Frame: cuLaunchKernel [0x3f268a] in libcuda.so.1
=========         Host Frame: _RNvMs7_NtNtNtCs7B1mgaSUMqZ_15mesh_specialize7kernels4cuda6driverNtB5_8Function6launch [0x3829b1] in xtask
=========         Host Frame: _RNvNtCs7B1mgaSUMqZ_15mesh_specialize7kernels22native_mtp_q8_fc_trial [0x3da35f] in xtask
=========         Host Frame: _RNvNtNtCsiPimAIRWmYX_5xtask10specialize5probe16native_mtp_q8_fc [0x880774] in xtask
=========         Host Frame: _RNvCsiPimAIRWmYX_5xtask4main [0x815f97] in xtask
=========         Host Frame: _RINvNtNtCsiVHaJpKZL7S_3std3sys9backtrace28___rust_begin_short_backtraceFEuuECsiPimAIRWmYX_5xtask [0x7de1e2] in xtask
=========         Host Frame: _RNCINvNtCsiVHaJpKZL7S_3std2rt10lang_startuE0CsiPimAIRWmYX_5xtask [0x814bb8] in xtask
=========         Host Frame: _RNvNtCsiVHaJpKZL7S_3std2rt19lang_start_internal [0x6c0082] in xtask
=========         Host Frame: main [0x8a0214] in xtask
========= 
========= Barrier error detected. Divergent thread(s) in block.
=========     at native_mtp_q8_sliced_k_fc_c4+0x2280
=========     by thread (47,0,0) in block (2,0,0)
=========     Saved host backtrace up to driver entry point at kernel launch time
=========         Host Frame: cuLaunchKernel [0x3f268a] in libcuda.so.1
=========         Host Frame: _RNvMs7_NtNtNtCs7B1mgaSUMqZ_15mesh_specialize7kernels4cuda6driverNtB5_8Function6launch [0x3829b1] in xtask
=========         Host Frame: _RNvNtCs7B1mgaSUMqZ_15mesh_specialize7kernels22native_mtp_q8_fc_trial [0x3da35f] in xtask
=========         Host Frame: _RNvNtNtCsiPimAIRWmYX_5xtask10specialize5probe16native_mtp_q8_fc [0x880774] in xtask
=========         Host Frame: _RNvCsiPimAIRWmYX_5xtask4main [0x815f97] in xtask
=========         Host Frame: _RINvNtNtCsiVHaJpKZL7S_3std3sys9backtrace28___rust_begin_short_backtraceFEuuECsiPimAIRWmYX_5xtask [0x7de1e2] in xtask
=========         Host Frame: _RNCINvNtCsiVHaJpKZL7S_3std2rt10lang_startuE0CsiPimAIRWmYX_5xtask [0x814bb8] in xtask
=========         Host Frame: _RNvNtCsiVHaJpKZL7S_3std2rt19lang_start_internal [0x6c0082] in xtask
=========         Host Frame: main [0x8a0214] in xtask
========= 
========= Barrier error detected. Divergent thread(s) in block.
=========     at native_mtp_q8_sliced_k_fc_c4+0x2280
=========     by thread (48,0,0) in block (2,0,0)
=========     Saved host backtrace up to driver entry point at kernel launch time
=========         Host Frame: cuLaunchKernel [0x3f268a] in libcuda.so.1
=========         Host Frame: _RNvMs7_NtNtNtCs7B1mgaSUMqZ_15mesh_specialize7kernels4cuda6driverNtB5_8Function6launch [0x3829b1] in xtask
=========         Host Frame: _RNvNtCs7B1mgaSUMqZ_15mesh_specialize7kernels22native_mtp_q8_fc_trial [0x3da35f] in xtask
=========         Host Frame: _RNvNtNtCsiPimAIRWmYX_5xtask10specialize5probe16native_mtp_q8_fc [0x880774] in xtask
=========         Host Frame: _RNvCsiPimAIRWmYX_5xtask4main [0x815f97] in xtask
=========         Host Frame: _RINvNtNtCsiVHaJpKZL7S_3std3sys9backtrace28___rust_begin_short_backtraceFEuuECsiPimAIRWmYX_5xtask [0x7de1e2] in xtask
=========         Host Frame: _RNCINvNtCsiVHaJpKZL7S_3std2rt10lang_startuE0CsiPimAIRWmYX_5xtask [0x814bb8] in xtask
=========         Host Frame: _RNvNtCsiVHaJpKZL7S_3std2rt19lang_start_internal [0x6c0082] in xtask
=========         Host Frame: main [0x8a0214] in xtask
========= 
========= Barrier error detected. Divergent thread(s) in block.
=========     at native_mtp_q8_sliced_k_fc_c4+0x2280
=========     by thread (49,0,0) in block (2,0,0)
=========     Saved host backtrace up to driver entry point at kernel launch time
=========         Host Frame: cuLaunchKernel [0x3f268a] in libcuda.so.1
=========         Host Frame: _RNvMs7_NtNtNtCs7B1mgaSUMqZ_15mesh_specialize7kernels4cuda6driverNtB5_8Function6launch [0x3829b1] in xtask
=========         Host Frame: _RNvNtCs7B1mgaSUMqZ_15mesh_specialize7kernels22native_mtp_q8_fc_trial [0x3da35f] in xtask
=========         Host Frame: _RNvNtNtCsiPimAIRWmYX_5xtask10specialize5probe16native_mtp_q8_fc [0x880774] in xtask
=========         Host Frame: _RNvCsiPimAIRWmYX_5xtask4main [0x815f97] in xtask
=========         Host Frame: _RINvNtNtCsiVHaJpKZL7S_3std3sys9backtrace28___rust_begin_short_backtraceFEuuECsiPimAIRWmYX_5xtask [0x7de1e2] in xtask
=========         Host Frame: _RNCINvNtCsiVHaJpKZL7S_3std2rt10lang_startuE0CsiPimAIRWmYX_5xtask [0x814bb8] in xtask
=========         Host Frame: _RNvNtCsiVHaJpKZL7S_3std2rt19lang_start_internal [0x6c0082] in xtask
=========         Host Frame: main [0x8a0214] in xtask
========= 
========= Barrier error detected. Divergent thread(s) in block.
=========     at native_mtp_q8_sliced_k_fc_c4+0x2280
=========     by thread (50,0,0) in block (2,0,0)
=========     Saved host backtrace up to driver entry point at kernel launch time
=========         Host Frame: cuLaunchKernel [0x3f268a] in libcuda.so.1
=========         Host Frame: _RNvMs7_NtNtNtCs7B1mgaSUMqZ_15mesh_specialize7kernels4cuda6driverNtB5_8Function6launch [0x3829b1] in xtask
=========         Host Frame: _RNvNtCs7B1mgaSUMqZ_15mesh_specialize7kernels22native_mtp_q8_fc_trial [0x3da35f] in xtask
=========         Host Frame: _RNvNtNtCsiPimAIRWmYX_5xtask10specialize5probe16native_mtp_q8_fc [0x880774] in xtask
=========         Host Frame: _RNvCsiPimAIRWmYX_5xtask4main [0x815f97] in xtask
=========         Host Frame: _RINvNtNtCsiVHaJpKZL7S_3std3sys9backtrace28___rust_begin_short_backtraceFEuuECsiPimAIRWmYX_5xtask [0x7de1e2] in xtask
=========         Host Frame: _RNCINvNtCsiVHaJpKZL7S_3std2rt10lang_startuE0CsiPimAIRWmYX_5xtask [0x814bb8] in xtask
=========         Host Frame: _RNvNtCsiVHaJpKZL7S_3std2rt19lang_start_internal [0x6c0082] in xtask
=========         Host Frame: main [0x8a0214] in xtask
========= 
========= Barrier error detected. Divergent thread(s) in block.
=========     at native_mtp_q8_sliced_k_fc_c4+0x2280
=========     by thread (51,0,0) in block (2,0,0)
=========     Saved host backtrace up to driver entry point at kernel launch time
=========         Host Frame: cuLaunchKernel [0x3f268a] in libcuda.so.1
=========         Host Frame: _RNvMs7_NtNtNtCs7B1mgaSUMqZ_15mesh_specialize7kernels4cuda6driverNtB5_8Function6launch [0x3829b1] in xtask
=========         Host Frame: _RNvNtCs7B1mgaSUMqZ_15mesh_specialize7kernels22native_mtp_q8_fc_trial [0x3da35f] in xtask
=========         Host Frame: _RNvNtNtCsiPimAIRWmYX_5xtask10specialize5probe16native_mtp_q8_fc [0x880774] in xtask
=========         Host Frame: _RNvCsiPimAIRWmYX_5xtask4main [0x815f97] in xtask
=========         Host Frame: _RINvNtNtCsiVHaJpKZL7S_3std3sys9backtrace28___rust_begin_short_backtraceFEuuECsiPimAIRWmYX_5xtask [0x7de1e2] in xtask
=========         Host Frame: _RNCINvNtCsiVHaJpKZL7S_3std2rt10lang_startuE0CsiPimAIRWmYX_5xtask [0x814bb8] in xtask
=========         Host Frame: _RNvNtCsiVHaJpKZL7S_3std2rt19lang_start_internal [0x6c0082] in xtask
=========         Host Frame: main [0x8a0214] in xtask
========= 
========= Barrier error detected. Divergent thread(s) in block.
=========     at native_mtp_q8_sliced_k_fc_c4+0x2280
=========     by thread (52,0,0) in block (2,0,0)
=========     Saved host backtrace up to driver entry point at kernel launch time
=========         Host Frame: cuLaunchKernel [0x3f268a] in libcuda.so.1
=========         Host Frame: _RNvMs7_NtNtNtCs7B1mgaSUMqZ_15mesh_specialize7kernels4cuda6driverNtB5_8Function6launch [0x3829b1] in xtask
=========         Host Frame: _RNvNtCs7B1mgaSUMqZ_15mesh_specialize7kernels22native_mtp_q8_fc_trial [0x3da35f] in xtask
=========         Host Frame: _RNvNtNtCsiPimAIRWmYX_5xtask10specialize5probe16native_mtp_q8_fc [0x880774] in xtask
=========         Host Frame: _RNvCsiPimAIRWmYX_5xtask4main [0x815f97] in xtask
=========         Host Frame: _RINvNtNtCsiVHaJpKZL7S_3std3sys9backtrace28___rust_begin_short_backtraceFEuuECsiPimAIRWmYX_5xtask [0x7de1e2] in xtask
=========         Host Frame: _RNCINvNtCsiVHaJpKZL7S_3std2rt10lang_startuE0CsiPimAIRWmYX_5xtask [0x814bb8] in xtask
=========         Host Frame: _RNvNtCsiVHaJpKZL7S_3std2rt19lang_start_internal [0x6c0082] in xtask
=========         Host Frame: main [0x8a0214] in xtask
========= 
========= Barrier error detected. Divergent thread(s) in block.
=========     at native_mtp_q8_sliced_k_fc_c4+0x2280
=========     by thread (53,0,0) in block (2,0,0)
=========     Saved host backtrace up to driver entry point at kernel launch time
=========         Host Frame: cuLaunchKernel [0x3f268a] in libcuda.so.1
=========         Host Frame: _RNvMs7_NtNtNtCs7B1mgaSUMqZ_15mesh_specialize7kernels4cuda6driverNtB5_8Function6launch [0x3829b1] in xtask
=========         Host Frame: _RNvNtCs7B1mgaSUMqZ_15mesh_specialize7kernels22native_mtp_q8_fc_trial [0x3da35f] in xtask
=========         Host Frame: _RNvNtNtCsiPimAIRWmYX_5xtask10specialize5probe16native_mtp_q8_fc [0x880774] in xtask
=========         Host Frame: _RNvCsiPimAIRWmYX_5xtask4main [0x815f97] in xtask
=========         Host Frame: _RINvNtNtCsiVHaJpKZL7S_3std3sys9backtrace28___rust_begin_short_backtraceFEuuECsiPimAIRWmYX_5xtask [0x7de1e2] in xtask
=========         Host Frame: _RNCINvNtCsiVHaJpKZL7S_3std2rt10lang_startuE0CsiPimAIRWmYX_5xtask [0x814bb8] in xtask
=========         Host Frame: _RNvNtCsiVHaJpKZL7S_3std2rt19lang_start_internal [0x6c0082] in xtask
=========         Host Frame: main [0x8a0214] in xtask
========= 
========= Barrier error detected. Divergent thread(s) in block.
=========     at native_mtp_q8_sliced_k_fc_c4+0x2280
=========     by thread (54,0,0) in block (2,0,0)
=========     Saved host backtrace up to driver entry point at kernel launch time
=========         Host Frame: cuLaunchKernel [0x3f268a] in libcuda.so.1
=========         Host Frame: _RNvMs7_NtNtNtCs7B1mgaSUMqZ_15mesh_specialize7kernels4cuda6driverNtB5_8Function6launch [0x3829b1] in xtask
=========         Host Frame: _RNvNtCs7B1mgaSUMqZ_15mesh_specialize7kernels22native_mtp_q8_fc_trial [0x3da35f] in xtask
=========         Host Frame: _RNvNtNtCsiPimAIRWmYX_5xtask10specialize5probe16native_mtp_q8_fc [0x880774] in xtask
=========         Host Frame: _RNvCsiPimAIRWmYX_5xtask4main [0x815f97] in xtask
=========         Host Frame: _RINvNtNtCsiVHaJpKZL7S_3std3sys9backtrace28___rust_begin_short_backtraceFEuuECsiPimAIRWmYX_5xtask [0x7de1e2] in xtask
=========         Host Frame: _RNCINvNtCsiVHaJpKZL7S_3std2rt10lang_startuE0CsiPimAIRWmYX_5xtask [0x814bb8] in xtask
=========         Host Frame: _RNvNtCsiVHaJpKZL7S_3std2rt19lang_start_internal [0x6c0082] in xtask
=========         Host Frame: main [0x8a0214] in xtask
========= 
========= Barrier error detected. Divergent thread(s) in block.
=========     at native_mtp_q8_sliced_k_fc_c4+0x2280
=========     by thread (55,0,0) in block (2,0,0)
=========     Saved host backtrace up to driver entry point at kernel launch time
=========         Host Frame: cuLaunchKernel [0x3f268a] in libcuda.so.1
=========         Host Frame: _RNvMs7_NtNtNtCs7B1mgaSUMqZ_15mesh_specialize7kernels4cuda6driverNtB5_8Function6launch [0x3829b1] in xtask
=========         Host Frame: _RNvNtCs7B1mgaSUMqZ_15mesh_specialize7kernels22native_mtp_q8_fc_trial [0x3da35f] in xtask
=========         Host Frame: _RNvNtNtCsiPimAIRWmYX_5xtask10specialize5probe16native_mtp_q8_fc [0x880774] in xtask
=========         Host Frame: _RNvCsiPimAIRWmYX_5xtask4main [0x815f97] in xtask
=========         Host Frame: _RINvNtNtCsiVHaJpKZL7S_3std3sys9backtrace28___rust_begin_short_backtraceFEuuECsiPimAIRWmYX_5xtask [0x7de1e2] in xtask
=========         Host Frame: _RNCINvNtCsiVHaJpKZL7S_3std2rt10lang_startuE0CsiPimAIRWmYX_5xtask [0x814bb8] in xtask
=========         Host Frame: _RNvNtCsiVHaJpKZL7S_3std2rt19lang_start_internal [0x6c0082] in xtask
=========         Host Frame: main [0x8a0214] in xtask
========= 
========= Barrier error detected. Divergent thread(s) in block.
=========     at native_mtp_q8_sliced_k_fc_c4+0x2280
=========     by thread (56,0,0) in block (2,0,0)
=========     Saved host backtrace up to driver entry point at kernel launch time
=========         Host Frame: cuLaunchKernel [0x3f268a] in libcuda.so.1
=========         Host Frame: _RNvMs7_NtNtNtCs7B1mgaSUMqZ_15mesh_specialize7kernels4cuda6driverNtB5_8Function6launch [0x3829b1] in xtask
=========         Host Frame: _RNvNtCs7B1mgaSUMqZ_15mesh_specialize7kernels22native_mtp_q8_fc_trial [0x3da35f] in xtask
=========         Host Frame: _RNvNtNtCsiPimAIRWmYX_5xtask10specialize5probe16native_mtp_q8_fc [0x880774] in xtask
=========         Host Frame: _RNvCsiPimAIRWmYX_5xtask4main [0x815f97] in xtask
=========         Host Frame: _RINvNtNtCsiVHaJpKZL7S_3std3sys9backtrace28___rust_begin_short_backtraceFEuuECsiPimAIRWmYX_5xtask [0x7de1e2] in xtask
=========         Host Frame: _RNCINvNtCsiVHaJpKZL7S_3std2rt10lang_startuE0CsiPimAIRWmYX_5xtask [0x814bb8] in xtask
=========         Host Frame: _RNvNtCsiVHaJpKZL7S_3std2rt19lang_start_internal [0x6c0082] in xtask
=========         Host Frame: main [0x8a0214] in xtask
========= 
========= Barrier error detected. Divergent thread(s) in block.
=========     at native_mtp_q8_sliced_k_fc_c4+0x2280
=========     by thread (57,0,0) in block (2,0,0)
=========     Saved host backtrace up to driver entry point at kernel launch time
=========         Host Frame: cuLaunchKernel [0x3f268a] in libcuda.so.1
=========         Host Frame: _RNvMs7_NtNtNtCs7B1mgaSUMqZ_15mesh_specialize7kernels4cuda6driverNtB5_8Function6launch [0x3829b1] in xtask
=========         Host Frame: _RNvNtCs7B1mgaSUMqZ_15mesh_specialize7kernels22native_mtp_q8_fc_trial [0x3da35f] in xtask
=========         Host Frame: _RNvNtNtCsiPimAIRWmYX_5xtask10specialize5probe16native_mtp_q8_fc [0x880774] in xtask
=========         Host Frame: _RNvCsiPimAIRWmYX_5xtask4main [0x815f97] in xtask
=========         Host Frame: _RINvNtNtCsiVHaJpKZL7S_3std3sys9backtrace28___rust_begin_short_backtraceFEuuECsiPimAIRWmYX_5xtask [0x7de1e2] in xtask
=========         Host Frame: _RNCINvNtCsiVHaJpKZL7S_3std2rt10lang_startuE0CsiPimAIRWmYX_5xtask [0x814bb8] in xtask
=========         Host Frame: _RNvNtCsiVHaJpKZL7S_3std2rt19lang_start_internal [0x6c0082] in xtask
=========         Host Frame: main [0x8a0214] in xtask
========= 
========= Barrier error detected. Divergent thread(s) in block.
=========     at native_mtp_q8_sliced_k_fc_c4+0x2280
=========     by thread (58,0,0) in block (2,0,0)
=========     Saved host backtrace up to driver entry point at kernel launch time
=========         Host Frame: cuLaunchKernel [0x3f268a] in libcuda.so.1
=========         Host Frame: _RNvMs7_NtNtNtCs7B1mgaSUMqZ_15mesh_specialize7kernels4cuda6driverNtB5_8Function6launch [0x3829b1] in xtask
=========         Host Frame: _RNvNtCs7B1mgaSUMqZ_15mesh_specialize7kernels22native_mtp_q8_fc_trial [0x3da35f] in xtask
=========         Host Frame: _RNvNtNtCsiPimAIRWmYX_5xtask10specialize5probe16native_mtp_q8_fc [0x880774] in xtask
=========         Host Frame: _RNvCsiPimAIRWmYX_5xtask4main [0x815f97] in xtask
=========         Host Frame: _RINvNtNtCsiVHaJpKZL7S_3std3sys9backtrace28___rust_begin_short_backtraceFEuuECsiPimAIRWmYX_5xtask [0x7de1e2] in xtask
=========         Host Frame: _RNCINvNtCsiVHaJpKZL7S_3std2rt10lang_startuE0CsiPimAIRWmYX_5xtask [0x814bb8] in xtask
=========         Host Frame: _RNvNtCsiVHaJpKZL7S_3std2rt19lang_start_internal [0x6c0082] in xtask
=========         Host Frame: main [0x8a0214] in xtask
========= 
========= Barrier error detected. Divergent thread(s) in block.
=========     at native_mtp_q8_sliced_k_fc_c4+0x2280
=========     by thread (59,0,0) in block (2,0,0)
=========     Saved host backtrace up to driver entry point at kernel launch time
=========         Host Frame: cuLaunchKernel [0x3f268a] in libcuda.so.1
=========         Host Frame: _RNvMs7_NtNtNtCs7B1mgaSUMqZ_15mesh_specialize7kernels4cuda6driverNtB5_8Function6launch [0x3829b1] in xtask
=========         Host Frame: _RNvNtCs7B1mgaSUMqZ_15mesh_specialize7kernels22native_mtp_q8_fc_trial [0x3da35f] in xtask
=========         Host Frame: _RNvNtNtCsiPimAIRWmYX_5xtask10specialize5probe16native_mtp_q8_fc [0x880774] in xtask
=========         Host Frame: _RNvCsiPimAIRWmYX_5xtask4main [0x815f97] in xtask
=========         Host Frame: _RINvNtNtCsiVHaJpKZL7S_3std3sys9backtrace28___rust_begin_short_backtraceFEuuECsiPimAIRWmYX_5xtask [0x7de1e2] in xtask
=========         Host Frame: _RNCINvNtCsiVHaJpKZL7S_3std2rt10lang_startuE0CsiPimAIRWmYX_5xtask [0x814bb8] in xtask
=========         Host Frame: _RNvNtCsiVHaJpKZL7S_3std2rt19lang_start_internal [0x6c0082] in xtask
=========         Host Frame: main [0x8a0214] in xtask
========= 
========= Barrier error detected. Divergent thread(s) in block.
=========     at native_mtp_q8_sliced_k_fc_c4+0x2280
=========     by thread (60,0,0) in block (2,0,0)
=========     Saved host backtrace up to driver entry point at kernel launch time
=========         Host Frame: cuLaunchKernel [0x3f268a] in libcuda.so.1
=========         Host Frame: _RNvMs7_NtNtNtCs7B1mgaSUMqZ_15mesh_specialize7kernels4cuda6driverNtB5_8Function6launch [0x3829b1] in xtask
=========         Host Frame: _RNvNtCs7B1mgaSUMqZ_15mesh_specialize7kernels22native_mtp_q8_fc_trial [0x3da35f] in xtask
=========         Host Frame: _RNvNtNtCsiPimAIRWmYX_5xtask10specialize5probe16native_mtp_q8_fc [0x880774] in xtask
=========         Host Frame: _RNvCsiPimAIRWmYX_5xtask4main [0x815f97] in xtask
=========         Host Frame: _RINvNtNtCsiVHaJpKZL7S_3std3sys9backtrace28___rust_begin_short_backtraceFEuuECsiPimAIRWmYX_5xtask [0x7de1e2] in xtask
=========         Host Frame: _RNCINvNtCsiVHaJpKZL7S_3std2rt10lang_startuE0CsiPimAIRWmYX_5xtask [0x814bb8] in xtask
=========         Host Frame: _RNvNtCsiVHaJpKZL7S_3std2rt19lang_start_internal [0x6c0082] in xtask
=========         Host Frame: main [0x8a0214] in xtask
========= 
========= Barrier error detected. Divergent thread(s) in block.
=========     at native_mtp_q8_sliced_k_fc_c4+0x2280
=========     by thread (61,0,0) in block (2,0,0)
=========     Saved host backtrace up to driver entry point at kernel launch time
=========         Host Frame: cuLaunchKernel [0x3f268a] in libcuda.so.1
=========         Host Frame: _RNvMs7_NtNtNtCs7B1mgaSUMqZ_15mesh_specialize7kernels4cuda6driverNtB5_8Function6launch [0x3829b1] in xtask
=========         Host Frame: _RNvNtCs7B1mgaSUMqZ_15mesh_specialize7kernels22native_mtp_q8_fc_trial [0x3da35f] in xtask
=========         Host Frame: _RNvNtNtCsiPimAIRWmYX_5xtask10specialize5probe16native_mtp_q8_fc [0x880774] in xtask
=========         Host Frame: _RNvCsiPimAIRWmYX_5xtask4main [0x815f97] in xtask
=========         Host Frame: _RINvNtNtCsiVHaJpKZL7S_3std3sys9backtrace28___rust_begin_short_backtraceFEuuECsiPimAIRWmYX_5xtask [0x7de1e2] in xtask
=========         Host Frame: _RNCINvNtCsiVHaJpKZL7S_3std2rt10lang_startuE0CsiPimAIRWmYX_5xtask [0x814bb8] in xtask
=========         Host Frame: _RNvNtCsiVHaJpKZL7S_3std2rt19lang_start_internal [0x6c0082] in xtask
=========         Host Frame: main [0x8a0214] in xtask
========= 
========= Barrier error detected. Divergent thread(s) in block.
=========     at native_mtp_q8_sliced_k_fc_c4+0x2280
=========     by thread (62,0,0) in block (2,0,0)
=========     Saved host backtrace up to driver entry point at kernel launch time
=========         Host Frame: cuLaunchKernel [0x3f268a] in libcuda.so.1
=========         Host Frame: _RNvMs7_NtNtNtCs7B1mgaSUMqZ_15mesh_specialize7kernels4cuda6driverNtB5_8Function6launch [0x3829b1] in xtask
=========         Host Frame: _RNvNtCs7B1mgaSUMqZ_15mesh_specialize7kernels22native_mtp_q8_fc_trial [0x3da35f] in xtask
=========         Host Frame: _RNvNtNtCsiPimAIRWmYX_5xtask10specialize5probe16native_mtp_q8_fc [0x880774] in xtask
=========         Host Frame: _RNvCsiPimAIRWmYX_5xtask4main [0x815f97] in xtask
=========         Host Frame: _RINvNtNtCsiVHaJpKZL7S_3std3sys9backtrace28___rust_begin_short_backtraceFEuuECsiPimAIRWmYX_5xtask [0x7de1e2] in xtask
=========         Host Frame: _RNCINvNtCsiVHaJpKZL7S_3std2rt10lang_startuE0CsiPimAIRWmYX_5xtask [0x814bb8] in xtask
=========         Host Frame: _RNvNtCsiVHaJpKZL7S_3std2rt19lang_start_internal [0x6c0082] in xtask
=========         Host Frame: main [0x8a0214] in xtask
========= 
========= Barrier error detected. Divergent thread(s) in block.
=========     at native_mtp_q8_sliced_k_fc_c4+0x2280
=========     by thread (63,0,0) in block (2,0,0)
=========     Saved host backtrace up to driver entry point at kernel launch time
=========         Host Frame: cuLaunchKernel [0x3f268a] in libcuda.so.1
=========         Host Frame: _RNvMs7_NtNtNtCs7B1mgaSUMqZ_15mesh_specialize7kernels4cuda6driverNtB5_8Function6launch [0x3829b1] in xtask
=========         Host Frame: _RNvNtCs7B1mgaSUMqZ_15mesh_specialize7kernels22native_mtp_q8_fc_trial [0x3da35f] in xtask
=========         Host Frame: _RNvNtNtCsiPimAIRWmYX_5xtask10specialize5probe16native_mtp_q8_fc [0x880774] in xtask
=========         Host Frame: _RNvCsiPimAIRWmYX_5xtask4main [0x815f97] in xtask
=========         Host Frame: _RINvNtNtCsiVHaJpKZL7S_3std3sys9backtrace28___rust_begin_short_backtraceFEuuECsiPimAIRWmYX_5xtask [0x7de1e2] in xtask
=========         Host Frame: _RNCINvNtCsiVHaJpKZL7S_3std2rt10lang_startuE0CsiPimAIRWmYX_5xtask [0x814bb8] in xtask
=========         Host Frame: _RNvNtCsiVHaJpKZL7S_3std2rt19lang_start_internal [0x6c0082] in xtask
=========         Host Frame: main [0x8a0214] in xtask
========= 
========= Barrier error detected. Divergent thread(s) in block.
=========     at native_mtp_q8_sliced_k_fc_c4+0x2280
=========     by thread (32,0,0) in block (3,0,0)
=========     Saved host backtrace up to driver entry point at kernel launch time
=========         Host Frame: cuLaunchKernel [0x3f268a] in libcuda.so.1
=========         Host Frame: _RNvMs7_NtNtNtCs7B1mgaSUMqZ_15mesh_specialize7kernels4cuda6driverNtB5_8Function6launch [0x3829b1] in xtask
=========         Host Frame: _RNvNtCs7B1mgaSUMqZ_15mesh_specialize7kernels22native_mtp_q8_fc_trial [0x3da35f] in xtask
=========         Host Frame: _RNvNtNtCsiPimAIRWmYX_5xtask10specialize5probe16native_mtp_q8_fc [0x880774] in xtask
=========         Host Frame: _RNvCsiPimAIRWmYX_5xtask4main [0x815f97] in xtask
=========         Host Frame: _RINvNtNtCsiVHaJpKZL7S_3std3sys9backtrace28___rust_begin_short_backtraceFEuuECsiPimAIRWmYX_5xtask [0x7de1e2] in xtask
=========         Host Frame: _RNCINvNtCsiVHaJpKZL7S_3std2rt10lang_startuE0CsiPimAIRWmYX_5xtask [0x814bb8] in xtask
=========         Host Frame: _RNvNtCsiVHaJpKZL7S_3std2rt19lang_start_internal [0x6c0082] in xtask
=========         Host Frame: main [0x8a0214] in xtask
========= 
========= Barrier error detected. Divergent thread(s) in block.
=========     at native_mtp_q8_sliced_k_fc_c4+0x2280
=========     by thread (33,0,0) in block (3,0,0)
=========     Saved host backtrace up to driver entry point at kernel launch time
=========         Host Frame: cuLaunchKernel [0x3f268a] in libcuda.so.1
=========         Host Frame: _RNvMs7_NtNtNtCs7B1mgaSUMqZ_15mesh_specialize7kernels4cuda6driverNtB5_8Function6launch [0x3829b1] in xtask
=========         Host Frame: _RNvNtCs7B1mgaSUMqZ_15mesh_specialize7kernels22native_mtp_q8_fc_trial [0x3da35f] in xtask
=========         Host Frame: _RNvNtNtCsiPimAIRWmYX_5xtask10specialize5probe16native_mtp_q8_fc [0x880774] in xtask
=========         Host Frame: _RNvCsiPimAIRWmYX_5xtask4main [0x815f97] in xtask
=========         Host Frame: _RINvNtNtCsiVHaJpKZL7S_3std3sys9backtrace28___rust_begin_short_backtraceFEuuECsiPimAIRWmYX_5xtask [0x7de1e2] in xtask
=========         Host Frame: _RNCINvNtCsiVHaJpKZL7S_3std2rt10lang_startuE0CsiPimAIRWmYX_5xtask [0x814bb8] in xtask
=========         Host Frame: _RNvNtCsiVHaJpKZL7S_3std2rt19lang_start_internal [0x6c0082] in xtask
=========         Host Frame: main [0x8a0214] in xtask
========= 
========= Barrier error detected. Divergent thread(s) in block.
=========     at native_mtp_q8_sliced_k_fc_c4+0x2280
=========     by thread (34,0,0) in block (3,0,0)
=========     Saved host backtrace up to driver entry point at kernel launch time
=========         Host Frame: cuLaunchKernel [0x3f268a] in libcuda.so.1
=========         Host Frame: _RNvMs7_NtNtNtCs7B1mgaSUMqZ_15mesh_specialize7kernels4cuda6driverNtB5_8Function6launch [0x3829b1] in xtask
=========         Host Frame: _RNvNtCs7B1mgaSUMqZ_15mesh_specialize7kernels22native_mtp_q8_fc_trial [0x3da35f] in xtask
=========         Host Frame: _RNvNtNtCsiPimAIRWmYX_5xtask10specialize5probe16native_mtp_q8_fc [0x880774] in xtask
=========         Host Frame: _RNvCsiPimAIRWmYX_5xtask4main [0x815f97] in xtask
=========         Host Frame: _RINvNtNtCsiVHaJpKZL7S_3std3sys9backtrace28___rust_begin_short_backtraceFEuuECsiPimAIRWmYX_5xtask [0x7de1e2] in xtask
=========         Host Frame: _RNCINvNtCsiVHaJpKZL7S_3std2rt10lang_startuE0CsiPimAIRWmYX_5xtask [0x814bb8] in xtask
=========         Host Frame: _RNvNtCsiVHaJpKZL7S_3std2rt19lang_start_internal [0x6c0082] in xtask
=========         Host Frame: main [0x8a0214] in xtask
========= 
========= Barrier error detected. Divergent thread(s) in block.
=========     at native_mtp_q8_sliced_k_fc_c4+0x2280
=========     by thread (35,0,0) in block (3,0,0)
=========     Saved host backtrace up to driver entry point at kernel launch time
=========         Host Frame: cuLaunchKernel [0x3f268a] in libcuda.so.1
=========         Host Frame: _RNvMs7_NtNtNtCs7B1mgaSUMqZ_15mesh_specialize7kernels4cuda6driverNtB5_8Function6launch [0x3829b1] in xtask
=========         Host Frame: _RNvNtCs7B1mgaSUMqZ_15mesh_specialize7kernels22native_mtp_q8_fc_trial [0x3da35f] in xtask
=========         Host Frame: _RNvNtNtCsiPimAIRWmYX_5xtask10specialize5probe16native_mtp_q8_fc [0x880774] in xtask
=========         Host Frame: _RNvCsiPimAIRWmYX_5xtask4main [0x815f97] in xtask
=========         Host Frame: _RINvNtNtCsiVHaJpKZL7S_3std3sys9backtrace28___rust_begin_short_backtraceFEuuECsiPimAIRWmYX_5xtask [0x7de1e2] in xtask
=========         Host Frame: _RNCINvNtCsiVHaJpKZL7S_3std2rt10lang_startuE0CsiPimAIRWmYX_5xtask [0x814bb8] in xtask
=========         Host Frame: _RNvNtCsiVHaJpKZL7S_3std2rt19lang_start_internal [0x6c0082] in xtask
=========         Host Frame: main [0x8a0214] in xtask
========= 
========= Barrier error detected. Divergent thread(s) in block.
=========     at native_mtp_q8_sliced_k_fc_c4+0x2280
=========     by thread (36,0,0) in block (3,0,0)
=========     Saved host backtrace up to driver entry point at kernel launch time
=========         Host Frame: cuLaunchKernel [0x3f268a] in libcuda.so.1
=========         Host Frame: _RNvMs7_NtNtNtCs7B1mgaSUMqZ_15mesh_specialize7kernels4cuda6driverNtB5_8Function6launch [0x3829b1] in xtask
=========         Host Frame: _RNvNtCs7B1mgaSUMqZ_15mesh_specialize7kernels22native_mtp_q8_fc_trial [0x3da35f] in xtask
=========         Host Frame: _RNvNtNtCsiPimAIRWmYX_5xtask10specialize5probe16native_mtp_q8_fc [0x880774] in xtask
=========         Host Frame: _RNvCsiPimAIRWmYX_5xtask4main [0x815f97] in xtask
=========         Host Frame: _RINvNtNtCsiVHaJpKZL7S_3std3sys9backtrace28___rust_begin_short_backtraceFEuuECsiPimAIRWmYX_5xtask [0x7de1e2] in xtask
=========         Host Frame: _RNCINvNtCsiVHaJpKZL7S_3std2rt10lang_startuE0CsiPimAIRWmYX_5xtask [0x814bb8] in xtask
=========         Host Frame: _RNvNtCsiVHaJpKZL7S_3std2rt19lang_start_internal [0x6c0082] in xtask
=========         Host Frame: main [0x8a0214] in xtask
========= 
========= Barrier error detected. Divergent thread(s) in block.
=========     at native_mtp_q8_sliced_k_fc_c4+0x2280
=========     by thread (37,0,0) in block (3,0,0)
=========     Saved host backtrace up to driver entry point at kernel launch time
=========         Host Frame: cuLaunchKernel [0x3f268a] in libcuda.so.1
=========         Host Frame: _RNvMs7_NtNtNtCs7B1mgaSUMqZ_15mesh_specialize7kernels4cuda6driverNtB5_8Function6launch [0x3829b1] in xtask
=========         Host Frame: _RNvNtCs7B1mgaSUMqZ_15mesh_specialize7kernels22native_mtp_q8_fc_trial [0x3da35f] in xtask
=========         Host Frame: _RNvNtNtCsiPimAIRWmYX_5xtask10specialize5probe16native_mtp_q8_fc [0x880774] in xtask
=========         Host Frame: _RNvCsiPimAIRWmYX_5xtask4main [0x815f97] in xtask
=========         Host Frame: _RINvNtNtCsiVHaJpKZL7S_3std3sys9backtrace28___rust_begin_short_backtraceFEuuECsiPimAIRWmYX_5xtask [0x7de1e2] in xtask
=========         Host Frame: _RNCINvNtCsiVHaJpKZL7S_3std2rt10lang_startuE0CsiPimAIRWmYX_5xtask [0x814bb8] in xtask
=========         Host Frame: _RNvNtCsiVHaJpKZL7S_3std2rt19lang_start_internal [0x6c0082] in xtask
=========         Host Frame: main [0x8a0214] in xtask
========= 
========= Barrier error detected. Divergent thread(s) in block.
=========     at native_mtp_q8_sliced_k_fc_c4+0x2280
=========     by thread (38,0,0) in block (3,0,0)
=========     Saved host backtrace up to driver entry point at kernel launch time
=========         Host Frame: cuLaunchKernel [0x3f268a] in libcuda.so.1
=========         Host Frame: _RNvMs7_NtNtNtCs7B1mgaSUMqZ_15mesh_specialize7kernels4cuda6driverNtB5_8Function6launch [0x3829b1] in xtask
=========         Host Frame: _RNvNtCs7B1mgaSUMqZ_15mesh_specialize7kernels22native_mtp_q8_fc_trial [0x3da35f] in xtask
=========         Host Frame: _RNvNtNtCsiPimAIRWmYX_5xtask10specialize5probe16native_mtp_q8_fc [0x880774] in xtask
=========         Host Frame: _RNvCsiPimAIRWmYX_5xtask4main [0x815f97] in xtask
=========         Host Frame: _RINvNtNtCsiVHaJpKZL7S_3std3sys9backtrace28___rust_begin_short_backtraceFEuuECsiPimAIRWmYX_5xtask [0x7de1e2] in xtask
=========         Host Frame: _RNCINvNtCsiVHaJpKZL7S_3std2rt10lang_startuE0CsiPimAIRWmYX_5xtask [0x814bb8] in xtask
=========         Host Frame: _RNvNtCsiVHaJpKZL7S_3std2rt19lang_start_internal [0x6c0082] in xtask
=========         Host Frame: main [0x8a0214] in xtask
========= 
========= Barrier error detected. Divergent thread(s) in block.
=========     at native_mtp_q8_sliced_k_fc_c4+0x2280
=========     by thread (39,0,0) in block (3,0,0)
=========     Saved host backtrace up to driver entry point at kernel launch time
=========         Host Frame: cuLaunchKernel [0x3f268a] in libcuda.so.1
=========         Host Frame: _RNvMs7_NtNtNtCs7B1mgaSUMqZ_15mesh_specialize7kernels4cuda6driverNtB5_8Function6launch [0x3829b1] in xtask
=========         Host Frame: _RNvNtCs7B1mgaSUMqZ_15mesh_specialize7kernels22native_mtp_q8_fc_trial [0x3da35f] in xtask
=========         Host Frame: _RNvNtNtCsiPimAIRWmYX_5xtask10specialize5probe16native_mtp_q8_fc [0x880774] in xtask
=========         Host Frame: _RNvCsiPimAIRWmYX_5xtask4main [0x815f97] in xtask
=========         Host Frame: _RINvNtNtCsiVHaJpKZL7S_3std3sys9backtrace28___rust_begin_short_backtraceFEuuECsiPimAIRWmYX_5xtask [0x7de1e2] in xtask
=========         Host Frame: _RNCINvNtCsiVHaJpKZL7S_3std2rt10lang_startuE0CsiPimAIRWmYX_5xtask [0x814bb8] in xtask
=========         Host Frame: _RNvNtCsiVHaJpKZL7S_3std2rt19lang_start_internal [0x6c0082] in xtask
=========         Host Frame: main [0x8a0214] in xtask
========= 
========= Barrier error detected. Divergent thread(s) in block.
=========     at native_mtp_q8_sliced_k_fc_c4+0x2280
=========     by thread (40,0,0) in block (3,0,0)
=========     Saved host backtrace up to driver entry point at kernel launch time
=========         Host Frame: cuLaunchKernel [0x3f268a] in libcuda.so.1
=========         Host Frame: _RNvMs7_NtNtNtCs7B1mgaSUMqZ_15mesh_specialize7kernels4cuda6driverNtB5_8Function6launch [0x3829b1] in xtask
=========         Host Frame: _RNvNtCs7B1mgaSUMqZ_15mesh_specialize7kernels22native_mtp_q8_fc_trial [0x3da35f] in xtask
=========         Host Frame: _RNvNtNtCsiPimAIRWmYX_5xtask10specialize5probe16native_mtp_q8_fc [0x880774] in xtask
=========         Host Frame: _RNvCsiPimAIRWmYX_5xtask4main [0x815f97] in xtask
=========         Host Frame: _RINvNtNtCsiVHaJpKZL7S_3std3sys9backtrace28___rust_begin_short_backtraceFEuuECsiPimAIRWmYX_5xtask [0x7de1e2] in xtask
=========         Host Frame: _RNCINvNtCsiVHaJpKZL7S_3std2rt10lang_startuE0CsiPimAIRWmYX_5xtask [0x814bb8] in xtask
=========         Host Frame: _RNvNtCsiVHaJpKZL7S_3std2rt19lang_start_internal [0x6c0082] in xtask
=========         Host Frame: main [0x8a0214] in xtask
========= 
========= Barrier error detected. Divergent thread(s) in block.
=========     at native_mtp_q8_sliced_k_fc_c4+0x2280
=========     by thread (41,0,0) in block (3,0,0)
=========     Saved host backtrace up to driver entry point at kernel launch time
=========         Host Frame: cuLaunchKernel [0x3f268a] in libcuda.so.1
=========         Host Frame: _RNvMs7_NtNtNtCs7B1mgaSUMqZ_15mesh_specialize7kernels4cuda6driverNtB5_8Function6launch [0x3829b1] in xtask
=========         Host Frame: _RNvNtCs7B1mgaSUMqZ_15mesh_specialize7kernels22native_mtp_q8_fc_trial [0x3da35f] in xtask
=========         Host Frame: _RNvNtNtCsiPimAIRWmYX_5xtask10specialize5probe16native_mtp_q8_fc [0x880774] in xtask
=========         Host Frame: _RNvCsiPimAIRWmYX_5xtask4main [0x815f97] in xtask
=========         Host Frame: _RINvNtNtCsiVHaJpKZL7S_3std3sys9backtrace28___rust_begin_short_backtraceFEuuECsiPimAIRWmYX_5xtask [0x7de1e2] in xtask
=========         Host Frame: _RNCINvNtCsiVHaJpKZL7S_3std2rt10lang_startuE0CsiPimAIRWmYX_5xtask [0x814bb8] in xtask
=========         Host Frame: _RNvNtCsiVHaJpKZL7S_3std2rt19lang_start_internal [0x6c0082] in xtask
=========         Host Frame: main [0x8a0214] in xtask
========= 
========= Barrier error detected. Divergent thread(s) in block.
=========     at native_mtp_q8_sliced_k_fc_c4+0x2280
=========     by thread (42,0,0) in block (3,0,0)
=========     Saved host backtrace up to driver entry point at kernel launch time
=========         Host Frame: cuLaunchKernel [0x3f268a] in libcuda.so.1
=========         Host Frame: _RNvMs7_NtNtNtCs7B1mgaSUMqZ_15mesh_specialize7kernels4cuda6driverNtB5_8Function6launch [0x3829b1] in xtask
=========         Host Frame: _RNvNtCs7B1mgaSUMqZ_15mesh_specialize7kernels22native_mtp_q8_fc_trial [0x3da35f] in xtask
=========         Host Frame: _RNvNtNtCsiPimAIRWmYX_5xtask10specialize5probe16native_mtp_q8_fc [0x880774] in xtask
=========         Host Frame: _RNvCsiPimAIRWmYX_5xtask4main [0x815f97] in xtask
=========         Host Frame: _RINvNtNtCsiVHaJpKZL7S_3std3sys9backtrace28___rust_begin_short_backtraceFEuuECsiPimAIRWmYX_5xtask [0x7de1e2] in xtask
=========         Host Frame: _RNCINvNtCsiVHaJpKZL7S_3std2rt10lang_startuE0CsiPimAIRWmYX_5xtask [0x814bb8] in xtask
=========         Host Frame: _RNvNtCsiVHaJpKZL7S_3std2rt19lang_start_internal [0x6c0082] in xtask
=========         Host Frame: main [0x8a0214] in xtask
========= 
========= Barrier error detected. Divergent thread(s) in block.
=========     at native_mtp_q8_sliced_k_fc_c4+0x2280
=========     by thread (43,0,0) in block (3,0,0)
=========     Saved host backtrace up to driver entry point at kernel launch time
=========         Host Frame: cuLaunchKernel [0x3f268a] in libcuda.so.1
=========         Host Frame: _RNvMs7_NtNtNtCs7B1mgaSUMqZ_15mesh_specialize7kernels4cuda6driverNtB5_8Function6launch [0x3829b1] in xtask
=========         Host Frame: _RNvNtCs7B1mgaSUMqZ_15mesh_specialize7kernels22native_mtp_q8_fc_trial [0x3da35f] in xtask
=========         Host Frame: _RNvNtNtCsiPimAIRWmYX_5xtask10specialize5probe16native_mtp_q8_fc [0x880774] in xtask
=========         Host Frame: _RNvCsiPimAIRWmYX_5xtask4main [0x815f97] in xtask
=========         Host Frame: _RINvNtNtCsiVHaJpKZL7S_3std3sys9backtrace28___rust_begin_short_backtraceFEuuECsiPimAIRWmYX_5xtask [0x7de1e2] in xtask
=========         Host Frame: _RNCINvNtCsiVHaJpKZL7S_3std2rt10lang_startuE0CsiPimAIRWmYX_5xtask [0x814bb8] in xtask
=========         Host Frame: _RNvNtCsiVHaJpKZL7S_3std2rt19lang_start_internal [0x6c0082] in xtask
=========         Host Frame: main [0x8a0214] in xtask
========= 
========= Barrier error detected. Divergent thread(s) in block.
=========     at native_mtp_q8_sliced_k_fc_c4+0x2280
=========     by thread (44,0,0) in block (3,0,0)
=========     Saved host backtrace up to driver entry point at kernel launch time
=========         Host Frame: cuLaunchKernel [0x3f268a] in libcuda.so.1
=========         Host Frame: _RNvMs7_NtNtNtCs7B1mgaSUMqZ_15mesh_specialize7kernels4cuda6driverNtB5_8Function6launch [0x3829b1] in xtask
=========         Host Frame: _RNvNtCs7B1mgaSUMqZ_15mesh_specialize7kernels22native_mtp_q8_fc_trial [0x3da35f] in xtask
=========         Host Frame: _RNvNtNtCsiPimAIRWmYX_5xtask10specialize5probe16native_mtp_q8_fc [0x880774] in xtask
=========         Host Frame: _RNvCsiPimAIRWmYX_5xtask4main [0x815f97] in xtask
=========         Host Frame: _RINvNtNtCsiVHaJpKZL7S_3std3sys9backtrace28___rust_begin_short_backtraceFEuuECsiPimAIRWmYX_5xtask [0x7de1e2] in xtask
=========         Host Frame: _RNCINvNtCsiVHaJpKZL7S_3std2rt10lang_startuE0CsiPimAIRWmYX_5xtask [0x814bb8] in xtask
=========         Host Frame: _RNvNtCsiVHaJpKZL7S_3std2rt19lang_start_internal [0x6c0082] in xtask
=========         Host Frame: main [0x8a0214] in xtask
========= 
========= Barrier error detected. Divergent thread(s) in block.
=========     at native_mtp_q8_sliced_k_fc_c4+0x2280
=========     by thread (45,0,0) in block (3,0,0)
=========     Saved host backtrace up to driver entry point at kernel launch time
=========         Host Frame: cuLaunchKernel [0x3f268a] in libcuda.so.1
=========         Host Frame: _RNvMs7_NtNtNtCs7B1mgaSUMqZ_15mesh_specialize7kernels4cuda6driverNtB5_8Function6launch [0x3829b1] in xtask
=========         Host Frame: _RNvNtCs7B1mgaSUMqZ_15mesh_specialize7kernels22native_mtp_q8_fc_trial [0x3da35f] in xtask
=========         Host Frame: _RNvNtNtCsiPimAIRWmYX_5xtask10specialize5probe16native_mtp_q8_fc [0x880774] in xtask
=========         Host Frame: _RNvCsiPimAIRWmYX_5xtask4main [0x815f97] in xtask
=========         Host Frame: _RINvNtNtCsiVHaJpKZL7S_3std3sys9backtrace28___rust_begin_short_backtraceFEuuECsiPimAIRWmYX_5xtask [0x7de1e2] in xtask
=========         Host Frame: _RNCINvNtCsiVHaJpKZL7S_3std2rt10lang_startuE0CsiPimAIRWmYX_5xtask [0x814bb8] in xtask
=========         Host Frame: _RNvNtCsiVHaJpKZL7S_3std2rt19lang_start_internal [0x6c0082] in xtask
=========         Host Frame: main [0x8a0214] in xtask
========= 
========= Barrier error detected. Divergent thread(s) in block.
=========     at native_mtp_q8_sliced_k_fc_c4+0x2280
=========     by thread (46,0,0) in block (3,0,0)
=========     Saved host backtrace up to driver entry point at kernel launch time
=========         Host Frame: cuLaunchKernel [0x3f268a] in libcuda.so.1
=========         Host Frame: _RNvMs7_NtNtNtCs7B1mgaSUMqZ_15mesh_specialize7kernels4cuda6driverNtB5_8Function6launch [0x3829b1] in xtask
=========         Host Frame: _RNvNtCs7B1mgaSUMqZ_15mesh_specialize7kernels22native_mtp_q8_fc_trial [0x3da35f] in xtask
=========         Host Frame: _RNvNtNtCsiPimAIRWmYX_5xtask10specialize5probe16native_mtp_q8_fc [0x880774] in xtask
=========         Host Frame: _RNvCsiPimAIRWmYX_5xtask4main [0x815f97] in xtask
=========         Host Frame: _RINvNtNtCsiVHaJpKZL7S_3std3sys9backtrace28___rust_begin_short_backtraceFEuuECsiPimAIRWmYX_5xtask [0x7de1e2] in xtask
=========         Host Frame: _RNCINvNtCsiVHaJpKZL7S_3std2rt10lang_startuE0CsiPimAIRWmYX_5xtask [0x814bb8] in xtask
=========         Host Frame: _RNvNtCsiVHaJpKZL7S_3std2rt19lang_start_internal [0x6c0082] in xtask
=========         Host Frame: main [0x8a0214] in xtask
========= 
========= Barrier error detected. Divergent thread(s) in block.
=========     at native_mtp_q8_sliced_k_fc_c4+0x2280
=========     by thread (47,0,0) in block (3,0,0)
=========     Saved host backtrace up to driver entry point at kernel launch time
=========         Host Frame: cuLaunchKernel [0x3f268a] in libcuda.so.1
=========         Host Frame: _RNvMs7_NtNtNtCs7B1mgaSUMqZ_15mesh_specialize7kernels4cuda6driverNtB5_8Function6launch [0x3829b1] in xtask
=========         Host Frame: _RNvNtCs7B1mgaSUMqZ_15mesh_specialize7kernels22native_mtp_q8_fc_trial [0x3da35f] in xtask
=========         Host Frame: _RNvNtNtCsiPimAIRWmYX_5xtask10specialize5probe16native_mtp_q8_fc [0x880774] in xtask
=========         Host Frame: _RNvCsiPimAIRWmYX_5xtask4main [0x815f97] in xtask
=========         Host Frame: _RINvNtNtCsiVHaJpKZL7S_3std3sys9backtrace28___rust_begin_short_backtraceFEuuECsiPimAIRWmYX_5xtask [0x7de1e2] in xtask
=========         Host Frame: _RNCINvNtCsiVHaJpKZL7S_3std2rt10lang_startuE0CsiPimAIRWmYX_5xtask [0x814bb8] in xtask
=========         Host Frame: _RNvNtCsiVHaJpKZL7S_3std2rt19lang_start_internal [0x6c0082] in xtask
=========         Host Frame: main [0x8a0214] in xtask
========= 
========= Barrier error detected. Divergent thread(s) in block.
=========     at native_mtp_q8_sliced_k_fc_c4+0x2280
=========     by thread (48,0,0) in block (3,0,0)
=========     Saved host backtrace up to driver entry point at kernel launch time
=========         Host Frame: cuLaunchKernel [0x3f268a] in libcuda.so.1
=========         Host Frame: _RNvMs7_NtNtNtCs7B1mgaSUMqZ_15mesh_specialize7kernels4cuda6driverNtB5_8Function6launch [0x3829b1] in xtask
=========         Host Frame: _RNvNtCs7B1mgaSUMqZ_15mesh_specialize7kernels22native_mtp_q8_fc_trial [0x3da35f] in xtask
=========         Host Frame: _RNvNtNtCsiPimAIRWmYX_5xtask10specialize5probe16native_mtp_q8_fc [0x880774] in xtask
=========         Host Frame: _RNvCsiPimAIRWmYX_5xtask4main [0x815f97] in xtask
=========         Host Frame: _RINvNtNtCsiVHaJpKZL7S_3std3sys9backtrace28___rust_begin_short_backtraceFEuuECsiPimAIRWmYX_5xtask [0x7de1e2] in xtask
=========         Host Frame: _RNCINvNtCsiVHaJpKZL7S_3std2rt10lang_startuE0CsiPimAIRWmYX_5xtask [0x814bb8] in xtask
=========         Host Frame: _RNvNtCsiVHaJpKZL7S_3std2rt19lang_start_internal [0x6c0082] in xtask
=========         Host Frame: main [0x8a0214] in xtask
========= 
========= Barrier error detected. Divergent thread(s) in block.
=========     at native_mtp_q8_sliced_k_fc_c4+0x2280
=========     by thread (49,0,0) in block (3,0,0)
=========     Saved host backtrace up to driver entry point at kernel launch time
=========         Host Frame: cuLaunchKernel [0x3f268a] in libcuda.so.1
=========         Host Frame: _RNvMs7_NtNtNtCs7B1mgaSUMqZ_15mesh_specialize7kernels4cuda6driverNtB5_8Function6launch [0x3829b1] in xtask
=========         Host Frame: _RNvNtCs7B1mgaSUMqZ_15mesh_specialize7kernels22native_mtp_q8_fc_trial [0x3da35f] in xtask
=========         Host Frame: _RNvNtNtCsiPimAIRWmYX_5xtask10specialize5probe16native_mtp_q8_fc [0x880774] in xtask
=========         Host Frame: _RNvCsiPimAIRWmYX_5xtask4main [0x815f97] in xtask
=========         Host Frame: _RINvNtNtCsiVHaJpKZL7S_3std3sys9backtrace28___rust_begin_short_backtraceFEuuECsiPimAIRWmYX_5xtask [0x7de1e2] in xtask
=========         Host Frame: _RNCINvNtCsiVHaJpKZL7S_3std2rt10lang_startuE0CsiPimAIRWmYX_5xtask [0x814bb8] in xtask
=========         Host Frame: _RNvNtCsiVHaJpKZL7S_3std2rt19lang_start_internal [0x6c0082] in xtask
=========         Host Frame: main [0x8a0214] in xtask
========= 
========= Barrier error detected. Divergent thread(s) in block.
=========     at native_mtp_q8_sliced_k_fc_c4+0x2280
=========     by thread (50,0,0) in block (3,0,0)
=========     Saved host backtrace up to driver entry point at kernel launch time
=========         Host Frame: cuLaunchKernel [0x3f268a] in libcuda.so.1
=========         Host Frame: _RNvMs7_NtNtNtCs7B1mgaSUMqZ_15mesh_specialize7kernels4cuda6driverNtB5_8Function6launch [0x3829b1] in xtask
=========         Host Frame: _RNvNtCs7B1mgaSUMqZ_15mesh_specialize7kernels22native_mtp_q8_fc_trial [0x3da35f] in xtask
=========         Host Frame: _RNvNtNtCsiPimAIRWmYX_5xtask10specialize5probe16native_mtp_q8_fc [0x880774] in xtask
=========         Host Frame: _RNvCsiPimAIRWmYX_5xtask4main [0x815f97] in xtask
=========         Host Frame: _RINvNtNtCsiVHaJpKZL7S_3std3sys9backtrace28___rust_begin_short_backtraceFEuuECsiPimAIRWmYX_5xtask [0x7de1e2] in xtask
=========         Host Frame: _RNCINvNtCsiVHaJpKZL7S_3std2rt10lang_startuE0CsiPimAIRWmYX_5xtask [0x814bb8] in xtask
=========         Host Frame: _RNvNtCsiVHaJpKZL7S_3std2rt19lang_start_internal [0x6c0082] in xtask
=========         Host Frame: main [0x8a0214] in xtask
========= 
========= Barrier error detected. Divergent thread(s) in block.
=========     at native_mtp_q8_sliced_k_fc_c4+0x2280
=========     by thread (51,0,0) in block (3,0,0)
=========     Saved host backtrace up to driver entry point at kernel launch time
=========         Host Frame: cuLaunchKernel [0x3f268a] in libcuda.so.1
=========         Host Frame: _RNvMs7_NtNtNtCs7B1mgaSUMqZ_15mesh_specialize7kernels4cuda6driverNtB5_8Function6launch [0x3829b1] in xtask
=========         Host Frame: _RNvNtCs7B1mgaSUMqZ_15mesh_specialize7kernels22native_mtp_q8_fc_trial [0x3da35f] in xtask
=========         Host Frame: _RNvNtNtCsiPimAIRWmYX_5xtask10specialize5probe16native_mtp_q8_fc [0x880774] in xtask
=========         Host Frame: _RNvCsiPimAIRWmYX_5xtask4main [0x815f97] in xtask
=========         Host Frame: _RINvNtNtCsiVHaJpKZL7S_3std3sys9backtrace28___rust_begin_short_backtraceFEuuECsiPimAIRWmYX_5xtask [0x7de1e2] in xtask
=========         Host Frame: _RNCINvNtCsiVHaJpKZL7S_3std2rt10lang_startuE0CsiPimAIRWmYX_5xtask [0x814bb8] in xtask
=========         Host Frame: _RNvNtCsiVHaJpKZL7S_3std2rt19lang_start_internal [0x6c0082] in xtask
=========         Host Frame: main [0x8a0214] in xtask
========= 
========= Barrier error detected. Divergent thread(s) in block.
=========     at native_mtp_q8_sliced_k_fc_c4+0x2280
=========     by thread (52,0,0) in block (3,0,0)
=========     Saved host backtrace up to driver entry point at kernel launch time
=========         Host Frame: cuLaunchKernel [0x3f268a] in libcuda.so.1
=========         Host Frame: _RNvMs7_NtNtNtCs7B1mgaSUMqZ_15mesh_specialize7kernels4cuda6driverNtB5_8Function6launch [0x3829b1] in xtask
=========         Host Frame: _RNvNtCs7B1mgaSUMqZ_15mesh_specialize7kernels22native_mtp_q8_fc_trial [0x3da35f] in xtask
=========         Host Frame: _RNvNtNtCsiPimAIRWmYX_5xtask10specialize5probe16native_mtp_q8_fc [0x880774] in xtask
=========         Host Frame: _RNvCsiPimAIRWmYX_5xtask4main [0x815f97] in xtask
=========         Host Frame: _RINvNtNtCsiVHaJpKZL7S_3std3sys9backtrace28___rust_begin_short_backtraceFEuuECsiPimAIRWmYX_5xtask [0x7de1e2] in xtask
=========         Host Frame: _RNCINvNtCsiVHaJpKZL7S_3std2rt10lang_startuE0CsiPimAIRWmYX_5xtask [0x814bb8] in xtask
=========         Host Frame: _RNvNtCsiVHaJpKZL7S_3std2rt19lang_start_internal [0x6c0082] in xtask
=========         Host Frame: main [0x8a0214] in xtask
========= 
========= Barrier error detected. Divergent thread(s) in block.
=========     at native_mtp_q8_sliced_k_fc_c4+0x2280
=========     by thread (53,0,0) in block (3,0,0)
=========     Saved host backtrace up to driver entry point at kernel launch time
=========         Host Frame: cuLaunchKernel [0x3f268a] in libcuda.so.1
=========         Host Frame: _RNvMs7_NtNtNtCs7B1mgaSUMqZ_15mesh_specialize7kernels4cuda6driverNtB5_8Function6launch [0x3829b1] in xtask
=========         Host Frame: _RNvNtCs7B1mgaSUMqZ_15mesh_specialize7kernels22native_mtp_q8_fc_trial [0x3da35f] in xtask
=========         Host Frame: _RNvNtNtCsiPimAIRWmYX_5xtask10specialize5probe16native_mtp_q8_fc [0x880774] in xtask
=========         Host Frame: _RNvCsiPimAIRWmYX_5xtask4main [0x815f97] in xtask
=========         Host Frame: _RINvNtNtCsiVHaJpKZL7S_3std3sys9backtrace28___rust_begin_short_backtraceFEuuECsiPimAIRWmYX_5xtask [0x7de1e2] in xtask
=========         Host Frame: _RNCINvNtCsiVHaJpKZL7S_3std2rt10lang_startuE0CsiPimAIRWmYX_5xtask [0x814bb8] in xtask
=========         Host Frame: _RNvNtCsiVHaJpKZL7S_3std2rt19lang_start_internal [0x6c0082] in xtask
=========         Host Frame: main [0x8a0214] in xtask
========= 
========= Barrier error detected. Divergent thread(s) in block.
=========     at native_mtp_q8_sliced_k_fc_c4+0x2280
=========     by thread (54,0,0) in block (3,0,0)
=========     Saved host backtrace up to driver entry point at kernel launch time
=========         Host Frame: cuLaunchKernel [0x3f268a] in libcuda.so.1
=========         Host Frame: _RNvMs7_NtNtNtCs7B1mgaSUMqZ_15mesh_specialize7kernels4cuda6driverNtB5_8Function6launch [0x3829b1] in xtask
=========         Host Frame: _RNvNtCs7B1mgaSUMqZ_15mesh_specialize7kernels22native_mtp_q8_fc_trial [0x3da35f] in xtask
=========         Host Frame: _RNvNtNtCsiPimAIRWmYX_5xtask10specialize5probe16native_mtp_q8_fc [0x880774] in xtask
=========         Host Frame: _RNvCsiPimAIRWmYX_5xtask4main [0x815f97] in xtask
=========         Host Frame: _RINvNtNtCsiVHaJpKZL7S_3std3sys9backtrace28___rust_begin_short_backtraceFEuuECsiPimAIRWmYX_5xtask [0x7de1e2] in xtask
=========         Host Frame: _RNCINvNtCsiVHaJpKZL7S_3std2rt10lang_startuE0CsiPimAIRWmYX_5xtask [0x814bb8] in xtask
=========         Host Frame: _RNvNtCsiVHaJpKZL7S_3std2rt19lang_start_internal [0x6c0082] in xtask
=========         Host Frame: main [0x8a0214] in xtask
========= 
========= Barrier error detected. Divergent thread(s) in block.
=========     at native_mtp_q8_sliced_k_fc_c4+0x2280
=========     by thread (55,0,0) in block (3,0,0)
=========     Saved host backtrace up to driver entry point at kernel launch time
=========         Host Frame: cuLaunchKernel [0x3f268a] in libcuda.so.1
=========         Host Frame: _RNvMs7_NtNtNtCs7B1mgaSUMqZ_15mesh_specialize7kernels4cuda6driverNtB5_8Function6launch [0x3829b1] in xtask
=========         Host Frame: _RNvNtCs7B1mgaSUMqZ_15mesh_specialize7kernels22native_mtp_q8_fc_trial [0x3da35f] in xtask
=========         Host Frame: _RNvNtNtCsiPimAIRWmYX_5xtask10specialize5probe16native_mtp_q8_fc [0x880774] in xtask
=========         Host Frame: _RNvCsiPimAIRWmYX_5xtask4main [0x815f97] in xtask
=========         Host Frame: _RINvNtNtCsiVHaJpKZL7S_3std3sys9backtrace28___rust_begin_short_backtraceFEuuECsiPimAIRWmYX_5xtask [0x7de1e2] in xtask
=========         Host Frame: _RNCINvNtCsiVHaJpKZL7S_3std2rt10lang_startuE0CsiPimAIRWmYX_5xtask [0x814bb8] in xtask
=========         Host Frame: _RNvNtCsiVHaJpKZL7S_3std2rt19lang_start_internal [0x6c0082] in xtask
=========         Host Frame: main [0x8a0214] in xtask
========= 
========= Barrier error detected. Divergent thread(s) in block.
=========     at native_mtp_q8_sliced_k_fc_c4+0x2280
=========     by thread (56,0,0) in block (3,0,0)
=========     Saved host backtrace up to driver entry point at kernel launch time
=========         Host Frame: cuLaunchKernel [0x3f268a] in libcuda.so.1
=========         Host Frame: _RNvMs7_NtNtNtCs7B1mgaSUMqZ_15mesh_specialize7kernels4cuda6driverNtB5_8Function6launch [0x3829b1] in xtask
=========         Host Frame: _RNvNtCs7B1mgaSUMqZ_15mesh_specialize7kernels22native_mtp_q8_fc_trial [0x3da35f] in xtask
=========         Host Frame: _RNvNtNtCsiPimAIRWmYX_5xtask10specialize5probe16native_mtp_q8_fc [0x880774] in xtask
=========         Host Frame: _RNvCsiPimAIRWmYX_5xtask4main [0x815f97] in xtask
=========         Host Frame: _RINvNtNtCsiVHaJpKZL7S_3std3sys9backtrace28___rust_begin_short_backtraceFEuuECsiPimAIRWmYX_5xtask [0x7de1e2] in xtask
=========         Host Frame: _RNCINvNtCsiVHaJpKZL7S_3std2rt10lang_startuE0CsiPimAIRWmYX_5xtask [0x814bb8] in xtask
=========         Host Frame: _RNvNtCsiVHaJpKZL7S_3std2rt19lang_start_internal [0x6c0082] in xtask
=========         Host Frame: main [0x8a0214] in xtask
========= 
========= Barrier error detected. Divergent thread(s) in block.
=========     at native_mtp_q8_sliced_k_fc_c4+0x2280
=========     by thread (57,0,0) in block (3,0,0)
=========     Saved host backtrace up to driver entry point at kernel launch time
=========         Host Frame: cuLaunchKernel [0x3f268a] in libcuda.so.1
=========         Host Frame: _RNvMs7_NtNtNtCs7B1mgaSUMqZ_15mesh_specialize7kernels4cuda6driverNtB5_8Function6launch [0x3829b1] in xtask
=========         Host Frame: _RNvNtCs7B1mgaSUMqZ_15mesh_specialize7kernels22native_mtp_q8_fc_trial [0x3da35f] in xtask
=========         Host Frame: _RNvNtNtCsiPimAIRWmYX_5xtask10specialize5probe16native_mtp_q8_fc [0x880774] in xtask
=========         Host Frame: _RNvCsiPimAIRWmYX_5xtask4main [0x815f97] in xtask
=========         Host Frame: _RINvNtNtCsiVHaJpKZL7S_3std3sys9backtrace28___rust_begin_short_backtraceFEuuECsiPimAIRWmYX_5xtask [0x7de1e2] in xtask
=========         Host Frame: _RNCINvNtCsiVHaJpKZL7S_3std2rt10lang_startuE0CsiPimAIRWmYX_5xtask [0x814bb8] in xtask
=========         Host Frame: _RNvNtCsiVHaJpKZL7S_3std2rt19lang_start_internal [0x6c0082] in xtask
=========         Host Frame: main [0x8a0214] in xtask
========= 
========= Barrier error detected. Divergent thread(s) in block.
=========     at native_mtp_q8_sliced_k_fc_c4+0x2280
=========     by thread (58,0,0) in block (3,0,0)
=========     Saved host backtrace up to driver entry point at kernel launch time
=========         Host Frame: cuLaunchKernel [0x3f268a] in libcuda.so.1
=========         Host Frame: _RNvMs7_NtNtNtCs7B1mgaSUMqZ_15mesh_specialize7kernels4cuda6driverNtB5_8Function6launch [0x3829b1] in xtask
=========         Host Frame: _RNvNtCs7B1mgaSUMqZ_15mesh_specialize7kernels22native_mtp_q8_fc_trial [0x3da35f] in xtask
=========         Host Frame: _RNvNtNtCsiPimAIRWmYX_5xtask10specialize5probe16native_mtp_q8_fc [0x880774] in xtask
=========         Host Frame: _RNvCsiPimAIRWmYX_5xtask4main [0x815f97] in xtask
=========         Host Frame: _RINvNtNtCsiVHaJpKZL7S_3std3sys9backtrace28___rust_begin_short_backtraceFEuuECsiPimAIRWmYX_5xtask [0x7de1e2] in xtask
=========         Host Frame: _RNCINvNtCsiVHaJpKZL7S_3std2rt10lang_startuE0CsiPimAIRWmYX_5xtask [0x814bb8] in xtask
=========         Host Frame: _RNvNtCsiVHaJpKZL7S_3std2rt19lang_start_internal [0x6c0082] in xtask
=========         Host Frame: main [0x8a0214] in xtask
========= 
========= Barrier error detected. Divergent thread(s) in block.
=========     at native_mtp_q8_sliced_k_fc_c4+0x2280
=========     by thread (59,0,0) in block (3,0,0)
=========     Saved host backtrace up to driver entry point at kernel launch time
=========         Host Frame: cuLaunchKernel [0x3f268a] in libcuda.so.1
=========         Host Frame: _RNvMs7_NtNtNtCs7B1mgaSUMqZ_15mesh_specialize7kernels4cuda6driverNtB5_8Function6launch [0x3829b1] in xtask
=========         Host Frame: _RNvNtCs7B1mgaSUMqZ_15mesh_specialize7kernels22native_mtp_q8_fc_trial [0x3da35f] in xtask
=========         Host Frame: _RNvNtNtCsiPimAIRWmYX_5xtask10specialize5probe16native_mtp_q8_fc [0x880774] in xtask
=========         Host Frame: _RNvCsiPimAIRWmYX_5xtask4main [0x815f97] in xtask
=========         Host Frame: _RINvNtNtCsiVHaJpKZL7S_3std3sys9backtrace28___rust_begin_short_backtraceFEuuECsiPimAIRWmYX_5xtask [0x7de1e2] in xtask
=========         Host Frame: _RNCINvNtCsiVHaJpKZL7S_3std2rt10lang_startuE0CsiPimAIRWmYX_5xtask [0x814bb8] in xtask
=========         Host Frame: _RNvNtCsiVHaJpKZL7S_3std2rt19lang_start_internal [0x6c0082] in xtask
=========         Host Frame: main [0x8a0214] in xtask
========= 
========= Barrier error detected. Divergent thread(s) in block.
=========     at native_mtp_q8_sliced_k_fc_c4+0x2280
=========     by thread (60,0,0) in block (3,0,0)
=========     Saved host backtrace up to driver entry point at kernel launch time
=========         Host Frame: cuLaunchKernel [0x3f268a] in libcuda.so.1
=========         Host Frame: _RNvMs7_NtNtNtCs7B1mgaSUMqZ_15mesh_specialize7kernels4cuda6driverNtB5_8Function6launch [0x3829b1] in xtask
=========         Host Frame: _RNvNtCs7B1mgaSUMqZ_15mesh_specialize7kernels22native_mtp_q8_fc_trial [0x3da35f] in xtask
=========         Host Frame: _RNvNtNtCsiPimAIRWmYX_5xtask10specialize5probe16native_mtp_q8_fc [0x880774] in xtask
=========         Host Frame: _RNvCsiPimAIRWmYX_5xtask4main [0x815f97] in xtask
=========         Host Frame: _RINvNtNtCsiVHaJpKZL7S_3std3sys9backtrace28___rust_begin_short_backtraceFEuuECsiPimAIRWmYX_5xtask [0x7de1e2] in xtask
=========         Host Frame: _RNCINvNtCsiVHaJpKZL7S_3std2rt10lang_startuE0CsiPimAIRWmYX_5xtask [0x814bb8] in xtask
=========         Host Frame: _RNvNtCsiVHaJpKZL7S_3std2rt19lang_start_internal [0x6c0082] in xtask
=========         Host Frame: main [0x8a0214] in xtask
========= 
========= Barrier error detected. Divergent thread(s) in block.
=========     at native_mtp_q8_sliced_k_fc_c4+0x2280
=========     by thread (61,0,0) in block (3,0,0)
=========     Saved host backtrace up to driver entry point at kernel launch time
=========         Host Frame: cuLaunchKernel [0x3f268a] in libcuda.so.1
=========         Host Frame: _RNvMs7_NtNtNtCs7B1mgaSUMqZ_15mesh_specialize7kernels4cuda6driverNtB5_8Function6launch [0x3829b1] in xtask
=========         Host Frame: _RNvNtCs7B1mgaSUMqZ_15mesh_specialize7kernels22native_mtp_q8_fc_trial [0x3da35f] in xtask
=========         Host Frame: _RNvNtNtCsiPimAIRWmYX_5xtask10specialize5probe16native_mtp_q8_fc [0x880774] in xtask
=========         Host Frame: _RNvCsiPimAIRWmYX_5xtask4main [0x815f97] in xtask
=========         Host Frame: _RINvNtNtCsiVHaJpKZL7S_3std3sys9backtrace28___rust_begin_short_backtraceFEuuECsiPimAIRWmYX_5xtask [0x7de1e2] in xtask
=========         Host Frame: _RNCINvNtCsiVHaJpKZL7S_3std2rt10lang_startuE0CsiPimAIRWmYX_5xtask [0x814bb8] in xtask
=========         Host Frame: _RNvNtCsiVHaJpKZL7S_3std2rt19lang_start_internal [0x6c0082] in xtask
=========         Host Frame: main [0x8a0214] in xtask
========= 
========= Barrier error detected. Divergent thread(s) in block.
=========     at native_mtp_q8_sliced_k_fc_c4+0x2280
=========     by thread (62,0,0) in block (3,0,0)
=========     Saved host backtrace up to driver entry point at kernel launch time
=========         Host Frame: cuLaunchKernel [0x3f268a] in libcuda.so.1
=========         Host Frame: _RNvMs7_NtNtNtCs7B1mgaSUMqZ_15mesh_specialize7kernels4cuda6driverNtB5_8Function6launch [0x3829b1] in xtask
=========         Host Frame: _RNvNtCs7B1mgaSUMqZ_15mesh_specialize7kernels22native_mtp_q8_fc_trial [0x3da35f] in xtask
=========         Host Frame: _RNvNtNtCsiPimAIRWmYX_5xtask10specialize5probe16native_mtp_q8_fc [0x880774] in xtask
=========         Host Frame: _RNvCsiPimAIRWmYX_5xtask4main [0x815f97] in xtask
=========         Host Frame: _RINvNtNtCsiVHaJpKZL7S_3std3sys9backtrace28___rust_begin_short_backtraceFEuuECsiPimAIRWmYX_5xtask [0x7de1e2] in xtask
=========         Host Frame: _RNCINvNtCsiVHaJpKZL7S_3std2rt10lang_startuE0CsiPimAIRWmYX_5xtask [0x814bb8] in xtask
=========         Host Frame: _RNvNtCsiVHaJpKZL7S_3std2rt19lang_start_internal [0x6c0082] in xtask
=========         Host Frame: main [0x8a0214] in xtask
========= 
========= Barrier error detected. Divergent thread(s) in block.
=========     at native_mtp_q8_sliced_k_fc_c4+0x2280
=========     by thread (63,0,0) in block (3,0,0)
=========     Saved host backtrace up to driver entry point at kernel launch time
=========         Host Frame: cuLaunchKernel [0x3f268a] in libcuda.so.1
=========         Host Frame: _RNvMs7_NtNtNtCs7B1mgaSUMqZ_15mesh_specialize7kernels4cuda6driverNtB5_8Function6launch [0x3829b1] in xtask
=========         Host Frame: _RNvNtCs7B1mgaSUMqZ_15mesh_specialize7kernels22native_mtp_q8_fc_trial [0x3da35f] in xtask
=========         Host Frame: _RNvNtNtCsiPimAIRWmYX_5xtask10specialize5probe16native_mtp_q8_fc [0x880774] in xtask
=========         Host Frame: _RNvCsiPimAIRWmYX_5xtask4main [0x815f97] in xtask
=========         Host Frame: _RINvNtNtCsiVHaJpKZL7S_3std3sys9backtrace28___rust_begin_short_backtraceFEuuECsiPimAIRWmYX_5xtask [0x7de1e2] in xtask
=========         Host Frame: _RNCINvNtCsiVHaJpKZL7S_3std2rt10lang_startuE0CsiPimAIRWmYX_5xtask [0x814bb8] in xtask
=========         Host Frame: _RNvNtCsiVHaJpKZL7S_3std2rt19lang_start_internal [0x6c0082] in xtask
=========         Host Frame: main [0x8a0214] in xtask
========= 
========= Barrier error detected. Divergent thread(s) in block.
=========     at native_mtp_q8_sliced_k_fc_c4+0x2280
=========     by thread (96,0,0) in block (3,0,0)
=========     Saved host backtrace up to driver entry point at kernel launch time
=========         Host Frame: cuLaunchKernel [0x3f268a] in libcuda.so.1
=========         Host Frame: _RNvMs7_NtNtNtCs7B1mgaSUMqZ_15mesh_specialize7kernels4cuda6driverNtB5_8Function6launch [0x3829b1] in xtask
=========         Host Frame: _RNvNtCs7B1mgaSUMqZ_15mesh_specialize7kernels22native_mtp_q8_fc_trial [0x3da35f] in xtask
=========         Host Frame: _RNvNtNtCsiPimAIRWmYX_5xtask10specialize5probe16native_mtp_q8_fc [0x880774] in xtask
=========         Host Frame: _RNvCsiPimAIRWmYX_5xtask4main [0x815f97] in xtask
=========         Host Frame: _RINvNtNtCsiVHaJpKZL7S_3std3sys9backtrace28___rust_begin_short_backtraceFEuuECsiPimAIRWmYX_5xtask [0x7de1e2] in xtask
=========         Host Frame: _RNCINvNtCsiVHaJpKZL7S_3std2rt10lang_startuE0CsiPimAIRWmYX_5xtask [0x814bb8] in xtask
=========         Host Frame: _RNvNtCsiVHaJpKZL7S_3std2rt19lang_start_internal [0x6c0082] in xtask
=========         Host Frame: main [0x8a0214] in xtask
========= 
========= Barrier error detected. Divergent thread(s) in block.
=========     at native_mtp_q8_sliced_k_fc_c4+0x2280
=========     by thread (97,0,0) in block (3,0,0)
=========     Saved host backtrace up to driver entry point at kernel launch time
=========         Host Frame: cuLaunchKernel [0x3f268a] in libcuda.so.1
=========         Host Frame: _RNvMs7_NtNtNtCs7B1mgaSUMqZ_15mesh_specialize7kernels4cuda6driverNtB5_8Function6launch [0x3829b1] in xtask
=========         Host Frame: _RNvNtCs7B1mgaSUMqZ_15mesh_specialize7kernels22native_mtp_q8_fc_trial [0x3da35f] in xtask
=========         Host Frame: _RNvNtNtCsiPimAIRWmYX_5xtask10specialize5probe16native_mtp_q8_fc [0x880774] in xtask
=========         Host Frame: _RNvCsiPimAIRWmYX_5xtask4main [0x815f97] in xtask
=========         Host Frame: _RINvNtNtCsiVHaJpKZL7S_3std3sys9backtrace28___rust_begin_short_backtraceFEuuECsiPimAIRWmYX_5xtask [0x7de1e2] in xtask
=========         Host Frame: _RNCINvNtCsiVHaJpKZL7S_3std2rt10lang_startuE0CsiPimAIRWmYX_5xtask [0x814bb8] in xtask
=========         Host Frame: _RNvNtCsiVHaJpKZL7S_3std2rt19lang_start_internal [0x6c0082] in xtask
=========         Host Frame: main [0x8a0214] in xtask
========= 
========= Barrier error detected. Divergent thread(s) in block.
=========     at native_mtp_q8_sliced_k_fc_c4+0x2280
=========     by thread (98,0,0) in block (3,0,0)
=========     Saved host backtrace up to driver entry point at kernel launch time
=========         Host Frame: cuLaunchKernel [0x3f268a] in libcuda.so.1
=========         Host Frame: _RNvMs7_NtNtNtCs7B1mgaSUMqZ_15mesh_specialize7kernels4cuda6driverNtB5_8Function6launch [0x3829b1] in xtask
=========         Host Frame: _RNvNtCs7B1mgaSUMqZ_15mesh_specialize7kernels22native_mtp_q8_fc_trial [0x3da35f] in xtask
=========         Host Frame: _RNvNtNtCsiPimAIRWmYX_5xtask10specialize5probe16native_mtp_q8_fc [0x880774] in xtask
=========         Host Frame: _RNvCsiPimAIRWmYX_5xtask4main [0x815f97] in xtask
=========         Host Frame: _RINvNtNtCsiVHaJpKZL7S_3std3sys9backtrace28___rust_begin_short_backtraceFEuuECsiPimAIRWmYX_5xtask [0x7de1e2] in xtask
=========         Host Frame: _RNCINvNtCsiVHaJpKZL7S_3std2rt10lang_startuE0CsiPimAIRWmYX_5xtask [0x814bb8] in xtask
=========         Host Frame: _RNvNtCsiVHaJpKZL7S_3std2rt19lang_start_internal [0x6c0082] in xtask
=========         Host Frame: main [0x8a0214] in xtask
========= 
========= Barrier error detected. Divergent thread(s) in block.
=========     at native_mtp_q8_sliced_k_fc_c4+0x2280
=========     by thread (99,0,0) in block (3,0,0)
=========     Saved host backtrace up to driver entry point at kernel launch time
=========         Host Frame: cuLaunchKernel [0x3f268a] in libcuda.so.1
=========         Host Frame: _RNvMs7_NtNtNtCs7B1mgaSUMqZ_15mesh_specialize7kernels4cuda6driverNtB5_8Function6launch [0x3829b1] in xtask
=========         Host Frame: _RNvNtCs7B1mgaSUMqZ_15mesh_specialize7kernels22native_mtp_q8_fc_trial [0x3da35f] in xtask
=========         Host Frame: _RNvNtNtCsiPimAIRWmYX_5xtask10specialize5probe16native_mtp_q8_fc [0x880774] in xtask
=========         Host Frame: _RNvCsiPimAIRWmYX_5xtask4main [0x815f97] in xtask
=========         Host Frame: _RINvNtNtCsiVHaJpKZL7S_3std3sys9backtrace28___rust_begin_short_backtraceFEuuECsiPimAIRWmYX_5xtask [0x7de1e2] in xtask
=========         Host Frame: _RNCINvNtCsiVHaJpKZL7S_3std2rt10lang_startuE0CsiPimAIRWmYX_5xtask [0x814bb8] in xtask
=========         Host Frame: _RNvNtCsiVHaJpKZL7S_3std2rt19lang_start_internal [0x6c0082] in xtask
=========         Host Frame: main [0x8a0214] in xtask
========= 
========= Barrier error detected. Divergent thread(s) in block.
=========     at native_mtp_q8_sliced_k_fc_c4+0x2280
=========     by thread (100,0,0) in block (3,0,0)
=========     Saved host backtrace up to driver entry point at kernel launch time
=========         Host Frame: cuLaunchKernel [0x3f268a] in libcuda.so.1
=========         Host Frame: _RNvMs7_NtNtNtCs7B1mgaSUMqZ_15mesh_specialize7kernels4cuda6driverNtB5_8Function6launch [0x3829b1] in xtask
=========         Host Frame: _RNvNtCs7B1mgaSUMqZ_15mesh_specialize7kernels22native_mtp_q8_fc_trial [0x3da35f] in xtask
=========         Host Frame: _RNvNtNtCsiPimAIRWmYX_5xtask10specialize5probe16native_mtp_q8_fc [0x880774] in xtask
=========         Host Frame: _RNvCsiPimAIRWmYX_5xtask4main [0x815f97] in xtask
=========         Host Frame: _RINvNtNtCsiVHaJpKZL7S_3std3sys9backtrace28___rust_begin_short_backtraceFEuuECsiPimAIRWmYX_5xtask [0x7de1e2] in xtask
=========         Host Frame: _RNCINvNtCsiVHaJpKZL7S_3std2rt10lang_startuE0CsiPimAIRWmYX_5xtask [0x814bb8] in xtask
=========         Host Frame: _RNvNtCsiVHaJpKZL7S_3std2rt19lang_start_internal [0x6c0082] in xtask
=========         Host Frame: main [0x8a0214] in xtask
========= 
========= Barrier error detected. Divergent thread(s) in block.
=========     at native_mtp_q8_sliced_k_fc_c4+0x2280
=========     by thread (101,0,0) in block (3,0,0)
=========     Saved host backtrace up to driver entry point at kernel launch time
=========         Host Frame: cuLaunchKernel [0x3f268a] in libcuda.so.1
=========         Host Frame: _RNvMs7_NtNtNtCs7B1mgaSUMqZ_15mesh_specialize7kernels4cuda6driverNtB5_8Function6launch [0x3829b1] in xtask
=========         Host Frame: _RNvNtCs7B1mgaSUMqZ_15mesh_specialize7kernels22native_mtp_q8_fc_trial [0x3da35f] in xtask
=========         Host Frame: _RNvNtNtCsiPimAIRWmYX_5xtask10specialize5probe16native_mtp_q8_fc [0x880774] in xtask
=========         Host Frame: _RNvCsiPimAIRWmYX_5xtask4main [0x815f97] in xtask
=========         Host Frame: _RINvNtNtCsiVHaJpKZL7S_3std3sys9backtrace28___rust_begin_short_backtraceFEuuECsiPimAIRWmYX_5xtask [0x7de1e2] in xtask
=========         Host Frame: _RNCINvNtCsiVHaJpKZL7S_3std2rt10lang_startuE0CsiPimAIRWmYX_5xtask [0x814bb8] in xtask
=========         Host Frame: _RNvNtCsiVHaJpKZL7S_3std2rt19lang_start_internal [0x6c0082] in xtask
=========         Host Frame: main [0x8a0214] in xtask
========= 
========= Barrier error detected. Divergent thread(s) in block.
=========     at native_mtp_q8_sliced_k_fc_c4+0x2280
=========     by thread (102,0,0) in block (3,0,0)
=========     Saved host backtrace up to driver entry point at kernel launch time
=========         Host Frame: cuLaunchKernel [0x3f268a] in libcuda.so.1
=========         Host Frame: _RNvMs7_NtNtNtCs7B1mgaSUMqZ_15mesh_specialize7kernels4cuda6driverNtB5_8Function6launch [0x3829b1] in xtask
=========         Host Frame: _RNvNtCs7B1mgaSUMqZ_15mesh_specialize7kernels22native_mtp_q8_fc_trial [0x3da35f] in xtask
=========         Host Frame: _RNvNtNtCsiPimAIRWmYX_5xtask10specialize5probe16native_mtp_q8_fc [0x880774] in xtask
=========         Host Frame: _RNvCsiPimAIRWmYX_5xtask4main [0x815f97] in xtask
=========         Host Frame: _RINvNtNtCsiVHaJpKZL7S_3std3sys9backtrace28___rust_begin_short_backtraceFEuuECsiPimAIRWmYX_5xtask [0x7de1e2] in xtask
=========         Host Frame: _RNCINvNtCsiVHaJpKZL7S_3std2rt10lang_startuE0CsiPimAIRWmYX_5xtask [0x814bb8] in xtask
=========         Host Frame: _RNvNtCsiVHaJpKZL7S_3std2rt19lang_start_internal [0x6c0082] in xtask
=========         Host Frame: main [0x8a0214] in xtask
========= 
========= Barrier error detected. Divergent thread(s) in block.
=========     at native_mtp_q8_sliced_k_fc_c4+0x2280
=========     by thread (103,0,0) in block (3,0,0)
=========     Saved host backtrace up to driver entry point at kernel launch time
=========         Host Frame: cuLaunchKernel [0x3f268a] in libcuda.so.1
=========         Host Frame: _RNvMs7_NtNtNtCs7B1mgaSUMqZ_15mesh_specialize7kernels4cuda6driverNtB5_8Function6launch [0x3829b1] in xtask
=========         Host Frame: _RNvNtCs7B1mgaSUMqZ_15mesh_specialize7kernels22native_mtp_q8_fc_trial [0x3da35f] in xtask
=========         Host Frame: _RNvNtNtCsiPimAIRWmYX_5xtask10specialize5probe16native_mtp_q8_fc [0x880774] in xtask
=========         Host Frame: _RNvCsiPimAIRWmYX_5xtask4main [0x815f97] in xtask
=========         Host Frame: _RINvNtNtCsiVHaJpKZL7S_3std3sys9backtrace28___rust_begin_short_backtraceFEuuECsiPimAIRWmYX_5xtask [0x7de1e2] in xtask
=========         Host Frame: _RNCINvNtCsiVHaJpKZL7S_3std2rt10lang_startuE0CsiPimAIRWmYX_5xtask [0x814bb8] in xtask
=========         Host Frame: _RNvNtCsiVHaJpKZL7S_3std2rt19lang_start_internal [0x6c0082] in xtask
=========         Host Frame: main [0x8a0214] in xtask
========= 
========= Barrier error detected. Divergent thread(s) in block.
=========     at native_mtp_q8_sliced_k_fc_c4+0x2280
=========     by thread (104,0,0) in block (3,0,0)
=========     Saved host backtrace up to driver entry point at kernel launch time
=========         Host Frame: cuLaunchKernel [0x3f268a] in libcuda.so.1
=========         Host Frame: _RNvMs7_NtNtNtCs7B1mgaSUMqZ_15mesh_specialize7kernels4cuda6driverNtB5_8Function6launch [0x3829b1] in xtask
=========         Host Frame: _RNvNtCs7B1mgaSUMqZ_15mesh_specialize7kernels22native_mtp_q8_fc_trial [0x3da35f] in xtask
=========         Host Frame: _RNvNtNtCsiPimAIRWmYX_5xtask10specialize5probe16native_mtp_q8_fc [0x880774] in xtask
=========         Host Frame: _RNvCsiPimAIRWmYX_5xtask4main [0x815f97] in xtask
=========         Host Frame: _RINvNtNtCsiVHaJpKZL7S_3std3sys9backtrace28___rust_begin_short_backtraceFEuuECsiPimAIRWmYX_5xtask [0x7de1e2] in xtask
=========         Host Frame: _RNCINvNtCsiVHaJpKZL7S_3std2rt10lang_startuE0CsiPimAIRWmYX_5xtask [0x814bb8] in xtask
=========         Host Frame: _RNvNtCsiVHaJpKZL7S_3std2rt19lang_start_internal [0x6c0082] in xtask
=========         Host Frame: main [0x8a0214] in xtask
========= 
========= Barrier error detected. Divergent thread(s) in block.
=========     at native_mtp_q8_sliced_k_fc_c4+0x2280
=========     by thread (105,0,0) in block (3,0,0)
=========     Saved host backtrace up to driver entry point at kernel launch time
=========         Host Frame: cuLaunchKernel [0x3f268a] in libcuda.so.1
=========         Host Frame: _RNvMs7_NtNtNtCs7B1mgaSUMqZ_15mesh_specialize7kernels4cuda6driverNtB5_8Function6launch [0x3829b1] in xtask
=========         Host Frame: _RNvNtCs7B1mgaSUMqZ_15mesh_specialize7kernels22native_mtp_q8_fc_trial [0x3da35f] in xtask
=========         Host Frame: _RNvNtNtCsiPimAIRWmYX_5xtask10specialize5probe16native_mtp_q8_fc [0x880774] in xtask
=========         Host Frame: _RNvCsiPimAIRWmYX_5xtask4main [0x815f97] in xtask
=========         Host Frame: _RINvNtNtCsiVHaJpKZL7S_3std3sys9backtrace28___rust_begin_short_backtraceFEuuECsiPimAIRWmYX_5xtask [0x7de1e2] in xtask
=========         Host Frame: _RNCINvNtCsiVHaJpKZL7S_3std2rt10lang_startuE0CsiPimAIRWmYX_5xtask [0x814bb8] in xtask
=========         Host Frame: _RNvNtCsiVHaJpKZL7S_3std2rt19lang_start_internal [0x6c0082] in xtask
=========         Host Frame: main [0x8a0214] in xtask
========= 
========= Barrier error detected. Divergent thread(s) in block.
=========     at native_mtp_q8_sliced_k_fc_c4+0x2280
=========     by thread (106,0,0) in block (3,0,0)
=========     Saved host backtrace up to driver entry point at kernel launch time
=========         Host Frame: cuLaunchKernel [0x3f268a] in libcuda.so.1
=========         Host Frame: _RNvMs7_NtNtNtCs7B1mgaSUMqZ_15mesh_specialize7kernels4cuda6driverNtB5_8Function6launch [0x3829b1] in xtask
=========         Host Frame: _RNvNtCs7B1mgaSUMqZ_15mesh_specialize7kernels22native_mtp_q8_fc_trial [0x3da35f] in xtask
=========         Host Frame: _RNvNtNtCsiPimAIRWmYX_5xtask10specialize5probe16native_mtp_q8_fc [0x880774] in xtask
=========         Host Frame: _RNvCsiPimAIRWmYX_5xtask4main [0x815f97] in xtask
=========         Host Frame: _RINvNtNtCsiVHaJpKZL7S_3std3sys9backtrace28___rust_begin_short_backtraceFEuuECsiPimAIRWmYX_5xtask [0x7de1e2] in xtask
=========         Host Frame: _RNCINvNtCsiVHaJpKZL7S_3std2rt10lang_startuE0CsiPimAIRWmYX_5xtask [0x814bb8] in xtask
=========         Host Frame: _RNvNtCsiVHaJpKZL7S_3std2rt19lang_start_internal [0x6c0082] in xtask
=========         Host Frame: main [0x8a0214] in xtask
========= 
========= Barrier error detected. Divergent thread(s) in block.
=========     at native_mtp_q8_sliced_k_fc_c4+0x2280
=========     by thread (107,0,0) in block (3,0,0)
=========     Saved host backtrace up to driver entry point at kernel launch time
=========         Host Frame: cuLaunchKernel [0x3f268a] in libcuda.so.1
=========         Host Frame: _RNvMs7_NtNtNtCs7B1mgaSUMqZ_15mesh_specialize7kernels4cuda6driverNtB5_8Function6launch [0x3829b1] in xtask
=========         Host Frame: _RNvNtCs7B1mgaSUMqZ_15mesh_specialize7kernels22native_mtp_q8_fc_trial [0x3da35f] in xtask
=========         Host Frame: _RNvNtNtCsiPimAIRWmYX_5xtask10specialize5probe16native_mtp_q8_fc [0x880774] in xtask
=========         Host Frame: _RNvCsiPimAIRWmYX_5xtask4main [0x815f97] in xtask
=========         Host Frame: _RINvNtNtCsiVHaJpKZL7S_3std3sys9backtrace28___rust_begin_short_backtraceFEuuECsiPimAIRWmYX_5xtask [0x7de1e2] in xtask
=========         Host Frame: _RNCINvNtCsiVHaJpKZL7S_3std2rt10lang_startuE0CsiPimAIRWmYX_5xtask [0x814bb8] in xtask
=========         Host Frame: _RNvNtCsiVHaJpKZL7S_3std2rt19lang_start_internal [0x6c0082] in xtask
=========         Host Frame: main [0x8a0214] in xtask
========= 
========= Barrier error detected. Divergent thread(s) in block.
=========     at native_mtp_q8_sliced_k_fc_c4+0x2280
=========     by thread (108,0,0) in block (3,0,0)
=========     Saved host backtrace up to driver entry point at kernel launch time
=========         Host Frame: cuLaunchKernel [0x3f268a] in libcuda.so.1
=========         Host Frame: _RNvMs7_NtNtNtCs7B1mgaSUMqZ_15mesh_specialize7kernels4cuda6driverNtB5_8Function6launch [0x3829b1] in xtask
=========         Host Frame: _RNvNtCs7B1mgaSUMqZ_15mesh_specialize7kernels22native_mtp_q8_fc_trial [0x3da35f] in xtask
=========         Host Frame: _RNvNtNtCsiPimAIRWmYX_5xtask10specialize5probe16native_mtp_q8_fc [0x880774] in xtask
=========         Host Frame: _RNvCsiPimAIRWmYX_5xtask4main [0x815f97] in xtask
=========         Host Frame: _RINvNtNtCsiVHaJpKZL7S_3std3sys9backtrace28___rust_begin_short_backtraceFEuuECsiPimAIRWmYX_5xtask [0x7de1e2] in xtask
=========         Host Frame: _RNCINvNtCsiVHaJpKZL7S_3std2rt10lang_startuE0CsiPimAIRWmYX_5xtask [0x814bb8] in xtask
=========         Host Frame: _RNvNtCsiVHaJpKZL7S_3std2rt19lang_start_internal [0x6c0082] in xtask
=========         Host Frame: main [0x8a0214] in xtask
========= 
========= Barrier error detected. Divergent thread(s) in block.
=========     at native_mtp_q8_sliced_k_fc_c4+0x2280
=========     by thread (109,0,0) in block (3,0,0)
=========     Saved host backtrace up to driver entry point at kernel launch time
=========         Host Frame: cuLaunchKernel [0x3f268a] in libcuda.so.1
=========         Host Frame: _RNvMs7_NtNtNtCs7B1mgaSUMqZ_15mesh_specialize7kernels4cuda6driverNtB5_8Function6launch [0x3829b1] in xtask
=========         Host Frame: _RNvNtCs7B1mgaSUMqZ_15mesh_specialize7kernels22native_mtp_q8_fc_trial [0x3da35f] in xtask
=========         Host Frame: _RNvNtNtCsiPimAIRWmYX_5xtask10specialize5probe16native_mtp_q8_fc [0x880774] in xtask
=========         Host Frame: _RNvCsiPimAIRWmYX_5xtask4main [0x815f97] in xtask
=========         Host Frame: _RINvNtNtCsiVHaJpKZL7S_3std3sys9backtrace28___rust_begin_short_backtraceFEuuECsiPimAIRWmYX_5xtask [0x7de1e2] in xtask
=========         Host Frame: _RNCINvNtCsiVHaJpKZL7S_3std2rt10lang_startuE0CsiPimAIRWmYX_5xtask [0x814bb8] in xtask
=========         Host Frame: _RNvNtCsiVHaJpKZL7S_3std2rt19lang_start_internal [0x6c0082] in xtask
=========         Host Frame: main [0x8a0214] in xtask
========= 
========= Barrier error detected. Divergent thread(s) in block.
=========     at native_mtp_q8_sliced_k_fc_c4+0x2280
=========     by thread (110,0,0) in block (3,0,0)
=========     Saved host backtrace up to driver entry point at kernel launch time
=========         Host Frame: cuLaunchKernel [0x3f268a] in libcuda.so.1
=========         Host Frame: _RNvMs7_NtNtNtCs7B1mgaSUMqZ_15mesh_specialize7kernels4cuda6driverNtB5_8Function6launch [0x3829b1] in xtask
=========         Host Frame: _RNvNtCs7B1mgaSUMqZ_15mesh_specialize7kernels22native_mtp_q8_fc_trial [0x3da35f] in xtask
=========         Host Frame: _RNvNtNtCsiPimAIRWmYX_5xtask10specialize5probe16native_mtp_q8_fc [0x880774] in xtask
=========         Host Frame: _RNvCsiPimAIRWmYX_5xtask4main [0x815f97] in xtask
=========         Host Frame: _RINvNtNtCsiVHaJpKZL7S_3std3sys9backtrace28___rust_begin_short_backtraceFEuuECsiPimAIRWmYX_5xtask [0x7de1e2] in xtask
=========         Host Frame: _RNCINvNtCsiVHaJpKZL7S_3std2rt10lang_startuE0CsiPimAIRWmYX_5xtask [0x814bb8] in xtask
=========         Host Frame: _RNvNtCsiVHaJpKZL7S_3std2rt19lang_start_internal [0x6c0082] in xtask
=========         Host Frame: main [0x8a0214] in xtask
========= 
========= Barrier error detected. Divergent thread(s) in block.
=========     at native_mtp_q8_sliced_k_fc_c4+0x2280
=========     by thread (111,0,0) in block (3,0,0)
=========     Saved host backtrace up to driver entry point at kernel launch time
=========         Host Frame: cuLaunchKernel [0x3f268a] in libcuda.so.1
=========         Host Frame: _RNvMs7_NtNtNtCs7B1mgaSUMqZ_15mesh_specialize7kernels4cuda6driverNtB5_8Function6launch [0x3829b1] in xtask
=========         Host Frame: _RNvNtCs7B1mgaSUMqZ_15mesh_specialize7kernels22native_mtp_q8_fc_trial [0x3da35f] in xtask
=========         Host Frame: _RNvNtNtCsiPimAIRWmYX_5xtask10specialize5probe16native_mtp_q8_fc [0x880774] in xtask
=========         Host Frame: _RNvCsiPimAIRWmYX_5xtask4main [0x815f97] in xtask
=========         Host Frame: _RINvNtNtCsiVHaJpKZL7S_3std3sys9backtrace28___rust_begin_short_backtraceFEuuECsiPimAIRWmYX_5xtask [0x7de1e2] in xtask
=========         Host Frame: _RNCINvNtCsiVHaJpKZL7S_3std2rt10lang_startuE0CsiPimAIRWmYX_5xtask [0x814bb8] in xtask
=========         Host Frame: _RNvNtCsiVHaJpKZL7S_3std2rt19lang_start_internal [0x6c0082] in xtask
=========         Host Frame: main [0x8a0214] in xtask
========= 
========= Barrier error detected. Divergent thread(s) in block.
=========     at native_mtp_q8_sliced_k_fc_c4+0x2280
=========     by thread (112,0,0) in block (3,0,0)
=========     Saved host backtrace up to driver entry point at kernel launch time
=========         Host Frame: cuLaunchKernel [0x3f268a] in libcuda.so.1
=========         Host Frame: _RNvMs7_NtNtNtCs7B1mgaSUMqZ_15mesh_specialize7kernels4cuda6driverNtB5_8Function6launch [0x3829b1] in xtask
=========         Host Frame: _RNvNtCs7B1mgaSUMqZ_15mesh_specialize7kernels22native_mtp_q8_fc_trial [0x3da35f] in xtask
=========         Host Frame: _RNvNtNtCsiPimAIRWmYX_5xtask10specialize5probe16native_mtp_q8_fc [0x880774] in xtask
=========         Host Frame: _RNvCsiPimAIRWmYX_5xtask4main [0x815f97] in xtask
=========         Host Frame: _RINvNtNtCsiVHaJpKZL7S_3std3sys9backtrace28___rust_begin_short_backtraceFEuuECsiPimAIRWmYX_5xtask [0x7de1e2] in xtask
=========         Host Frame: _RNCINvNtCsiVHaJpKZL7S_3std2rt10lang_startuE0CsiPimAIRWmYX_5xtask [0x814bb8] in xtask
=========         Host Frame: _RNvNtCsiVHaJpKZL7S_3std2rt19lang_start_internal [0x6c0082] in xtask
=========         Host Frame: main [0x8a0214] in xtask
========= 
========= Barrier error detected. Divergent thread(s) in block.
=========     at native_mtp_q8_sliced_k_fc_c4+0x2280
=========     by thread (113,0,0) in block (3,0,0)
=========     Saved host backtrace up to driver entry point at kernel launch time
=========         Host Frame: cuLaunchKernel [0x3f268a] in libcuda.so.1
=========         Host Frame: _RNvMs7_NtNtNtCs7B1mgaSUMqZ_15mesh_specialize7kernels4cuda6driverNtB5_8Function6launch [0x3829b1] in xtask
=========         Host Frame: _RNvNtCs7B1mgaSUMqZ_15mesh_specialize7kernels22native_mtp_q8_fc_trial [0x3da35f] in xtask
=========         Host Frame: _RNvNtNtCsiPimAIRWmYX_5xtask10specialize5probe16native_mtp_q8_fc [0x880774] in xtask
=========         Host Frame: _RNvCsiPimAIRWmYX_5xtask4main [0x815f97] in xtask
=========         Host Frame: _RINvNtNtCsiVHaJpKZL7S_3std3sys9backtrace28___rust_begin_short_backtraceFEuuECsiPimAIRWmYX_5xtask [0x7de1e2] in xtask
=========         Host Frame: _RNCINvNtCsiVHaJpKZL7S_3std2rt10lang_startuE0CsiPimAIRWmYX_5xtask [0x814bb8] in xtask
=========         Host Frame: _RNvNtCsiVHaJpKZL7S_3std2rt19lang_start_internal [0x6c0082] in xtask
=========         Host Frame: main [0x8a0214] in xtask
========= 
========= Barrier error detected. Divergent thread(s) in block.
=========     at native_mtp_q8_sliced_k_fc_c4+0x2280
=========     by thread (114,0,0) in block (3,0,0)
=========     Saved host backtrace up to driver entry point at kernel launch time
=========         Host Frame: cuLaunchKernel [0x3f268a] in libcuda.so.1
=========         Host Frame: _RNvMs7_NtNtNtCs7B1mgaSUMqZ_15mesh_specialize7kernels4cuda6driverNtB5_8Function6launch [0x3829b1] in xtask
=========         Host Frame: _RNvNtCs7B1mgaSUMqZ_15mesh_specialize7kernels22native_mtp_q8_fc_trial [0x3da35f] in xtask
=========         Host Frame: _RNvNtNtCsiPimAIRWmYX_5xtask10specialize5probe16native_mtp_q8_fc [0x880774] in xtask
=========         Host Frame: _RNvCsiPimAIRWmYX_5xtask4main [0x815f97] in xtask
=========         Host Frame: _RINvNtNtCsiVHaJpKZL7S_3std3sys9backtrace28___rust_begin_short_backtraceFEuuECsiPimAIRWmYX_5xtask [0x7de1e2] in xtask
=========         Host Frame: _RNCINvNtCsiVHaJpKZL7S_3std2rt10lang_startuE0CsiPimAIRWmYX_5xtask [0x814bb8] in xtask
=========         Host Frame: _RNvNtCsiVHaJpKZL7S_3std2rt19lang_start_internal [0x6c0082] in xtask
=========         Host Frame: main [0x8a0214] in xtask
========= 
========= Barrier error detected. Divergent thread(s) in block.
=========     at native_mtp_q8_sliced_k_fc_c4+0x2280
=========     by thread (115,0,0) in block (3,0,0)
=========     Saved host backtrace up to driver entry point at kernel launch time
=========         Host Frame: cuLaunchKernel [0x3f268a] in libcuda.so.1
=========         Host Frame: _RNvMs7_NtNtNtCs7B1mgaSUMqZ_15mesh_specialize7kernels4cuda6driverNtB5_8Function6launch [0x3829b1] in xtask
=========         Host Frame: _RNvNtCs7B1mgaSUMqZ_15mesh_specialize7kernels22native_mtp_q8_fc_trial [0x3da35f] in xtask
=========         Host Frame: _RNvNtNtCsiPimAIRWmYX_5xtask10specialize5probe16native_mtp_q8_fc [0x880774] in xtask
=========         Host Frame: _RNvCsiPimAIRWmYX_5xtask4main [0x815f97] in xtask
=========         Host Frame: _RINvNtNtCsiVHaJpKZL7S_3std3sys9backtrace28___rust_begin_short_backtraceFEuuECsiPimAIRWmYX_5xtask [0x7de1e2] in xtask
=========         Host Frame: _RNCINvNtCsiVHaJpKZL7S_3std2rt10lang_startuE0CsiPimAIRWmYX_5xtask [0x814bb8] in xtask
=========         Host Frame: _RNvNtCsiVHaJpKZL7S_3std2rt19lang_start_internal [0x6c0082] in xtask
=========         Host Frame: main [0x8a0214] in xtask
========= 
========= Barrier error detected. Divergent thread(s) in block.
=========     at native_mtp_q8_sliced_k_fc_c4+0x2280
=========     by thread (116,0,0) in block (3,0,0)
=========     Saved host backtrace up to driver entry point at kernel launch time
=========         Host Frame: cuLaunchKernel [0x3f268a] in libcuda.so.1
=========         Host Frame: _RNvMs7_NtNtNtCs7B1mgaSUMqZ_15mesh_specialize7kernels4cuda6driverNtB5_8Function6launch [0x3829b1] in xtask
=========         Host Frame: _RNvNtCs7B1mgaSUMqZ_15mesh_specialize7kernels22native_mtp_q8_fc_trial [0x3da35f] in xtask
=========         Host Frame: _RNvNtNtCsiPimAIRWmYX_5xtask10specialize5probe16native_mtp_q8_fc [0x880774] in xtask
=========         Host Frame: _RNvCsiPimAIRWmYX_5xtask4main [0x815f97] in xtask
=========         Host Frame: _RINvNtNtCsiVHaJpKZL7S_3std3sys9backtrace28___rust_begin_short_backtraceFEuuECsiPimAIRWmYX_5xtask [0x7de1e2] in xtask
=========         Host Frame: _RNCINvNtCsiVHaJpKZL7S_3std2rt10lang_startuE0CsiPimAIRWmYX_5xtask [0x814bb8] in xtask
=========         Host Frame: _RNvNtCsiVHaJpKZL7S_3std2rt19lang_start_internal [0x6c0082] in xtask
=========         Host Frame: main [0x8a0214] in xtask
========= 
========= Barrier error detected. Divergent thread(s) in block.
=========     at native_mtp_q8_sliced_k_fc_c4+0x2280
=========     by thread (117,0,0) in block (3,0,0)
=========     Saved host backtrace up to driver entry point at kernel launch time
=========         Host Frame: cuLaunchKernel [0x3f268a] in libcuda.so.1
=========         Host Frame: _RNvMs7_NtNtNtCs7B1mgaSUMqZ_15mesh_specialize7kernels4cuda6driverNtB5_8Function6launch [0x3829b1] in xtask
=========         Host Frame: _RNvNtCs7B1mgaSUMqZ_15mesh_specialize7kernels22native_mtp_q8_fc_trial [0x3da35f] in xtask
=========         Host Frame: _RNvNtNtCsiPimAIRWmYX_5xtask10specialize5probe16native_mtp_q8_fc [0x880774] in xtask
=========         Host Frame: _RNvCsiPimAIRWmYX_5xtask4main [0x815f97] in xtask
=========         Host Frame: _RINvNtNtCsiVHaJpKZL7S_3std3sys9backtrace28___rust_begin_short_backtraceFEuuECsiPimAIRWmYX_5xtask [0x7de1e2] in xtask
=========         Host Frame: _RNCINvNtCsiVHaJpKZL7S_3std2rt10lang_startuE0CsiPimAIRWmYX_5xtask [0x814bb8] in xtask
=========         Host Frame: _RNvNtCsiVHaJpKZL7S_3std2rt19lang_start_internal [0x6c0082] in xtask
=========         Host Frame: main [0x8a0214] in xtask
========= 
========= Barrier error detected. Divergent thread(s) in block.
=========     at native_mtp_q8_sliced_k_fc_c4+0x2280
=========     by thread (118,0,0) in block (3,0,0)
=========     Saved host backtrace up to driver entry point at kernel launch time
=========         Host Frame: cuLaunchKernel [0x3f268a] in libcuda.so.1
=========         Host Frame: _RNvMs7_NtNtNtCs7B1mgaSUMqZ_15mesh_specialize7kernels4cuda6driverNtB5_8Function6launch [0x3829b1] in xtask
=========         Host Frame: _RNvNtCs7B1mgaSUMqZ_15mesh_specialize7kernels22native_mtp_q8_fc_trial [0x3da35f] in xtask
=========         Host Frame: _RNvNtNtCsiPimAIRWmYX_5xtask10specialize5probe16native_mtp_q8_fc [0x880774] in xtask
=========         Host Frame: _RNvCsiPimAIRWmYX_5xtask4main [0x815f97] in xtask
=========         Host Frame: _RINvNtNtCsiVHaJpKZL7S_3std3sys9backtrace28___rust_begin_short_backtraceFEuuECsiPimAIRWmYX_5xtask [0x7de1e2] in xtask
=========         Host Frame: _RNCINvNtCsiVHaJpKZL7S_3std2rt10lang_startuE0CsiPimAIRWmYX_5xtask [0x814bb8] in xtask
=========         Host Frame: _RNvNtCsiVHaJpKZL7S_3std2rt19lang_start_internal [0x6c0082] in xtask
=========         Host Frame: main [0x8a0214] in xtask
========= 
========= Barrier error detected. Divergent thread(s) in block.
=========     at native_mtp_q8_sliced_k_fc_c4+0x2280
=========     by thread (119,0,0) in block (3,0,0)
=========     Saved host backtrace up to driver entry point at kernel launch time
=========         Host Frame: cuLaunchKernel [0x3f268a] in libcuda.so.1
=========         Host Frame: _RNvMs7_NtNtNtCs7B1mgaSUMqZ_15mesh_specialize7kernels4cuda6driverNtB5_8Function6launch [0x3829b1] in xtask
=========         Host Frame: _RNvNtCs7B1mgaSUMqZ_15mesh_specialize7kernels22native_mtp_q8_fc_trial [0x3da35f] in xtask
=========         Host Frame: _RNvNtNtCsiPimAIRWmYX_5xtask10specialize5probe16native_mtp_q8_fc [0x880774] in xtask
=========         Host Frame: _RNvCsiPimAIRWmYX_5xtask4main [0x815f97] in xtask
=========         Host Frame: _RINvNtNtCsiVHaJpKZL7S_3std3sys9backtrace28___rust_begin_short_backtraceFEuuECsiPimAIRWmYX_5xtask [0x7de1e2] in xtask
=========         Host Frame: _RNCINvNtCsiVHaJpKZL7S_3std2rt10lang_startuE0CsiPimAIRWmYX_5xtask [0x814bb8] in xtask
=========         Host Frame: _RNvNtCsiVHaJpKZL7S_3std2rt19lang_start_internal [0x6c0082] in xtask
=========         Host Frame: main [0x8a0214] in xtask
========= 
========= Barrier error detected. Divergent thread(s) in block.
=========     at native_mtp_q8_sliced_k_fc_c4+0x2280
=========     by thread (120,0,0) in block (3,0,0)
=========     Saved host backtrace up to driver entry point at kernel launch time
=========         Host Frame: cuLaunchKernel [0x3f268a] in libcuda.so.1
=========         Host Frame: _RNvMs7_NtNtNtCs7B1mgaSUMqZ_15mesh_specialize7kernels4cuda6driverNtB5_8Function6launch [0x3829b1] in xtask
=========         Host Frame: _RNvNtCs7B1mgaSUMqZ_15mesh_specialize7kernels22native_mtp_q8_fc_trial [0x3da35f] in xtask
=========         Host Frame: _RNvNtNtCsiPimAIRWmYX_5xtask10specialize5probe16native_mtp_q8_fc [0x880774] in xtask
=========         Host Frame: _RNvCsiPimAIRWmYX_5xtask4main [0x815f97] in xtask
=========         Host Frame: _RINvNtNtCsiVHaJpKZL7S_3std3sys9backtrace28___rust_begin_short_backtraceFEuuECsiPimAIRWmYX_5xtask [0x7de1e2] in xtask
=========         Host Frame: _RNCINvNtCsiVHaJpKZL7S_3std2rt10lang_startuE0CsiPimAIRWmYX_5xtask [0x814bb8] in xtask
=========         Host Frame: _RNvNtCsiVHaJpKZL7S_3std2rt19lang_start_internal [0x6c0082] in xtask
=========         Host Frame: main [0x8a0214] in xtask
========= 
========= Barrier error detected. Divergent thread(s) in block.
=========     at native_mtp_q8_sliced_k_fc_c4+0x2280
=========     by thread (121,0,0) in block (3,0,0)
=========     Saved host backtrace up to driver entry point at kernel launch time
=========         Host Frame: cuLaunchKernel [0x3f268a] in libcuda.so.1
=========         Host Frame: _RNvMs7_NtNtNtCs7B1mgaSUMqZ_15mesh_specialize7kernels4cuda6driverNtB5_8Function6launch [0x3829b1] in xtask
=========         Host Frame: _RNvNtCs7B1mgaSUMqZ_15mesh_specialize7kernels22native_mtp_q8_fc_trial [0x3da35f] in xtask
=========         Host Frame: _RNvNtNtCsiPimAIRWmYX_5xtask10specialize5probe16native_mtp_q8_fc [0x880774] in xtask
=========         Host Frame: _RNvCsiPimAIRWmYX_5xtask4main [0x815f97] in xtask
=========         Host Frame: _RINvNtNtCsiVHaJpKZL7S_3std3sys9backtrace28___rust_begin_short_backtraceFEuuECsiPimAIRWmYX_5xtask [0x7de1e2] in xtask
=========         Host Frame: _RNCINvNtCsiVHaJpKZL7S_3std2rt10lang_startuE0CsiPimAIRWmYX_5xtask [0x814bb8] in xtask
=========         Host Frame: _RNvNtCsiVHaJpKZL7S_3std2rt19lang_start_internal [0x6c0082] in xtask
=========         Host Frame: main [0x8a0214] in xtask
========= 
========= Barrier error detected. Divergent thread(s) in block.
=========     at native_mtp_q8_sliced_k_fc_c4+0x2280
=========     by thread (122,0,0) in block (3,0,0)
=========     Saved host backtrace up to driver entry point at kernel launch time
=========         Host Frame: cuLaunchKernel [0x3f268a] in libcuda.so.1
=========         Host Frame: _RNvMs7_NtNtNtCs7B1mgaSUMqZ_15mesh_specialize7kernels4cuda6driverNtB5_8Function6launch [0x3829b1] in xtask
=========         Host Frame: _RNvNtCs7B1mgaSUMqZ_15mesh_specialize7kernels22native_mtp_q8_fc_trial [0x3da35f] in xtask
=========         Host Frame: _RNvNtNtCsiPimAIRWmYX_5xtask10specialize5probe16native_mtp_q8_fc [0x880774] in xtask
=========         Host Frame: _RNvCsiPimAIRWmYX_5xtask4main [0x815f97] in xtask
=========         Host Frame: _RINvNtNtCsiVHaJpKZL7S_3std3sys9backtrace28___rust_begin_short_backtraceFEuuECsiPimAIRWmYX_5xtask [0x7de1e2] in xtask
=========         Host Frame: _RNCINvNtCsiVHaJpKZL7S_3std2rt10lang_startuE0CsiPimAIRWmYX_5xtask [0x814bb8] in xtask
=========         Host Frame: _RNvNtCsiVHaJpKZL7S_3std2rt19lang_start_internal [0x6c0082] in xtask
=========         Host Frame: main [0x8a0214] in xtask
========= 
========= Barrier error detected. Divergent thread(s) in block.
=========     at native_mtp_q8_sliced_k_fc_c4+0x2280
=========     by thread (123,0,0) in block (3,0,0)
=========     Saved host backtrace up to driver entry point at kernel launch time
=========         Host Frame: cuLaunchKernel [0x3f268a] in libcuda.so.1
=========         Host Frame: _RNvMs7_NtNtNtCs7B1mgaSUMqZ_15mesh_specialize7kernels4cuda6driverNtB5_8Function6launch [0x3829b1] in xtask
=========         Host Frame: _RNvNtCs7B1mgaSUMqZ_15mesh_specialize7kernels22native_mtp_q8_fc_trial [0x3da35f] in xtask
=========         Host Frame: _RNvNtNtCsiPimAIRWmYX_5xtask10specialize5probe16native_mtp_q8_fc [0x880774] in xtask
=========         Host Frame: _RNvCsiPimAIRWmYX_5xtask4main [0x815f97] in xtask
=========         Host Frame: _RINvNtNtCsiVHaJpKZL7S_3std3sys9backtrace28___rust_begin_short_backtraceFEuuECsiPimAIRWmYX_5xtask [0x7de1e2] in xtask
=========         Host Frame: _RNCINvNtCsiVHaJpKZL7S_3std2rt10lang_startuE0CsiPimAIRWmYX_5xtask [0x814bb8] in xtask
=========         Host Frame: _RNvNtCsiVHaJpKZL7S_3std2rt19lang_start_internal [0x6c0082] in xtask
=========         Host Frame: main [0x8a0214] in xtask
========= 
========= Barrier error detected. Divergent thread(s) in block.
=========     at native_mtp_q8_sliced_k_fc_c4+0x2280
=========     by thread (124,0,0) in block (3,0,0)
=========     Saved host backtrace up to driver entry point at kernel launch time
=========         Host Frame: cuLaunchKernel [0x3f268a] in libcuda.so.1
=========         Host Frame: _RNvMs7_NtNtNtCs7B1mgaSUMqZ_15mesh_specialize7kernels4cuda6driverNtB5_8Function6launch [0x3829b1] in xtask
=========         Host Frame: _RNvNtCs7B1mgaSUMqZ_15mesh_specialize7kernels22native_mtp_q8_fc_trial [0x3da35f] in xtask
=========         Host Frame: _RNvNtNtCsiPimAIRWmYX_5xtask10specialize5probe16native_mtp_q8_fc [0x880774] in xtask
=========         Host Frame: _RNvCsiPimAIRWmYX_5xtask4main [0x815f97] in xtask
=========         Host Frame: _RINvNtNtCsiVHaJpKZL7S_3std3sys9backtrace28___rust_begin_short_backtraceFEuuECsiPimAIRWmYX_5xtask [0x7de1e2] in xtask
=========         Host Frame: _RNCINvNtCsiVHaJpKZL7S_3std2rt10lang_startuE0CsiPimAIRWmYX_5xtask [0x814bb8] in xtask
=========         Host Frame: _RNvNtCsiVHaJpKZL7S_3std2rt19lang_start_internal [0x6c0082] in xtask
=========         Host Frame: main [0x8a0214] in xtask
========= 
========= Barrier error detected. Divergent thread(s) in block.
=========     at native_mtp_q8_sliced_k_fc_c4+0x2280
=========     by thread (125,0,0) in block (3,0,0)
=========     Saved host backtrace up to driver entry point at kernel launch time
=========         Host Frame: cuLaunchKernel [0x3f268a] in libcuda.so.1
=========         Host Frame: _RNvMs7_NtNtNtCs7B1mgaSUMqZ_15mesh_specialize7kernels4cuda6driverNtB5_8Function6launch [0x3829b1] in xtask
=========         Host Frame: _RNvNtCs7B1mgaSUMqZ_15mesh_specialize7kernels22native_mtp_q8_fc_trial [0x3da35f] in xtask
=========         Host Frame: _RNvNtNtCsiPimAIRWmYX_5xtask10specialize5probe16native_mtp_q8_fc [0x880774] in xtask
=========         Host Frame: _RNvCsiPimAIRWmYX_5xtask4main [0x815f97] in xtask
=========         Host Frame: _RINvNtNtCsiVHaJpKZL7S_3std3sys9backtrace28___rust_begin_short_backtraceFEuuECsiPimAIRWmYX_5xtask [0x7de1e2] in xtask
=========         Host Frame: _RNCINvNtCsiVHaJpKZL7S_3std2rt10lang_startuE0CsiPimAIRWmYX_5xtask [0x814bb8] in xtask
=========         Host Frame: _RNvNtCsiVHaJpKZL7S_3std2rt19lang_start_internal [0x6c0082] in xtask
=========         Host Frame: main [0x8a0214] in xtask
========= 
========= Barrier error detected. Divergent thread(s) in block.
=========     at native_mtp_q8_sliced_k_fc_c4+0x2280
=========     by thread (126,0,0) in block (3,0,0)
=========     Saved host backtrace up to driver entry point at kernel launch time
=========         Host Frame: cuLaunchKernel [0x3f268a] in libcuda.so.1
=========         Host Frame: _RNvMs7_NtNtNtCs7B1mgaSUMqZ_15mesh_specialize7kernels4cuda6driverNtB5_8Function6launch [0x3829b1] in xtask
=========         Host Frame: _RNvNtCs7B1mgaSUMqZ_15mesh_specialize7kernels22native_mtp_q8_fc_trial [0x3da35f] in xtask
=========         Host Frame: _RNvNtNtCsiPimAIRWmYX_5xtask10specialize5probe16native_mtp_q8_fc [0x880774] in xtask
=========         Host Frame: _RNvCsiPimAIRWmYX_5xtask4main [0x815f97] in xtask
=========         Host Frame: _RINvNtNtCsiVHaJpKZL7S_3std3sys9backtrace28___rust_begin_short_backtraceFEuuECsiPimAIRWmYX_5xtask [0x7de1e2] in xtask
=========         Host Frame: _RNCINvNtCsiVHaJpKZL7S_3std2rt10lang_startuE0CsiPimAIRWmYX_5xtask [0x814bb8] in xtask
=========         Host Frame: _RNvNtCsiVHaJpKZL7S_3std2rt19lang_start_internal [0x6c0082] in xtask
=========         Host Frame: main [0x8a0214] in xtask
========= 
========= Barrier error detected. Divergent thread(s) in block.
=========     at native_mtp_q8_sliced_k_fc_c4+0x2280
=========     by thread (127,0,0) in block (3,0,0)
=========     Saved host backtrace up to driver entry point at kernel launch time
=========         Host Frame: cuLaunchKernel [0x3f268a] in libcuda.so.1
=========         Host Frame: _RNvMs7_NtNtNtCs7B1mgaSUMqZ_15mesh_specialize7kernels4cuda6driverNtB5_8Function6launch [0x3829b1] in xtask
=========         Host Frame: _RNvNtCs7B1mgaSUMqZ_15mesh_specialize7kernels22native_mtp_q8_fc_trial [0x3da35f] in xtask
=========         Host Frame: _RNvNtNtCsiPimAIRWmYX_5xtask10specialize5probe16native_mtp_q8_fc [0x880774] in xtask
=========         Host Frame: _RNvCsiPimAIRWmYX_5xtask4main [0x815f97] in xtask
=========         Host Frame: _RINvNtNtCsiVHaJpKZL7S_3std3sys9backtrace28___rust_begin_short_backtraceFEuuECsiPimAIRWmYX_5xtask [0x7de1e2] in xtask
=========         Host Frame: _RNCINvNtCsiVHaJpKZL7S_3std2rt10lang_startuE0CsiPimAIRWmYX_5xtask [0x814bb8] in xtask
=========         Host Frame: _RNvNtCsiVHaJpKZL7S_3std2rt19lang_start_internal [0x6c0082] in xtask
=========         Host Frame: main [0x8a0214] in xtask
========= 
========= Barrier error detected. Divergent thread(s) in block.
=========     at native_mtp_q8_sliced_k_fc_c4+0x2280
=========     by thread (160,0,0) in block (3,0,0)
=========     Saved host backtrace up to driver entry point at kernel launch time
=========         Host Frame: cuLaunchKernel [0x3f268a] in libcuda.so.1
=========         Host Frame: _RNvMs7_NtNtNtCs7B1mgaSUMqZ_15mesh_specialize7kernels4cuda6driverNtB5_8Function6launch [0x3829b1] in xtask
=========         Host Frame: _RNvNtCs7B1mgaSUMqZ_15mesh_specialize7kernels22native_mtp_q8_fc_trial [0x3da35f] in xtask
=========         Host Frame: _RNvNtNtCsiPimAIRWmYX_5xtask10specialize5probe16native_mtp_q8_fc [0x880774] in xtask
=========         Host Frame: _RNvCsiPimAIRWmYX_5xtask4main [0x815f97] in xtask
=========         Host Frame: _RINvNtNtCsiVHaJpKZL7S_3std3sys9backtrace28___rust_begin_short_backtraceFEuuECsiPimAIRWmYX_5xtask [0x7de1e2] in xtask
=========         Host Frame: _RNCINvNtCsiVHaJpKZL7S_3std2rt10lang_startuE0CsiPimAIRWmYX_5xtask [0x814bb8] in xtask
=========         Host Frame: _RNvNtCsiVHaJpKZL7S_3std2rt19lang_start_internal [0x6c0082] in xtask
=========         Host Frame: main [0x8a0214] in xtask
========= 
========= Barrier error detected. Divergent thread(s) in block.
=========     at native_mtp_q8_sliced_k_fc_c4+0x2280
=========     by thread (161,0,0) in block (3,0,0)
=========     Saved host backtrace up to driver entry point at kernel launch time
=========         Host Frame: cuLaunchKernel [0x3f268a] in libcuda.so.1
=========         Host Frame: _RNvMs7_NtNtNtCs7B1mgaSUMqZ_15mesh_specialize7kernels4cuda6driverNtB5_8Function6launch [0x3829b1] in xtask
=========         Host Frame: _RNvNtCs7B1mgaSUMqZ_15mesh_specialize7kernels22native_mtp_q8_fc_trial [0x3da35f] in xtask
=========         Host Frame: _RNvNtNtCsiPimAIRWmYX_5xtask10specialize5probe16native_mtp_q8_fc [0x880774] in xtask
=========         Host Frame: _RNvCsiPimAIRWmYX_5xtask4main [0x815f97] in xtask
=========         Host Frame: _RINvNtNtCsiVHaJpKZL7S_3std3sys9backtrace28___rust_begin_short_backtraceFEuuECsiPimAIRWmYX_5xtask [0x7de1e2] in xtask
=========         Host Frame: _RNCINvNtCsiVHaJpKZL7S_3std2rt10lang_startuE0CsiPimAIRWmYX_5xtask [0x814bb8] in xtask
=========         Host Frame: _RNvNtCsiVHaJpKZL7S_3std2rt19lang_start_internal [0x6c0082] in xtask
=========         Host Frame: main [0x8a0214] in xtask
========= 
========= Barrier error detected. Divergent thread(s) in block.
=========     at native_mtp_q8_sliced_k_fc_c4+0x2280
=========     by thread (162,0,0) in block (3,0,0)
=========     Saved host backtrace up to driver entry point at kernel launch time
=========         Host Frame: cuLaunchKernel [0x3f268a] in libcuda.so.1
=========         Host Frame: _RNvMs7_NtNtNtCs7B1mgaSUMqZ_15mesh_specialize7kernels4cuda6driverNtB5_8Function6launch [0x3829b1] in xtask
=========         Host Frame: _RNvNtCs7B1mgaSUMqZ_15mesh_specialize7kernels22native_mtp_q8_fc_trial [0x3da35f] in xtask
=========         Host Frame: _RNvNtNtCsiPimAIRWmYX_5xtask10specialize5probe16native_mtp_q8_fc [0x880774] in xtask
=========         Host Frame: _RNvCsiPimAIRWmYX_5xtask4main [0x815f97] in xtask
=========         Host Frame: _RINvNtNtCsiVHaJpKZL7S_3std3sys9backtrace28___rust_begin_short_backtraceFEuuECsiPimAIRWmYX_5xtask [0x7de1e2] in xtask
=========         Host Frame: _RNCINvNtCsiVHaJpKZL7S_3std2rt10lang_startuE0CsiPimAIRWmYX_5xtask [0x814bb8] in xtask
=========         Host Frame: _RNvNtCsiVHaJpKZL7S_3std2rt19lang_start_internal [0x6c0082] in xtask
=========         Host Frame: main [0x8a0214] in xtask
========= 
========= Barrier error detected. Divergent thread(s) in block.
=========     at native_mtp_q8_sliced_k_fc_c4+0x2280
=========     by thread (163,0,0) in block (3,0,0)
=========     Saved host backtrace up to driver entry point at kernel launch time
=========         Host Frame: cuLaunchKernel [0x3f268a] in libcuda.so.1
=========         Host Frame: _RNvMs7_NtNtNtCs7B1mgaSUMqZ_15mesh_specialize7kernels4cuda6driverNtB5_8Function6launch [0x3829b1] in xtask
=========         Host Frame: _RNvNtCs7B1mgaSUMqZ_15mesh_specialize7kernels22native_mtp_q8_fc_trial [0x3da35f] in xtask
=========         Host Frame: _RNvNtNtCsiPimAIRWmYX_5xtask10specialize5probe16native_mtp_q8_fc [0x880774] in xtask
=========         Host Frame: _RNvCsiPimAIRWmYX_5xtask4main [0x815f97] in xtask
=========         Host Frame: _RINvNtNtCsiVHaJpKZL7S_3std3sys9backtrace28___rust_begin_short_backtraceFEuuECsiPimAIRWmYX_5xtask [0x7de1e2] in xtask
=========         Host Frame: _RNCINvNtCsiVHaJpKZL7S_3std2rt10lang_startuE0CsiPimAIRWmYX_5xtask [0x814bb8] in xtask
=========         Host Frame: _RNvNtCsiVHaJpKZL7S_3std2rt19lang_start_internal [0x6c0082] in xtask
=========         Host Frame: main [0x8a0214] in xtask
========= 
{
  "all_passed": false,
  "output": "/home/ndizazzo/dev/mesh/fc-q8-trial-20260930-a/synccheck.json"
}
error: cuModuleGetFunction failed with CUDA result code 719
========= Target application returned an error
========= ERROR SUMMARY: 5504 errors
========= ERROR SUMMARY: 5404 errors were not printed. Use --print-limit option to adjust the number of printed errors
