2026-09-30T21:38:19-04:00
19 %, 429 MiB, 450 MHz, 13801 MHz, 24.95 W, 29
0 %, 17 MiB, 210 MHz, 405 MHz, 21.17 W, 26
 21:38:19 up 7 days,  5:29,  6 users,  load average: 0.72, 0.50, 0.24
2026-09-30T21:38:21-04:00
0 %, 429 MiB, 1485 MHz, 14001 MHz, 41.97 W, 29
0 %, 17 MiB, 210 MHz, 405 MHz, 21.00 W, 26
 21:38:21 up 7 days,  5:29,  6 users,  load average: 0.72, 0.50, 0.24
2026-09-30T21:38:23-04:00
0 %, 429 MiB, 240 MHz, 810 MHz, 11.99 W, 29
0 %, 17 MiB, 210 MHz, 405 MHz, 22.73 W, 26
 21:38:23 up 7 days,  5:29,  6 users,  load average: 0.74, 0.51, 0.25
2026-09-30T21:38:25-04:00
0 %, 429 MiB, 232 MHz, 405 MHz, 5.58 W, 28
0 %, 17 MiB, 210 MHz, 405 MHz, 22.47 W, 26
 21:38:25 up 7 days,  5:29,  6 users,  load average: 0.74, 0.51, 0.25
2026-09-30T21:38:27-04:00
0 %, 429 MiB, 232 MHz, 405 MHz, 5.98 W, 28
0 %, 17 MiB, 210 MHz, 405 MHz, 21.14 W, 26
 21:38:27 up 7 days,  5:29,  6 users,  load average: 0.76, 0.52, 0.25
2026-09-30T21:38:29-04:00
0 %, 429 MiB, 232 MHz, 405 MHz, 5.57 W, 29
0 %, 17 MiB, 210 MHz, 405 MHz, 21.14 W, 26
 21:38:29 up 7 days,  5:29,  6 users,  load average: 0.76, 0.52, 0.25
2026-09-30T21:38:31-04:00
0 %, 429 MiB, 232 MHz, 405 MHz, 5.97 W, 28
0 %, 17 MiB, 210 MHz, 405 MHz, 27.08 W, 26
 21:38:31 up 7 days,  5:29,  6 users,  load average: 0.76, 0.52, 0.25
2026-09-30T21:38:33-04:00
0 %, 429 MiB, 232 MHz, 405 MHz, 5.90 W, 28
0 %, 17 MiB, 210 MHz, 405 MHz, 21.39 W, 26
 21:38:33 up 7 days,  5:29,  6 users,  load average: 0.78, 0.53, 0.26
2026-09-30T21:38:35-04:00
0 %, 429 MiB, 232 MHz, 405 MHz, 5.68 W, 28
0 %, 17 MiB, 210 MHz, 405 MHz, 21.15 W, 26
 21:38:36 up 7 days,  5:29,  6 users,  load average: 0.78, 0.53, 0.26
2026-09-30T21:38:38-04:00
0 %, 429 MiB, 232 MHz, 405 MHz, 5.84 W, 29
0 %, 17 MiB, 210 MHz, 405 MHz, 23.23 W, 26
 21:38:38 up 7 days,  5:29,  6 users,  load average: 0.88, 0.55, 0.27
2026-09-30T21:38:40-04:00
0 %, 429 MiB, 232 MHz, 405 MHz, 5.94 W, 28
0 %, 17 MiB, 210 MHz, 405 MHz, 22.07 W, 26
 21:38:40 up 7 days,  5:29,  6 users,  load average: 0.88, 0.55, 0.27
2026-09-30T21:38:42-04:00
0 %, 429 MiB, 232 MHz, 405 MHz, 5.52 W, 28
0 %, 17 MiB, 210 MHz, 405 MHz, 20.99 W, 26
 21:38:42 up 7 days,  5:29,  6 users,  load average: 0.89, 0.56, 0.27
2026-09-30T21:38:44-04:00
0 %, 429 MiB, 232 MHz, 405 MHz, 5.91 W, 28
0 %, 17 MiB, 210 MHz, 405 MHz, 21.11 W, 26
 21:38:44 up 7 days,  5:29,  6 users,  load average: 0.89, 0.56, 0.27
2026-09-30T21:38:46-04:00
0 %, 429 MiB, 232 MHz, 405 MHz, 6.15 W, 28
0 %, 17 MiB, 210 MHz, 405 MHz, 27.44 W, 26
 21:38:46 up 7 days,  5:29,  6 users,  load average: 0.89, 0.56, 0.27
2026-09-30T21:38:48-04:00
0 %, 429 MiB, 232 MHz, 405 MHz, 5.79 W, 28
0 %, 17 MiB, 210 MHz, 405 MHz, 21.10 W, 26
 21:38:48 up 7 days,  5:29,  6 users,  load average: 0.98, 0.58, 0.28
2026-09-30T21:38:50-04:00
0 %, 429 MiB, 232 MHz, 405 MHz, 5.65 W, 29
0 %, 17 MiB, 210 MHz, 405 MHz, 21.08 W, 26
 21:38:50 up 7 days,  5:29,  6 users,  load average: 0.98, 0.58, 0.28
2026-09-30T21:38:52-04:00
0 %, 429 MiB, 232 MHz, 405 MHz, 6.11 W, 29
0 %, 17 MiB, 210 MHz, 405 MHz, 23.78 W, 26
 21:38:52 up 7 days,  5:29,  6 users,  load average: 0.98, 0.59, 0.28
2026-09-30T21:38:54-04:00
0 %, 429 MiB, 232 MHz, 405 MHz, 5.74 W, 29
0 %, 17 MiB, 210 MHz, 405 MHz, 22.20 W, 26
 21:38:54 up 7 days,  5:29,  6 users,  load average: 0.98, 0.59, 0.28
2026-09-30T21:38:56-04:00
0 %, 429 MiB, 232 MHz, 405 MHz, 5.93 W, 29
0 %, 17 MiB, 210 MHz, 405 MHz, 20.98 W, 26
 21:38:56 up 7 days,  5:29,  6 users,  load average: 0.98, 0.59, 0.28
2026-09-30T21:38:58-04:00
0 %, 429 MiB, 232 MHz, 405 MHz, 5.76 W, 29
0 %, 17 MiB, 210 MHz, 405 MHz, 21.05 W, 26
 21:38:58 up 7 days,  5:30,  6 users,  load average: 1.06, 0.61, 0.29
2026-09-30T21:39:00-04:00
0 %, 429 MiB, 225 MHz, 405 MHz, 5.55 W, 29
0 %, 17 MiB, 210 MHz, 405 MHz, 21.93 W, 26
 21:39:00 up 7 days,  5:30,  6 users,  load average: 1.06, 0.61, 0.29
2026-09-30T21:39:02-04:00
0 %, 429 MiB, 232 MHz, 405 MHz, 6.05 W, 29
0 %, 17 MiB, 210 MHz, 405 MHz, 20.96 W, 26
 21:39:02 up 7 days,  5:30,  6 users,  load average: 1.06, 0.62, 0.30
2026-09-30T21:39:04-04:00
0 %, 429 MiB, 232 MHz, 405 MHz, 6.31 W, 29
0 %, 17 MiB, 210 MHz, 405 MHz, 21.08 W, 26
 21:39:05 up 7 days,  5:30,  6 users,  load average: 1.06, 0.62, 0.30
2026-09-30T21:39:07-04:00
0 %, 429 MiB, 232 MHz, 405 MHz, 6.03 W, 29
0 %, 17 MiB, 210 MHz, 405 MHz, 24.05 W, 26
 21:39:07 up 7 days,  5:30,  6 users,  load average: 1.13, 0.64, 0.31
2026-09-30T21:39:09-04:00
0 %, 429 MiB, 232 MHz, 405 MHz, 6.04 W, 29
0 %, 17 MiB, 210 MHz, 405 MHz, 21.68 W, 27
 21:39:09 up 7 days,  5:30,  6 users,  load average: 1.13, 0.64, 0.31
2026-09-30T21:39:11-04:00
0 %, 429 MiB, 232 MHz, 405 MHz, 6.20 W, 29
0 %, 17 MiB, 210 MHz, 405 MHz, 20.86 W, 26
 21:39:11 up 7 days,  5:30,  6 users,  load average: 1.13, 0.64, 0.31
2026-09-30T21:39:13-04:00
0 %, 429 MiB, 247 MHz, 405 MHz, 5.40 W, 29
0 %, 17 MiB, 210 MHz, 405 MHz, 21.14 W, 26
 21:39:13 up 7 days,  5:30,  6 users,  load average: 1.12, 0.65, 0.31
2026-09-30T21:39:15-04:00
0 %, 429 MiB, 232 MHz, 405 MHz, 6.05 W, 29
0 %, 17 MiB, 210 MHz, 405 MHz, 22.32 W, 27
 21:39:15 up 7 days,  5:30,  6 users,  load average: 1.12, 0.65, 0.31
2026-09-30T21:39:17-04:00
4 %, 20369 MiB, 2902 MHz, 13801 MHz, 79.17 W, 30
0 %, 20 MiB, 210 MHz, 405 MHz, 28.67 W, 26
1695792, /home/ndizazzo/dev/mesh/issue1393-q4-snapshot-20260930/target/release/xtask, 19932 MiB
 21:39:17 up 7 days,  5:30,  6 users,  load average: 1.11, 0.66, 0.31
2026-09-30T21:39:19-04:00
6 %, 20369 MiB, 2760 MHz, 13801 MHz, 70.63 W, 30
0 %, 20 MiB, 210 MHz, 405 MHz, 21.14 W, 26
1695792, /home/ndizazzo/dev/mesh/issue1393-q4-snapshot-20260930/target/release/xtask, 19932 MiB
 21:39:19 up 7 days,  5:30,  6 users,  load average: 1.11, 0.66, 0.31
2026-09-30T21:39:21-04:00
4 %, 20369 MiB, 2820 MHz, 13801 MHz, 70.52 W, 30
0 %, 20 MiB, 210 MHz, 405 MHz, 25.92 W, 27
1695792, /home/ndizazzo/dev/mesh/issue1393-q4-snapshot-20260930/target/release/xtask, 19932 MiB
 21:39:21 up 7 days,  5:30,  6 users,  load average: 1.11, 0.66, 0.31
2026-09-30T21:39:23-04:00
4 %, 20369 MiB, 2760 MHz, 13801 MHz, 69.51 W, 30
0 %, 20 MiB, 210 MHz, 405 MHz, 21.27 W, 26
1695792, /home/ndizazzo/dev/mesh/issue1393-q4-snapshot-20260930/target/release/xtask, 19932 MiB
 21:39:23 up 7 days,  5:30,  6 users,  load average: 1.10, 0.66, 0.32
2026-09-30T21:39:25-04:00
7 %, 20369 MiB, 2820 MHz, 13801 MHz, 71.14 W, 30
0 %, 20 MiB, 210 MHz, 405 MHz, 20.98 W, 26
1695792, /home/ndizazzo/dev/mesh/issue1393-q4-snapshot-20260930/target/release/xtask, 19932 MiB
 21:39:25 up 7 days,  5:30,  6 users,  load average: 1.10, 0.66, 0.32
2026-09-30T21:39:27-04:00
7 %, 20369 MiB, 2925 MHz, 13801 MHz, 76.31 W, 30
0 %, 20 MiB, 210 MHz, 405 MHz, 20.91 W, 26
1695792, /home/ndizazzo/dev/mesh/issue1393-q4-snapshot-20260930/target/release/xtask, 19932 MiB
 21:39:27 up 7 days,  5:30,  6 users,  load average: 1.09, 0.67, 0.32
2026-09-30T21:39:29-04:00
74 %, 20819 MiB, 2842 MHz, 13801 MHz, 321.32 W, 37
0 %, 20 MiB, 210 MHz, 405 MHz, 27.32 W, 26
1695792, /home/ndizazzo/dev/mesh/issue1393-q4-snapshot-20260930/target/release/xtask, 20382 MiB
 21:39:29 up 7 days,  5:30,  6 users,  load average: 1.09, 0.67, 0.32
2026-09-30T21:39:31-04:00
75 %, 20819 MiB, 2850 MHz, 13801 MHz, 319.21 W, 36
0 %, 20 MiB, 210 MHz, 405 MHz, 23.26 W, 26
1695792, /home/ndizazzo/dev/mesh/issue1393-q4-snapshot-20260930/target/release/xtask, 20382 MiB
 21:39:31 up 7 days,  5:30,  6 users,  load average: 1.09, 0.67, 0.32
2026-09-30T21:39:33-04:00
73 %, 20819 MiB, 2850 MHz, 13801 MHz, 320.51 W, 38
0 %, 20 MiB, 210 MHz, 405 MHz, 23.27 W, 26
1695792, /home/ndizazzo/dev/mesh/issue1393-q4-snapshot-20260930/target/release/xtask, 20382 MiB
 21:39:33 up 7 days,  5:30,  6 users,  load average: 1.09, 0.67, 0.33
2026-09-30T21:39:35-04:00
73 %, 20821 MiB, 2850 MHz, 13801 MHz, 321.04 W, 37
0 %, 20 MiB, 210 MHz, 405 MHz, 28.98 W, 26
1695792, /home/ndizazzo/dev/mesh/issue1393-q4-snapshot-20260930/target/release/xtask, 20384 MiB
 21:39:36 up 7 days,  5:30,  6 users,  load average: 1.09, 0.67, 0.33
2026-09-30T21:39:38-04:00
73 %, 20835 MiB, 2842 MHz, 13801 MHz, 321.01 W, 37
0 %, 20 MiB, 210 MHz, 405 MHz, 23.60 W, 26
1695792, /home/ndizazzo/dev/mesh/issue1393-q4-snapshot-20260930/target/release/xtask, 20384 MiB
 21:39:38 up 7 days,  5:30,  6 users,  load average: 1.08, 0.68, 0.33
2026-09-30T21:39:40-04:00
0 %, 429 MiB, 2925 MHz, 14001 MHz, 91.82 W, 31
0 %, 17 MiB, 210 MHz, 405 MHz, 26.67 W, 26
 21:39:40 up 7 days,  5:30,  6 users,  load average: 1.08, 0.68, 0.33
2026-09-30T21:39:42-04:00
0 %, 429 MiB, 622 MHz, 7001 MHz, 25.24 W, 29
0 %, 17 MiB, 210 MHz, 405 MHz, 21.18 W, 26
 21:39:42 up 7 days,  5:30,  6 users,  load average: 1.07, 0.68, 0.33
2026-09-30T21:39:44-04:00
0 %, 429 MiB, 255 MHz, 7001 MHz, 24.23 W, 29
0 %, 17 MiB, 210 MHz, 405 MHz, 22.03 W, 26
 21:39:44 up 7 days,  5:30,  6 users,  load average: 1.07, 0.68, 0.33
2026-09-30T21:39:46-04:00
0 %, 429 MiB, 232 MHz, 810 MHz, 15.72 W, 29
0 %, 17 MiB, 210 MHz, 405 MHz, 21.02 W, 26
 21:39:46 up 7 days,  5:30,  6 users,  load average: 1.07, 0.68, 0.33
2026-09-30T21:39:48-04:00
0 %, 429 MiB, 232 MHz, 405 MHz, 6.01 W, 29
0 %, 17 MiB, 210 MHz, 405 MHz, 21.10 W, 26
 21:39:48 up 7 days,  5:30,  6 users,  load average: 1.07, 0.69, 0.34
2026-09-30T21:39:50-04:00
0 %, 429 MiB, 232 MHz, 405 MHz, 5.54 W, 29
0 %, 17 MiB, 210 MHz, 405 MHz, 27.35 W, 26
 21:39:50 up 7 days,  5:30,  6 users,  load average: 1.07, 0.69, 0.34
2026-09-30T21:39:52-04:00
0 %, 429 MiB, 232 MHz, 405 MHz, 5.39 W, 29
0 %, 17 MiB, 210 MHz, 405 MHz, 21.13 W, 26
 21:39:52 up 7 days,  5:30,  6 users,  load average: 1.06, 0.70, 0.34
2026-09-30T21:39:54-04:00
0 %, 429 MiB, 232 MHz, 405 MHz, 5.20 W, 29
0 %, 17 MiB, 210 MHz, 405 MHz, 20.97 W, 26
 21:39:54 up 7 days,  5:30,  6 users,  load average: 1.06, 0.70, 0.34
2026-09-30T21:39:56-04:00
0 %, 429 MiB, 247 MHz, 405 MHz, 5.34 W, 29
0 %, 17 MiB, 210 MHz, 405 MHz, 22.21 W, 26
 21:39:56 up 7 days,  5:30,  6 users,  load average: 1.06, 0.70, 0.34
2026-09-30T21:39:58-04:00
0 %, 429 MiB, 232 MHz, 405 MHz, 5.26 W, 29
0 %, 17 MiB, 210 MHz, 405 MHz, 21.68 W, 26
 21:39:58 up 7 days,  5:31,  6 users,  load average: 1.06, 0.70, 0.35
2026-09-30T21:40:00-04:00
0 %, 429 MiB, 232 MHz, 405 MHz, 4.85 W, 29
0 %, 17 MiB, 210 MHz, 405 MHz, 20.96 W, 26
 21:40:00 up 7 days,  5:31,  6 users,  load average: 1.06, 0.70, 0.35
2026-09-30T21:40:02-04:00
0 %, 429 MiB, 232 MHz, 405 MHz, 5.40 W, 29
0 %, 17 MiB, 210 MHz, 405 MHz, 21.14 W, 26
 21:40:02 up 7 days,  5:31,  6 users,  load average: 1.05, 0.71, 0.35
2026-09-30T21:40:04-04:00
0 %, 429 MiB, 232 MHz, 405 MHz, 5.64 W, 29
0 %, 17 MiB, 210 MHz, 405 MHz, 27.73 W, 26
 21:40:05 up 7 days,  5:31,  6 users,  load average: 1.05, 0.71, 0.35
2026-09-30T21:40:07-04:00
0 %, 429 MiB, 232 MHz, 405 MHz, 5.26 W, 29
0 %, 17 MiB, 210 MHz, 405 MHz, 21.38 W, 26
 21:40:07 up 7 days,  5:31,  6 users,  load average: 1.05, 0.71, 0.35
2026-09-30T21:40:09-04:00
0 %, 429 MiB, 232 MHz, 405 MHz, 5.34 W, 29
0 %, 17 MiB, 210 MHz, 405 MHz, 21.01 W, 26
 21:40:09 up 7 days,  5:31,  6 users,  load average: 1.13, 0.73, 0.36
2026-09-30T21:40:11-04:00
0 %, 429 MiB, 247 MHz, 405 MHz, 5.52 W, 29
0 %, 17 MiB, 210 MHz, 405 MHz, 22.74 W, 27
 21:40:11 up 7 days,  5:31,  6 users,  load average: 1.13, 0.73, 0.36
2026-09-30T21:40:13-04:00
0 %, 429 MiB, 232 MHz, 405 MHz, 5.50 W, 29
0 %, 17 MiB, 210 MHz, 405 MHz, 22.03 W, 27
 21:40:13 up 7 days,  5:31,  6 users,  load average: 1.12, 0.73, 0.36
2026-09-30T21:40:15-04:00
0 %, 429 MiB, 232 MHz, 405 MHz, 5.42 W, 29
0 %, 17 MiB, 210 MHz, 405 MHz, 21.04 W, 26
 21:40:15 up 7 days,  5:31,  6 users,  load average: 1.12, 0.73, 0.36
2026-09-30T21:40:17-04:00
0 %, 429 MiB, 232 MHz, 405 MHz, 5.70 W, 29
0 %, 17 MiB, 210 MHz, 405 MHz, 21.03 W, 26
 21:40:17 up 7 days,  5:31,  6 users,  load average: 1.11, 0.74, 0.37
2026-09-30T21:40:19-04:00
0 %, 429 MiB, 232 MHz, 405 MHz, 5.56 W, 29
0 %, 17 MiB, 210 MHz, 405 MHz, 27.48 W, 27
 21:40:19 up 7 days,  5:31,  6 users,  load average: 1.11, 0.74, 0.37
2026-09-30T21:40:21-04:00
0 %, 429 MiB, 232 MHz, 405 MHz, 5.76 W, 29
0 %, 17 MiB, 210 MHz, 405 MHz, 20.99 W, 26
 21:40:21 up 7 days,  5:31,  6 users,  load average: 1.11, 0.74, 0.37
2026-09-30T21:40:23-04:00
0 %, 429 MiB, 232 MHz, 405 MHz, 5.61 W, 29
0 %, 17 MiB, 210 MHz, 405 MHz, 21.00 W, 26
 21:40:23 up 7 days,  5:31,  6 users,  load average: 1.10, 0.74, 0.37
2026-09-30T21:40:25-04:00
0 %, 429 MiB, 232 MHz, 405 MHz, 5.23 W, 29
0 %, 17 MiB, 210 MHz, 405 MHz, 23.27 W, 27
 21:40:25 up 7 days,  5:31,  6 users,  load average: 1.10, 0.74, 0.37
2026-09-30T21:40:27-04:00
0 %, 429 MiB, 232 MHz, 405 MHz, 5.83 W, 29
0 %, 17 MiB, 210 MHz, 405 MHz, 22.09 W, 27
 21:40:27 up 7 days,  5:31,  6 users,  load average: 1.09, 0.75, 0.37
2026-09-30T21:40:29-04:00
0 %, 429 MiB, 232 MHz, 405 MHz, 5.70 W, 29
0 %, 17 MiB, 210 MHz, 405 MHz, 20.90 W, 26
 21:40:29 up 7 days,  5:31,  6 users,  load average: 1.09, 0.75, 0.37
2026-09-30T21:40:31-04:00
0 %, 429 MiB, 232 MHz, 405 MHz, 5.71 W, 29
0 %, 17 MiB, 210 MHz, 405 MHz, 20.97 W, 26
 21:40:32 up 7 days,  5:31,  6 users,  load average: 1.16, 0.77, 0.38
2026-09-30T21:40:34-04:00
6 %, 20791 MiB, 2865 MHz, 13801 MHz, 77.22 W, 31
0 %, 20 MiB, 210 MHz, 405 MHz, 28.66 W, 27
1696167, /home/ndizazzo/dev/mesh/issue1393-q4-snapshot-20260930/target/release/xtask, 20354 MiB
 21:40:34 up 7 days,  5:31,  6 users,  load average: 1.16, 0.77, 0.38
2026-09-30T21:40:36-04:00
5 %, 20791 MiB, 2812 MHz, 13801 MHz, 70.59 W, 30
0 %, 20 MiB, 210 MHz, 405 MHz, 21.12 W, 27
1696167, /home/ndizazzo/dev/mesh/issue1393-q4-snapshot-20260930/target/release/xtask, 20354 MiB
 21:40:36 up 7 days,  5:31,  6 users,  load average: 1.16, 0.77, 0.38
2026-09-30T21:40:38-04:00
5 %, 20791 MiB, 2872 MHz, 13801 MHz, 72.82 W, 30
0 %, 20 MiB, 210 MHz, 405 MHz, 20.97 W, 26
1696167, /home/ndizazzo/dev/mesh/issue1393-q4-snapshot-20260930/target/release/xtask, 20354 MiB
 21:40:38 up 7 days,  5:31,  6 users,  load average: 1.15, 0.77, 0.39
2026-09-30T21:40:40-04:00
5 %, 20791 MiB, 2835 MHz, 13801 MHz, 71.40 W, 30
0 %, 20 MiB, 210 MHz, 405 MHz, 25.10 W, 27
1696167, /home/ndizazzo/dev/mesh/issue1393-q4-snapshot-20260930/target/release/xtask, 20354 MiB
 21:40:40 up 7 days,  5:31,  6 users,  load average: 1.15, 0.77, 0.39
2026-09-30T21:40:42-04:00
6 %, 20791 MiB, 2820 MHz, 13801 MHz, 72.53 W, 31
0 %, 20 MiB, 210 MHz, 405 MHz, 21.06 W, 27
1696167, /home/ndizazzo/dev/mesh/issue1393-q4-snapshot-20260930/target/release/xtask, 20354 MiB
 21:40:42 up 7 days,  5:31,  6 users,  load average: 1.14, 0.78, 0.39
2026-09-30T21:40:44-04:00
6 %, 20791 MiB, 2925 MHz, 13801 MHz, 74.88 W, 31
0 %, 20 MiB, 210 MHz, 405 MHz, 20.84 W, 27
1696167, /home/ndizazzo/dev/mesh/issue1393-q4-snapshot-20260930/target/release/xtask, 20354 MiB
 21:40:44 up 7 days,  5:31,  6 users,  load average: 1.14, 0.78, 0.39
2026-09-30T21:40:46-04:00
94 %, 20945 MiB, 2835 MHz, 13801 MHz, 90.53 W, 33
0 %, 20 MiB, 210 MHz, 405 MHz, 21.00 W, 27
1696167, /home/ndizazzo/dev/mesh/issue1393-q4-snapshot-20260930/target/release/xtask, 20508 MiB
 21:40:46 up 7 days,  5:31,  6 users,  load average: 1.14, 0.78, 0.39
2026-09-30T21:40:48-04:00
98 %, 20945 MiB, 2917 MHz, 13801 MHz, 232.38 W, 34
0 %, 20 MiB, 210 MHz, 405 MHz, 22.40 W, 27
1696167, /home/ndizazzo/dev/mesh/issue1393-q4-snapshot-20260930/target/release/xtask, 20508 MiB
 21:40:48 up 7 days,  5:31,  6 users,  load average: 1.13, 0.78, 0.39
2026-09-30T21:40:50-04:00
99 %, 20945 MiB, 2917 MHz, 13801 MHz, 234.74 W, 35
0 %, 20 MiB, 210 MHz, 405 MHz, 21.05 W, 27
1696167, /home/ndizazzo/dev/mesh/issue1393-q4-snapshot-20260930/target/release/xtask, 20508 MiB
 21:40:50 up 7 days,  5:31,  6 users,  load average: 1.13, 0.78, 0.39
2026-09-30T21:40:52-04:00
98 %, 20945 MiB, 2917 MHz, 13801 MHz, 229.84 W, 34
0 %, 20 MiB, 210 MHz, 405 MHz, 21.00 W, 27
1696167, /home/ndizazzo/dev/mesh/issue1393-q4-snapshot-20260930/target/release/xtask, 20508 MiB
 21:40:52 up 7 days,  5:31,  6 users,  load average: 1.12, 0.78, 0.40
2026-09-30T21:40:54-04:00
97 %, 20945 MiB, 2917 MHz, 13801 MHz, 232.88 W, 35
0 %, 20 MiB, 210 MHz, 405 MHz, 26.84 W, 27
1696167, /home/ndizazzo/dev/mesh/issue1393-q4-snapshot-20260930/target/release/xtask, 20508 MiB
 21:40:54 up 7 days,  5:31,  6 users,  load average: 1.12, 0.78, 0.40
2026-09-30T21:40:56-04:00
99 %, 20945 MiB, 2902 MHz, 13801 MHz, 250.49 W, 34
0 %, 20 MiB, 210 MHz, 405 MHz, 21.42 W, 27
1696167, /home/ndizazzo/dev/mesh/issue1393-q4-snapshot-20260930/target/release/xtask, 20508 MiB
 21:40:56 up 7 days,  5:31,  6 users,  load average: 1.12, 0.78, 0.40
2026-09-30T21:40:58-04:00
98 %, 20945 MiB, 2902 MHz, 13801 MHz, 231.07 W, 35
0 %, 20 MiB, 210 MHz, 405 MHz, 20.96 W, 27
1696167, /home/ndizazzo/dev/mesh/issue1393-q4-snapshot-20260930/target/release/xtask, 20508 MiB
 21:40:58 up 7 days,  5:32,  6 users,  load average: 1.11, 0.79, 0.40
2026-09-30T21:41:00-04:00
98 %, 20945 MiB, 2902 MHz, 13801 MHz, 232.20 W, 34
0 %, 20 MiB, 210 MHz, 405 MHz, 22.18 W, 27
1696167, /home/ndizazzo/dev/mesh/issue1393-q4-snapshot-20260930/target/release/xtask, 20508 MiB
 21:41:01 up 7 days,  5:32,  6 users,  load average: 1.11, 0.79, 0.40
2026-09-30T21:41:03-04:00
99 %, 20945 MiB, 2902 MHz, 13801 MHz, 253.66 W, 35
0 %, 20 MiB, 210 MHz, 405 MHz, 22.17 W, 27
1696167, /home/ndizazzo/dev/mesh/issue1393-q4-snapshot-20260930/target/release/xtask, 20508 MiB
 21:41:03 up 7 days,  5:32,  6 users,  load average: 1.10, 0.79, 0.40
2026-09-30T21:41:05-04:00
98 %, 20945 MiB, 2902 MHz, 13801 MHz, 233.41 W, 35
0 %, 20 MiB, 210 MHz, 405 MHz, 21.14 W, 26
1696167, /home/ndizazzo/dev/mesh/issue1393-q4-snapshot-20260930/target/release/xtask, 20508 MiB
 21:41:05 up 7 days,  5:32,  6 users,  load average: 1.10, 0.79, 0.40
2026-09-30T21:41:07-04:00
98 %, 20945 MiB, 2902 MHz, 13801 MHz, 232.29 W, 34
0 %, 20 MiB, 210 MHz, 405 MHz, 21.11 W, 27
1696167, /home/ndizazzo/dev/mesh/issue1393-q4-snapshot-20260930/target/release/xtask, 20508 MiB
 21:41:07 up 7 days,  5:32,  6 users,  load average: 1.09, 0.79, 0.41
2026-09-30T21:41:09-04:00
100 %, 20945 MiB, 2902 MHz, 13801 MHz, 255.39 W, 34
0 %, 20 MiB, 210 MHz, 405 MHz, 27.42 W, 27
1696167, /home/ndizazzo/dev/mesh/issue1393-q4-snapshot-20260930/target/release/xtask, 20508 MiB
 21:41:09 up 7 days,  5:32,  6 users,  load average: 1.09, 0.79, 0.41
2026-09-30T21:41:11-04:00
98 %, 20945 MiB, 2902 MHz, 13801 MHz, 231.86 W, 34
0 %, 20 MiB, 210 MHz, 405 MHz, 21.08 W, 26
1696167, /home/ndizazzo/dev/mesh/issue1393-q4-snapshot-20260930/target/release/xtask, 20508 MiB
 21:41:11 up 7 days,  5:32,  6 users,  load average: 1.09, 0.79, 0.41
2026-09-30T21:41:13-04:00
98 %, 20945 MiB, 2902 MHz, 13801 MHz, 231.57 W, 34
0 %, 20 MiB, 210 MHz, 405 MHz, 20.99 W, 26
1696167, /home/ndizazzo/dev/mesh/issue1393-q4-snapshot-20260930/target/release/xtask, 20508 MiB
 21:41:13 up 7 days,  5:32,  6 users,  load average: 1.08, 0.80, 0.41
2026-09-30T21:41:15-04:00
100 %, 20945 MiB, 2902 MHz, 13801 MHz, 232.49 W, 34
0 %, 20 MiB, 210 MHz, 405 MHz, 22.64 W, 27
1696167, /home/ndizazzo/dev/mesh/issue1393-q4-snapshot-20260930/target/release/xtask, 20508 MiB
 21:41:15 up 7 days,  5:32,  6 users,  load average: 1.08, 0.80, 0.41
2026-09-30T21:41:17-04:00
98 %, 20945 MiB, 2902 MHz, 13801 MHz, 231.85 W, 35
0 %, 20 MiB, 210 MHz, 405 MHz, 22.16 W, 27
1696167, /home/ndizazzo/dev/mesh/issue1393-q4-snapshot-20260930/target/release/xtask, 20508 MiB
 21:41:17 up 7 days,  5:32,  6 users,  load average: 1.08, 0.80, 0.41
2026-09-30T21:41:19-04:00
98 %, 20945 MiB, 2902 MHz, 13801 MHz, 231.45 W, 35
0 %, 20 MiB, 210 MHz, 405 MHz, 21.07 W, 26
1696167, /home/ndizazzo/dev/mesh/issue1393-q4-snapshot-20260930/target/release/xtask, 20508 MiB
 21:41:19 up 7 days,  5:32,  6 users,  load average: 1.08, 0.80, 0.41
2026-09-30T21:41:21-04:00
98 %, 20945 MiB, 2902 MHz, 13801 MHz, 227.73 W, 35
0 %, 20 MiB, 210 MHz, 405 MHz, 21.08 W, 26
1696167, /home/ndizazzo/dev/mesh/issue1393-q4-snapshot-20260930/target/release/xtask, 20508 MiB
 21:41:21 up 7 days,  5:32,  6 users,  load average: 1.08, 0.80, 0.41
2026-09-30T21:41:23-04:00
98 %, 20945 MiB, 2902 MHz, 13801 MHz, 231.70 W, 35
0 %, 20 MiB, 210 MHz, 405 MHz, 27.23 W, 27
1696167, /home/ndizazzo/dev/mesh/issue1393-q4-snapshot-20260930/target/release/xtask, 20508 MiB
 21:41:23 up 7 days,  5:32,  6 users,  load average: 1.07, 0.81, 0.42
2026-09-30T21:41:25-04:00
99 %, 20945 MiB, 2902 MHz, 13801 MHz, 232.74 W, 35
0 %, 20 MiB, 210 MHz, 405 MHz, 21.33 W, 26
1696167, /home/ndizazzo/dev/mesh/issue1393-q4-snapshot-20260930/target/release/xtask, 20508 MiB
 21:41:25 up 7 days,  5:32,  6 users,  load average: 1.07, 0.81, 0.42
2026-09-30T21:41:27-04:00
98 %, 20945 MiB, 2902 MHz, 13801 MHz, 221.06 W, 35
0 %, 20 MiB, 210 MHz, 405 MHz, 21.03 W, 26
1696167, /home/ndizazzo/dev/mesh/issue1393-q4-snapshot-20260930/target/release/xtask, 20508 MiB
 21:41:27 up 7 days,  5:32,  6 users,  load average: 1.06, 0.81, 0.42
2026-09-30T21:41:29-04:00
98 %, 20945 MiB, 2902 MHz, 13801 MHz, 231.30 W, 35
1 %, 20 MiB, 210 MHz, 405 MHz, 21.27 W, 27
1696167, /home/ndizazzo/dev/mesh/issue1393-q4-snapshot-20260930/target/release/xtask, 20508 MiB
 21:41:29 up 7 days,  5:32,  6 users,  load average: 1.06, 0.81, 0.42
2026-09-30T21:41:31-04:00
99 %, 20945 MiB, 2902 MHz, 13801 MHz, 246.44 W, 35
0 %, 20 MiB, 210 MHz, 405 MHz, 21.92 W, 27
1696167, /home/ndizazzo/dev/mesh/issue1393-q4-snapshot-20260930/target/release/xtask, 20508 MiB
 21:41:31 up 7 days,  5:32,  6 users,  load average: 1.06, 0.81, 0.42
2026-09-30T21:41:33-04:00
98 %, 20945 MiB, 2902 MHz, 13801 MHz, 228.20 W, 35
0 %, 20 MiB, 210 MHz, 405 MHz, 21.02 W, 26
1696167, /home/ndizazzo/dev/mesh/issue1393-q4-snapshot-20260930/target/release/xtask, 20508 MiB
 21:41:33 up 7 days,  5:32,  6 users,  load average: 1.06, 0.81, 0.42
2026-09-30T21:41:35-04:00
98 %, 20945 MiB, 2902 MHz, 13801 MHz, 230.90 W, 35
0 %, 20 MiB, 210 MHz, 405 MHz, 21.26 W, 27
1696167, /home/ndizazzo/dev/mesh/issue1393-q4-snapshot-20260930/target/release/xtask, 20508 MiB
 21:41:36 up 7 days,  5:32,  6 users,  load average: 1.06, 0.81, 0.42
2026-09-30T21:41:38-04:00
99 %, 20945 MiB, 2902 MHz, 13801 MHz, 248.31 W, 35
0 %, 20 MiB, 210 MHz, 405 MHz, 27.57 W, 27
1696167, /home/ndizazzo/dev/mesh/issue1393-q4-snapshot-20260930/target/release/xtask, 20508 MiB
 21:41:38 up 7 days,  5:32,  6 users,  load average: 1.05, 0.82, 0.43
2026-09-30T21:41:40-04:00
98 %, 20945 MiB, 2902 MHz, 13801 MHz, 230.30 W, 34
0 %, 20 MiB, 210 MHz, 405 MHz, 21.51 W, 27
1696167, /home/ndizazzo/dev/mesh/issue1393-q4-snapshot-20260930/target/release/xtask, 20508 MiB
 21:41:40 up 7 days,  5:32,  6 users,  load average: 1.05, 0.82, 0.43
2026-09-30T21:41:42-04:00
98 %, 20945 MiB, 2902 MHz, 13801 MHz, 230.91 W, 35
0 %, 20 MiB, 210 MHz, 405 MHz, 21.28 W, 27
1696167, /home/ndizazzo/dev/mesh/issue1393-q4-snapshot-20260930/target/release/xtask, 20508 MiB
 21:41:42 up 7 days,  5:32,  6 users,  load average: 1.05, 0.82, 0.43
2026-09-30T21:41:44-04:00
99 %, 20945 MiB, 2902 MHz, 13801 MHz, 253.60 W, 35
0 %, 20 MiB, 210 MHz, 405 MHz, 21.91 W, 27
1696167, /home/ndizazzo/dev/mesh/issue1393-q4-snapshot-20260930/target/release/xtask, 20508 MiB
 21:41:44 up 7 days,  5:32,  6 users,  load average: 1.05, 0.82, 0.43
2026-09-30T21:41:46-04:00
98 %, 20945 MiB, 2902 MHz, 13801 MHz, 230.53 W, 35
0 %, 20 MiB, 210 MHz, 405 MHz, 22.13 W, 27
1696167, /home/ndizazzo/dev/mesh/issue1393-q4-snapshot-20260930/target/release/xtask, 20508 MiB
 21:41:46 up 7 days,  5:32,  6 users,  load average: 1.05, 0.82, 0.43
2026-09-30T21:41:48-04:00
98 %, 20945 MiB, 2902 MHz, 13801 MHz, 230.76 W, 35
0 %, 20 MiB, 210 MHz, 405 MHz, 20.94 W, 27
1696167, /home/ndizazzo/dev/mesh/issue1393-q4-snapshot-20260930/target/release/xtask, 20508 MiB
 21:41:48 up 7 days,  5:32,  6 users,  load average: 1.04, 0.82, 0.43
2026-09-30T21:41:50-04:00
100 %, 20945 MiB, 2902 MHz, 13801 MHz, 241.63 W, 34
0 %, 20 MiB, 210 MHz, 405 MHz, 20.90 W, 27
1696167, /home/ndizazzo/dev/mesh/issue1393-q4-snapshot-20260930/target/release/xtask, 20508 MiB
 21:41:50 up 7 days,  5:32,  6 users,  load average: 1.04, 0.82, 0.43
2026-09-30T21:41:52-04:00
98 %, 20945 MiB, 2902 MHz, 13801 MHz, 231.56 W, 35
0 %, 20 MiB, 210 MHz, 405 MHz, 27.30 W, 27
1696167, /home/ndizazzo/dev/mesh/issue1393-q4-snapshot-20260930/target/release/xtask, 20508 MiB
 21:41:52 up 7 days,  5:32,  6 users,  load average: 1.04, 0.83, 0.44
2026-09-30T21:41:54-04:00
98 %, 20945 MiB, 2902 MHz, 13801 MHz, 231.34 W, 35
0 %, 20 MiB, 210 MHz, 405 MHz, 21.15 W, 27
1696167, /home/ndizazzo/dev/mesh/issue1393-q4-snapshot-20260930/target/release/xtask, 20508 MiB
 21:41:54 up 7 days,  5:32,  6 users,  load average: 1.04, 0.83, 0.44
2026-09-30T21:41:56-04:00
100 %, 20945 MiB, 2902 MHz, 13801 MHz, 236.29 W, 35
0 %, 20 MiB, 210 MHz, 405 MHz, 20.98 W, 27
1696167, /home/ndizazzo/dev/mesh/issue1393-q4-snapshot-20260930/target/release/xtask, 20508 MiB
 21:41:56 up 7 days,  5:32,  6 users,  load average: 1.04, 0.83, 0.44
2026-09-30T21:41:58-04:00
98 %, 20945 MiB, 2902 MHz, 13801 MHz, 231.46 W, 35
0 %, 20 MiB, 210 MHz, 405 MHz, 22.64 W, 27
1696167, /home/ndizazzo/dev/mesh/issue1393-q4-snapshot-20260930/target/release/xtask, 20508 MiB
 21:41:58 up 7 days,  5:33,  6 users,  load average: 1.04, 0.83, 0.44
2026-09-30T21:42:00-04:00
98 %, 20945 MiB, 2902 MHz, 13801 MHz, 231.48 W, 35
0 %, 20 MiB, 210 MHz, 405 MHz, 21.69 W, 27
1696167, /home/ndizazzo/dev/mesh/issue1393-q4-snapshot-20260930/target/release/xtask, 20508 MiB
 21:42:00 up 7 days,  5:33,  6 users,  load average: 1.04, 0.83, 0.44
2026-09-30T21:42:02-04:00
100 %, 20945 MiB, 2902 MHz, 13801 MHz, 234.72 W, 35
0 %, 20 MiB, 210 MHz, 405 MHz, 20.97 W, 27
1696167, /home/ndizazzo/dev/mesh/issue1393-q4-snapshot-20260930/target/release/xtask, 20508 MiB
 21:42:02 up 7 days,  5:33,  6 users,  load average: 1.03, 0.83, 0.44
2026-09-30T21:42:04-04:00
98 %, 20945 MiB, 2902 MHz, 13801 MHz, 230.05 W, 35
0 %, 20 MiB, 210 MHz, 405 MHz, 21.02 W, 27
1696167, /home/ndizazzo/dev/mesh/issue1393-q4-snapshot-20260930/target/release/xtask, 20508 MiB
 21:42:04 up 7 days,  5:33,  6 users,  load average: 1.03, 0.83, 0.44
2026-09-30T21:42:06-04:00
99 %, 20945 MiB, 2902 MHz, 13801 MHz, 236.19 W, 36
0 %, 20 MiB, 210 MHz, 405 MHz, 27.61 W, 28
1696167, /home/ndizazzo/dev/mesh/issue1393-q4-snapshot-20260930/target/release/xtask, 20508 MiB
 21:42:06 up 7 days,  5:33,  6 users,  load average: 1.03, 0.83, 0.44
2026-09-30T21:42:08-04:00
98 %, 20945 MiB, 2902 MHz, 13801 MHz, 223.86 W, 35
0 %, 20 MiB, 210 MHz, 405 MHz, 21.18 W, 27
1696167, /home/ndizazzo/dev/mesh/issue1393-q4-snapshot-20260930/target/release/xtask, 20508 MiB
 21:42:08 up 7 days,  5:33,  6 users,  load average: 1.03, 0.83, 0.45
2026-09-30T21:42:10-04:00
98 %, 20945 MiB, 2902 MHz, 13801 MHz, 229.87 W, 35
0 %, 20 MiB, 210 MHz, 405 MHz, 21.01 W, 27
1696167, /home/ndizazzo/dev/mesh/issue1393-q4-snapshot-20260930/target/release/xtask, 20508 MiB
 21:42:10 up 7 days,  5:33,  6 users,  load average: 1.03, 0.83, 0.45
2026-09-30T21:42:12-04:00
99 %, 20945 MiB, 2902 MHz, 13801 MHz, 239.08 W, 36
0 %, 20 MiB, 210 MHz, 405 MHz, 23.20 W, 28
1696167, /home/ndizazzo/dev/mesh/issue1393-q4-snapshot-20260930/target/release/xtask, 20508 MiB
 21:42:13 up 7 days,  5:33,  6 users,  load average: 1.03, 0.84, 0.45
2026-09-30T21:42:15-04:00
98 %, 20945 MiB, 2902 MHz, 13801 MHz, 225.18 W, 35
0 %, 20 MiB, 210 MHz, 405 MHz, 21.83 W, 28
1696167, /home/ndizazzo/dev/mesh/issue1393-q4-snapshot-20260930/target/release/xtask, 20508 MiB
 21:42:15 up 7 days,  5:33,  6 users,  load average: 1.03, 0.84, 0.45
2026-09-30T21:42:17-04:00
98 %, 20945 MiB, 2902 MHz, 13801 MHz, 229.55 W, 36
0 %, 20 MiB, 210 MHz, 405 MHz, 21.08 W, 27
1696167, /home/ndizazzo/dev/mesh/issue1393-q4-snapshot-20260930/target/release/xtask, 20508 MiB
 21:42:17 up 7 days,  5:33,  6 users,  load average: 1.03, 0.84, 0.45
2026-09-30T21:42:19-04:00
99 %, 20945 MiB, 2902 MHz, 13801 MHz, 240.94 W, 36
0 %, 20 MiB, 210 MHz, 405 MHz, 21.21 W, 28
1696167, /home/ndizazzo/dev/mesh/issue1393-q4-snapshot-20260930/target/release/xtask, 20508 MiB
 21:42:19 up 7 days,  5:33,  6 users,  load average: 1.03, 0.84, 0.45
2026-09-30T21:42:21-04:00
98 %, 20945 MiB, 2902 MHz, 13801 MHz, 225.04 W, 36
0 %, 20 MiB, 210 MHz, 405 MHz, 27.48 W, 28
1696167, /home/ndizazzo/dev/mesh/issue1393-q4-snapshot-20260930/target/release/xtask, 20508 MiB
 21:42:21 up 7 days,  5:33,  6 users,  load average: 1.03, 0.84, 0.45
2026-09-30T21:42:23-04:00
98 %, 20945 MiB, 2902 MHz, 13801 MHz, 229.96 W, 35
0 %, 20 MiB, 210 MHz, 405 MHz, 21.20 W, 28
1696167, /home/ndizazzo/dev/mesh/issue1393-q4-snapshot-20260930/target/release/xtask, 20508 MiB
 21:42:23 up 7 days,  5:33,  6 users,  load average: 1.02, 0.84, 0.46
2026-09-30T21:42:25-04:00
99 %, 20945 MiB, 2902 MHz, 13801 MHz, 255.22 W, 36
0 %, 20 MiB, 210 MHz, 405 MHz, 21.13 W, 28
1696167, /home/ndizazzo/dev/mesh/issue1393-q4-snapshot-20260930/target/release/xtask, 20508 MiB
 21:42:25 up 7 days,  5:33,  6 users,  load average: 1.02, 0.84, 0.46
2026-09-30T21:42:27-04:00
99 %, 20945 MiB, 2902 MHz, 13801 MHz, 229.45 W, 35
0 %, 20 MiB, 210 MHz, 405 MHz, 23.71 W, 28
1696167, /home/ndizazzo/dev/mesh/issue1393-q4-snapshot-20260930/target/release/xtask, 20508 MiB
 21:42:27 up 7 days,  5:33,  6 users,  load average: 1.02, 0.85, 0.46
2026-09-30T21:42:29-04:00
98 %, 20945 MiB, 2902 MHz, 13801 MHz, 229.94 W, 36
0 %, 20 MiB, 210 MHz, 405 MHz, 22.32 W, 28
1696167, /home/ndizazzo/dev/mesh/issue1393-q4-snapshot-20260930/target/release/xtask, 20508 MiB
 21:42:29 up 7 days,  5:33,  6 users,  load average: 1.02, 0.85, 0.46
2026-09-30T21:42:31-04:00
99 %, 20945 MiB, 2902 MHz, 13801 MHz, 254.94 W, 36
0 %, 20 MiB, 210 MHz, 405 MHz, 20.92 W, 28
1696167, /home/ndizazzo/dev/mesh/issue1393-q4-snapshot-20260930/target/release/xtask, 20508 MiB
 21:42:31 up 7 days,  5:33,  6 users,  load average: 1.02, 0.85, 0.46
2026-09-30T21:42:33-04:00
98 %, 20945 MiB, 2902 MHz, 13801 MHz, 229.84 W, 36
0 %, 20 MiB, 210 MHz, 405 MHz, 20.95 W, 28
1696167, /home/ndizazzo/dev/mesh/issue1393-q4-snapshot-20260930/target/release/xtask, 20508 MiB
 21:42:33 up 7 days,  5:33,  6 users,  load average: 1.02, 0.85, 0.46
2026-09-30T21:42:35-04:00
98 %, 20945 MiB, 2902 MHz, 13801 MHz, 228.90 W, 36
0 %, 20 MiB, 210 MHz, 405 MHz, 27.05 W, 28
1696167, /home/ndizazzo/dev/mesh/issue1393-q4-snapshot-20260930/target/release/xtask, 20508 MiB
 21:42:35 up 7 days,  5:33,  6 users,  load average: 1.02, 0.85, 0.46
2026-09-30T21:42:37-04:00
100 %, 20945 MiB, 2902 MHz, 13801 MHz, 254.74 W, 36
0 %, 20 MiB, 210 MHz, 405 MHz, 21.20 W, 28
1696167, /home/ndizazzo/dev/mesh/issue1393-q4-snapshot-20260930/target/release/xtask, 20508 MiB
 21:42:37 up 7 days,  5:33,  6 users,  load average: 1.02, 0.85, 0.47
2026-09-30T21:42:39-04:00
98 %, 20945 MiB, 2902 MHz, 13801 MHz, 228.76 W, 36
0 %, 20 MiB, 210 MHz, 405 MHz, 20.93 W, 28
1696167, /home/ndizazzo/dev/mesh/issue1393-q4-snapshot-20260930/target/release/xtask, 20508 MiB
 21:42:39 up 7 days,  5:33,  6 users,  load average: 1.02, 0.85, 0.47
2026-09-30T21:42:41-04:00
98 %, 20945 MiB, 2902 MHz, 13801 MHz, 229.43 W, 36
0 %, 20 MiB, 210 MHz, 405 MHz, 22.58 W, 28
1696167, /home/ndizazzo/dev/mesh/issue1393-q4-snapshot-20260930/target/release/xtask, 20508 MiB
 21:42:41 up 7 days,  5:33,  6 users,  load average: 1.02, 0.85, 0.47
2026-09-30T21:42:43-04:00
100 %, 20945 MiB, 2902 MHz, 13801 MHz, 235.76 W, 35
0 %, 20 MiB, 210 MHz, 405 MHz, 21.87 W, 28
1696167, /home/ndizazzo/dev/mesh/issue1393-q4-snapshot-20260930/target/release/xtask, 20508 MiB
 21:42:43 up 7 days,  5:33,  6 users,  load average: 1.02, 0.85, 0.47
2026-09-30T21:42:45-04:00
98 %, 20945 MiB, 2902 MHz, 13801 MHz, 229.09 W, 36
0 %, 20 MiB, 210 MHz, 405 MHz, 20.94 W, 28
1696167, /home/ndizazzo/dev/mesh/issue1393-q4-snapshot-20260930/target/release/xtask, 20508 MiB
 21:42:45 up 7 days,  5:33,  6 users,  load average: 1.02, 0.85, 0.47
2026-09-30T21:42:47-04:00
98 %, 20945 MiB, 2902 MHz, 13801 MHz, 229.68 W, 36
0 %, 20 MiB, 210 MHz, 405 MHz, 21.05 W, 28
1696167, /home/ndizazzo/dev/mesh/issue1393-q4-snapshot-20260930/target/release/xtask, 20508 MiB
 21:42:47 up 7 days,  5:33,  6 users,  load average: 1.01, 0.86, 0.47
2026-09-30T21:42:49-04:00
100 %, 20945 MiB, 2902 MHz, 13801 MHz, 235.57 W, 35
0 %, 20 MiB, 210 MHz, 405 MHz, 27.38 W, 28
1696167, /home/ndizazzo/dev/mesh/issue1393-q4-snapshot-20260930/target/release/xtask, 20508 MiB
 21:42:50 up 7 days,  5:33,  6 users,  load average: 1.01, 0.86, 0.47
2026-09-30T21:42:52-04:00
98 %, 20945 MiB, 2902 MHz, 13801 MHz, 228.61 W, 36
0 %, 20 MiB, 210 MHz, 405 MHz, 21.27 W, 28
1696167, /home/ndizazzo/dev/mesh/issue1393-q4-snapshot-20260930/target/release/xtask, 20508 MiB
 21:42:52 up 7 days,  5:33,  6 users,  load average: 1.01, 0.86, 0.47
2026-09-30T21:42:54-04:00
99 %, 20945 MiB, 2902 MHz, 13801 MHz, 228.97 W, 36
0 %, 20 MiB, 210 MHz, 405 MHz, 21.09 W, 28
1696167, /home/ndizazzo/dev/mesh/issue1393-q4-snapshot-20260930/target/release/xtask, 20508 MiB
 21:42:54 up 7 days,  5:33,  6 users,  load average: 1.01, 0.86, 0.47
2026-09-30T21:42:56-04:00
100 %, 20945 MiB, 2902 MHz, 13801 MHz, 233.67 W, 36
0 %, 20 MiB, 210 MHz, 405 MHz, 23.06 W, 28
1696167, /home/ndizazzo/dev/mesh/issue1393-q4-snapshot-20260930/target/release/xtask, 20508 MiB
 21:42:56 up 7 days,  5:33,  6 users,  load average: 1.01, 0.86, 0.47
2026-09-30T21:42:58-04:00
98 %, 20945 MiB, 2902 MHz, 13801 MHz, 228.74 W, 36
0 %, 20 MiB, 210 MHz, 405 MHz, 22.14 W, 28
1696167, /home/ndizazzo/dev/mesh/issue1393-q4-snapshot-20260930/target/release/xtask, 20508 MiB
 21:42:58 up 7 days,  5:34,  6 users,  load average: 1.01, 0.86, 0.48
2026-09-30T21:43:00-04:00
99 %, 20945 MiB, 2902 MHz, 13801 MHz, 233.99 W, 36
0 %, 20 MiB, 210 MHz, 405 MHz, 21.13 W, 28
1696167, /home/ndizazzo/dev/mesh/issue1393-q4-snapshot-20260930/target/release/xtask, 20508 MiB
 21:43:00 up 7 days,  5:34,  6 users,  load average: 1.01, 0.86, 0.48
2026-09-30T21:43:02-04:00
98 %, 20945 MiB, 2902 MHz, 13801 MHz, 222.39 W, 36
0 %, 20 MiB, 210 MHz, 405 MHz, 21.13 W, 28
1696167, /home/ndizazzo/dev/mesh/issue1393-q4-snapshot-20260930/target/release/xtask, 20508 MiB
 21:43:02 up 7 days,  5:34,  6 users,  load average: 1.01, 0.86, 0.48
2026-09-30T21:43:04-04:00
98 %, 20945 MiB, 2902 MHz, 13801 MHz, 228.80 W, 36
0 %, 20 MiB, 210 MHz, 405 MHz, 27.35 W, 28
1696167, /home/ndizazzo/dev/mesh/issue1393-q4-snapshot-20260930/target/release/xtask, 20508 MiB
 21:43:04 up 7 days,  5:34,  6 users,  load average: 1.01, 0.86, 0.48
2026-09-30T21:43:06-04:00
99 %, 20945 MiB, 2902 MHz, 13801 MHz, 233.55 W, 36
0 %, 20 MiB, 210 MHz, 405 MHz, 21.18 W, 28
1696167, /home/ndizazzo/dev/mesh/issue1393-q4-snapshot-20260930/target/release/xtask, 20508 MiB
 21:43:06 up 7 days,  5:34,  6 users,  load average: 1.01, 0.86, 0.48
2026-09-30T21:43:08-04:00
98 %, 20945 MiB, 2902 MHz, 13801 MHz, 223.40 W, 36
0 %, 20 MiB, 210 MHz, 405 MHz, 21.11 W, 28
1696167, /home/ndizazzo/dev/mesh/issue1393-q4-snapshot-20260930/target/release/xtask, 20508 MiB
 21:43:08 up 7 days,  5:34,  6 users,  load average: 1.01, 0.87, 0.48
2026-09-30T21:43:10-04:00
98 %, 20945 MiB, 2902 MHz, 13801 MHz, 227.96 W, 36
0 %, 20 MiB, 210 MHz, 405 MHz, 23.69 W, 28
1696167, /home/ndizazzo/dev/mesh/issue1393-q4-snapshot-20260930/target/release/xtask, 20508 MiB
 21:43:10 up 7 days,  5:34,  6 users,  load average: 1.01, 0.87, 0.48
2026-09-30T21:43:12-04:00
99 %, 20945 MiB, 2902 MHz, 13801 MHz, 233.36 W, 37
0 %, 20 MiB, 210 MHz, 405 MHz, 21.77 W, 28
1696167, /home/ndizazzo/dev/mesh/issue1393-q4-snapshot-20260930/target/release/xtask, 20508 MiB
 21:43:12 up 7 days,  5:34,  6 users,  load average: 1.01, 0.87, 0.49
2026-09-30T21:43:14-04:00
98 %, 20945 MiB, 2902 MHz, 13801 MHz, 223.17 W, 36
0 %, 20 MiB, 210 MHz, 405 MHz, 20.95 W, 28
1696167, /home/ndizazzo/dev/mesh/issue1393-q4-snapshot-20260930/target/release/xtask, 20508 MiB
 21:43:14 up 7 days,  5:34,  6 users,  load average: 1.01, 0.87, 0.49
2026-09-30T21:43:16-04:00
98 %, 20945 MiB, 2902 MHz, 13801 MHz, 228.22 W, 36
0 %, 20 MiB, 210 MHz, 405 MHz, 21.17 W, 28
1696167, /home/ndizazzo/dev/mesh/issue1393-q4-snapshot-20260930/target/release/xtask, 20508 MiB
 21:43:16 up 7 days,  5:34,  6 users,  load average: 1.01, 0.87, 0.49
2026-09-30T21:43:18-04:00
99 %, 20945 MiB, 2902 MHz, 13801 MHz, 248.23 W, 36
0 %, 20 MiB, 210 MHz, 405 MHz, 27.60 W, 28
1696167, /home/ndizazzo/dev/mesh/issue1393-q4-snapshot-20260930/target/release/xtask, 20508 MiB
 21:43:18 up 7 days,  5:34,  6 users,  load average: 1.01, 0.87, 0.49
2026-09-30T21:43:20-04:00
98 %, 20945 MiB, 2902 MHz, 13801 MHz, 227.47 W, 36
0 %, 20 MiB, 210 MHz, 405 MHz, 21.28 W, 28
1696167, /home/ndizazzo/dev/mesh/issue1393-q4-snapshot-20260930/target/release/xtask, 20508 MiB
 21:43:20 up 7 days,  5:34,  6 users,  load average: 1.01, 0.87, 0.49
2026-09-30T21:43:22-04:00
98 %, 20945 MiB, 2902 MHz, 13801 MHz, 228.05 W, 36
0 %, 20 MiB, 210 MHz, 405 MHz, 21.18 W, 28
1696167, /home/ndizazzo/dev/mesh/issue1393-q4-snapshot-20260930/target/release/xtask, 20508 MiB
 21:43:22 up 7 days,  5:34,  6 users,  load average: 1.01, 0.87, 0.49
2026-09-30T21:43:24-04:00
99 %, 20945 MiB, 2902 MHz, 13801 MHz, 247.14 W, 36
0 %, 20 MiB, 210 MHz, 405 MHz, 23.96 W, 28
1696167, /home/ndizazzo/dev/mesh/issue1393-q4-snapshot-20260930/target/release/xtask, 20508 MiB
 21:43:25 up 7 days,  5:34,  6 users,  load average: 1.01, 0.87, 0.49
2026-09-30T21:43:27-04:00
98 %, 20945 MiB, 2902 MHz, 13801 MHz, 226.92 W, 36
0 %, 20 MiB, 210 MHz, 405 MHz, 21.87 W, 28
1696167, /home/ndizazzo/dev/mesh/issue1393-q4-snapshot-20260930/target/release/xtask, 20508 MiB
 21:43:27 up 7 days,  5:34,  6 users,  load average: 1.01, 0.87, 0.49
2026-09-30T21:43:29-04:00
98 %, 20945 MiB, 2902 MHz, 13801 MHz, 227.49 W, 36
0 %, 20 MiB, 210 MHz, 405 MHz, 21.02 W, 28
1696167, /home/ndizazzo/dev/mesh/issue1393-q4-snapshot-20260930/target/release/xtask, 20508 MiB
 21:43:29 up 7 days,  5:34,  6 users,  load average: 1.01, 0.88, 0.50
2026-09-30T21:43:31-04:00
99 %, 20945 MiB, 2902 MHz, 13801 MHz, 248.19 W, 37
0 %, 20 MiB, 210 MHz, 405 MHz, 21.07 W, 28
1696167, /home/ndizazzo/dev/mesh/issue1393-q4-snapshot-20260930/target/release/xtask, 20508 MiB
 21:43:31 up 7 days,  5:34,  6 users,  load average: 1.01, 0.88, 0.50
2026-09-30T21:43:33-04:00
98 %, 20945 MiB, 2902 MHz, 13801 MHz, 225.80 W, 37
0 %, 20 MiB, 210 MHz, 405 MHz, 27.43 W, 29
1696167, /home/ndizazzo/dev/mesh/issue1393-q4-snapshot-20260930/target/release/xtask, 20508 MiB
 21:43:33 up 7 days,  5:34,  6 users,  load average: 1.00, 0.88, 0.50
2026-09-30T21:43:35-04:00
98 %, 20945 MiB, 2902 MHz, 13801 MHz, 227.50 W, 36
0 %, 20 MiB, 210 MHz, 405 MHz, 21.14 W, 28
1696167, /home/ndizazzo/dev/mesh/issue1393-q4-snapshot-20260930/target/release/xtask, 20508 MiB
 21:43:35 up 7 days,  5:34,  6 users,  load average: 1.00, 0.88, 0.50
2026-09-30T21:43:37-04:00
100 %, 20945 MiB, 2902 MHz, 13801 MHz, 249.28 W, 36
0 %, 20 MiB, 210 MHz, 405 MHz, 21.00 W, 28
1696167, /home/ndizazzo/dev/mesh/issue1393-q4-snapshot-20260930/target/release/xtask, 20508 MiB
 21:43:37 up 7 days,  5:34,  6 users,  load average: 1.00, 0.88, 0.50
2026-09-30T21:43:39-04:00
98 %, 20945 MiB, 2902 MHz, 13801 MHz, 229.15 W, 36
0 %, 20 MiB, 210 MHz, 405 MHz, 23.36 W, 29
1696167, /home/ndizazzo/dev/mesh/issue1393-q4-snapshot-20260930/target/release/xtask, 20508 MiB
 21:43:39 up 7 days,  5:34,  6 users,  load average: 1.00, 0.88, 0.50
2026-09-30T21:43:41-04:00
98 %, 20945 MiB, 2902 MHz, 13801 MHz, 226.90 W, 37
0 %, 20 MiB, 210 MHz, 405 MHz, 21.40 W, 28
1696167, /home/ndizazzo/dev/mesh/issue1393-q4-snapshot-20260930/target/release/xtask, 20508 MiB
 21:43:41 up 7 days,  5:34,  6 users,  load average: 1.00, 0.88, 0.50
2026-09-30T21:43:43-04:00
100 %, 20945 MiB, 2902 MHz, 13801 MHz, 249.12 W, 36
0 %, 20 MiB, 210 MHz, 405 MHz, 20.97 W, 28
1696167, /home/ndizazzo/dev/mesh/issue1393-q4-snapshot-20260930/target/release/xtask, 20508 MiB
 21:43:43 up 7 days,  5:34,  6 users,  load average: 1.00, 0.88, 0.50
2026-09-30T21:43:45-04:00
98 %, 20945 MiB, 2902 MHz, 13801 MHz, 228.05 W, 36
0 %, 20 MiB, 210 MHz, 405 MHz, 20.94 W, 28
1696167, /home/ndizazzo/dev/mesh/issue1393-q4-snapshot-20260930/target/release/xtask, 20508 MiB
 21:43:45 up 7 days,  5:34,  6 users,  load average: 1.00, 0.88, 0.50
2026-09-30T21:43:47-04:00
98 %, 20945 MiB, 2902 MHz, 13801 MHz, 228.82 W, 36
0 %, 20 MiB, 210 MHz, 405 MHz, 27.24 W, 29
1696167, /home/ndizazzo/dev/mesh/issue1393-q4-snapshot-20260930/target/release/xtask, 20508 MiB
 21:43:47 up 7 days,  5:34,  6 users,  load average: 1.00, 0.89, 0.51
2026-09-30T21:43:49-04:00
100 %, 20945 MiB, 2902 MHz, 13801 MHz, 248.88 W, 36
0 %, 20 MiB, 210 MHz, 405 MHz, 21.28 W, 28
1696167, /home/ndizazzo/dev/mesh/issue1393-q4-snapshot-20260930/target/release/xtask, 20508 MiB
 21:43:49 up 7 days,  5:34,  6 users,  load average: 1.00, 0.89, 0.51
2026-09-30T21:43:51-04:00
98 %, 20945 MiB, 2902 MHz, 13801 MHz, 228.16 W, 37
0 %, 20 MiB, 210 MHz, 405 MHz, 21.16 W, 28
1696167, /home/ndizazzo/dev/mesh/issue1393-q4-snapshot-20260930/target/release/xtask, 20508 MiB
 21:43:51 up 7 days,  5:34,  6 users,  load average: 1.00, 0.89, 0.51
2026-09-30T21:43:53-04:00
98 %, 20945 MiB, 2902 MHz, 13801 MHz, 227.23 W, 37
0 %, 20 MiB, 210 MHz, 405 MHz, 23.87 W, 29
1696167, /home/ndizazzo/dev/mesh/issue1393-q4-snapshot-20260930/target/release/xtask, 20508 MiB
 21:43:53 up 7 days,  5:34,  6 users,  load average: 1.00, 0.89, 0.51
2026-09-30T21:43:55-04:00
100 %, 20945 MiB, 2902 MHz, 13801 MHz, 236.41 W, 36
0 %, 20 MiB, 210 MHz, 405 MHz, 21.81 W, 29
1696167, /home/ndizazzo/dev/mesh/issue1393-q4-snapshot-20260930/target/release/xtask, 20508 MiB
 21:43:55 up 7 days,  5:34,  6 users,  load average: 1.00, 0.89, 0.51
2026-09-30T21:43:57-04:00
97 %, 21245 MiB, 2902 MHz, 13801 MHz, 257.02 W, 37
0 %, 20 MiB, 210 MHz, 405 MHz, 21.09 W, 28
1696167, /home/ndizazzo/dev/mesh/issue1393-q4-snapshot-20260930/target/release/xtask, 20808 MiB
 21:43:57 up 7 days,  5:35,  6 users,  load average: 1.00, 0.89, 0.51
2026-09-30T21:43:59-04:00
98 %, 21247 MiB, 2902 MHz, 13801 MHz, 282.48 W, 38
0 %, 20 MiB, 210 MHz, 405 MHz, 21.50 W, 28
1696167, /home/ndizazzo/dev/mesh/issue1393-q4-snapshot-20260930/target/release/xtask, 20810 MiB
 21:43:59 up 7 days,  5:35,  6 users,  load average: 1.00, 0.89, 0.51
2026-09-30T21:44:01-04:00
98 %, 21245 MiB, 2902 MHz, 13801 MHz, 226.33 W, 37
0 %, 20 MiB, 210 MHz, 405 MHz, 22.22 W, 29
1696167, /home/ndizazzo/dev/mesh/issue1393-q4-snapshot-20260930/target/release/xtask, 20808 MiB
 21:44:02 up 7 days,  5:35,  6 users,  load average: 1.00, 0.89, 0.51
2026-09-30T21:44:04-04:00
98 %, 21245 MiB, 2902 MHz, 13801 MHz, 225.79 W, 37
0 %, 20 MiB, 210 MHz, 405 MHz, 21.02 W, 28
1696167, /home/ndizazzo/dev/mesh/issue1393-q4-snapshot-20260930/target/release/xtask, 20808 MiB
 21:44:04 up 7 days,  5:35,  6 users,  load average: 1.00, 0.89, 0.52
2026-09-30T21:44:06-04:00
99 %, 21245 MiB, 2902 MHz, 13801 MHz, 251.57 W, 37
0 %, 20 MiB, 210 MHz, 405 MHz, 21.11 W, 28
1696167, /home/ndizazzo/dev/mesh/issue1393-q4-snapshot-20260930/target/release/xtask, 20808 MiB
 21:44:06 up 7 days,  5:35,  6 users,  load average: 1.00, 0.89, 0.52
2026-09-30T21:44:08-04:00
98 %, 21245 MiB, 2902 MHz, 13801 MHz, 219.32 W, 37
0 %, 20 MiB, 210 MHz, 405 MHz, 26.93 W, 29
1696167, /home/ndizazzo/dev/mesh/issue1393-q4-snapshot-20260930/target/release/xtask, 20808 MiB
 21:44:08 up 7 days,  5:35,  6 users,  load average: 1.00, 0.89, 0.52
2026-09-30T21:44:10-04:00
97 %, 21245 MiB, 2902 MHz, 13801 MHz, 226.68 W, 36
0 %, 20 MiB, 210 MHz, 405 MHz, 22.10 W, 29
1696167, /home/ndizazzo/dev/mesh/issue1393-q4-snapshot-20260930/target/release/xtask, 20808 MiB
 21:44:10 up 7 days,  5:35,  6 users,  load average: 1.00, 0.89, 0.52
2026-09-30T21:44:12-04:00
100 %, 21245 MiB, 2902 MHz, 13801 MHz, 247.60 W, 36
0 %, 20 MiB, 210 MHz, 405 MHz, 21.07 W, 28
1696167, /home/ndizazzo/dev/mesh/issue1393-q4-snapshot-20260930/target/release/xtask, 20808 MiB
 21:44:12 up 7 days,  5:35,  6 users,  load average: 1.00, 0.90, 0.52
2026-09-30T21:44:14-04:00
98 %, 21245 MiB, 2902 MHz, 13801 MHz, 227.70 W, 36
0 %, 20 MiB, 210 MHz, 405 MHz, 20.86 W, 28
1696167, /home/ndizazzo/dev/mesh/issue1393-q4-snapshot-20260930/target/release/xtask, 20808 MiB
 21:44:14 up 7 days,  5:35,  6 users,  load average: 1.00, 0.90, 0.52
2026-09-30T21:44:16-04:00
99 %, 21245 MiB, 2902 MHz, 13801 MHz, 227.48 W, 36
0 %, 20 MiB, 210 MHz, 405 MHz, 27.34 W, 29
1696167, /home/ndizazzo/dev/mesh/issue1393-q4-snapshot-20260930/target/release/xtask, 20808 MiB
 21:44:16 up 7 days,  5:35,  6 users,  load average: 1.00, 0.90, 0.52
2026-09-30T21:44:18-04:00
100 %, 21245 MiB, 2902 MHz, 13801 MHz, 251.52 W, 37
0 %, 20 MiB, 210 MHz, 405 MHz, 20.85 W, 28
1696167, /home/ndizazzo/dev/mesh/issue1393-q4-snapshot-20260930/target/release/xtask, 20808 MiB
 21:44:18 up 7 days,  5:35,  6 users,  load average: 1.00, 0.90, 0.52
2026-09-30T21:44:20-04:00
98 %, 21245 MiB, 2902 MHz, 13801 MHz, 227.57 W, 37
0 %, 20 MiB, 210 MHz, 405 MHz, 20.81 W, 28
1696167, /home/ndizazzo/dev/mesh/issue1393-q4-snapshot-20260930/target/release/xtask, 20808 MiB
 21:44:20 up 7 days,  5:35,  6 users,  load average: 1.00, 0.90, 0.52
2026-09-30T21:44:22-04:00
98 %, 21245 MiB, 2902 MHz, 13801 MHz, 226.86 W, 37
0 %, 20 MiB, 210 MHz, 405 MHz, 27.47 W, 29
1696167, /home/ndizazzo/dev/mesh/issue1393-q4-snapshot-20260930/target/release/xtask, 20808 MiB
 21:44:22 up 7 days,  5:35,  6 users,  load average: 1.00, 0.90, 0.53
2026-09-30T21:44:24-04:00
99 %, 21245 MiB, 2902 MHz, 13801 MHz, 253.33 W, 38
0 %, 20 MiB, 210 MHz, 405 MHz, 21.06 W, 29
1696167, /home/ndizazzo/dev/mesh/issue1393-q4-snapshot-20260930/target/release/xtask, 20808 MiB
 21:44:24 up 7 days,  5:35,  6 users,  load average: 1.00, 0.90, 0.53
2026-09-30T21:44:26-04:00
98 %, 21245 MiB, 2902 MHz, 13801 MHz, 226.01 W, 37
0 %, 20 MiB, 210 MHz, 405 MHz, 20.96 W, 29
1696167, /home/ndizazzo/dev/mesh/issue1393-q4-snapshot-20260930/target/release/xtask, 20808 MiB
 21:44:26 up 7 days,  5:35,  6 users,  load average: 1.00, 0.90, 0.53
2026-09-30T21:44:28-04:00
98 %, 21245 MiB, 2902 MHz, 13801 MHz, 227.63 W, 37
0 %, 20 MiB, 210 MHz, 405 MHz, 21.12 W, 29
1696167, /home/ndizazzo/dev/mesh/issue1393-q4-snapshot-20260930/target/release/xtask, 20808 MiB
 21:44:28 up 7 days,  5:35,  6 users,  load average: 1.00, 0.90, 0.53
2026-09-30T21:44:30-04:00
100 %, 21245 MiB, 2902 MHz, 13801 MHz, 241.98 W, 36
0 %, 20 MiB, 210 MHz, 405 MHz, 27.59 W, 29
1696167, /home/ndizazzo/dev/mesh/issue1393-q4-snapshot-20260930/target/release/xtask, 20808 MiB
 21:44:30 up 7 days,  5:35,  6 users,  load average: 1.00, 0.90, 0.53
2026-09-30T21:44:32-04:00
98 %, 21245 MiB, 2902 MHz, 13801 MHz, 227.44 W, 37
0 %, 20 MiB, 210 MHz, 405 MHz, 21.29 W, 29
1696167, /home/ndizazzo/dev/mesh/issue1393-q4-snapshot-20260930/target/release/xtask, 20808 MiB
 21:44:32 up 7 days,  5:35,  6 users,  load average: 1.00, 0.90, 0.53
2026-09-30T21:44:34-04:00
98 %, 21245 MiB, 2902 MHz, 13801 MHz, 226.70 W, 37
0 %, 20 MiB, 210 MHz, 405 MHz, 21.11 W, 29
1696167, /home/ndizazzo/dev/mesh/issue1393-q4-snapshot-20260930/target/release/xtask, 20808 MiB
 21:44:34 up 7 days,  5:35,  6 users,  load average: 1.00, 0.90, 0.53
2026-09-30T21:44:36-04:00
100 %, 21245 MiB, 2902 MHz, 13801 MHz, 244.46 W, 36
0 %, 20 MiB, 210 MHz, 405 MHz, 27.14 W, 29
1696167, /home/ndizazzo/dev/mesh/issue1393-q4-snapshot-20260930/target/release/xtask, 20808 MiB
 21:44:36 up 7 days,  5:35,  6 users,  load average: 1.00, 0.90, 0.53
2026-09-30T21:44:38-04:00
98 %, 21245 MiB, 2902 MHz, 13801 MHz, 227.17 W, 37
0 %, 20 MiB, 210 MHz, 405 MHz, 21.27 W, 29
1696167, /home/ndizazzo/dev/mesh/issue1393-q4-snapshot-20260930/target/release/xtask, 20808 MiB
 21:44:39 up 7 days,  5:35,  6 users,  load average: 1.00, 0.91, 0.54
2026-09-30T21:44:41-04:00
98 %, 21245 MiB, 2902 MHz, 13801 MHz, 226.93 W, 37
0 %, 20 MiB, 210 MHz, 405 MHz, 21.05 W, 29
1696167, /home/ndizazzo/dev/mesh/issue1393-q4-snapshot-20260930/target/release/xtask, 20808 MiB
 21:44:41 up 7 days,  5:35,  6 users,  load average: 1.00, 0.91, 0.54
2026-09-30T21:44:43-04:00
100 %, 21245 MiB, 2902 MHz, 13801 MHz, 249.41 W, 37
1 %, 20 MiB, 210 MHz, 405 MHz, 21.03 W, 29
1696167, /home/ndizazzo/dev/mesh/issue1393-q4-snapshot-20260930/target/release/xtask, 20808 MiB
 21:44:43 up 7 days,  5:35,  6 users,  load average: 1.00, 0.91, 0.54
2026-09-30T21:44:45-04:00
98 %, 20945 MiB, 2902 MHz, 13801 MHz, 233.32 W, 36
0 %, 20 MiB, 210 MHz, 405 MHz, 21.73 W, 29
1696167, /home/ndizazzo/dev/mesh/issue1393-q4-snapshot-20260930/target/release/xtask, 20508 MiB
 21:44:45 up 7 days,  5:35,  6 users,  load average: 1.00, 0.91, 0.54
2026-09-30T21:44:47-04:00
98 %, 20945 MiB, 2902 MHz, 13801 MHz, 232.51 W, 37
0 %, 20 MiB, 210 MHz, 405 MHz, 20.99 W, 29
1696167, /home/ndizazzo/dev/mesh/issue1393-q4-snapshot-20260930/target/release/xtask, 20508 MiB
 21:44:47 up 7 days,  5:35,  6 users,  load average: 1.00, 0.91, 0.54
2026-09-30T21:44:49-04:00
100 %, 20945 MiB, 2902 MHz, 13801 MHz, 239.36 W, 36
0 %, 20 MiB, 210 MHz, 405 MHz, 20.89 W, 29
1696167, /home/ndizazzo/dev/mesh/issue1393-q4-snapshot-20260930/target/release/xtask, 20508 MiB
 21:44:49 up 7 days,  5:35,  6 users,  load average: 1.00, 0.91, 0.54
2026-09-30T21:44:51-04:00
98 %, 20945 MiB, 2902 MHz, 13801 MHz, 232.22 W, 37
0 %, 20 MiB, 210 MHz, 405 MHz, 24.12 W, 29
1696167, /home/ndizazzo/dev/mesh/issue1393-q4-snapshot-20260930/target/release/xtask, 20508 MiB
 21:44:51 up 7 days,  5:35,  6 users,  load average: 1.00, 0.91, 0.54
2026-09-30T21:44:53-04:00
98 %, 20945 MiB, 2902 MHz, 13801 MHz, 232.93 W, 37
0 %, 20 MiB, 210 MHz, 405 MHz, 22.30 W, 29
1696167, /home/ndizazzo/dev/mesh/issue1393-q4-snapshot-20260930/target/release/xtask, 20508 MiB
 21:44:53 up 7 days,  5:35,  6 users,  load average: 1.00, 0.91, 0.54
2026-09-30T21:44:55-04:00
100 %, 20945 MiB, 2910 MHz, 13801 MHz, 231.99 W, 37
0 %, 20 MiB, 210 MHz, 405 MHz, 20.91 W, 29
1696167, /home/ndizazzo/dev/mesh/issue1393-q4-snapshot-20260930/target/release/xtask, 20508 MiB
 21:44:55 up 7 days,  5:35,  6 users,  load average: 1.00, 0.91, 0.54
2026-09-30T21:44:57-04:00
98 %, 20945 MiB, 2902 MHz, 13801 MHz, 233.85 W, 37
0 %, 20 MiB, 210 MHz, 405 MHz, 21.90 W, 29
1696167, /home/ndizazzo/dev/mesh/issue1393-q4-snapshot-20260930/target/release/xtask, 20508 MiB
 21:44:57 up 7 days,  5:36,  6 users,  load average: 1.00, 0.91, 0.55
2026-09-30T21:44:59-04:00
98 %, 20945 MiB, 2902 MHz, 13801 MHz, 233.43 W, 37
0 %, 20 MiB, 210 MHz, 405 MHz, 22.05 W, 29
1696167, /home/ndizazzo/dev/mesh/issue1393-q4-snapshot-20260930/target/release/xtask, 20508 MiB
 21:44:59 up 7 days,  5:36,  6 users,  load average: 1.00, 0.91, 0.55
2026-09-30T21:45:01-04:00
98 %, 20945 MiB, 2902 MHz, 13801 MHz, 226.68 W, 37
0 %, 20 MiB, 210 MHz, 405 MHz, 20.98 W, 29
1696167, /home/ndizazzo/dev/mesh/issue1393-q4-snapshot-20260930/target/release/xtask, 20508 MiB
 21:45:01 up 7 days,  5:36,  6 users,  load average: 1.00, 0.91, 0.55
2026-09-30T21:45:03-04:00
97 %, 20945 MiB, 2902 MHz, 13801 MHz, 232.58 W, 37
0 %, 20 MiB, 210 MHz, 405 MHz, 21.15 W, 29
1696167, /home/ndizazzo/dev/mesh/issue1393-q4-snapshot-20260930/target/release/xtask, 20508 MiB
 21:45:03 up 7 days,  5:36,  6 users,  load average: 1.16, 0.95, 0.56
2026-09-30T21:45:05-04:00
99 %, 20945 MiB, 2902 MHz, 13801 MHz, 235.57 W, 37
0 %, 20 MiB, 210 MHz, 405 MHz, 27.34 W, 29
1696167, /home/ndizazzo/dev/mesh/issue1393-q4-snapshot-20260930/target/release/xtask, 20508 MiB
 21:45:05 up 7 days,  5:36,  6 users,  load average: 1.16, 0.95, 0.56
2026-09-30T21:45:07-04:00
98 %, 20945 MiB, 2902 MHz, 13801 MHz, 227.70 W, 37
0 %, 20 MiB, 210 MHz, 405 MHz, 21.09 W, 29
1696167, /home/ndizazzo/dev/mesh/issue1393-q4-snapshot-20260930/target/release/xtask, 20508 MiB
 21:45:07 up 7 days,  5:36,  6 users,  load average: 1.15, 0.95, 0.56
2026-09-30T21:45:09-04:00
98 %, 20945 MiB, 2902 MHz, 13801 MHz, 232.03 W, 37
0 %, 20 MiB, 210 MHz, 405 MHz, 21.06 W, 29
1696167, /home/ndizazzo/dev/mesh/issue1393-q4-snapshot-20260930/target/release/xtask, 20508 MiB
 21:45:09 up 7 days,  5:36,  6 users,  load average: 1.15, 0.95, 0.56
2026-09-30T21:45:11-04:00
99 %, 20945 MiB, 2902 MHz, 13801 MHz, 246.95 W, 38
0 %, 20 MiB, 210 MHz, 405 MHz, 22.66 W, 29
1696167, /home/ndizazzo/dev/mesh/issue1393-q4-snapshot-20260930/target/release/xtask, 20508 MiB
 21:45:11 up 7 days,  5:36,  6 users,  load average: 1.15, 0.95, 0.56
2026-09-30T21:45:13-04:00
98 %, 20945 MiB, 2902 MHz, 13801 MHz, 229.61 W, 37
0 %, 20 MiB, 210 MHz, 405 MHz, 22.50 W, 29
1696167, /home/ndizazzo/dev/mesh/issue1393-q4-snapshot-20260930/target/release/xtask, 20508 MiB
 21:45:14 up 7 days,  5:36,  6 users,  load average: 1.13, 0.95, 0.57
2026-09-30T21:45:16-04:00
98 %, 20945 MiB, 2902 MHz, 13801 MHz, 231.46 W, 37
0 %, 20 MiB, 210 MHz, 405 MHz, 21.05 W, 29
1696167, /home/ndizazzo/dev/mesh/issue1393-q4-snapshot-20260930/target/release/xtask, 20508 MiB
 21:45:16 up 7 days,  5:36,  6 users,  load average: 1.13, 0.95, 0.57
2026-09-30T21:45:18-04:00
99 %, 20945 MiB, 2902 MHz, 13801 MHz, 249.72 W, 38
0 %, 20 MiB, 210 MHz, 405 MHz, 21.06 W, 29
1696167, /home/ndizazzo/dev/mesh/issue1393-q4-snapshot-20260930/target/release/xtask, 20508 MiB
 21:45:18 up 7 days,  5:36,  6 users,  load average: 1.12, 0.95, 0.57
2026-09-30T21:45:20-04:00
98 %, 20945 MiB, 2902 MHz, 13801 MHz, 231.94 W, 37
0 %, 20 MiB, 210 MHz, 405 MHz, 27.15 W, 29
1696167, /home/ndizazzo/dev/mesh/issue1393-q4-snapshot-20260930/target/release/xtask, 20508 MiB
 21:45:20 up 7 days,  5:36,  6 users,  load average: 1.12, 0.95, 0.57
2026-09-30T21:45:22-04:00
98 %, 20945 MiB, 2902 MHz, 13801 MHz, 231.84 W, 37
0 %, 20 MiB, 210 MHz, 405 MHz, 21.46 W, 29
1696167, /home/ndizazzo/dev/mesh/issue1393-q4-snapshot-20260930/target/release/xtask, 20508 MiB
 21:45:22 up 7 days,  5:36,  6 users,  load average: 1.11, 0.95, 0.57
2026-09-30T21:45:24-04:00
99 %, 20945 MiB, 2902 MHz, 13801 MHz, 257.27 W, 38
0 %, 20 MiB, 210 MHz, 405 MHz, 21.17 W, 29
1696167, /home/ndizazzo/dev/mesh/issue1393-q4-snapshot-20260930/target/release/xtask, 20508 MiB
 21:45:24 up 7 days,  5:36,  6 users,  load average: 1.11, 0.95, 0.57
2026-09-30T21:45:26-04:00
98 %, 20945 MiB, 2902 MHz, 13801 MHz, 231.90 W, 37
1 %, 20 MiB, 210 MHz, 405 MHz, 21.37 W, 29
1696167, /home/ndizazzo/dev/mesh/issue1393-q4-snapshot-20260930/target/release/xtask, 20508 MiB
 21:45:26 up 7 days,  5:36,  6 users,  load average: 1.11, 0.95, 0.57
2026-09-30T21:45:28-04:00
98 %, 20945 MiB, 2902 MHz, 13801 MHz, 231.94 W, 37
0 %, 20 MiB, 210 MHz, 405 MHz, 22.06 W, 29
1696167, /home/ndizazzo/dev/mesh/issue1393-q4-snapshot-20260930/target/release/xtask, 20508 MiB
 21:45:28 up 7 days,  5:36,  6 users,  load average: 1.10, 0.95, 0.57
2026-09-30T21:45:30-04:00
100 %, 20945 MiB, 2902 MHz, 13801 MHz, 237.89 W, 37
0 %, 20 MiB, 210 MHz, 405 MHz, 20.99 W, 29
1696167, /home/ndizazzo/dev/mesh/issue1393-q4-snapshot-20260930/target/release/xtask, 20508 MiB
 21:45:30 up 7 days,  5:36,  6 users,  load average: 1.10, 0.95, 0.57
2026-09-30T21:45:32-04:00
98 %, 20945 MiB, 2910 MHz, 13801 MHz, 230.99 W, 37
0 %, 20 MiB, 210 MHz, 405 MHz, 21.06 W, 29
1696167, /home/ndizazzo/dev/mesh/issue1393-q4-snapshot-20260930/target/release/xtask, 20508 MiB
 21:45:32 up 7 days,  5:36,  6 users,  load average: 1.10, 0.95, 0.58
2026-09-30T21:45:34-04:00
98 %, 20945 MiB, 2902 MHz, 13801 MHz, 230.95 W, 37
0 %, 20 MiB, 210 MHz, 405 MHz, 27.48 W, 29
1696167, /home/ndizazzo/dev/mesh/issue1393-q4-snapshot-20260930/target/release/xtask, 20508 MiB
 21:45:34 up 7 days,  5:36,  6 users,  load average: 1.10, 0.95, 0.58
2026-09-30T21:45:36-04:00
100 %, 20945 MiB, 2910 MHz, 13801 MHz, 236.11 W, 37
0 %, 20 MiB, 210 MHz, 405 MHz, 21.05 W, 29
1696167, /home/ndizazzo/dev/mesh/issue1393-q4-snapshot-20260930/target/release/xtask, 20508 MiB
 21:45:36 up 7 days,  5:36,  6 users,  load average: 1.10, 0.95, 0.58
2026-09-30T21:45:38-04:00
98 %, 20945 MiB, 2902 MHz, 13801 MHz, 232.72 W, 37
0 %, 20 MiB, 210 MHz, 405 MHz, 21.16 W, 29
1696167, /home/ndizazzo/dev/mesh/issue1393-q4-snapshot-20260930/target/release/xtask, 20508 MiB
 21:45:38 up 7 days,  5:36,  6 users,  load average: 1.09, 0.95, 0.58
2026-09-30T21:45:40-04:00
98 %, 20945 MiB, 2902 MHz, 13801 MHz, 231.69 W, 37
0 %, 20 MiB, 210 MHz, 405 MHz, 21.96 W, 29
1696167, /home/ndizazzo/dev/mesh/issue1393-q4-snapshot-20260930/target/release/xtask, 20508 MiB
 21:45:40 up 7 days,  5:36,  6 users,  load average: 1.09, 0.95, 0.58
2026-09-30T21:45:42-04:00
98 %, 20945 MiB, 2910 MHz, 13801 MHz, 224.97 W, 37
0 %, 20 MiB, 210 MHz, 405 MHz, 22.14 W, 29
1696167, /home/ndizazzo/dev/mesh/issue1393-q4-snapshot-20260930/target/release/xtask, 20508 MiB
 21:45:42 up 7 days,  5:36,  6 users,  load average: 1.08, 0.96, 0.58
2026-09-30T21:45:44-04:00
98 %, 20945 MiB, 2902 MHz, 13801 MHz, 231.43 W, 37
0 %, 20 MiB, 210 MHz, 405 MHz, 21.11 W, 29
1696167, /home/ndizazzo/dev/mesh/issue1393-q4-snapshot-20260930/target/release/xtask, 20508 MiB
 21:45:44 up 7 days,  5:36,  6 users,  load average: 1.08, 0.96, 0.58
2026-09-30T21:45:46-04:00
99 %, 20945 MiB, 2902 MHz, 13801 MHz, 241.23 W, 38
0 %, 20 MiB, 210 MHz, 405 MHz, 21.15 W, 29
1696167, /home/ndizazzo/dev/mesh/issue1393-q4-snapshot-20260930/target/release/xtask, 20508 MiB
 21:45:46 up 7 days,  5:36,  6 users,  load average: 1.08, 0.96, 0.58
2026-09-30T21:45:48-04:00
98 %, 20945 MiB, 2910 MHz, 13801 MHz, 225.99 W, 37
0 %, 20 MiB, 210 MHz, 405 MHz, 27.34 W, 29
1696167, /home/ndizazzo/dev/mesh/issue1393-q4-snapshot-20260930/target/release/xtask, 20508 MiB
 21:45:48 up 7 days,  5:36,  6 users,  load average: 1.07, 0.96, 0.58
2026-09-30T21:45:50-04:00
98 %, 20945 MiB, 2910 MHz, 13801 MHz, 232.12 W, 37
0 %, 20 MiB, 210 MHz, 405 MHz, 21.34 W, 29
1696167, /home/ndizazzo/dev/mesh/issue1393-q4-snapshot-20260930/target/release/xtask, 20508 MiB
 21:45:51 up 7 days,  5:36,  6 users,  load average: 1.07, 0.96, 0.58
2026-09-30T21:45:53-04:00
99 %, 20945 MiB, 2902 MHz, 13801 MHz, 243.83 W, 37
0 %, 20 MiB, 210 MHz, 405 MHz, 21.12 W, 29
1696167, /home/ndizazzo/dev/mesh/issue1393-q4-snapshot-20260930/target/release/xtask, 20508 MiB
 21:45:53 up 7 days,  5:36,  6 users,  load average: 1.07, 0.96, 0.59
2026-09-30T21:45:55-04:00
98 %, 20945 MiB, 2902 MHz, 13801 MHz, 227.49 W, 37
0 %, 20 MiB, 210 MHz, 405 MHz, 22.50 W, 30
1696167, /home/ndizazzo/dev/mesh/issue1393-q4-snapshot-20260930/target/release/xtask, 20508 MiB
 21:45:55 up 7 days,  5:36,  6 users,  load average: 1.07, 0.96, 0.59
2026-09-30T21:45:57-04:00
98 %, 20945 MiB, 2910 MHz, 13801 MHz, 232.02 W, 37
0 %, 20 MiB, 210 MHz, 405 MHz, 21.81 W, 29
1696167, /home/ndizazzo/dev/mesh/issue1393-q4-snapshot-20260930/target/release/xtask, 20508 MiB
 21:45:57 up 7 days,  5:37,  6 users,  load average: 1.14, 0.98, 0.59
2026-09-30T21:45:59-04:00
99 %, 20945 MiB, 2902 MHz, 13801 MHz, 244.79 W, 38
0 %, 20 MiB, 210 MHz, 405 MHz, 21.14 W, 29
1696167, /home/ndizazzo/dev/mesh/issue1393-q4-snapshot-20260930/target/release/xtask, 20508 MiB
 21:45:59 up 7 days,  5:37,  6 users,  load average: 1.14, 0.98, 0.59
2026-09-30T21:46:01-04:00
98 %, 20945 MiB, 2902 MHz, 13801 MHz, 230.67 W, 37
0 %, 20 MiB, 210 MHz, 405 MHz, 21.08 W, 29
1696167, /home/ndizazzo/dev/mesh/issue1393-q4-snapshot-20260930/target/release/xtask, 20508 MiB
 21:46:01 up 7 days,  5:37,  6 users,  load average: 1.14, 0.98, 0.59
2026-09-30T21:46:03-04:00
98 %, 20945 MiB, 2910 MHz, 13801 MHz, 230.76 W, 37
0 %, 20 MiB, 210 MHz, 405 MHz, 27.50 W, 29
1696167, /home/ndizazzo/dev/mesh/issue1393-q4-snapshot-20260930/target/release/xtask, 20508 MiB
 21:46:03 up 7 days,  5:37,  6 users,  load average: 1.13, 0.98, 0.60
2026-09-30T21:46:05-04:00
100 %, 20945 MiB, 2902 MHz, 13801 MHz, 252.02 W, 37
0 %, 20 MiB, 210 MHz, 405 MHz, 21.41 W, 29
1696167, /home/ndizazzo/dev/mesh/issue1393-q4-snapshot-20260930/target/release/xtask, 20508 MiB
 21:46:05 up 7 days,  5:37,  6 users,  load average: 1.13, 0.98, 0.60
2026-09-30T21:46:07-04:00
98 %, 20945 MiB, 2910 MHz, 13801 MHz, 230.57 W, 37
0 %, 20 MiB, 210 MHz, 405 MHz, 21.10 W, 29
1696167, /home/ndizazzo/dev/mesh/issue1393-q4-snapshot-20260930/target/release/xtask, 20508 MiB
 21:46:07 up 7 days,  5:37,  6 users,  load average: 1.12, 0.98, 0.60
2026-09-30T21:46:09-04:00
98 %, 20945 MiB, 2902 MHz, 13801 MHz, 230.77 W, 37
0 %, 20 MiB, 210 MHz, 405 MHz, 23.14 W, 30
1696167, /home/ndizazzo/dev/mesh/issue1393-q4-snapshot-20260930/target/release/xtask, 20508 MiB
 21:46:09 up 7 days,  5:37,  6 users,  load average: 1.12, 0.98, 0.60
2026-09-30T21:46:11-04:00
100 %, 20945 MiB, 2902 MHz, 13801 MHz, 250.97 W, 37
0 %, 20 MiB, 210 MHz, 405 MHz, 22.00 W, 29
1696167, /home/ndizazzo/dev/mesh/issue1393-q4-snapshot-20260930/target/release/xtask, 20508 MiB
 21:46:11 up 7 days,  5:37,  6 users,  load average: 1.12, 0.98, 0.60
2026-09-30T21:46:13-04:00
98 %, 20945 MiB, 2910 MHz, 13801 MHz, 230.37 W, 37
0 %, 20 MiB, 210 MHz, 405 MHz, 20.88 W, 29
1696167, /home/ndizazzo/dev/mesh/issue1393-q4-snapshot-20260930/target/release/xtask, 20508 MiB
 21:46:13 up 7 days,  5:37,  6 users,  load average: 1.11, 0.98, 0.60
2026-09-30T21:46:15-04:00
98 %, 20945 MiB, 2910 MHz, 13801 MHz, 230.67 W, 37
0 %, 20 MiB, 210 MHz, 405 MHz, 21.00 W, 29
1696167, /home/ndizazzo/dev/mesh/issue1393-q4-snapshot-20260930/target/release/xtask, 20508 MiB
 21:46:15 up 7 days,  5:37,  6 users,  load average: 1.11, 0.98, 0.60
2026-09-30T21:46:17-04:00
100 %, 20945 MiB, 2910 MHz, 13801 MHz, 249.75 W, 37
0 %, 20 MiB, 210 MHz, 405 MHz, 27.33 W, 30
1696167, /home/ndizazzo/dev/mesh/issue1393-q4-snapshot-20260930/target/release/xtask, 20508 MiB
 21:46:17 up 7 days,  5:37,  6 users,  load average: 1.10, 0.98, 0.60
2026-09-30T21:46:19-04:00
98 %, 20945 MiB, 2910 MHz, 13801 MHz, 230.56 W, 37
0 %, 20 MiB, 210 MHz, 405 MHz, 21.19 W, 29
1696167, /home/ndizazzo/dev/mesh/issue1393-q4-snapshot-20260930/target/release/xtask, 20508 MiB
 21:46:19 up 7 days,  5:37,  6 users,  load average: 1.10, 0.98, 0.60
2026-09-30T21:46:21-04:00
98 %, 20945 MiB, 2910 MHz, 13801 MHz, 230.32 W, 37
0 %, 20 MiB, 210 MHz, 405 MHz, 21.05 W, 29
1696167, /home/ndizazzo/dev/mesh/issue1393-q4-snapshot-20260930/target/release/xtask, 20508 MiB
 21:46:21 up 7 days,  5:37,  6 users,  load average: 1.10, 0.98, 0.60
2026-09-30T21:46:23-04:00
99 %, 20945 MiB, 2910 MHz, 13801 MHz, 230.82 W, 37
0 %, 20 MiB, 210 MHz, 405 MHz, 21.67 W, 29
1696167, /home/ndizazzo/dev/mesh/issue1393-q4-snapshot-20260930/target/release/xtask, 20508 MiB
 21:46:23 up 7 days,  5:37,  6 users,  load average: 1.09, 0.98, 0.61
2026-09-30T21:46:25-04:00
98 %, 20945 MiB, 2910 MHz, 13801 MHz, 230.92 W, 37
0 %, 20 MiB, 210 MHz, 405 MHz, 22.42 W, 30
1696167, /home/ndizazzo/dev/mesh/issue1393-q4-snapshot-20260930/target/release/xtask, 20508 MiB
 21:46:25 up 7 days,  5:37,  6 users,  load average: 1.09, 0.98, 0.61
2026-09-30T21:46:27-04:00
98 %, 20945 MiB, 2910 MHz, 13801 MHz, 230.40 W, 38
0 %, 20 MiB, 210 MHz, 405 MHz, 21.02 W, 29
1696167, /home/ndizazzo/dev/mesh/issue1393-q4-snapshot-20260930/target/release/xtask, 20508 MiB
 21:46:28 up 7 days,  5:37,  6 users,  load average: 1.08, 0.98, 0.61
2026-09-30T21:46:30-04:00
98 %, 20945 MiB, 2910 MHz, 13801 MHz, 230.70 W, 37
0 %, 20 MiB, 210 MHz, 405 MHz, 20.96 W, 29
1696167, /home/ndizazzo/dev/mesh/issue1393-q4-snapshot-20260930/target/release/xtask, 20508 MiB
 21:46:30 up 7 days,  5:37,  5 users,  load average: 1.08, 0.98, 0.61
2026-09-30T21:46:32-04:00
98 %, 20945 MiB, 2910 MHz, 13801 MHz, 229.63 W, 38
0 %, 20 MiB, 210 MHz, 405 MHz, 27.03 W, 30
1696167, /home/ndizazzo/dev/mesh/issue1393-q4-snapshot-20260930/target/release/xtask, 20508 MiB
 21:46:32 up 7 days,  5:37,  5 users,  load average: 1.08, 0.98, 0.61
2026-09-30T21:46:34-04:00
98 %, 20945 MiB, 2910 MHz, 13801 MHz, 229.93 W, 37
0 %, 20 MiB, 210 MHz, 405 MHz, 21.25 W, 29
1696167, /home/ndizazzo/dev/mesh/issue1393-q4-snapshot-20260930/target/release/xtask, 20508 MiB
 21:46:34 up 7 days,  5:37,  5 users,  load average: 1.08, 0.98, 0.61
2026-09-30T21:46:36-04:00
98 %, 20945 MiB, 2910 MHz, 13801 MHz, 226.54 W, 37
0 %, 20 MiB, 210 MHz, 405 MHz, 20.92 W, 29
1696167, /home/ndizazzo/dev/mesh/issue1393-q4-snapshot-20260930/target/release/xtask, 20508 MiB
 21:46:36 up 7 days,  5:37,  5 users,  load average: 1.08, 0.98, 0.61
2026-09-30T21:46:38-04:00
98 %, 20945 MiB, 2902 MHz, 13801 MHz, 229.87 W, 37
0 %, 20 MiB, 210 MHz, 405 MHz, 22.39 W, 30
1696167, /home/ndizazzo/dev/mesh/issue1393-q4-snapshot-20260930/target/release/xtask, 20508 MiB
 21:46:38 up 7 days,  5:37,  5 users,  load average: 1.07, 0.98, 0.61
2026-09-30T21:46:40-04:00
99 %, 20945 MiB, 2902 MHz, 13801 MHz, 242.72 W, 38
0 %, 20 MiB, 210 MHz, 405 MHz, 21.91 W, 30
1696167, /home/ndizazzo/dev/mesh/issue1393-q4-snapshot-20260930/target/release/xtask, 20508 MiB
 21:46:40 up 7 days,  5:37,  5 users,  load average: 1.07, 0.98, 0.61
2026-09-30T21:46:42-04:00
98 %, 20945 MiB, 2910 MHz, 13801 MHz, 226.41 W, 38
0 %, 20 MiB, 210 MHz, 405 MHz, 20.94 W, 29
1696167, /home/ndizazzo/dev/mesh/issue1393-q4-snapshot-20260930/target/release/xtask, 20508 MiB
 21:46:42 up 7 days,  5:37,  5 users,  load average: 1.15, 1.00, 0.62
2026-09-30T21:46:44-04:00
98 %, 20945 MiB, 2910 MHz, 13801 MHz, 229.43 W, 38
0 %, 20 MiB, 210 MHz, 405 MHz, 21.21 W, 29
1696167, /home/ndizazzo/dev/mesh/issue1393-q4-snapshot-20260930/target/release/xtask, 20508 MiB
 21:46:44 up 7 days,  5:37,  5 users,  load average: 1.15, 1.00, 0.62
2026-09-30T21:46:46-04:00
99 %, 20945 MiB, 2902 MHz, 13801 MHz, 241.84 W, 38
0 %, 20 MiB, 210 MHz, 405 MHz, 27.48 W, 30
1696167, /home/ndizazzo/dev/mesh/issue1393-q4-snapshot-20260930/target/release/xtask, 20508 MiB
 21:46:46 up 7 days,  5:37,  5 users,  load average: 1.15, 1.00, 0.62
2026-09-30T21:46:48-04:00
98 %, 20945 MiB, 2910 MHz, 13801 MHz, 225.87 W, 38
0 %, 20 MiB, 210 MHz, 405 MHz, 20.99 W, 29
1696167, /home/ndizazzo/dev/mesh/issue1393-q4-snapshot-20260930/target/release/xtask, 20508 MiB
 21:46:48 up 7 days,  5:37,  5 users,  load average: 1.13, 1.00, 0.62
2026-09-30T21:46:50-04:00
98 %, 20945 MiB, 2910 MHz, 13801 MHz, 229.39 W, 37
0 %, 20 MiB, 210 MHz, 405 MHz, 20.96 W, 29
1696167, /home/ndizazzo/dev/mesh/issue1393-q4-snapshot-20260930/target/release/xtask, 20508 MiB
 21:46:50 up 7 days,  5:37,  5 users,  load average: 1.13, 1.00, 0.62
2026-09-30T21:46:52-04:00
99 %, 20945 MiB, 2902 MHz, 13801 MHz, 243.35 W, 38
0 %, 20 MiB, 210 MHz, 405 MHz, 23.14 W, 30
1696167, /home/ndizazzo/dev/mesh/issue1393-q4-snapshot-20260930/target/release/xtask, 20508 MiB
 21:46:52 up 7 days,  5:37,  5 users,  load average: 1.12, 1.00, 0.63
2026-09-30T21:46:54-04:00
98 %, 20945 MiB, 2910 MHz, 13801 MHz, 225.79 W, 38
0 %, 20 MiB, 210 MHz, 405 MHz, 22.37 W, 30
1696167, /home/ndizazzo/dev/mesh/issue1393-q4-snapshot-20260930/target/release/xtask, 20508 MiB
 21:46:54 up 7 days,  5:37,  5 users,  load average: 1.12, 1.00, 0.63
2026-09-30T21:46:56-04:00
99 %, 20945 MiB, 2910 MHz, 13801 MHz, 229.87 W, 37
0 %, 20 MiB, 210 MHz, 405 MHz, 21.18 W, 29
1696167, /home/ndizazzo/dev/mesh/issue1393-q4-snapshot-20260930/target/release/xtask, 20508 MiB
 21:46:56 up 7 days,  5:37,  5 users,  load average: 1.12, 1.00, 0.63
2026-09-30T21:46:58-04:00
99 %, 20945 MiB, 2902 MHz, 13801 MHz, 256.24 W, 38
0 %, 20 MiB, 210 MHz, 405 MHz, 21.10 W, 29
1696167, /home/ndizazzo/dev/mesh/issue1393-q4-snapshot-20260930/target/release/xtask, 20508 MiB
 21:46:58 up 7 days,  5:38,  5 users,  load average: 1.11, 1.00, 0.63
2026-09-30T21:47:00-04:00
98 %, 20945 MiB, 2910 MHz, 13801 MHz, 228.87 W, 38
0 %, 20 MiB, 210 MHz, 405 MHz, 27.31 W, 30
1696167, /home/ndizazzo/dev/mesh/issue1393-q4-snapshot-20260930/target/release/xtask, 20508 MiB
 21:47:00 up 7 days,  5:38,  5 users,  load average: 1.11, 1.00, 0.63
2026-09-30T21:47:02-04:00
98 %, 20945 MiB, 2910 MHz, 13801 MHz, 229.63 W, 38
0 %, 20 MiB, 210 MHz, 405 MHz, 21.23 W, 29
1696167, /home/ndizazzo/dev/mesh/issue1393-q4-snapshot-20260930/target/release/xtask, 20508 MiB
 21:47:02 up 7 days,  5:38,  5 users,  load average: 1.18, 1.02, 0.64
2026-09-30T21:47:04-04:00
99 %, 20945 MiB, 2902 MHz, 13801 MHz, 254.71 W, 38
0 %, 20 MiB, 210 MHz, 405 MHz, 20.86 W, 29
1696167, /home/ndizazzo/dev/mesh/issue1393-q4-snapshot-20260930/target/release/xtask, 20508 MiB
 21:47:05 up 7 days,  5:38,  5 users,  load average: 1.18, 1.02, 0.64
2026-09-30T21:47:07-04:00
98 %, 20945 MiB, 2910 MHz, 13801 MHz, 229.52 W, 38
0 %, 20 MiB, 210 MHz, 405 MHz, 23.81 W, 30
1696167, /home/ndizazzo/dev/mesh/issue1393-q4-snapshot-20260930/target/release/xtask, 20508 MiB
 21:47:07 up 7 days,  5:38,  5 users,  load average: 1.18, 1.02, 0.64
2026-09-30T21:47:09-04:00
98 %, 20945 MiB, 2910 MHz, 13801 MHz, 228.38 W, 38
0 %, 20 MiB, 210 MHz, 405 MHz, 21.89 W, 30
1696167, /home/ndizazzo/dev/mesh/issue1393-q4-snapshot-20260930/target/release/xtask, 20508 MiB
 21:47:09 up 7 days,  5:38,  5 users,  load average: 1.17, 1.01, 0.64
2026-09-30T21:47:11-04:00
99 %, 20945 MiB, 2902 MHz, 13801 MHz, 254.96 W, 38
0 %, 20 MiB, 210 MHz, 405 MHz, 20.95 W, 29
1696167, /home/ndizazzo/dev/mesh/issue1393-q4-snapshot-20260930/target/release/xtask, 20508 MiB
 21:47:11 up 7 days,  5:38,  5 users,  load average: 1.17, 1.01, 0.64
2026-09-30T21:47:13-04:00
98 %, 20945 MiB, 2910 MHz, 13801 MHz, 230.03 W, 38
0 %, 20 MiB, 210 MHz, 405 MHz, 20.98 W, 29
1696167, /home/ndizazzo/dev/mesh/issue1393-q4-snapshot-20260930/target/release/xtask, 20508 MiB
 21:47:13 up 7 days,  5:38,  5 users,  load average: 1.16, 1.01, 0.64
2026-09-30T21:47:15-04:00
98 %, 20945 MiB, 2910 MHz, 13801 MHz, 228.64 W, 38
0 %, 20 MiB, 210 MHz, 405 MHz, 27.39 W, 30
1696167, /home/ndizazzo/dev/mesh/issue1393-q4-snapshot-20260930/target/release/xtask, 20508 MiB
 21:47:15 up 7 days,  5:38,  5 users,  load average: 1.16, 1.01, 0.64
2026-09-30T21:47:17-04:00
100 %, 20945 MiB, 2910 MHz, 13801 MHz, 236.84 W, 37
0 %, 20 MiB, 210 MHz, 405 MHz, 21.44 W, 29
1696167, /home/ndizazzo/dev/mesh/issue1393-q4-snapshot-20260930/target/release/xtask, 20508 MiB
 21:47:17 up 7 days,  5:38,  5 users,  load average: 1.14, 1.01, 0.64
2026-09-30T21:47:19-04:00
98 %, 20945 MiB, 2910 MHz, 13801 MHz, 229.02 W, 37
0 %, 20 MiB, 210 MHz, 405 MHz, 21.04 W, 29
1696167, /home/ndizazzo/dev/mesh/issue1393-q4-snapshot-20260930/target/release/xtask, 20508 MiB
 21:47:19 up 7 days,  5:38,  5 users,  load average: 1.14, 1.01, 0.64
2026-09-30T21:47:21-04:00
98 %, 20945 MiB, 2910 MHz, 13801 MHz, 229.26 W, 38
0 %, 20 MiB, 210 MHz, 405 MHz, 27.04 W, 30
1696167, /home/ndizazzo/dev/mesh/issue1393-q4-snapshot-20260930/target/release/xtask, 20508 MiB
 21:47:21 up 7 days,  5:38,  5 users,  load average: 1.14, 1.01, 0.64
2026-09-30T21:47:23-04:00
100 %, 20945 MiB, 2910 MHz, 13801 MHz, 238.45 W, 37
0 %, 20 MiB, 210 MHz, 405 MHz, 22.21 W, 30
1696167, /home/ndizazzo/dev/mesh/issue1393-q4-snapshot-20260930/target/release/xtask, 20508 MiB
 21:47:23 up 7 days,  5:38,  5 users,  load average: 1.13, 1.01, 0.64
2026-09-30T21:47:25-04:00
98 %, 20945 MiB, 2910 MHz, 13801 MHz, 228.23 W, 38
0 %, 20 MiB, 210 MHz, 405 MHz, 21.06 W, 29
1696167, /home/ndizazzo/dev/mesh/issue1393-q4-snapshot-20260930/target/release/xtask, 20508 MiB
 21:47:25 up 7 days,  5:38,  5 users,  load average: 1.13, 1.01, 0.64
2026-09-30T21:47:27-04:00
98 %, 20945 MiB, 2910 MHz, 13801 MHz, 230.35 W, 37
0 %, 20 MiB, 210 MHz, 405 MHz, 21.24 W, 29
1696167, /home/ndizazzo/dev/mesh/issue1393-q4-snapshot-20260930/target/release/xtask, 20508 MiB
 21:47:27 up 7 days,  5:38,  5 users,  load average: 1.20, 1.03, 0.65
2026-09-30T21:47:29-04:00
100 %, 20945 MiB, 2910 MHz, 13801 MHz, 238.12 W, 37
0 %, 20 MiB, 210 MHz, 405 MHz, 27.39 W, 30
1696167, /home/ndizazzo/dev/mesh/issue1393-q4-snapshot-20260930/target/release/xtask, 20508 MiB
 21:47:29 up 7 days,  5:38,  5 users,  load average: 1.20, 1.03, 0.65
2026-09-30T21:47:31-04:00
98 %, 20945 MiB, 2910 MHz, 13801 MHz, 228.66 W, 38
0 %, 20 MiB, 210 MHz, 405 MHz, 21.21 W, 29
1696167, /home/ndizazzo/dev/mesh/issue1393-q4-snapshot-20260930/target/release/xtask, 20508 MiB
 21:47:31 up 7 days,  5:38,  5 users,  load average: 1.20, 1.03, 0.65
2026-09-30T21:47:33-04:00
99 %, 20945 MiB, 2910 MHz, 13801 MHz, 230.61 W, 38
0 %, 20 MiB, 210 MHz, 405 MHz, 21.15 W, 29
1696167, /home/ndizazzo/dev/mesh/issue1393-q4-snapshot-20260930/target/release/xtask, 20508 MiB
 21:47:33 up 7 days,  5:38,  5 users,  load average: 1.27, 1.05, 0.66
2026-09-30T21:47:35-04:00
98 %, 20945 MiB, 2910 MHz, 13801 MHz, 222.43 W, 38
0 %, 20 MiB, 210 MHz, 405 MHz, 23.31 W, 30
1696167, /home/ndizazzo/dev/mesh/issue1393-q4-snapshot-20260930/target/release/xtask, 20508 MiB
 21:47:35 up 7 days,  5:38,  5 users,  load average: 1.27, 1.05, 0.66
2026-09-30T21:47:37-04:00
98 %, 20945 MiB, 2910 MHz, 13801 MHz, 227.83 W, 37
0 %, 20 MiB, 210 MHz, 405 MHz, 21.75 W, 30
1696167, /home/ndizazzo/dev/mesh/issue1393-q4-snapshot-20260930/target/release/xtask, 20508 MiB
 21:47:37 up 7 days,  5:38,  5 users,  load average: 1.24, 1.04, 0.66
2026-09-30T21:47:39-04:00
99 %, 20945 MiB, 2910 MHz, 13801 MHz, 230.86 W, 38
0 %, 20 MiB, 210 MHz, 405 MHz, 20.97 W, 29
1696167, /home/ndizazzo/dev/mesh/issue1393-q4-snapshot-20260930/target/release/xtask, 20508 MiB
 21:47:40 up 7 days,  5:38,  5 users,  load average: 1.24, 1.04, 0.66
2026-09-30T21:47:42-04:00
98 %, 20945 MiB, 2910 MHz, 13801 MHz, 226.62 W, 38
0 %, 20 MiB, 210 MHz, 405 MHz, 21.06 W, 29
1696167, /home/ndizazzo/dev/mesh/issue1393-q4-snapshot-20260930/target/release/xtask, 20508 MiB
 21:47:42 up 7 days,  5:38,  5 users,  load average: 1.24, 1.04, 0.66
2026-09-30T21:47:44-04:00
98 %, 20945 MiB, 2902 MHz, 13801 MHz, 227.79 W, 38
0 %, 20 MiB, 210 MHz, 405 MHz, 27.76 W, 30
1696167, /home/ndizazzo/dev/mesh/issue1393-q4-snapshot-20260930/target/release/xtask, 20508 MiB
 21:47:44 up 7 days,  5:38,  5 users,  load average: 1.22, 1.04, 0.66
2026-09-30T21:47:46-04:00
99 %, 20945 MiB, 2902 MHz, 13801 MHz, 228.59 W, 38
0 %, 20 MiB, 210 MHz, 405 MHz, 21.42 W, 29
1696167, /home/ndizazzo/dev/mesh/issue1393-q4-snapshot-20260930/target/release/xtask, 20508 MiB
 21:47:46 up 7 days,  5:38,  5 users,  load average: 1.22, 1.04, 0.66
2026-09-30T21:47:48-04:00
98 %, 20945 MiB, 2902 MHz, 13801 MHz, 226.57 W, 38
0 %, 20 MiB, 210 MHz, 405 MHz, 21.03 W, 29
1696167, /home/ndizazzo/dev/mesh/issue1393-q4-snapshot-20260930/target/release/xtask, 20508 MiB
 21:47:48 up 7 days,  5:38,  5 users,  load average: 1.21, 1.04, 0.66
2026-09-30T21:47:50-04:00
98 %, 20945 MiB, 2910 MHz, 13801 MHz, 227.59 W, 38
0 %, 20 MiB, 210 MHz, 405 MHz, 23.73 W, 30
1696167, /home/ndizazzo/dev/mesh/issue1393-q4-snapshot-20260930/target/release/xtask, 20508 MiB
 21:47:50 up 7 days,  5:38,  5 users,  load average: 1.21, 1.04, 0.66
2026-09-30T21:47:52-04:00
99 %, 20945 MiB, 2902 MHz, 13801 MHz, 240.88 W, 38
0 %, 20 MiB, 210 MHz, 405 MHz, 22.02 W, 30
1696167, /home/ndizazzo/dev/mesh/issue1393-q4-snapshot-20260930/target/release/xtask, 20508 MiB
 21:47:52 up 7 days,  5:38,  5 users,  load average: 1.19, 1.04, 0.67
2026-09-30T21:47:54-04:00
99 %, 21245 MiB, 2910 MHz, 13801 MHz, 222.84 W, 38
0 %, 20 MiB, 210 MHz, 405 MHz, 20.94 W, 30
1696167, /home/ndizazzo/dev/mesh/issue1393-q4-snapshot-20260930/target/release/xtask, 20808 MiB
 21:47:54 up 7 days,  5:38,  5 users,  load average: 1.19, 1.04, 0.67
2026-09-30T21:47:56-04:00
98 %, 21247 MiB, 2902 MHz, 13801 MHz, 262.76 W, 38
0 %, 20 MiB, 210 MHz, 405 MHz, 21.11 W, 30
1696167, /home/ndizazzo/dev/mesh/issue1393-q4-snapshot-20260930/target/release/xtask, 20810 MiB
 21:47:56 up 7 days,  5:38,  5 users,  load average: 1.19, 1.04, 0.67
2026-09-30T21:47:58-04:00
98 %, 21249 MiB, 2902 MHz, 13801 MHz, 262.92 W, 39
0 %, 20 MiB, 210 MHz, 405 MHz, 21.95 W, 30
1696167, /home/ndizazzo/dev/mesh/issue1393-q4-snapshot-20260930/target/release/xtask, 20812 MiB
 21:47:58 up 7 days,  5:39,  5 users,  load average: 1.17, 1.04, 0.67
2026-09-30T21:48:00-04:00
100 %, 21249 MiB, 2902 MHz, 13801 MHz, 301.95 W, 39
0 %, 20 MiB, 210 MHz, 405 MHz, 21.05 W, 30
1696167, /home/ndizazzo/dev/mesh/issue1393-q4-snapshot-20260930/target/release/xtask, 20812 MiB
 21:48:00 up 7 days,  5:39,  5 users,  load average: 1.17, 1.04, 0.67
2026-09-30T21:48:02-04:00
98 %, 21245 MiB, 2910 MHz, 13801 MHz, 275.58 W, 38
0 %, 20 MiB, 210 MHz, 405 MHz, 20.99 W, 30
1696167, /home/ndizazzo/dev/mesh/issue1393-q4-snapshot-20260930/target/release/xtask, 20808 MiB
 21:48:02 up 7 days,  5:39,  5 users,  load average: 1.16, 1.04, 0.67
2026-09-30T21:48:04-04:00
98 %, 21245 MiB, 2910 MHz, 13801 MHz, 227.05 W, 38
0 %, 20 MiB, 210 MHz, 405 MHz, 24.18 W, 30
1696167, /home/ndizazzo/dev/mesh/issue1393-q4-snapshot-20260930/target/release/xtask, 20808 MiB
 21:48:04 up 7 days,  5:39,  5 users,  load average: 1.16, 1.04, 0.67
2026-09-30T21:48:06-04:00
99 %, 21245 MiB, 2902 MHz, 13801 MHz, 234.07 W, 38
0 %, 20 MiB, 210 MHz, 405 MHz, 22.24 W, 30
1696167, /home/ndizazzo/dev/mesh/issue1393-q4-snapshot-20260930/target/release/xtask, 20808 MiB
 21:48:06 up 7 days,  5:39,  5 users,  load average: 1.16, 1.04, 0.67
2026-09-30T21:48:08-04:00
98 %, 21245 MiB, 2902 MHz, 13801 MHz, 222.22 W, 38
0 %, 20 MiB, 210 MHz, 405 MHz, 20.90 W, 30
1696167, /home/ndizazzo/dev/mesh/issue1393-q4-snapshot-20260930/target/release/xtask, 20808 MiB
 21:48:08 up 7 days,  5:39,  5 users,  load average: 1.15, 1.04, 0.67
2026-09-30T21:48:10-04:00
98 %, 21245 MiB, 2910 MHz, 13801 MHz, 227.19 W, 38
0 %, 20 MiB, 210 MHz, 405 MHz, 21.02 W, 30
1696167, /home/ndizazzo/dev/mesh/issue1393-q4-snapshot-20260930/target/release/xtask, 20808 MiB
 21:48:10 up 7 days,  5:39,  5 users,  load average: 1.15, 1.04, 0.67
2026-09-30T21:48:12-04:00
99 %, 21245 MiB, 2902 MHz, 13801 MHz, 245.64 W, 38
0 %, 20 MiB, 210 MHz, 405 MHz, 27.20 W, 30
1696167, /home/ndizazzo/dev/mesh/issue1393-q4-snapshot-20260930/target/release/xtask, 20808 MiB
 21:48:12 up 7 days,  5:39,  5 users,  load average: 1.13, 1.04, 0.67
2026-09-30T21:48:14-04:00
98 %, 21245 MiB, 2910 MHz, 13801 MHz, 196.58 W, 38
0 %, 20 MiB, 210 MHz, 405 MHz, 21.27 W, 30
1696167, /home/ndizazzo/dev/mesh/issue1393-q4-snapshot-20260930/target/release/xtask, 20808 MiB
 21:48:14 up 7 days,  5:39,  5 users,  load average: 1.13, 1.04, 0.67
2026-09-30T21:48:16-04:00
98 %, 21245 MiB, 2910 MHz, 13801 MHz, 226.47 W, 38
0 %, 20 MiB, 210 MHz, 405 MHz, 21.09 W, 30
1696167, /home/ndizazzo/dev/mesh/issue1393-q4-snapshot-20260930/target/release/xtask, 20808 MiB
 21:48:17 up 7 days,  5:39,  5 users,  load average: 1.13, 1.04, 0.67
2026-09-30T21:48:19-04:00
99 %, 21245 MiB, 2902 MHz, 13801 MHz, 238.06 W, 38
0 %, 20 MiB, 210 MHz, 405 MHz, 27.45 W, 30
1696167, /home/ndizazzo/dev/mesh/issue1393-q4-snapshot-20260930/target/release/xtask, 20808 MiB
 21:48:19 up 7 days,  5:39,  5 users,  load average: 1.12, 1.04, 0.68
2026-09-30T21:48:21-04:00
98 %, 21245 MiB, 2910 MHz, 13801 MHz, 223.31 W, 37
0 %, 20 MiB, 210 MHz, 405 MHz, 21.14 W, 30
1696167, /home/ndizazzo/dev/mesh/issue1393-q4-snapshot-20260930/target/release/xtask, 20808 MiB
 21:48:21 up 7 days,  5:39,  5 users,  load average: 1.12, 1.04, 0.68
2026-09-30T21:48:23-04:00
98 %, 21245 MiB, 2910 MHz, 13801 MHz, 228.01 W, 38
0 %, 20 MiB, 210 MHz, 405 MHz, 21.15 W, 30
1696167, /home/ndizazzo/dev/mesh/issue1393-q4-snapshot-20260930/target/release/xtask, 20808 MiB
 21:48:23 up 7 days,  5:39,  5 users,  load average: 1.11, 1.04, 0.68
2026-09-30T21:48:25-04:00
99 %, 21245 MiB, 2902 MHz, 13801 MHz, 234.15 W, 38
0 %, 20 MiB, 210 MHz, 405 MHz, 21.08 W, 30
1696167, /home/ndizazzo/dev/mesh/issue1393-q4-snapshot-20260930/target/release/xtask, 20808 MiB
 21:48:25 up 7 days,  5:39,  5 users,  load average: 1.11, 1.04, 0.68
2026-09-30T21:48:27-04:00
98 %, 21245 MiB, 2902 MHz, 13801 MHz, 222.51 W, 38
0 %, 20 MiB, 210 MHz, 405 MHz, 27.54 W, 30
1696167, /home/ndizazzo/dev/mesh/issue1393-q4-snapshot-20260930/target/release/xtask, 20808 MiB
 21:48:27 up 7 days,  5:39,  5 users,  load average: 1.10, 1.04, 0.68
2026-09-30T21:48:29-04:00
98 %, 21245 MiB, 2910 MHz, 13801 MHz, 227.18 W, 38
0 %, 20 MiB, 210 MHz, 405 MHz, 21.45 W, 30
1696167, /home/ndizazzo/dev/mesh/issue1393-q4-snapshot-20260930/target/release/xtask, 20808 MiB
 21:48:29 up 7 days,  5:39,  5 users,  load average: 1.10, 1.04, 0.68
2026-09-30T21:48:31-04:00
99 %, 21245 MiB, 2902 MHz, 13801 MHz, 245.43 W, 38
0 %, 20 MiB, 210 MHz, 405 MHz, 21.07 W, 30
1696167, /home/ndizazzo/dev/mesh/issue1393-q4-snapshot-20260930/target/release/xtask, 20808 MiB
 21:48:31 up 7 days,  5:39,  5 users,  load average: 1.10, 1.04, 0.68
2026-09-30T21:48:33-04:00
98 %, 21245 MiB, 2902 MHz, 13801 MHz, 226.09 W, 38
0 %, 20 MiB, 210 MHz, 405 MHz, 27.18 W, 30
1696167, /home/ndizazzo/dev/mesh/issue1393-q4-snapshot-20260930/target/release/xtask, 20808 MiB
 21:48:33 up 7 days,  5:39,  5 users,  load average: 1.10, 1.03, 0.68
2026-09-30T21:48:35-04:00
98 %, 21245 MiB, 2910 MHz, 13801 MHz, 227.61 W, 38
0 %, 20 MiB, 210 MHz, 405 MHz, 21.42 W, 30
1696167, /home/ndizazzo/dev/mesh/issue1393-q4-snapshot-20260930/target/release/xtask, 20808 MiB
 21:48:35 up 7 days,  5:39,  5 users,  load average: 1.10, 1.03, 0.68
2026-09-30T21:48:37-04:00
99 %, 21245 MiB, 2902 MHz, 13801 MHz, 241.39 W, 38
0 %, 20 MiB, 210 MHz, 405 MHz, 21.10 W, 30
1696167, /home/ndizazzo/dev/mesh/issue1393-q4-snapshot-20260930/target/release/xtask, 20808 MiB
 21:48:37 up 7 days,  5:39,  5 users,  load average: 1.09, 1.03, 0.68
2026-09-30T21:48:39-04:00
98 %, 21245 MiB, 2910 MHz, 13801 MHz, 223.87 W, 38
1 %, 20 MiB, 210 MHz, 405 MHz, 21.19 W, 30
1696167, /home/ndizazzo/dev/mesh/issue1393-q4-snapshot-20260930/target/release/xtask, 20808 MiB
 21:48:39 up 7 days,  5:39,  5 users,  load average: 1.09, 1.03, 0.68
2026-09-30T21:48:41-04:00
98 %, 21245 MiB, 2910 MHz, 13801 MHz, 226.35 W, 38
0 %, 20 MiB, 210 MHz, 405 MHz, 22.00 W, 30
1696167, /home/ndizazzo/dev/mesh/issue1393-q4-snapshot-20260930/target/release/xtask, 20808 MiB
 21:48:41 up 7 days,  5:39,  5 users,  load average: 1.09, 1.03, 0.68
2026-09-30T21:48:43-04:00
99 %, 21245 MiB, 2902 MHz, 13801 MHz, 238.10 W, 38
0 %, 20 MiB, 210 MHz, 405 MHz, 21.10 W, 30
1696167, /home/ndizazzo/dev/mesh/issue1393-q4-snapshot-20260930/target/release/xtask, 20808 MiB
 21:48:43 up 7 days,  5:39,  5 users,  load average: 1.08, 1.03, 0.69
2026-09-30T21:48:45-04:00
98 %, 21245 MiB, 2910 MHz, 13801 MHz, 224.12 W, 37
0 %, 20 MiB, 210 MHz, 405 MHz, 21.14 W, 30
1696167, /home/ndizazzo/dev/mesh/issue1393-q4-snapshot-20260930/target/release/xtask, 20808 MiB
 21:48:45 up 7 days,  5:39,  5 users,  load average: 1.08, 1.03, 0.69
2026-09-30T21:48:47-04:00
98 %, 21245 MiB, 2910 MHz, 13801 MHz, 226.17 W, 38
0 %, 20 MiB, 210 MHz, 405 MHz, 24.26 W, 30
1696167, /home/ndizazzo/dev/mesh/issue1393-q4-snapshot-20260930/target/release/xtask, 20808 MiB
 21:48:47 up 7 days,  5:39,  5 users,  load average: 1.07, 1.03, 0.69
2026-09-30T21:48:49-04:00
99 %, 21245 MiB, 2910 MHz, 13801 MHz, 246.91 W, 38
0 %, 20 MiB, 210 MHz, 405 MHz, 21.84 W, 30
1696167, /home/ndizazzo/dev/mesh/issue1393-q4-snapshot-20260930/target/release/xtask, 20808 MiB
 21:48:49 up 7 days,  5:39,  5 users,  load average: 1.07, 1.03, 0.69
2026-09-30T21:48:51-04:00
98 %, 20945 MiB, 2910 MHz, 13801 MHz, 203.08 W, 38
0 %, 20 MiB, 210 MHz, 405 MHz, 20.89 W, 30
1696167, /home/ndizazzo/dev/mesh/issue1393-q4-snapshot-20260930/target/release/xtask, 20508 MiB
 21:48:51 up 7 days,  5:39,  5 users,  load average: 1.07, 1.03, 0.69
2026-09-30T21:48:53-04:00
98 %, 20945 MiB, 2910 MHz, 13801 MHz, 233.55 W, 38
0 %, 20 MiB, 210 MHz, 405 MHz, 21.81 W, 30
1696167, /home/ndizazzo/dev/mesh/issue1393-q4-snapshot-20260930/target/release/xtask, 20508 MiB
 21:48:54 up 7 days,  5:39,  5 users,  load average: 1.07, 1.03, 0.69
2026-09-30T21:48:56-04:00
99 %, 20945 MiB, 2902 MHz, 13801 MHz, 248.30 W, 39
0 %, 20 MiB, 210 MHz, 405 MHz, 22.17 W, 30
1696167, /home/ndizazzo/dev/mesh/issue1393-q4-snapshot-20260930/target/release/xtask, 20508 MiB
 21:48:56 up 7 days,  5:39,  5 users,  load average: 1.07, 1.03, 0.69
2026-09-30T21:48:58-04:00
98 %, 20945 MiB, 2910 MHz, 13801 MHz, 230.46 W, 38
0 %, 20 MiB, 210 MHz, 405 MHz, 21.04 W, 30
1696167, /home/ndizazzo/dev/mesh/issue1393-q4-snapshot-20260930/target/release/xtask, 20508 MiB
 21:48:58 up 7 days,  5:40,  5 users,  load average: 1.06, 1.03, 0.69
2026-09-30T21:49:00-04:00
98 %, 20945 MiB, 2910 MHz, 13801 MHz, 234.48 W, 38
0 %, 20 MiB, 210 MHz, 405 MHz, 21.13 W, 30
1696167, /home/ndizazzo/dev/mesh/issue1393-q4-snapshot-20260930/target/release/xtask, 20508 MiB
 21:49:00 up 7 days,  5:40,  5 users,  load average: 1.06, 1.03, 0.69
2026-09-30T21:49:02-04:00
99 %, 20945 MiB, 2902 MHz, 13801 MHz, 252.90 W, 39
0 %, 20 MiB, 210 MHz, 405 MHz, 27.29 W, 30
1696167, /home/ndizazzo/dev/mesh/issue1393-q4-snapshot-20260930/target/release/xtask, 20508 MiB
 21:49:02 up 7 days,  5:40,  5 users,  load average: 1.06, 1.03, 0.69
2026-09-30T21:49:04-04:00
98 %, 20945 MiB, 2902 MHz, 13801 MHz, 233.87 W, 38
0 %, 20 MiB, 210 MHz, 405 MHz, 21.10 W, 30
1696167, /home/ndizazzo/dev/mesh/issue1393-q4-snapshot-20260930/target/release/xtask, 20508 MiB
 21:49:04 up 7 days,  5:40,  5 users,  load average: 1.06, 1.03, 0.69
2026-09-30T21:49:06-04:00
98 %, 20945 MiB, 2902 MHz, 13801 MHz, 234.41 W, 38
0 %, 20 MiB, 210 MHz, 405 MHz, 20.93 W, 30
1696167, /home/ndizazzo/dev/mesh/issue1393-q4-snapshot-20260930/target/release/xtask, 20508 MiB
 21:49:06 up 7 days,  5:40,  5 users,  load average: 1.06, 1.03, 0.69
2026-09-30T21:49:08-04:00
100 %, 20945 MiB, 2910 MHz, 13801 MHz, 242.33 W, 38
0 %, 20 MiB, 210 MHz, 405 MHz, 20.87 W, 30
1696167, /home/ndizazzo/dev/mesh/issue1393-q4-snapshot-20260930/target/release/xtask, 20508 MiB
 21:49:08 up 7 days,  5:40,  5 users,  load average: 1.05, 1.03, 0.70
2026-09-30T21:49:10-04:00
98 %, 20945 MiB, 2902 MHz, 13801 MHz, 233.69 W, 38
0 %, 20 MiB, 210 MHz, 405 MHz, 21.67 W, 30
1696167, /home/ndizazzo/dev/mesh/issue1393-q4-snapshot-20260930/target/release/xtask, 20508 MiB
 21:49:10 up 7 days,  5:40,  5 users,  load average: 1.05, 1.03, 0.70
2026-09-30T21:49:12-04:00
98 %, 20945 MiB, 2902 MHz, 13801 MHz, 233.28 W, 38
0 %, 20 MiB, 210 MHz, 405 MHz, 20.96 W, 30
1696167, /home/ndizazzo/dev/mesh/issue1393-q4-snapshot-20260930/target/release/xtask, 20508 MiB
 21:49:12 up 7 days,  5:40,  5 users,  load average: 1.05, 1.03, 0.70
2026-09-30T21:49:14-04:00
100 %, 20945 MiB, 2910 MHz, 13801 MHz, 237.56 W, 38
0 %, 20 MiB, 210 MHz, 405 MHz, 21.03 W, 30
1696167, /home/ndizazzo/dev/mesh/issue1393-q4-snapshot-20260930/target/release/xtask, 20508 MiB
 21:49:14 up 7 days,  5:40,  5 users,  load average: 1.05, 1.03, 0.70
2026-09-30T21:49:16-04:00
98 %, 20945 MiB, 2902 MHz, 13801 MHz, 232.88 W, 38
0 %, 20 MiB, 210 MHz, 405 MHz, 27.59 W, 30
1696167, /home/ndizazzo/dev/mesh/issue1393-q4-snapshot-20260930/target/release/xtask, 20508 MiB
 21:49:16 up 7 days,  5:40,  5 users,  load average: 1.05, 1.03, 0.70
2026-09-30T21:49:18-04:00
98 %, 20945 MiB, 2902 MHz, 13801 MHz, 233.76 W, 38
0 %, 20 MiB, 210 MHz, 405 MHz, 21.24 W, 30
1696167, /home/ndizazzo/dev/mesh/issue1393-q4-snapshot-20260930/target/release/xtask, 20508 MiB
 21:49:18 up 7 days,  5:40,  5 users,  load average: 1.04, 1.03, 0.70
2026-09-30T21:49:20-04:00
100 %, 20945 MiB, 2910 MHz, 13801 MHz, 232.74 W, 38
0 %, 20 MiB, 210 MHz, 405 MHz, 20.98 W, 30
1696167, /home/ndizazzo/dev/mesh/issue1393-q4-snapshot-20260930/target/release/xtask, 20508 MiB
 21:49:20 up 7 days,  5:40,  5 users,  load average: 1.04, 1.03, 0.70
2026-09-30T21:49:22-04:00
98 %, 20945 MiB, 2902 MHz, 13801 MHz, 233.37 W, 38
0 %, 20 MiB, 210 MHz, 405 MHz, 21.05 W, 30
1696167, /home/ndizazzo/dev/mesh/issue1393-q4-snapshot-20260930/target/release/xtask, 20508 MiB
 21:49:22 up 7 days,  5:40,  5 users,  load average: 1.04, 1.03, 0.70
2026-09-30T21:49:24-04:00
99 %, 20945 MiB, 2902 MHz, 13801 MHz, 243.86 W, 39
0 %, 20 MiB, 210 MHz, 405 MHz, 21.97 W, 30
1696167, /home/ndizazzo/dev/mesh/issue1393-q4-snapshot-20260930/target/release/xtask, 20508 MiB
 21:49:24 up 7 days,  5:40,  5 users,  load average: 1.04, 1.03, 0.70
2026-09-30T21:49:26-04:00
98 %, 20945 MiB, 2902 MHz, 13801 MHz, 226.57 W, 38
0 %, 20 MiB, 210 MHz, 405 MHz, 20.84 W, 30
1696167, /home/ndizazzo/dev/mesh/issue1393-q4-snapshot-20260930/target/release/xtask, 20508 MiB
 21:49:26 up 7 days,  5:40,  5 users,  load average: 1.04, 1.03, 0.70
2026-09-30T21:49:28-04:00
98 %, 20945 MiB, 2902 MHz, 13801 MHz, 233.93 W, 38
0 %, 20 MiB, 210 MHz, 405 MHz, 20.94 W, 30
1696167, /home/ndizazzo/dev/mesh/issue1393-q4-snapshot-20260930/target/release/xtask, 20508 MiB
 21:49:28 up 7 days,  5:40,  5 users,  load average: 1.04, 1.03, 0.70
2026-09-30T21:49:30-04:00
99 %, 20945 MiB, 2902 MHz, 13801 MHz, 247.22 W, 39
0 %, 20 MiB, 210 MHz, 405 MHz, 27.34 W, 30
1696167, /home/ndizazzo/dev/mesh/issue1393-q4-snapshot-20260930/target/release/xtask, 20508 MiB
 21:49:31 up 7 days,  5:40,  5 users,  load average: 1.04, 1.03, 0.70
2026-09-30T21:49:33-04:00
98 %, 20945 MiB, 2910 MHz, 13801 MHz, 228.67 W, 38
0 %, 20 MiB, 210 MHz, 405 MHz, 20.92 W, 30
1696167, /home/ndizazzo/dev/mesh/issue1393-q4-snapshot-20260930/target/release/xtask, 20508 MiB
 21:49:33 up 7 days,  5:40,  5 users,  load average: 1.03, 1.03, 0.71
2026-09-30T21:49:35-04:00
98 %, 20945 MiB, 2910 MHz, 13801 MHz, 232.64 W, 38
0 %, 20 MiB, 210 MHz, 405 MHz, 20.88 W, 30
1696167, /home/ndizazzo/dev/mesh/issue1393-q4-snapshot-20260930/target/release/xtask, 20508 MiB
 21:49:35 up 7 days,  5:40,  5 users,  load average: 1.03, 1.03, 0.71
2026-09-30T21:49:37-04:00
99 %, 20945 MiB, 2902 MHz, 13801 MHz, 246.59 W, 38
0 %, 20 MiB, 210 MHz, 405 MHz, 21.55 W, 30
1696167, /home/ndizazzo/dev/mesh/issue1393-q4-snapshot-20260930/target/release/xtask, 20508 MiB
 21:49:37 up 7 days,  5:40,  5 users,  load average: 1.03, 1.03, 0.71
2026-09-30T21:49:39-04:00
98 %, 20945 MiB, 2910 MHz, 13801 MHz, 230.03 W, 38
0 %, 20 MiB, 210 MHz, 405 MHz, 22.22 W, 30
1696167, /home/ndizazzo/dev/mesh/issue1393-q4-snapshot-20260930/target/release/xtask, 20508 MiB
 21:49:39 up 7 days,  5:40,  5 users,  load average: 1.03, 1.03, 0.71
2026-09-30T21:49:41-04:00
98 %, 20945 MiB, 2902 MHz, 13801 MHz, 232.58 W, 38
0 %, 20 MiB, 210 MHz, 405 MHz, 20.87 W, 30
1696167, /home/ndizazzo/dev/mesh/issue1393-q4-snapshot-20260930/target/release/xtask, 20508 MiB
 21:49:41 up 7 days,  5:40,  5 users,  load average: 1.03, 1.03, 0.71
2026-09-30T21:49:43-04:00
100 %, 20945 MiB, 2910 MHz, 13801 MHz, 251.09 W, 38
0 %, 20 MiB, 210 MHz, 405 MHz, 20.93 W, 30
1696167, /home/ndizazzo/dev/mesh/issue1393-q4-snapshot-20260930/target/release/xtask, 20508 MiB
 21:49:43 up 7 days,  5:40,  5 users,  load average: 1.03, 1.02, 0.71
2026-09-30T21:49:45-04:00
98 %, 20945 MiB, 2910 MHz, 13801 MHz, 232.26 W, 38
0 %, 20 MiB, 210 MHz, 405 MHz, 27.09 W, 30
1696167, /home/ndizazzo/dev/mesh/issue1393-q4-snapshot-20260930/target/release/xtask, 20508 MiB
 21:49:45 up 7 days,  5:40,  5 users,  load average: 1.03, 1.02, 0.71
2026-09-30T21:49:47-04:00
98 %, 20945 MiB, 2902 MHz, 13801 MHz, 232.66 W, 38
0 %, 20 MiB, 210 MHz, 405 MHz, 21.35 W, 30
1696167, /home/ndizazzo/dev/mesh/issue1393-q4-snapshot-20260930/target/release/xtask, 20508 MiB
 21:49:47 up 7 days,  5:40,  5 users,  load average: 1.02, 1.02, 0.71
2026-09-30T21:49:49-04:00
100 %, 20945 MiB, 2910 MHz, 13801 MHz, 247.76 W, 38
0 %, 20 MiB, 210 MHz, 405 MHz, 21.03 W, 30
1696167, /home/ndizazzo/dev/mesh/issue1393-q4-snapshot-20260930/target/release/xtask, 20508 MiB
 21:49:49 up 7 days,  5:40,  5 users,  load average: 1.02, 1.02, 0.71
2026-09-30T21:49:51-04:00
98 %, 20945 MiB, 2902 MHz, 13801 MHz, 233.12 W, 38
0 %, 20 MiB, 210 MHz, 405 MHz, 22.50 W, 30
1696167, /home/ndizazzo/dev/mesh/issue1393-q4-snapshot-20260930/target/release/xtask, 20508 MiB
 21:49:51 up 7 days,  5:40,  5 users,  load average: 1.02, 1.02, 0.71
2026-09-30T21:49:53-04:00
98 %, 20945 MiB, 2902 MHz, 13801 MHz, 233.05 W, 38
0 %, 20 MiB, 210 MHz, 405 MHz, 21.94 W, 30
1696167, /home/ndizazzo/dev/mesh/issue1393-q4-snapshot-20260930/target/release/xtask, 20508 MiB
 21:49:53 up 7 days,  5:40,  5 users,  load average: 1.02, 1.02, 0.71
2026-09-30T21:49:55-04:00
100 %, 20945 MiB, 2910 MHz, 13801 MHz, 243.50 W, 38
0 %, 20 MiB, 210 MHz, 405 MHz, 20.98 W, 30
1696167, /home/ndizazzo/dev/mesh/issue1393-q4-snapshot-20260930/target/release/xtask, 20508 MiB
 21:49:55 up 7 days,  5:40,  5 users,  load average: 1.02, 1.02, 0.71
2026-09-30T21:49:57-04:00
98 %, 20945 MiB, 2910 MHz, 13801 MHz, 231.85 W, 38
0 %, 20 MiB, 210 MHz, 405 MHz, 20.96 W, 30
1696167, /home/ndizazzo/dev/mesh/issue1393-q4-snapshot-20260930/target/release/xtask, 20508 MiB
 21:49:57 up 7 days,  5:41,  5 users,  load average: 1.02, 1.02, 0.72
2026-09-30T21:49:59-04:00
99 %, 20945 MiB, 2902 MHz, 13801 MHz, 234.14 W, 38
0 %, 20 MiB, 210 MHz, 405 MHz, 27.53 W, 30
1696167, /home/ndizazzo/dev/mesh/issue1393-q4-snapshot-20260930/target/release/xtask, 20508 MiB
 21:49:59 up 7 days,  5:41,  5 users,  load average: 1.02, 1.02, 0.72
2026-09-30T21:50:01-04:00
98 %, 20945 MiB, 2910 MHz, 13801 MHz, 224.22 W, 38
0 %, 20 MiB, 210 MHz, 405 MHz, 20.93 W, 30
1696167, /home/ndizazzo/dev/mesh/issue1393-q4-snapshot-20260930/target/release/xtask, 20508 MiB
 21:50:01 up 7 days,  5:41,  5 users,  load average: 1.02, 1.02, 0.72
2026-09-30T21:50:03-04:00
98 %, 20945 MiB, 2910 MHz, 13801 MHz, 231.93 W, 38
0 %, 20 MiB, 210 MHz, 405 MHz, 21.04 W, 30
1696167, /home/ndizazzo/dev/mesh/issue1393-q4-snapshot-20260930/target/release/xtask, 20508 MiB
 21:50:03 up 7 days,  5:41,  5 users,  load average: 1.02, 1.02, 0.72
2026-09-30T21:50:05-04:00
99 %, 20945 MiB, 2902 MHz, 13801 MHz, 235.97 W, 39
0 %, 20 MiB, 210 MHz, 405 MHz, 23.20 W, 30
1696167, /home/ndizazzo/dev/mesh/issue1393-q4-snapshot-20260930/target/release/xtask, 20508 MiB
 21:50:06 up 7 days,  5:41,  5 users,  load average: 1.02, 1.02, 0.72
2026-09-30T21:50:08-04:00
98 %, 20945 MiB, 2902 MHz, 13801 MHz, 223.55 W, 38
0 %, 20 MiB, 210 MHz, 405 MHz, 22.07 W, 30
1696167, /home/ndizazzo/dev/mesh/issue1393-q4-snapshot-20260930/target/release/xtask, 20508 MiB
 21:50:08 up 7 days,  5:41,  5 users,  load average: 1.02, 1.02, 0.72
2026-09-30T21:50:10-04:00
98 %, 20945 MiB, 2902 MHz, 13801 MHz, 231.42 W, 38
0 %, 20 MiB, 210 MHz, 405 MHz, 20.95 W, 30
1696167, /home/ndizazzo/dev/mesh/issue1393-q4-snapshot-20260930/target/release/xtask, 20508 MiB
 21:50:10 up 7 days,  5:41,  5 users,  load average: 1.02, 1.02, 0.72
2026-09-30T21:50:12-04:00
99 %, 20945 MiB, 2902 MHz, 13801 MHz, 235.76 W, 39
0 %, 20 MiB, 210 MHz, 405 MHz, 21.13 W, 30
1696167, /home/ndizazzo/dev/mesh/issue1393-q4-snapshot-20260930/target/release/xtask, 20508 MiB
 21:50:12 up 7 days,  5:41,  5 users,  load average: 1.02, 1.02, 0.72
2026-09-30T21:50:14-04:00
98 %, 20945 MiB, 2902 MHz, 13801 MHz, 224.75 W, 38
0 %, 20 MiB, 210 MHz, 405 MHz, 27.26 W, 30
1696167, /home/ndizazzo/dev/mesh/issue1393-q4-snapshot-20260930/target/release/xtask, 20508 MiB
 21:50:14 up 7 days,  5:41,  5 users,  load average: 1.02, 1.02, 0.72
2026-09-30T21:50:16-04:00
98 %, 20945 MiB, 2902 MHz, 13801 MHz, 231.41 W, 38
0 %, 20 MiB, 210 MHz, 405 MHz, 21.28 W, 30
1696167, /home/ndizazzo/dev/mesh/issue1393-q4-snapshot-20260930/target/release/xtask, 20508 MiB
 21:50:16 up 7 days,  5:41,  5 users,  load average: 1.02, 1.02, 0.72
2026-09-30T21:50:18-04:00
99 %, 20945 MiB, 2902 MHz, 13801 MHz, 248.91 W, 39
0 %, 20 MiB, 210 MHz, 405 MHz, 20.93 W, 30
1696167, /home/ndizazzo/dev/mesh/issue1393-q4-snapshot-20260930/target/release/xtask, 20508 MiB
 21:50:18 up 7 days,  5:41,  5 users,  load average: 1.01, 1.02, 0.72
2026-09-30T21:50:20-04:00
98 %, 20945 MiB, 2902 MHz, 13801 MHz, 231.43 W, 38
0 %, 20 MiB, 210 MHz, 405 MHz, 21.54 W, 30
1696167, /home/ndizazzo/dev/mesh/issue1393-q4-snapshot-20260930/target/release/xtask, 20508 MiB
 21:50:20 up 7 days,  5:41,  5 users,  load average: 1.01, 1.02, 0.72
2026-09-30T21:50:22-04:00
98 %, 20945 MiB, 2910 MHz, 13801 MHz, 230.32 W, 38
0 %, 20 MiB, 210 MHz, 405 MHz, 21.72 W, 30
1696167, /home/ndizazzo/dev/mesh/issue1393-q4-snapshot-20260930/target/release/xtask, 20508 MiB
 21:50:22 up 7 days,  5:41,  5 users,  load average: 1.01, 1.02, 0.72
2026-09-30T21:50:24-04:00
99 %, 20945 MiB, 2902 MHz, 13801 MHz, 254.46 W, 39
0 %, 20 MiB, 210 MHz, 405 MHz, 20.99 W, 30
1696167, /home/ndizazzo/dev/mesh/issue1393-q4-snapshot-20260930/target/release/xtask, 20508 MiB
 21:50:24 up 7 days,  5:41,  5 users,  load average: 1.01, 1.02, 0.72
2026-09-30T21:50:26-04:00
98 %, 20945 MiB, 2910 MHz, 13801 MHz, 230.45 W, 38
0 %, 20 MiB, 210 MHz, 405 MHz, 20.99 W, 30
1696167, /home/ndizazzo/dev/mesh/issue1393-q4-snapshot-20260930/target/release/xtask, 20508 MiB
 21:50:26 up 7 days,  5:41,  5 users,  load average: 1.01, 1.02, 0.72
2026-09-30T21:50:28-04:00
98 %, 20945 MiB, 2910 MHz, 13801 MHz, 231.44 W, 39
0 %, 20 MiB, 210 MHz, 405 MHz, 27.49 W, 30
1696167, /home/ndizazzo/dev/mesh/issue1393-q4-snapshot-20260930/target/release/xtask, 20508 MiB
 21:50:28 up 7 days,  5:41,  5 users,  load average: 1.01, 1.02, 0.73
2026-09-30T21:50:30-04:00
99 %, 20945 MiB, 2902 MHz, 13801 MHz, 257.06 W, 39
0 %, 20 MiB, 210 MHz, 405 MHz, 21.30 W, 30
1696167, /home/ndizazzo/dev/mesh/issue1393-q4-snapshot-20260930/target/release/xtask, 20508 MiB
 21:50:30 up 7 days,  5:41,  5 users,  load average: 1.01, 1.02, 0.73
2026-09-30T21:50:32-04:00
98 %, 20945 MiB, 2910 MHz, 13801 MHz, 230.94 W, 38
0 %, 20 MiB, 210 MHz, 405 MHz, 20.92 W, 30
1696167, /home/ndizazzo/dev/mesh/issue1393-q4-snapshot-20260930/target/release/xtask, 20508 MiB
 21:50:32 up 7 days,  5:41,  5 users,  load average: 1.01, 1.02, 0.73
2026-09-30T21:50:34-04:00
98 %, 20945 MiB, 2910 MHz, 13801 MHz, 230.12 W, 38
0 %, 20 MiB, 210 MHz, 405 MHz, 22.31 W, 30
1696167, /home/ndizazzo/dev/mesh/issue1393-q4-snapshot-20260930/target/release/xtask, 20508 MiB
 21:50:34 up 7 days,  5:41,  5 users,  load average: 1.01, 1.02, 0.73
2026-09-30T21:50:36-04:00
100 %, 20945 MiB, 2910 MHz, 13801 MHz, 239.03 W, 38
0 %, 20 MiB, 210 MHz, 405 MHz, 22.06 W, 30
1696167, /home/ndizazzo/dev/mesh/issue1393-q4-snapshot-20260930/target/release/xtask, 20508 MiB
 21:50:36 up 7 days,  5:41,  5 users,  load average: 1.01, 1.02, 0.73
2026-09-30T21:50:38-04:00
98 %, 20945 MiB, 2910 MHz, 13801 MHz, 229.82 W, 38
0 %, 20 MiB, 210 MHz, 405 MHz, 21.03 W, 30
1696167, /home/ndizazzo/dev/mesh/issue1393-q4-snapshot-20260930/target/release/xtask, 20508 MiB
 21:50:38 up 7 days,  5:41,  5 users,  load average: 1.01, 1.02, 0.73
2026-09-30T21:50:40-04:00
98 %, 20945 MiB, 2902 MHz, 13801 MHz, 230.70 W, 38
0 %, 20 MiB, 210 MHz, 405 MHz, 21.04 W, 30
1696167, /home/ndizazzo/dev/mesh/issue1393-q4-snapshot-20260930/target/release/xtask, 20508 MiB
 21:50:40 up 7 days,  5:41,  5 users,  load average: 1.01, 1.02, 0.73
2026-09-30T21:50:42-04:00
100 %, 20945 MiB, 2910 MHz, 13801 MHz, 237.71 W, 38
0 %, 20 MiB, 210 MHz, 405 MHz, 27.36 W, 31
1696167, /home/ndizazzo/dev/mesh/issue1393-q4-snapshot-20260930/target/release/xtask, 20508 MiB
 21:50:43 up 7 days,  5:41,  5 users,  load average: 1.01, 1.02, 0.73
2026-09-30T21:50:45-04:00
98 %, 20945 MiB, 2910 MHz, 13801 MHz, 230.04 W, 38
0 %, 20 MiB, 210 MHz, 405 MHz, 21.04 W, 30
1696167, /home/ndizazzo/dev/mesh/issue1393-q4-snapshot-20260930/target/release/xtask, 20508 MiB
 21:50:45 up 7 days,  5:41,  5 users,  load average: 1.01, 1.02, 0.73
2026-09-30T21:50:47-04:00
98 %, 20945 MiB, 2910 MHz, 13801 MHz, 230.99 W, 38
0 %, 20 MiB, 210 MHz, 405 MHz, 20.91 W, 30
1696167, /home/ndizazzo/dev/mesh/issue1393-q4-snapshot-20260930/target/release/xtask, 20508 MiB
 21:50:47 up 7 days,  5:41,  5 users,  load average: 1.01, 1.02, 0.73
2026-09-30T21:50:49-04:00
100 %, 20945 MiB, 2910 MHz, 13801 MHz, 235.21 W, 38
0 %, 20 MiB, 210 MHz, 405 MHz, 23.22 W, 30
1696167, /home/ndizazzo/dev/mesh/issue1393-q4-snapshot-20260930/target/release/xtask, 20508 MiB
 21:50:49 up 7 days,  5:41,  5 users,  load average: 1.01, 1.02, 0.73
2026-09-30T21:50:51-04:00
98 %, 20945 MiB, 2910 MHz, 13801 MHz, 229.82 W, 38
0 %, 20 MiB, 210 MHz, 405 MHz, 22.34 W, 30
1696167, /home/ndizazzo/dev/mesh/issue1393-q4-snapshot-20260930/target/release/xtask, 20508 MiB
 21:50:51 up 7 days,  5:41,  5 users,  load average: 1.01, 1.02, 0.73
2026-09-30T21:50:53-04:00
98 %, 20945 MiB, 2902 MHz, 13801 MHz, 230.04 W, 38
0 %, 20 MiB, 210 MHz, 405 MHz, 21.03 W, 30
1696167, /home/ndizazzo/dev/mesh/issue1393-q4-snapshot-20260930/target/release/xtask, 20508 MiB
 21:50:53 up 7 days,  5:41,  5 users,  load average: 1.01, 1.02, 0.73
2026-09-30T21:50:55-04:00
98 %, 20945 MiB, 2910 MHz, 13801 MHz, 222.83 W, 38
0 %, 20 MiB, 210 MHz, 405 MHz, 21.03 W, 30
1696167, /home/ndizazzo/dev/mesh/issue1393-q4-snapshot-20260930/target/release/xtask, 20508 MiB
 21:50:55 up 7 days,  5:41,  5 users,  load average: 1.01, 1.02, 0.73
2026-09-30T21:50:57-04:00
97 %, 20945 MiB, 2910 MHz, 13801 MHz, 229.65 W, 38
0 %, 20 MiB, 210 MHz, 405 MHz, 27.04 W, 31
1696167, /home/ndizazzo/dev/mesh/issue1393-q4-snapshot-20260930/target/release/xtask, 20508 MiB
 21:50:57 up 7 days,  5:42,  5 users,  load average: 1.01, 1.02, 0.74
2026-09-30T21:50:59-04:00
99 %, 20945 MiB, 2902 MHz, 13801 MHz, 234.83 W, 39
0 %, 20 MiB, 210 MHz, 405 MHz, 21.17 W, 30
1696167, /home/ndizazzo/dev/mesh/issue1393-q4-snapshot-20260930/target/release/xtask, 20508 MiB
 21:50:59 up 7 days,  5:42,  5 users,  load average: 1.01, 1.02, 0.74
2026-09-30T21:51:01-04:00
98 %, 20945 MiB, 2910 MHz, 13801 MHz, 224.15 W, 39
0 %, 20 MiB, 210 MHz, 405 MHz, 20.91 W, 30
1696167, /home/ndizazzo/dev/mesh/issue1393-q4-snapshot-20260930/target/release/xtask, 20508 MiB
 21:51:01 up 7 days,  5:42,  5 users,  load average: 1.01, 1.02, 0.74
2026-09-30T21:51:03-04:00
98 %, 20945 MiB, 2902 MHz, 13801 MHz, 229.56 W, 38
0 %, 20 MiB, 210 MHz, 405 MHz, 23.74 W, 30
1696167, /home/ndizazzo/dev/mesh/issue1393-q4-snapshot-20260930/target/release/xtask, 20508 MiB
 21:51:03 up 7 days,  5:42,  5 users,  load average: 1.00, 1.02, 0.74
2026-09-30T21:51:05-04:00
99 %, 20945 MiB, 2902 MHz, 13801 MHz, 235.87 W, 39
0 %, 20 MiB, 210 MHz, 405 MHz, 21.92 W, 30
1696167, /home/ndizazzo/dev/mesh/issue1393-q4-snapshot-20260930/target/release/xtask, 20508 MiB
 21:51:05 up 7 days,  5:42,  5 users,  load average: 1.00, 1.02, 0.74
2026-09-30T21:51:07-04:00
98 %, 20945 MiB, 2902 MHz, 13801 MHz, 224.20 W, 38
0 %, 20 MiB, 210 MHz, 405 MHz, 20.83 W, 30
1696167, /home/ndizazzo/dev/mesh/issue1393-q4-snapshot-20260930/target/release/xtask, 20508 MiB
 21:51:07 up 7 days,  5:42,  5 users,  load average: 1.00, 1.02, 0.74
2026-09-30T21:51:09-04:00
99 %, 20945 MiB, 2902 MHz, 13801 MHz, 228.98 W, 38
0 %, 20 MiB, 210 MHz, 405 MHz, 21.09 W, 30
1696167, /home/ndizazzo/dev/mesh/issue1393-q4-snapshot-20260930/target/release/xtask, 20508 MiB
 21:51:09 up 7 days,  5:42,  5 users,  load average: 1.00, 1.02, 0.74
2026-09-30T21:51:11-04:00
99 %, 20945 MiB, 2902 MHz, 13801 MHz, 237.66 W, 39
0 %, 20 MiB, 210 MHz, 405 MHz, 27.47 W, 30
1696167, /home/ndizazzo/dev/mesh/issue1393-q4-snapshot-20260930/target/release/xtask, 20508 MiB
 21:51:11 up 7 days,  5:42,  5 users,  load average: 1.00, 1.02, 0.74
2026-09-30T21:51:13-04:00
98 %, 20945 MiB, 2902 MHz, 13801 MHz, 228.81 W, 38
0 %, 20 MiB, 210 MHz, 405 MHz, 20.97 W, 30
1696167, /home/ndizazzo/dev/mesh/issue1393-q4-snapshot-20260930/target/release/xtask, 20508 MiB
 21:51:13 up 7 days,  5:42,  5 users,  load average: 1.00, 1.02, 0.74
2026-09-30T21:51:15-04:00
98 %, 20945 MiB, 2910 MHz, 13801 MHz, 229.62 W, 38
0 %, 20 MiB, 210 MHz, 405 MHz, 21.03 W, 30
1696167, /home/ndizazzo/dev/mesh/issue1393-q4-snapshot-20260930/target/release/xtask, 20508 MiB
 21:51:15 up 7 days,  5:42,  5 users,  load average: 1.00, 1.02, 0.74
2026-09-30T21:51:17-04:00
99 %, 20945 MiB, 2902 MHz, 13801 MHz, 249.41 W, 39
0 %, 20 MiB, 210 MHz, 405 MHz, 24.25 W, 30
1696167, /home/ndizazzo/dev/mesh/issue1393-q4-snapshot-20260930/target/release/xtask, 20508 MiB
 21:51:17 up 7 days,  5:42,  5 users,  load average: 1.00, 1.02, 0.74
2026-09-30T21:51:19-04:00
98 %, 20945 MiB, 2902 MHz, 13801 MHz, 228.20 W, 38
0 %, 20 MiB, 210 MHz, 405 MHz, 22.16 W, 30
1696167, /home/ndizazzo/dev/mesh/issue1393-q4-snapshot-20260930/target/release/xtask, 20508 MiB
 21:51:20 up 7 days,  5:42,  5 users,  load average: 1.00, 1.02, 0.74
2026-09-30T21:51:22-04:00
98 %, 20945 MiB, 2902 MHz, 13801 MHz, 228.41 W, 38
0 %, 20 MiB, 210 MHz, 405 MHz, 21.01 W, 30
1696167, /home/ndizazzo/dev/mesh/issue1393-q4-snapshot-20260930/target/release/xtask, 20508 MiB
 21:51:22 up 7 days,  5:42,  5 users,  load average: 1.00, 1.02, 0.74
2026-09-30T21:51:24-04:00
99 %, 20945 MiB, 2902 MHz, 13801 MHz, 249.44 W, 39
0 %, 20 MiB, 210 MHz, 405 MHz, 21.12 W, 30
1696167, /home/ndizazzo/dev/mesh/issue1393-q4-snapshot-20260930/target/release/xtask, 20508 MiB
 21:51:24 up 7 days,  5:42,  5 users,  load average: 1.00, 1.02, 0.74
2026-09-30T21:51:26-04:00
98 %, 20945 MiB, 2902 MHz, 13801 MHz, 228.88 W, 38
0 %, 20 MiB, 210 MHz, 405 MHz, 27.32 W, 31
1696167, /home/ndizazzo/dev/mesh/issue1393-q4-snapshot-20260930/target/release/xtask, 20508 MiB
 21:51:26 up 7 days,  5:42,  5 users,  load average: 1.00, 1.02, 0.74
2026-09-30T21:51:28-04:00
98 %, 20945 MiB, 2910 MHz, 13801 MHz, 229.36 W, 38
0 %, 20 MiB, 210 MHz, 405 MHz, 21.24 W, 30
1696167, /home/ndizazzo/dev/mesh/issue1393-q4-snapshot-20260930/target/release/xtask, 20508 MiB
 21:51:28 up 7 days,  5:42,  5 users,  load average: 1.00, 1.01, 0.75
2026-09-30T21:51:30-04:00
100 %, 20945 MiB, 2902 MHz, 13801 MHz, 248.17 W, 38
0 %, 20 MiB, 210 MHz, 405 MHz, 21.08 W, 30
1696167, /home/ndizazzo/dev/mesh/issue1393-q4-snapshot-20260930/target/release/xtask, 20508 MiB
 21:51:30 up 7 days,  5:42,  5 users,  load average: 1.00, 1.01, 0.75
2026-09-30T21:51:32-04:00
98 %, 20945 MiB, 2902 MHz, 13801 MHz, 229.06 W, 38
0 %, 20 MiB, 210 MHz, 405 MHz, 23.26 W, 31
1696167, /home/ndizazzo/dev/mesh/issue1393-q4-snapshot-20260930/target/release/xtask, 20508 MiB
 21:51:32 up 7 days,  5:42,  5 users,  load average: 1.00, 1.01, 0.75
2026-09-30T21:51:34-04:00
98 %, 20945 MiB, 2910 MHz, 13801 MHz, 228.95 W, 38
0 %, 20 MiB, 210 MHz, 405 MHz, 21.80 W, 30
1696167, /home/ndizazzo/dev/mesh/issue1393-q4-snapshot-20260930/target/release/xtask, 20508 MiB
 21:51:34 up 7 days,  5:42,  5 users,  load average: 1.00, 1.01, 0.75
2026-09-30T21:51:36-04:00
100 %, 20945 MiB, 2902 MHz, 13801 MHz, 248.65 W, 38
0 %, 20 MiB, 210 MHz, 405 MHz, 20.97 W, 30
1696167, /home/ndizazzo/dev/mesh/issue1393-q4-snapshot-20260930/target/release/xtask, 20508 MiB
 21:51:36 up 7 days,  5:42,  5 users,  load average: 1.00, 1.01, 0.75
2026-09-30T21:51:38-04:00
98 %, 20945 MiB, 2910 MHz, 13801 MHz, 229.04 W, 39
0 %, 20 MiB, 210 MHz, 405 MHz, 21.03 W, 30
1696167, /home/ndizazzo/dev/mesh/issue1393-q4-snapshot-20260930/target/release/xtask, 20508 MiB
 21:51:38 up 7 days,  5:42,  5 users,  load average: 1.00, 1.01, 0.75
2026-09-30T21:51:40-04:00
98 %, 20945 MiB, 2902 MHz, 13801 MHz, 229.34 W, 38
0 %, 20 MiB, 210 MHz, 405 MHz, 27.59 W, 31
1696167, /home/ndizazzo/dev/mesh/issue1393-q4-snapshot-20260930/target/release/xtask, 20508 MiB
 21:51:40 up 7 days,  5:42,  5 users,  load average: 1.00, 1.01, 0.75
2026-09-30T21:51:42-04:00
100 %, 20945 MiB, 2902 MHz, 13801 MHz, 248.24 W, 38
0 %, 20 MiB, 210 MHz, 405 MHz, 21.27 W, 30
1696167, /home/ndizazzo/dev/mesh/issue1393-q4-snapshot-20260930/target/release/xtask, 20508 MiB
 21:51:42 up 7 days,  5:42,  5 users,  load average: 1.00, 1.01, 0.75
2026-09-30T21:51:44-04:00
98 %, 20945 MiB, 2910 MHz, 13801 MHz, 228.14 W, 38
0 %, 20 MiB, 210 MHz, 405 MHz, 20.90 W, 30
1696167, /home/ndizazzo/dev/mesh/issue1393-q4-snapshot-20260930/target/release/xtask, 20508 MiB
 21:51:44 up 7 days,  5:42,  5 users,  load average: 1.00, 1.01, 0.75
2026-09-30T21:51:46-04:00
98 %, 20945 MiB, 2910 MHz, 13801 MHz, 229.50 W, 38
0 %, 20 MiB, 210 MHz, 405 MHz, 23.70 W, 31
1696167, /home/ndizazzo/dev/mesh/issue1393-q4-snapshot-20260930/target/release/xtask, 20508 MiB
 21:51:46 up 7 days,  5:42,  5 users,  load average: 1.00, 1.01, 0.75
2026-09-30T21:51:48-04:00
100 %, 20945 MiB, 2910 MHz, 13801 MHz, 234.74 W, 38
0 %, 20 MiB, 210 MHz, 405 MHz, 22.07 W, 30
1696167, /home/ndizazzo/dev/mesh/issue1393-q4-snapshot-20260930/target/release/xtask, 20508 MiB
 21:51:48 up 7 days,  5:42,  5 users,  load average: 1.00, 1.01, 0.75
2026-09-30T21:51:50-04:00
98 %, 20945 MiB, 2910 MHz, 13801 MHz, 227.79 W, 38
0 %, 20 MiB, 210 MHz, 405 MHz, 20.96 W, 30
1696167, /home/ndizazzo/dev/mesh/issue1393-q4-snapshot-20260930/target/release/xtask, 20508 MiB
 21:51:50 up 7 days,  5:42,  5 users,  load average: 1.00, 1.01, 0.75
2026-09-30T21:51:52-04:00
98 %, 20945 MiB, 2902 MHz, 13801 MHz, 228.48 W, 38
0 %, 20 MiB, 210 MHz, 405 MHz, 21.19 W, 30
1696167, /home/ndizazzo/dev/mesh/issue1393-q4-snapshot-20260930/target/release/xtask, 20508 MiB
 21:51:52 up 7 days,  5:42,  5 users,  load average: 1.00, 1.01, 0.75
2026-09-30T21:51:54-04:00
100 %, 20945 MiB, 2910 MHz, 13801 MHz, 234.45 W, 38
0 %, 20 MiB, 210 MHz, 405 MHz, 21.89 W, 31
1696167, /home/ndizazzo/dev/mesh/issue1393-q4-snapshot-20260930/target/release/xtask, 20508 MiB
 21:51:55 up 7 days,  5:42,  5 users,  load average: 1.00, 1.01, 0.75
2026-09-30T21:51:57-04:00
98 %, 20945 MiB, 2910 MHz, 13801 MHz, 227.96 W, 38
0 %, 20 MiB, 210 MHz, 405 MHz, 21.01 W, 30
1696167, /home/ndizazzo/dev/mesh/issue1393-q4-snapshot-20260930/target/release/xtask, 20508 MiB
 21:51:57 up 7 days,  5:43,  5 users,  load average: 1.00, 1.01, 0.75
2026-09-30T21:51:59-04:00
98 %, 20945 MiB, 2910 MHz, 13801 MHz, 228.12 W, 38
0 %, 20 MiB, 210 MHz, 405 MHz, 21.19 W, 30
1696167, /home/ndizazzo/dev/mesh/issue1393-q4-snapshot-20260930/target/release/xtask, 20508 MiB
 21:51:59 up 7 days,  5:43,  5 users,  load average: 1.00, 1.01, 0.75
2026-09-30T21:52:01-04:00
100 %, 21245 MiB, 2910 MHz, 13801 MHz, 235.44 W, 38
0 %, 20 MiB, 210 MHz, 405 MHz, 24.29 W, 31
1696167, /home/ndizazzo/dev/mesh/issue1393-q4-snapshot-20260930/target/release/xtask, 20808 MiB
 21:52:01 up 7 days,  5:43,  5 users,  load average: 1.00, 1.01, 0.75
2026-09-30T21:52:03-04:00
98 %, 21247 MiB, 2902 MHz, 13801 MHz, 267.14 W, 39
0 %, 20 MiB, 210 MHz, 405 MHz, 22.38 W, 31
1696167, /home/ndizazzo/dev/mesh/issue1393-q4-snapshot-20260930/target/release/xtask, 20810 MiB
 21:52:03 up 7 days,  5:43,  5 users,  load average: 1.00, 1.01, 0.76
2026-09-30T21:52:05-04:00
99 %, 21249 MiB, 2902 MHz, 13801 MHz, 274.34 W, 40
0 %, 20 MiB, 210 MHz, 405 MHz, 21.10 W, 30
1696167, /home/ndizazzo/dev/mesh/issue1393-q4-snapshot-20260930/target/release/xtask, 20812 MiB
 21:52:05 up 7 days,  5:43,  5 users,  load average: 1.00, 1.01, 0.76
2026-09-30T21:52:07-04:00
98 %, 21251 MiB, 2902 MHz, 13801 MHz, 280.76 W, 40
0 %, 20 MiB, 210 MHz, 405 MHz, 21.16 W, 30
1696167, /home/ndizazzo/dev/mesh/issue1393-q4-snapshot-20260930/target/release/xtask, 20814 MiB
 21:52:07 up 7 days,  5:43,  5 users,  load average: 1.00, 1.01, 0.76
2026-09-30T21:52:09-04:00
100 %, 21253 MiB, 2902 MHz, 13801 MHz, 306.11 W, 40
0 %, 20 MiB, 210 MHz, 405 MHz, 27.17 W, 30
1696167, /home/ndizazzo/dev/mesh/issue1393-q4-snapshot-20260930/target/release/xtask, 20816 MiB
 21:52:09 up 7 days,  5:43,  5 users,  load average: 1.00, 1.01, 0.76
2026-09-30T21:52:11-04:00
99 %, 21259 MiB, 2902 MHz, 13801 MHz, 313.86 W, 40
0 %, 20 MiB, 210 MHz, 405 MHz, 21.24 W, 30
1696167, /home/ndizazzo/dev/mesh/issue1393-q4-snapshot-20260930/target/release/xtask, 20822 MiB
 21:52:11 up 7 days,  5:43,  5 users,  load average: 1.00, 1.01, 0.76
2026-09-30T21:52:13-04:00
98 %, 21245 MiB, 2910 MHz, 13801 MHz, 243.82 W, 39
0 %, 20 MiB, 210 MHz, 405 MHz, 20.94 W, 30
1696167, /home/ndizazzo/dev/mesh/issue1393-q4-snapshot-20260930/target/release/xtask, 20808 MiB
 21:52:13 up 7 days,  5:43,  5 users,  load average: 1.00, 1.01, 0.76
2026-09-30T21:52:15-04:00
98 %, 21245 MiB, 2902 MHz, 13801 MHz, 227.03 W, 38
0 %, 20 MiB, 210 MHz, 405 MHz, 27.34 W, 31
1696167, /home/ndizazzo/dev/mesh/issue1393-q4-snapshot-20260930/target/release/xtask, 20808 MiB
 21:52:15 up 7 days,  5:43,  5 users,  load average: 1.00, 1.01, 0.76
2026-09-30T21:52:17-04:00
99 %, 21245 MiB, 2902 MHz, 13801 MHz, 245.79 W, 39
0 %, 20 MiB, 210 MHz, 405 MHz, 21.13 W, 30
1696167, /home/ndizazzo/dev/mesh/issue1393-q4-snapshot-20260930/target/release/xtask, 20808 MiB
 21:52:17 up 7 days,  5:43,  5 users,  load average: 1.00, 1.01, 0.76
2026-09-30T21:52:19-04:00
98 %, 21245 MiB, 2910 MHz, 13801 MHz, 226.94 W, 38
0 %, 20 MiB, 210 MHz, 405 MHz, 20.92 W, 30
1696167, /home/ndizazzo/dev/mesh/issue1393-q4-snapshot-20260930/target/release/xtask, 20808 MiB
 21:52:19 up 7 days,  5:43,  5 users,  load average: 1.00, 1.01, 0.76
2026-09-30T21:52:21-04:00
98 %, 21245 MiB, 2910 MHz, 13801 MHz, 228.12 W, 38
0 %, 20 MiB, 210 MHz, 405 MHz, 21.01 W, 30
1696167, /home/ndizazzo/dev/mesh/issue1393-q4-snapshot-20260930/target/release/xtask, 20808 MiB
 21:52:21 up 7 days,  5:43,  5 users,  load average: 1.00, 1.01, 0.76
2026-09-30T21:52:23-04:00
99 %, 21245 MiB, 2902 MHz, 13801 MHz, 245.03 W, 39
0 %, 20 MiB, 210 MHz, 405 MHz, 27.39 W, 31
1696167, /home/ndizazzo/dev/mesh/issue1393-q4-snapshot-20260930/target/release/xtask, 20808 MiB
 21:52:23 up 7 days,  5:43,  5 users,  load average: 1.00, 1.01, 0.76
2026-09-30T21:52:25-04:00
98 %, 21245 MiB, 2910 MHz, 13801 MHz, 226.90 W, 38
0 %, 20 MiB, 210 MHz, 405 MHz, 20.82 W, 30
1696167, /home/ndizazzo/dev/mesh/issue1393-q4-snapshot-20260930/target/release/xtask, 20808 MiB
 21:52:25 up 7 days,  5:43,  5 users,  load average: 1.00, 1.01, 0.76
2026-09-30T21:52:27-04:00
98 %, 21245 MiB, 2902 MHz, 13801 MHz, 227.49 W, 38
0 %, 20 MiB, 210 MHz, 405 MHz, 20.82 W, 30
1696167, /home/ndizazzo/dev/mesh/issue1393-q4-snapshot-20260930/target/release/xtask, 20808 MiB
 21:52:27 up 7 days,  5:43,  5 users,  load average: 1.00, 1.01, 0.76
2026-09-30T21:52:29-04:00
99 %, 21245 MiB, 2902 MHz, 13801 MHz, 253.69 W, 39
0 %, 20 MiB, 210 MHz, 405 MHz, 23.61 W, 31
1696167, /home/ndizazzo/dev/mesh/issue1393-q4-snapshot-20260930/target/release/xtask, 20808 MiB
 21:52:29 up 7 days,  5:43,  5 users,  load average: 1.00, 1.01, 0.76
2026-09-30T21:52:31-04:00
98 %, 21245 MiB, 2910 MHz, 13801 MHz, 207.70 W, 38
0 %, 20 MiB, 210 MHz, 405 MHz, 21.24 W, 30
1696167, /home/ndizazzo/dev/mesh/issue1393-q4-snapshot-20260930/target/release/xtask, 20808 MiB
 21:52:32 up 7 days,  5:43,  5 users,  load average: 1.00, 1.01, 0.76
2026-09-30T21:52:34-04:00
98 %, 21245 MiB, 2910 MHz, 13801 MHz, 227.00 W, 38
0 %, 20 MiB, 210 MHz, 405 MHz, 20.98 W, 30
1696167, /home/ndizazzo/dev/mesh/issue1393-q4-snapshot-20260930/target/release/xtask, 20808 MiB
 21:52:34 up 7 days,  5:43,  5 users,  load average: 1.00, 1.01, 0.76
2026-09-30T21:52:36-04:00
99 %, 21245 MiB, 2902 MHz, 13801 MHz, 246.22 W, 39
0 %, 20 MiB, 210 MHz, 405 MHz, 20.91 W, 30
1696167, /home/ndizazzo/dev/mesh/issue1393-q4-snapshot-20260930/target/release/xtask, 20808 MiB
 21:52:36 up 7 days,  5:43,  5 users,  load average: 1.00, 1.01, 0.76
2026-09-30T21:52:38-04:00
98 %, 21245 MiB, 2910 MHz, 13801 MHz, 226.55 W, 38
0 %, 20 MiB, 210 MHz, 405 MHz, 21.93 W, 31
1696167, /home/ndizazzo/dev/mesh/issue1393-q4-snapshot-20260930/target/release/xtask, 20808 MiB
 21:52:38 up 7 days,  5:43,  5 users,  load average: 1.00, 1.01, 0.77
2026-09-30T21:52:40-04:00
98 %, 21245 MiB, 2910 MHz, 13801 MHz, 228.18 W, 38
0 %, 20 MiB, 210 MHz, 405 MHz, 21.08 W, 30
1696167, /home/ndizazzo/dev/mesh/issue1393-q4-snapshot-20260930/target/release/xtask, 20808 MiB
 21:52:40 up 7 days,  5:43,  5 users,  load average: 1.00, 1.01, 0.77
2026-09-30T21:52:42-04:00
99 %, 21245 MiB, 2902 MHz, 13801 MHz, 244.90 W, 39
0 %, 20 MiB, 210 MHz, 405 MHz, 21.00 W, 30
1696167, /home/ndizazzo/dev/mesh/issue1393-q4-snapshot-20260930/target/release/xtask, 20808 MiB
 21:52:42 up 7 days,  5:43,  5 users,  load average: 1.00, 1.01, 0.77
2026-09-30T21:52:44-04:00
98 %, 21245 MiB, 2910 MHz, 13801 MHz, 226.36 W, 38
0 %, 20 MiB, 210 MHz, 405 MHz, 23.91 W, 31
1696167, /home/ndizazzo/dev/mesh/issue1393-q4-snapshot-20260930/target/release/xtask, 20808 MiB
 21:52:44 up 7 days,  5:43,  5 users,  load average: 1.00, 1.01, 0.77
2026-09-30T21:52:46-04:00
98 %, 21245 MiB, 2910 MHz, 13801 MHz, 226.32 W, 38
0 %, 20 MiB, 210 MHz, 405 MHz, 21.64 W, 31
1696167, /home/ndizazzo/dev/mesh/issue1393-q4-snapshot-20260930/target/release/xtask, 20808 MiB
 21:52:46 up 7 days,  5:43,  5 users,  load average: 1.00, 1.01, 0.77
2026-09-30T21:52:48-04:00
99 %, 21245 MiB, 2902 MHz, 13801 MHz, 253.55 W, 39
0 %, 20 MiB, 210 MHz, 405 MHz, 20.96 W, 30
1696167, /home/ndizazzo/dev/mesh/issue1393-q4-snapshot-20260930/target/release/xtask, 20808 MiB
 21:52:48 up 7 days,  5:43,  5 users,  load average: 1.00, 1.01, 0.77
2026-09-30T21:52:50-04:00
98 %, 21245 MiB, 2910 MHz, 13801 MHz, 228.08 W, 39
0 %, 20 MiB, 210 MHz, 405 MHz, 21.69 W, 31
1696167, /home/ndizazzo/dev/mesh/issue1393-q4-snapshot-20260930/target/release/xtask, 20808 MiB
 21:52:50 up 7 days,  5:43,  5 users,  load average: 1.00, 1.01, 0.77
2026-09-30T21:52:52-04:00
98 %, 21245 MiB, 2910 MHz, 13801 MHz, 227.66 W, 39
0 %, 20 MiB, 210 MHz, 405 MHz, 22.24 W, 31
1696167, /home/ndizazzo/dev/mesh/issue1393-q4-snapshot-20260930/target/release/xtask, 20808 MiB
 21:52:52 up 7 days,  5:43,  5 users,  load average: 1.00, 1.01, 0.77
2026-09-30T21:52:54-04:00
99 %, 21245 MiB, 2902 MHz, 13801 MHz, 248.94 W, 39
0 %, 20 MiB, 210 MHz, 405 MHz, 20.87 W, 30
1696167, /home/ndizazzo/dev/mesh/issue1393-q4-snapshot-20260930/target/release/xtask, 20808 MiB
 21:52:54 up 7 days,  5:43,  5 users,  load average: 1.00, 1.01, 0.77
2026-09-30T21:52:56-04:00
98 %, 21245 MiB, 2910 MHz, 13801 MHz, 226.43 W, 38
0 %, 20 MiB, 210 MHz, 405 MHz, 20.86 W, 30
1696167, /home/ndizazzo/dev/mesh/issue1393-q4-snapshot-20260930/target/release/xtask, 20808 MiB
 21:52:56 up 7 days,  5:43,  5 users,  load average: 1.00, 1.01, 0.77
2026-09-30T21:52:58-04:00
98 %, 21245 MiB, 2910 MHz, 13801 MHz, 227.29 W, 38
0 %, 20 MiB, 210 MHz, 405 MHz, 27.18 W, 31
1696167, /home/ndizazzo/dev/mesh/issue1393-q4-snapshot-20260930/target/release/xtask, 20808 MiB
 21:52:58 up 7 days,  5:44,  5 users,  load average: 1.00, 1.01, 0.77
2026-09-30T21:53:00-04:00
99 %, 21245 MiB, 2910 MHz, 13801 MHz, 247.26 W, 39
0 %, 20 MiB, 210 MHz, 405 MHz, 21.02 W, 30
1696167, /home/ndizazzo/dev/mesh/issue1393-q4-snapshot-20260930/target/release/xtask, 20808 MiB
 21:53:00 up 7 days,  5:44,  5 users,  load average: 1.00, 1.01, 0.77
2026-09-30T21:53:02-04:00
98 %, 21245 MiB, 2910 MHz, 13801 MHz, 226.84 W, 39
0 %, 20 MiB, 210 MHz, 405 MHz, 20.82 W, 30
1696167, /home/ndizazzo/dev/mesh/issue1393-q4-snapshot-20260930/target/release/xtask, 20808 MiB
 21:53:02 up 7 days,  5:44,  5 users,  load average: 1.00, 1.01, 0.77
2026-09-30T21:53:04-04:00
98 %, 21245 MiB, 2910 MHz, 13801 MHz, 226.95 W, 38
0 %, 20 MiB, 210 MHz, 405 MHz, 20.90 W, 30
1696167, /home/ndizazzo/dev/mesh/issue1393-q4-snapshot-20260930/target/release/xtask, 20808 MiB
 21:53:04 up 7 days,  5:44,  5 users,  load average: 1.00, 1.01, 0.77
2026-09-30T21:53:06-04:00
100 %, 21245 MiB, 2902 MHz, 13801 MHz, 251.98 W, 39
0 %, 20 MiB, 210 MHz, 405 MHz, 27.40 W, 31
1696167, /home/ndizazzo/dev/mesh/issue1393-q4-snapshot-20260930/target/release/xtask, 20808 MiB
 21:53:06 up 7 days,  5:44,  5 users,  load average: 1.00, 1.01, 0.77
2026-09-30T21:53:08-04:00
98 %, 20945 MiB, 2910 MHz, 13801 MHz, 231.94 W, 39
0 %, 20 MiB, 210 MHz, 405 MHz, 20.88 W, 30
1696167, /home/ndizazzo/dev/mesh/issue1393-q4-snapshot-20260930/target/release/xtask, 20508 MiB
 21:53:09 up 7 days,  5:44,  5 users,  load average: 1.00, 1.00, 0.77
2026-09-30T21:53:11-04:00
97 %, 20945 MiB, 2910 MHz, 13801 MHz, 234.54 W, 38
0 %, 20 MiB, 210 MHz, 405 MHz, 21.06 W, 30
1696167, /home/ndizazzo/dev/mesh/issue1393-q4-snapshot-20260930/target/release/xtask, 20508 MiB
 21:53:11 up 7 days,  5:44,  5 users,  load average: 1.00, 1.00, 0.77
2026-09-30T21:53:13-04:00
99 %, 20945 MiB, 2902 MHz, 13801 MHz, 258.59 W, 39
0 %, 20 MiB, 210 MHz, 405 MHz, 27.47 W, 31
1696167, /home/ndizazzo/dev/mesh/issue1393-q4-snapshot-20260930/target/release/xtask, 20508 MiB
 21:53:13 up 7 days,  5:44,  5 users,  load average: 1.00, 1.00, 0.78
2026-09-30T21:53:15-04:00
98 %, 20945 MiB, 2910 MHz, 13801 MHz, 232.88 W, 38
0 %, 20 MiB, 210 MHz, 405 MHz, 21.33 W, 30
1696167, /home/ndizazzo/dev/mesh/issue1393-q4-snapshot-20260930/target/release/xtask, 20508 MiB
 21:53:15 up 7 days,  5:44,  5 users,  load average: 1.00, 1.00, 0.78
2026-09-30T21:53:17-04:00
98 %, 20945 MiB, 2910 MHz, 13801 MHz, 233.91 W, 39
0 %, 20 MiB, 210 MHz, 405 MHz, 20.88 W, 30
1696167, /home/ndizazzo/dev/mesh/issue1393-q4-snapshot-20260930/target/release/xtask, 20508 MiB
 21:53:17 up 7 days,  5:44,  5 users,  load average: 1.08, 1.02, 0.78
2026-09-30T21:53:19-04:00
100 %, 20945 MiB, 2902 MHz, 13801 MHz, 254.24 W, 39
0 %, 20 MiB, 210 MHz, 405 MHz, 20.99 W, 30
1696167, /home/ndizazzo/dev/mesh/issue1393-q4-snapshot-20260930/target/release/xtask, 20508 MiB
 21:53:19 up 7 days,  5:44,  5 users,  load average: 1.08, 1.02, 0.78
2026-09-30T21:53:21-04:00
98 %, 20945 MiB, 2910 MHz, 13801 MHz, 233.10 W, 39
0 %, 20 MiB, 210 MHz, 405 MHz, 22.26 W, 31
1696167, /home/ndizazzo/dev/mesh/issue1393-q4-snapshot-20260930/target/release/xtask, 20508 MiB
 21:53:21 up 7 days,  5:44,  5 users,  load average: 1.08, 1.02, 0.78
2026-09-30T21:53:23-04:00
98 %, 20945 MiB, 2910 MHz, 13801 MHz, 233.18 W, 39
0 %, 20 MiB, 210 MHz, 405 MHz, 20.98 W, 30
1696167, /home/ndizazzo/dev/mesh/issue1393-q4-snapshot-20260930/target/release/xtask, 20508 MiB
 21:53:23 up 7 days,  5:44,  5 users,  load average: 1.07, 1.02, 0.78
2026-09-30T21:53:25-04:00
98 %, 20945 MiB, 2910 MHz, 13801 MHz, 228.58 W, 38
0 %, 20 MiB, 210 MHz, 405 MHz, 21.07 W, 30
1696167, /home/ndizazzo/dev/mesh/issue1393-q4-snapshot-20260930/target/release/xtask, 20508 MiB
 21:53:25 up 7 days,  5:44,  5 users,  load average: 1.07, 1.02, 0.78
2026-09-30T21:53:27-04:00
98 %, 20945 MiB, 2910 MHz, 13801 MHz, 234.71 W, 39
0 %, 20 MiB, 210 MHz, 405 MHz, 27.26 W, 31
1696167, /home/ndizazzo/dev/mesh/issue1393-q4-snapshot-20260930/target/release/xtask, 20508 MiB
 21:53:27 up 7 days,  5:44,  5 users,  load average: 1.07, 1.02, 0.79
2026-09-30T21:53:29-04:00
99 %, 20945 MiB, 2902 MHz, 13801 MHz, 234.86 W, 39
0 %, 20 MiB, 210 MHz, 405 MHz, 21.27 W, 30
1696167, /home/ndizazzo/dev/mesh/issue1393-q4-snapshot-20260930/target/release/xtask, 20508 MiB
 21:53:29 up 7 days,  5:44,  5 users,  load average: 1.07, 1.02, 0.79
2026-09-30T21:53:31-04:00
98 %, 20945 MiB, 2910 MHz, 13801 MHz, 221.69 W, 38
0 %, 20 MiB, 210 MHz, 405 MHz, 20.99 W, 30
1696167, /home/ndizazzo/dev/mesh/issue1393-q4-snapshot-20260930/target/release/xtask, 20508 MiB
 21:53:31 up 7 days,  5:44,  5 users,  load average: 1.07, 1.02, 0.79
2026-09-30T21:53:33-04:00
97 %, 20945 MiB, 2910 MHz, 13801 MHz, 233.15 W, 39
0 %, 20 MiB, 210 MHz, 405 MHz, 21.69 W, 31
1696167, /home/ndizazzo/dev/mesh/issue1393-q4-snapshot-20260930/target/release/xtask, 20508 MiB
 21:53:33 up 7 days,  5:44,  5 users,  load average: 1.06, 1.02, 0.79
2026-09-30T21:53:35-04:00
99 %, 20945 MiB, 2910 MHz, 13801 MHz, 236.11 W, 39
0 %, 20 MiB, 210 MHz, 405 MHz, 21.93 W, 31
1696167, /home/ndizazzo/dev/mesh/issue1393-q4-snapshot-20260930/target/release/xtask, 20508 MiB
 21:53:35 up 7 days,  5:44,  5 users,  load average: 1.06, 1.02, 0.79
2026-09-30T21:53:37-04:00
98 %, 20945 MiB, 2910 MHz, 13801 MHz, 223.52 W, 39
0 %, 20 MiB, 210 MHz, 405 MHz, 21.00 W, 30
1696167, /home/ndizazzo/dev/mesh/issue1393-q4-snapshot-20260930/target/release/xtask, 20508 MiB
 21:53:37 up 7 days,  5:44,  5 users,  load average: 1.06, 1.02, 0.79
2026-09-30T21:53:39-04:00
98 %, 20945 MiB, 2910 MHz, 13801 MHz, 233.71 W, 38
0 %, 20 MiB, 210 MHz, 405 MHz, 21.27 W, 30
1696167, /home/ndizazzo/dev/mesh/issue1393-q4-snapshot-20260930/target/release/xtask, 20508 MiB
 21:53:39 up 7 days,  5:44,  5 users,  load average: 1.06, 1.02, 0.79
2026-09-30T21:53:41-04:00
99 %, 20945 MiB, 2902 MHz, 13801 MHz, 251.88 W, 39
0 %, 20 MiB, 210 MHz, 405 MHz, 27.75 W, 31
1696167, /home/ndizazzo/dev/mesh/issue1393-q4-snapshot-20260930/target/release/xtask, 20508 MiB
 21:53:41 up 7 days,  5:44,  5 users,  load average: 1.06, 1.02, 0.79
2026-09-30T21:53:43-04:00
98 %, 20945 MiB, 2910 MHz, 13801 MHz, 230.62 W, 39
0 %, 20 MiB, 210 MHz, 405 MHz, 21.40 W, 30
1696167, /home/ndizazzo/dev/mesh/issue1393-q4-snapshot-20260930/target/release/xtask, 20508 MiB
 21:53:43 up 7 days,  5:44,  5 users,  load average: 1.05, 1.02, 0.79
2026-09-30T21:53:46-04:00
98 %, 20945 MiB, 2910 MHz, 13801 MHz, 232.37 W, 39
0 %, 20 MiB, 210 MHz, 405 MHz, 21.18 W, 30
1696167, /home/ndizazzo/dev/mesh/issue1393-q4-snapshot-20260930/target/release/xtask, 20508 MiB
 21:53:46 up 7 days,  5:44,  5 users,  load average: 1.05, 1.02, 0.79
2026-09-30T21:53:48-04:00
99 %, 20945 MiB, 2910 MHz, 13801 MHz, 255.34 W, 39
0 %, 20 MiB, 210 MHz, 405 MHz, 22.46 W, 31
1696167, /home/ndizazzo/dev/mesh/issue1393-q4-snapshot-20260930/target/release/xtask, 20508 MiB
 21:53:48 up 7 days,  5:44,  5 users,  load average: 1.05, 1.02, 0.79
2026-09-30T21:53:50-04:00
98 %, 20945 MiB, 2902 MHz, 13801 MHz, 232.16 W, 39
0 %, 20 MiB, 210 MHz, 405 MHz, 22.26 W, 31
1696167, /home/ndizazzo/dev/mesh/issue1393-q4-snapshot-20260930/target/release/xtask, 20508 MiB
 21:53:50 up 7 days,  5:44,  5 users,  load average: 1.05, 1.02, 0.79
2026-09-30T21:53:52-04:00
98 %, 20945 MiB, 2910 MHz, 13801 MHz, 232.57 W, 39
0 %, 20 MiB, 210 MHz, 405 MHz, 21.17 W, 30
1696167, /home/ndizazzo/dev/mesh/issue1393-q4-snapshot-20260930/target/release/xtask, 20508 MiB
 21:53:52 up 7 days,  5:44,  5 users,  load average: 1.05, 1.02, 0.79
2026-09-30T21:53:54-04:00
99 %, 20945 MiB, 2902 MHz, 13801 MHz, 259.57 W, 39
0 %, 20 MiB, 210 MHz, 405 MHz, 21.15 W, 30
1696167, /home/ndizazzo/dev/mesh/issue1393-q4-snapshot-20260930/target/release/xtask, 20508 MiB
 21:53:54 up 7 days,  5:44,  5 users,  load average: 1.04, 1.02, 0.79
2026-09-30T21:53:56-04:00
98 %, 20945 MiB, 2910 MHz, 13801 MHz, 231.49 W, 38
0 %, 20 MiB, 210 MHz, 405 MHz, 27.47 W, 31
1696167, /home/ndizazzo/dev/mesh/issue1393-q4-snapshot-20260930/target/release/xtask, 20508 MiB
 21:53:56 up 7 days,  5:44,  5 users,  load average: 1.04, 1.02, 0.79
2026-09-30T21:53:58-04:00
98 %, 20945 MiB, 2902 MHz, 13801 MHz, 232.93 W, 38
0 %, 20 MiB, 210 MHz, 405 MHz, 21.27 W, 30
1696167, /home/ndizazzo/dev/mesh/issue1393-q4-snapshot-20260930/target/release/xtask, 20508 MiB
 21:53:58 up 7 days,  5:45,  5 users,  load average: 1.04, 1.02, 0.79
2026-09-30T21:54:00-04:00
100 %, 20945 MiB, 2910 MHz, 13801 MHz, 236.92 W, 38
0 %, 20 MiB, 210 MHz, 405 MHz, 21.04 W, 30
1696167, /home/ndizazzo/dev/mesh/issue1393-q4-snapshot-20260930/target/release/xtask, 20508 MiB
 21:54:00 up 7 days,  5:45,  5 users,  load average: 1.04, 1.02, 0.79
2026-09-30T21:54:02-04:00
98 %, 20945 MiB, 2910 MHz, 13801 MHz, 232.72 W, 39
1 %, 20 MiB, 210 MHz, 405 MHz, 21.17 W, 30
1696167, /home/ndizazzo/dev/mesh/issue1393-q4-snapshot-20260930/target/release/xtask, 20508 MiB
 21:54:02 up 7 days,  5:45,  5 users,  load average: 1.04, 1.02, 0.80
2026-09-30T21:54:04-04:00
98 %, 20945 MiB, 2910 MHz, 13801 MHz, 232.11 W, 39
0 %, 20 MiB, 210 MHz, 405 MHz, 22.38 W, 31
1696167, /home/ndizazzo/dev/mesh/issue1393-q4-snapshot-20260930/target/release/xtask, 20508 MiB
 21:54:04 up 7 days,  5:45,  5 users,  load average: 1.04, 1.02, 0.80
2026-09-30T21:54:06-04:00
100 %, 20945 MiB, 2910 MHz, 13801 MHz, 235.55 W, 38
0 %, 20 MiB, 210 MHz, 405 MHz, 20.91 W, 30
1696167, /home/ndizazzo/dev/mesh/issue1393-q4-snapshot-20260930/target/release/xtask, 20508 MiB
 21:54:06 up 7 days,  5:45,  5 users,  load average: 1.04, 1.02, 0.80
2026-09-30T21:54:08-04:00
98 %, 20945 MiB, 2910 MHz, 13801 MHz, 232.21 W, 39
0 %, 20 MiB, 210 MHz, 405 MHz, 21.09 W, 30
1696167, /home/ndizazzo/dev/mesh/issue1393-q4-snapshot-20260930/target/release/xtask, 20508 MiB
 21:54:08 up 7 days,  5:45,  5 users,  load average: 1.03, 1.02, 0.80
2026-09-30T21:54:10-04:00
98 %, 20945 MiB, 2910 MHz, 13801 MHz, 231.90 W, 39
0 %, 20 MiB, 210 MHz, 405 MHz, 27.18 W, 31
1696167, /home/ndizazzo/dev/mesh/issue1393-q4-snapshot-20260930/target/release/xtask, 20508 MiB
 21:54:10 up 7 days,  5:45,  5 users,  load average: 1.03, 1.02, 0.80
2026-09-30T21:54:12-04:00
100 %, 20945 MiB, 2910 MHz, 13801 MHz, 232.11 W, 38
0 %, 20 MiB, 210 MHz, 405 MHz, 21.31 W, 30
1696167, /home/ndizazzo/dev/mesh/issue1393-q4-snapshot-20260930/target/release/xtask, 20508 MiB
 21:54:12 up 7 days,  5:45,  5 users,  load average: 1.03, 1.02, 0.80
2026-09-30T21:54:14-04:00
98 %, 20945 MiB, 2910 MHz, 13801 MHz, 230.93 W, 39
0 %, 20 MiB, 210 MHz, 405 MHz, 21.13 W, 30
1696167, /home/ndizazzo/dev/mesh/issue1393-q4-snapshot-20260930/target/release/xtask, 20508 MiB
 21:54:14 up 7 days,  5:45,  5 users,  load average: 1.03, 1.02, 0.80
2026-09-30T21:54:16-04:00
99 %, 20945 MiB, 2902 MHz, 13801 MHz, 242.13 W, 39
0 %, 20 MiB, 210 MHz, 405 MHz, 21.64 W, 31
1696167, /home/ndizazzo/dev/mesh/issue1393-q4-snapshot-20260930/target/release/xtask, 20508 MiB
 21:54:16 up 7 days,  5:45,  5 users,  load average: 1.03, 1.02, 0.80
2026-09-30T21:54:18-04:00
98 %, 20945 MiB, 2910 MHz, 13801 MHz, 226.90 W, 39
0 %, 20 MiB, 210 MHz, 405 MHz, 21.83 W, 31
1696167, /home/ndizazzo/dev/mesh/issue1393-q4-snapshot-20260930/target/release/xtask, 20508 MiB
 21:54:18 up 7 days,  5:45,  5 users,  load average: 1.03, 1.02, 0.80
2026-09-30T21:54:20-04:00
98 %, 20945 MiB, 2910 MHz, 13801 MHz, 231.46 W, 39
0 %, 20 MiB, 210 MHz, 405 MHz, 21.15 W, 31
1696167, /home/ndizazzo/dev/mesh/issue1393-q4-snapshot-20260930/target/release/xtask, 20508 MiB
 21:54:21 up 7 days,  5:45,  5 users,  load average: 1.03, 1.02, 0.80
2026-09-30T21:54:23-04:00
99 %, 20945 MiB, 2902 MHz, 13801 MHz, 243.90 W, 39
0 %, 20 MiB, 210 MHz, 405 MHz, 21.15 W, 30
1696167, /home/ndizazzo/dev/mesh/issue1393-q4-snapshot-20260930/target/release/xtask, 20508 MiB
 21:54:23 up 7 days,  5:45,  5 users,  load average: 1.02, 1.01, 0.80
2026-09-30T21:54:25-04:00
98 %, 20945 MiB, 2902 MHz, 13801 MHz, 226.76 W, 39
0 %, 20 MiB, 210 MHz, 405 MHz, 27.66 W, 31
1696167, /home/ndizazzo/dev/mesh/issue1393-q4-snapshot-20260930/target/release/xtask, 20508 MiB
 21:54:25 up 7 days,  5:45,  5 users,  load average: 1.02, 1.01, 0.80
2026-09-30T21:54:27-04:00
98 %, 20945 MiB, 2910 MHz, 13801 MHz, 232.03 W, 39
0 %, 20 MiB, 210 MHz, 405 MHz, 21.09 W, 30
1696167, /home/ndizazzo/dev/mesh/issue1393-q4-snapshot-20260930/target/release/xtask, 20508 MiB
 21:54:27 up 7 days,  5:45,  5 users,  load average: 1.02, 1.01, 0.80
2026-09-30T21:54:29-04:00
99 %, 20945 MiB, 2902 MHz, 13801 MHz, 245.33 W, 39
0 %, 20 MiB, 210 MHz, 405 MHz, 21.04 W, 30
1696167, /home/ndizazzo/dev/mesh/issue1393-q4-snapshot-20260930/target/release/xtask, 20508 MiB
 21:54:29 up 7 days,  5:45,  5 users,  load average: 1.02, 1.01, 0.80
2026-09-30T21:54:31-04:00
98 %, 20945 MiB, 2902 MHz, 13801 MHz, 227.46 W, 39
0 %, 20 MiB, 210 MHz, 405 MHz, 22.77 W, 31
1696167, /home/ndizazzo/dev/mesh/issue1393-q4-snapshot-20260930/target/release/xtask, 20508 MiB
 21:54:31 up 7 days,  5:45,  5 users,  load average: 1.02, 1.01, 0.80
2026-09-30T21:54:33-04:00
98 %, 20945 MiB, 2910 MHz, 13801 MHz, 231.18 W, 39
0 %, 20 MiB, 210 MHz, 405 MHz, 22.31 W, 31
1696167, /home/ndizazzo/dev/mesh/issue1393-q4-snapshot-20260930/target/release/xtask, 20508 MiB
 21:54:33 up 7 days,  5:45,  5 users,  load average: 1.02, 1.01, 0.80
2026-09-30T21:54:35-04:00
100 %, 20945 MiB, 2902 MHz, 13801 MHz, 255.85 W, 39
0 %, 20 MiB, 210 MHz, 405 MHz, 21.13 W, 30
1696167, /home/ndizazzo/dev/mesh/issue1393-q4-snapshot-20260930/target/release/xtask, 20508 MiB
 21:54:35 up 7 days,  5:45,  5 users,  load average: 1.02, 1.01, 0.80
2026-09-30T21:54:37-04:00
98 %, 20945 MiB, 2910 MHz, 13801 MHz, 231.84 W, 39
0 %, 20 MiB, 210 MHz, 405 MHz, 21.17 W, 31
1696167, /home/ndizazzo/dev/mesh/issue1393-q4-snapshot-20260930/target/release/xtask, 20508 MiB
 21:54:37 up 7 days,  5:45,  5 users,  load average: 1.02, 1.01, 0.81
2026-09-30T21:54:39-04:00
98 %, 20945 MiB, 2910 MHz, 13801 MHz, 231.09 W, 39
0 %, 20 MiB, 210 MHz, 405 MHz, 27.40 W, 31
1696167, /home/ndizazzo/dev/mesh/issue1393-q4-snapshot-20260930/target/release/xtask, 20508 MiB
 21:54:39 up 7 days,  5:45,  5 users,  load average: 1.02, 1.01, 0.81
2026-09-30T21:54:41-04:00
100 %, 20945 MiB, 2902 MHz, 13801 MHz, 253.01 W, 39
0 %, 20 MiB, 210 MHz, 405 MHz, 21.37 W, 30
1696167, /home/ndizazzo/dev/mesh/issue1393-q4-snapshot-20260930/target/release/xtask, 20508 MiB
 21:54:41 up 7 days,  5:45,  5 users,  load average: 1.02, 1.01, 0.81
2026-09-30T21:54:43-04:00
98 %, 20945 MiB, 2910 MHz, 13801 MHz, 231.16 W, 39
0 %, 20 MiB, 210 MHz, 405 MHz, 21.06 W, 30
1696167, /home/ndizazzo/dev/mesh/issue1393-q4-snapshot-20260930/target/release/xtask, 20508 MiB
 21:54:43 up 7 days,  5:45,  5 users,  load average: 1.02, 1.01, 0.81
2026-09-30T21:54:45-04:00
98 %, 20945 MiB, 2910 MHz, 13801 MHz, 230.83 W, 39
0 %, 20 MiB, 210 MHz, 405 MHz, 23.43 W, 31
1696167, /home/ndizazzo/dev/mesh/issue1393-q4-snapshot-20260930/target/release/xtask, 20508 MiB
 21:54:45 up 7 days,  5:45,  5 users,  load average: 1.02, 1.01, 0.81
2026-09-30T21:54:47-04:00
100 %, 20945 MiB, 2902 MHz, 13801 MHz, 250.88 W, 39
0 %, 20 MiB, 210 MHz, 405 MHz, 21.79 W, 31
1696167, /home/ndizazzo/dev/mesh/issue1393-q4-snapshot-20260930/target/release/xtask, 20508 MiB
 21:54:47 up 7 days,  5:45,  5 users,  load average: 1.02, 1.01, 0.81
2026-09-30T21:54:49-04:00
98 %, 20945 MiB, 2910 MHz, 13801 MHz, 230.66 W, 39
0 %, 20 MiB, 210 MHz, 405 MHz, 21.12 W, 30
1696167, /home/ndizazzo/dev/mesh/issue1393-q4-snapshot-20260930/target/release/xtask, 20508 MiB
 21:54:49 up 7 days,  5:45,  5 users,  load average: 1.02, 1.01, 0.81
2026-09-30T21:54:51-04:00
98 %, 20945 MiB, 2910 MHz, 13801 MHz, 231.48 W, 39
0 %, 20 MiB, 210 MHz, 405 MHz, 21.34 W, 31
1696167, /home/ndizazzo/dev/mesh/issue1393-q4-snapshot-20260930/target/release/xtask, 20508 MiB
 21:54:51 up 7 days,  5:45,  5 users,  load average: 1.02, 1.01, 0.81
2026-09-30T21:54:53-04:00
100 %, 20945 MiB, 2910 MHz, 13801 MHz, 232.62 W, 38
0 %, 20 MiB, 210 MHz, 405 MHz, 27.75 W, 31
1696167, /home/ndizazzo/dev/mesh/issue1393-q4-snapshot-20260930/target/release/xtask, 20508 MiB
 21:54:53 up 7 days,  5:45,  5 users,  load average: 1.01, 1.01, 0.81
2026-09-30T21:54:55-04:00
98 %, 20945 MiB, 2910 MHz, 13801 MHz, 231.37 W, 39
0 %, 20 MiB, 210 MHz, 405 MHz, 21.44 W, 30
1696167, /home/ndizazzo/dev/mesh/issue1393-q4-snapshot-20260930/target/release/xtask, 20508 MiB
 21:54:55 up 7 days,  5:45,  5 users,  load average: 1.01, 1.01, 0.81
2026-09-30T21:54:57-04:00
98 %, 20945 MiB, 2910 MHz, 13801 MHz, 231.10 W, 39
0 %, 20 MiB, 210 MHz, 405 MHz, 21.10 W, 30
1696167, /home/ndizazzo/dev/mesh/issue1393-q4-snapshot-20260930/target/release/xtask, 20508 MiB
 21:54:58 up 7 days,  5:46,  5 users,  load average: 1.01, 1.01, 0.81
2026-09-30T21:55:00-04:00
99 %, 20945 MiB, 2910 MHz, 13801 MHz, 230.17 W, 38
0 %, 20 MiB, 210 MHz, 405 MHz, 23.80 W, 31
1696167, /home/ndizazzo/dev/mesh/issue1393-q4-snapshot-20260930/target/release/xtask, 20508 MiB
 21:55:00 up 7 days,  5:46,  5 users,  load average: 1.01, 1.01, 0.81
2026-09-30T21:55:02-04:00
98 %, 20945 MiB, 2910 MHz, 13801 MHz, 231.43 W, 39
0 %, 20 MiB, 210 MHz, 405 MHz, 22.20 W, 31
1696167, /home/ndizazzo/dev/mesh/issue1393-q4-snapshot-20260930/target/release/xtask, 20508 MiB
 21:55:02 up 7 days,  5:46,  5 users,  load average: 1.01, 1.01, 0.81
2026-09-30T21:55:04-04:00
98 %, 20945 MiB, 2910 MHz, 13801 MHz, 230.35 W, 39
0 %, 20 MiB, 210 MHz, 405 MHz, 21.21 W, 30
1696167, /home/ndizazzo/dev/mesh/issue1393-q4-snapshot-20260930/target/release/xtask, 20508 MiB
 21:55:04 up 7 days,  5:46,  5 users,  load average: 1.01, 1.01, 0.81
2026-09-30T21:55:06-04:00
98 %, 20945 MiB, 2910 MHz, 13801 MHz, 230.91 W, 38
0 %, 20 MiB, 210 MHz, 405 MHz, 21.17 W, 30
1696167, /home/ndizazzo/dev/mesh/issue1393-q4-snapshot-20260930/target/release/xtask, 20508 MiB
 21:55:06 up 7 days,  5:46,  5 users,  load average: 1.01, 1.01, 0.81
2026-09-30T21:55:08-04:00
98 %, 20945 MiB, 2910 MHz, 13801 MHz, 230.15 W, 39
0 %, 20 MiB, 210 MHz, 405 MHz, 27.53 W, 31
1696167, /home/ndizazzo/dev/mesh/issue1393-q4-snapshot-20260930/target/release/xtask, 20508 MiB
 21:55:08 up 7 days,  5:46,  5 users,  load average: 1.01, 1.01, 0.81
2026-09-30T21:55:10-04:00
99 %, 20945 MiB, 2902 MHz, 13801 MHz, 240.95 W, 39
0 %, 20 MiB, 210 MHz, 405 MHz, 21.13 W, 31
1696167, /home/ndizazzo/dev/mesh/issue1393-q4-snapshot-20260930/target/release/xtask, 20508 MiB
 21:55:10 up 7 days,  5:46,  5 users,  load average: 1.01, 1.01, 0.81
2026-09-30T21:55:12-04:00
98 %, 20945 MiB, 2910 MHz, 13801 MHz, 225.90 W, 39
0 %, 20 MiB, 210 MHz, 405 MHz, 20.98 W, 30
1696167, /home/ndizazzo/dev/mesh/issue1393-q4-snapshot-20260930/target/release/xtask, 20508 MiB
 21:55:12 up 7 days,  5:46,  5 users,  load average: 1.01, 1.01, 0.82
2026-09-30T21:55:14-04:00
98 %, 20945 MiB, 2910 MHz, 13801 MHz, 229.82 W, 39
0 %, 20 MiB, 210 MHz, 405 MHz, 22.74 W, 31
1696167, /home/ndizazzo/dev/mesh/issue1393-q4-snapshot-20260930/target/release/xtask, 20508 MiB
 21:55:14 up 7 days,  5:46,  5 users,  load average: 1.01, 1.01, 0.82
2026-09-30T21:55:16-04:00
99 %, 20945 MiB, 2902 MHz, 13801 MHz, 243.22 W, 39
0 %, 20 MiB, 210 MHz, 405 MHz, 22.41 W, 31
1696167, /home/ndizazzo/dev/mesh/issue1393-q4-snapshot-20260930/target/release/xtask, 20508 MiB
 21:55:16 up 7 days,  5:46,  5 users,  load average: 1.01, 1.01, 0.82
2026-09-30T21:55:18-04:00
98 %, 20945 MiB, 2910 MHz, 13801 MHz, 226.31 W, 39
0 %, 20 MiB, 210 MHz, 405 MHz, 21.07 W, 31
1696167, /home/ndizazzo/dev/mesh/issue1393-q4-snapshot-20260930/target/release/xtask, 20508 MiB
 21:55:18 up 7 days,  5:46,  5 users,  load average: 1.01, 1.01, 0.82
2026-09-30T21:55:20-04:00
98 %, 20945 MiB, 2910 MHz, 13801 MHz, 230.43 W, 39
0 %, 20 MiB, 210 MHz, 405 MHz, 21.15 W, 31
1696167, /home/ndizazzo/dev/mesh/issue1393-q4-snapshot-20260930/target/release/xtask, 20508 MiB
 21:55:20 up 7 days,  5:46,  5 users,  load average: 1.01, 1.01, 0.82
2026-09-30T21:55:22-04:00
99 %, 20945 MiB, 2902 MHz, 13801 MHz, 242.83 W, 39
0 %, 20 MiB, 210 MHz, 405 MHz, 27.13 W, 31
1696167, /home/ndizazzo/dev/mesh/issue1393-q4-snapshot-20260930/target/release/xtask, 20508 MiB
 21:55:22 up 7 days,  5:46,  5 users,  load average: 1.01, 1.01, 0.82
2026-09-30T21:55:24-04:00
98 %, 20945 MiB, 2910 MHz, 13801 MHz, 225.07 W, 39
0 %, 20 MiB, 210 MHz, 405 MHz, 21.14 W, 30
1696167, /home/ndizazzo/dev/mesh/issue1393-q4-snapshot-20260930/target/release/xtask, 20508 MiB
 21:55:24 up 7 days,  5:46,  5 users,  load average: 1.01, 1.01, 0.82
2026-09-30T21:55:26-04:00
98 %, 20945 MiB, 2910 MHz, 13801 MHz, 229.91 W, 39
0 %, 20 MiB, 210 MHz, 405 MHz, 21.14 W, 31
1696167, /home/ndizazzo/dev/mesh/issue1393-q4-snapshot-20260930/target/release/xtask, 20508 MiB
 21:55:26 up 7 days,  5:46,  5 users,  load average: 1.01, 1.01, 0.82
2026-09-30T21:55:28-04:00
99 %, 20945 MiB, 2902 MHz, 13801 MHz, 256.48 W, 40
0 %, 20 MiB, 210 MHz, 405 MHz, 23.35 W, 31
1696167, /home/ndizazzo/dev/mesh/issue1393-q4-snapshot-20260930/target/release/xtask, 20508 MiB
 21:55:28 up 7 days,  5:46,  5 users,  load average: 1.01, 1.01, 0.82
2026-09-30T21:55:30-04:00
98 %, 20945 MiB, 2910 MHz, 13801 MHz, 228.99 W, 39
0 %, 20 MiB, 210 MHz, 405 MHz, 21.98 W, 31
1696167, /home/ndizazzo/dev/mesh/issue1393-q4-snapshot-20260930/target/release/xtask, 20508 MiB
 21:55:30 up 7 days,  5:46,  5 users,  load average: 1.01, 1.01, 0.82
2026-09-30T21:55:32-04:00
98 %, 20945 MiB, 2910 MHz, 13801 MHz, 230.03 W, 39
0 %, 20 MiB, 210 MHz, 405 MHz, 21.14 W, 31
1696167, /home/ndizazzo/dev/mesh/issue1393-q4-snapshot-20260930/target/release/xtask, 20508 MiB
 21:55:33 up 7 days,  5:46,  5 users,  load average: 1.01, 1.01, 0.82
2026-09-30T21:55:35-04:00
99 %, 20945 MiB, 2902 MHz, 13801 MHz, 254.50 W, 40
0 %, 20 MiB, 210 MHz, 405 MHz, 21.02 W, 30
1696167, /home/ndizazzo/dev/mesh/issue1393-q4-snapshot-20260930/target/release/xtask, 20508 MiB
 21:55:35 up 7 days,  5:46,  5 users,  load average: 1.01, 1.01, 0.82
2026-09-30T21:55:37-04:00
98 %, 20945 MiB, 2910 MHz, 13801 MHz, 228.58 W, 39
0 %, 20 MiB, 210 MHz, 405 MHz, 27.56 W, 31
1696167, /home/ndizazzo/dev/mesh/issue1393-q4-snapshot-20260930/target/release/xtask, 20508 MiB
 21:55:37 up 7 days,  5:46,  5 users,  load average: 1.01, 1.01, 0.82
2026-09-30T21:55:39-04:00
98 %, 20945 MiB, 2910 MHz, 13801 MHz, 229.95 W, 39
0 %, 20 MiB, 210 MHz, 405 MHz, 21.20 W, 31
1696167, /home/ndizazzo/dev/mesh/issue1393-q4-snapshot-20260930/target/release/xtask, 20508 MiB
 21:55:39 up 7 days,  5:46,  5 users,  load average: 1.00, 1.01, 0.82
2026-09-30T21:55:41-04:00
99 %, 20945 MiB, 2910 MHz, 13801 MHz, 255.18 W, 40
0 %, 20 MiB, 210 MHz, 405 MHz, 21.16 W, 30
1696167, /home/ndizazzo/dev/mesh/issue1393-q4-snapshot-20260930/target/release/xtask, 20508 MiB
 21:55:41 up 7 days,  5:46,  5 users,  load average: 1.00, 1.01, 0.82
2026-09-30T21:55:43-04:00
98 %, 20945 MiB, 2910 MHz, 13801 MHz, 229.88 W, 39
0 %, 20 MiB, 210 MHz, 405 MHz, 23.74 W, 31
1696167, /home/ndizazzo/dev/mesh/issue1393-q4-snapshot-20260930/target/release/xtask, 20508 MiB
 21:55:43 up 7 days,  5:46,  5 users,  load average: 1.00, 1.01, 0.82
2026-09-30T21:55:45-04:00
98 %, 20945 MiB, 2910 MHz, 13801 MHz, 229.74 W, 39
0 %, 20 MiB, 210 MHz, 405 MHz, 22.33 W, 31
1696167, /home/ndizazzo/dev/mesh/issue1393-q4-snapshot-20260930/target/release/xtask, 20508 MiB
 21:55:45 up 7 days,  5:46,  5 users,  load average: 1.00, 1.01, 0.82
2026-09-30T21:55:47-04:00
100 %, 20945 MiB, 2910 MHz, 13801 MHz, 241.24 W, 38
0 %, 20 MiB, 210 MHz, 405 MHz, 21.20 W, 30
1696167, /home/ndizazzo/dev/mesh/issue1393-q4-snapshot-20260930/target/release/xtask, 20508 MiB
 21:55:47 up 7 days,  5:46,  5 users,  load average: 1.00, 1.01, 0.82
2026-09-30T21:55:49-04:00
98 %, 20945 MiB, 2910 MHz, 13801 MHz, 229.46 W, 39
0 %, 20 MiB, 210 MHz, 405 MHz, 21.12 W, 31
1696167, /home/ndizazzo/dev/mesh/issue1393-q4-snapshot-20260930/target/release/xtask, 20508 MiB
 21:55:49 up 7 days,  5:46,  5 users,  load average: 1.00, 1.01, 0.82
2026-09-30T21:55:51-04:00
98 %, 20945 MiB, 2910 MHz, 13801 MHz, 229.45 W, 39
0 %, 20 MiB, 210 MHz, 405 MHz, 27.52 W, 31
1696167, /home/ndizazzo/dev/mesh/issue1393-q4-snapshot-20260930/target/release/xtask, 20508 MiB
 21:55:51 up 7 days,  5:46,  5 users,  load average: 1.00, 1.01, 0.82
2026-09-30T21:55:53-04:00
100 %, 20945 MiB, 2910 MHz, 13801 MHz, 240.69 W, 38
0 %, 20 MiB, 210 MHz, 405 MHz, 20.98 W, 31
1696167, /home/ndizazzo/dev/mesh/issue1393-q4-snapshot-20260930/target/release/xtask, 20508 MiB
 21:55:53 up 7 days,  5:46,  5 users,  load average: 1.00, 1.01, 0.83
2026-09-30T21:55:55-04:00
98 %, 20945 MiB, 2910 MHz, 13801 MHz, 229.96 W, 39
0 %, 20 MiB, 210 MHz, 405 MHz, 21.00 W, 30
1696167, /home/ndizazzo/dev/mesh/issue1393-q4-snapshot-20260930/target/release/xtask, 20508 MiB
 21:55:55 up 7 days,  5:46,  5 users,  load average: 1.00, 1.01, 0.83
2026-09-30T21:55:57-04:00
98 %, 20945 MiB, 2910 MHz, 13801 MHz, 228.99 W, 39
0 %, 20 MiB, 210 MHz, 405 MHz, 24.00 W, 31
1696167, /home/ndizazzo/dev/mesh/issue1393-q4-snapshot-20260930/target/release/xtask, 20508 MiB
 21:55:57 up 7 days,  5:47,  5 users,  load average: 1.00, 1.01, 0.83
2026-09-30T21:55:59-04:00
100 %, 20945 MiB, 2910 MHz, 13801 MHz, 241.68 W, 38
0 %, 20 MiB, 210 MHz, 405 MHz, 21.62 W, 31
1696167, /home/ndizazzo/dev/mesh/issue1393-q4-snapshot-20260930/target/release/xtask, 20508 MiB
 21:55:59 up 7 days,  5:47,  5 users,  load average: 1.00, 1.01, 0.83
2026-09-30T21:56:01-04:00
98 %, 20945 MiB, 2910 MHz, 13801 MHz, 228.53 W, 39
0 %, 20 MiB, 210 MHz, 405 MHz, 20.87 W, 31
1696167, /home/ndizazzo/dev/mesh/issue1393-q4-snapshot-20260930/target/release/xtask, 20508 MiB
 21:56:01 up 7 days,  5:47,  5 users,  load average: 1.00, 1.01, 0.83
2026-09-30T21:56:03-04:00
98 %, 20945 MiB, 2910 MHz, 13801 MHz, 228.67 W, 39
0 %, 20 MiB, 210 MHz, 405 MHz, 21.05 W, 31
1696167, /home/ndizazzo/dev/mesh/issue1393-q4-snapshot-20260930/target/release/xtask, 20508 MiB
 21:56:03 up 7 days,  5:47,  5 users,  load average: 1.00, 1.00, 0.83
2026-09-30T21:56:05-04:00
98 %, 20945 MiB, 2910 MHz, 13801 MHz, 230.80 W, 39
0 %, 20 MiB, 210 MHz, 405 MHz, 27.59 W, 31
1696167, /home/ndizazzo/dev/mesh/issue1393-q4-snapshot-20260930/target/release/xtask, 20508 MiB
 21:56:05 up 7 days,  5:47,  5 users,  load average: 1.00, 1.00, 0.83
2026-09-30T21:56:07-04:00
98 %, 20945 MiB, 2910 MHz, 13801 MHz, 228.45 W, 38
0 %, 20 MiB, 210 MHz, 405 MHz, 21.18 W, 31
1696167, /home/ndizazzo/dev/mesh/issue1393-q4-snapshot-20260930/target/release/xtask, 20508 MiB
 21:56:07 up 7 days,  5:47,  5 users,  load average: 1.00, 1.00, 0.83
2026-09-30T21:56:09-04:00
98 %, 20945 MiB, 2910 MHz, 13801 MHz, 227.67 W, 39
0 %, 20 MiB, 210 MHz, 405 MHz, 21.01 W, 31
1696167, /home/ndizazzo/dev/mesh/issue1393-q4-snapshot-20260930/target/release/xtask, 20508 MiB
 21:56:10 up 7 days,  5:47,  5 users,  load average: 1.00, 1.00, 0.83
2026-09-30T21:56:12-04:00
98 %, 20945 MiB, 2910 MHz, 13801 MHz, 230.64 W, 39
0 %, 20 MiB, 210 MHz, 405 MHz, 27.43 W, 31
1696167, /home/ndizazzo/dev/mesh/issue1393-q4-snapshot-20260930/target/release/xtask, 20508 MiB
 21:56:12 up 7 days,  5:47,  5 users,  load average: 1.00, 1.00, 0.83
2026-09-30T21:56:14-04:00
98 %, 20945 MiB, 2910 MHz, 13801 MHz, 228.40 W, 39
0 %, 20 MiB, 210 MHz, 405 MHz, 21.29 W, 31
1696167, /home/ndizazzo/dev/mesh/issue1393-q4-snapshot-20260930/target/release/xtask, 20508 MiB
 21:56:14 up 7 days,  5:47,  5 users,  load average: 1.00, 1.00, 0.83
2026-09-30T21:56:16-04:00
98 %, 20945 MiB, 2910 MHz, 13801 MHz, 229.64 W, 39
0 %, 20 MiB, 210 MHz, 405 MHz, 20.97 W, 31
1696167, /home/ndizazzo/dev/mesh/issue1393-q4-snapshot-20260930/target/release/xtask, 20508 MiB
 21:56:16 up 7 days,  5:47,  5 users,  load average: 1.00, 1.00, 0.83
2026-09-30T21:56:18-04:00
99 %, 21247 MiB, 2910 MHz, 13801 MHz, 229.12 W, 39
0 %, 20 MiB, 210 MHz, 405 MHz, 20.86 W, 31
1696167, /home/ndizazzo/dev/mesh/issue1393-q4-snapshot-20260930/target/release/xtask, 20810 MiB
 21:56:18 up 7 days,  5:47,  5 users,  load average: 1.00, 1.00, 0.83
2026-09-30T21:56:20-04:00
98 %, 21249 MiB, 2902 MHz, 13801 MHz, 262.91 W, 40
0 %, 20 MiB, 210 MHz, 405 MHz, 27.38 W, 31
1696167, /home/ndizazzo/dev/mesh/issue1393-q4-snapshot-20260930/target/release/xtask, 20812 MiB
 21:56:20 up 7 days,  5:47,  5 users,  load average: 1.00, 1.00, 0.83
2026-09-30T21:56:22-04:00
98 %, 21253 MiB, 2910 MHz, 13801 MHz, 257.07 W, 40
0 %, 20 MiB, 210 MHz, 405 MHz, 21.10 W, 31
1696167, /home/ndizazzo/dev/mesh/issue1393-q4-snapshot-20260930/target/release/xtask, 20816 MiB
 21:56:22 up 7 days,  5:47,  5 users,  load average: 1.00, 1.00, 0.83
2026-09-30T21:56:24-04:00
98 %, 21255 MiB, 2902 MHz, 13801 MHz, 271.59 W, 40
0 %, 20 MiB, 210 MHz, 405 MHz, 21.03 W, 30
1696167, /home/ndizazzo/dev/mesh/issue1393-q4-snapshot-20260930/target/release/xtask, 20818 MiB
 21:56:24 up 7 days,  5:47,  5 users,  load average: 1.00, 1.00, 0.83
2026-09-30T21:56:26-04:00
98 %, 21245 MiB, 2910 MHz, 13801 MHz, 261.17 W, 39
0 %, 20 MiB, 210 MHz, 405 MHz, 23.62 W, 31
1696167, /home/ndizazzo/dev/mesh/issue1393-q4-snapshot-20260930/target/release/xtask, 20808 MiB
 21:56:26 up 7 days,  5:47,  5 users,  load average: 1.00, 1.00, 0.83
2026-09-30T21:56:28-04:00
98 %, 21245 MiB, 2910 MHz, 13801 MHz, 227.50 W, 39
0 %, 20 MiB, 210 MHz, 405 MHz, 22.44 W, 31
1696167, /home/ndizazzo/dev/mesh/issue1393-q4-snapshot-20260930/target/release/xtask, 20808 MiB
 21:56:28 up 7 days,  5:47,  5 users,  load average: 1.00, 1.00, 0.83
2026-09-30T21:56:30-04:00
99 %, 21245 MiB, 2910 MHz, 13801 MHz, 236.98 W, 39
0 %, 20 MiB, 210 MHz, 405 MHz, 20.95 W, 31
1696167, /home/ndizazzo/dev/mesh/issue1393-q4-snapshot-20260930/target/release/xtask, 20808 MiB
 21:56:30 up 7 days,  5:47,  5 users,  load average: 1.00, 1.00, 0.83
2026-09-30T21:56:32-04:00
98 %, 21245 MiB, 2910 MHz, 13801 MHz, 222.79 W, 39
0 %, 20 MiB, 210 MHz, 405 MHz, 20.84 W, 31
1696167, /home/ndizazzo/dev/mesh/issue1393-q4-snapshot-20260930/target/release/xtask, 20808 MiB
 21:56:32 up 7 days,  5:47,  5 users,  load average: 1.00, 1.00, 0.83
2026-09-30T21:56:34-04:00
98 %, 21245 MiB, 2910 MHz, 13801 MHz, 226.83 W, 39
0 %, 20 MiB, 210 MHz, 405 MHz, 22.24 W, 31
1696167, /home/ndizazzo/dev/mesh/issue1393-q4-snapshot-20260930/target/release/xtask, 20808 MiB
 21:56:34 up 7 days,  5:47,  5 users,  load average: 1.00, 1.00, 0.83
2026-09-30T21:56:36-04:00
99 %, 21245 MiB, 2910 MHz, 13801 MHz, 234.80 W, 40
0 %, 20 MiB, 210 MHz, 405 MHz, 21.03 W, 31
1696167, /home/ndizazzo/dev/mesh/issue1393-q4-snapshot-20260930/target/release/xtask, 20808 MiB
 21:56:36 up 7 days,  5:47,  5 users,  load average: 1.00, 1.00, 0.83
2026-09-30T21:56:38-04:00
98 %, 21245 MiB, 2902 MHz, 13801 MHz, 221.95 W, 39
0 %, 20 MiB, 210 MHz, 405 MHz, 21.02 W, 31
1696167, /home/ndizazzo/dev/mesh/issue1393-q4-snapshot-20260930/target/release/xtask, 20808 MiB
 21:56:38 up 7 days,  5:47,  5 users,  load average: 1.00, 1.00, 0.83
2026-09-30T21:56:40-04:00
98 %, 21245 MiB, 2910 MHz, 13801 MHz, 227.23 W, 39
0 %, 20 MiB, 210 MHz, 405 MHz, 24.07 W, 31
1696167, /home/ndizazzo/dev/mesh/issue1393-q4-snapshot-20260930/target/release/xtask, 20808 MiB
 21:56:40 up 7 days,  5:47,  5 users,  load average: 1.00, 1.00, 0.83
2026-09-30T21:56:42-04:00
99 %, 21245 MiB, 2902 MHz, 13801 MHz, 243.00 W, 39
0 %, 20 MiB, 210 MHz, 405 MHz, 21.94 W, 31
1696167, /home/ndizazzo/dev/mesh/issue1393-q4-snapshot-20260930/target/release/xtask, 20808 MiB
 21:56:42 up 7 days,  5:47,  5 users,  load average: 1.00, 1.00, 0.83
2026-09-30T21:56:44-04:00
98 %, 21245 MiB, 2902 MHz, 13801 MHz, 224.46 W, 39
0 %, 20 MiB, 210 MHz, 405 MHz, 21.09 W, 31
1696167, /home/ndizazzo/dev/mesh/issue1393-q4-snapshot-20260930/target/release/xtask, 20808 MiB
 21:56:44 up 7 days,  5:47,  5 users,  load average: 1.00, 1.00, 0.83
2026-09-30T21:56:46-04:00
98 %, 21245 MiB, 2910 MHz, 13801 MHz, 226.68 W, 38
0 %, 20 MiB, 210 MHz, 405 MHz, 21.10 W, 31
1696167, /home/ndizazzo/dev/mesh/issue1393-q4-snapshot-20260930/target/release/xtask, 20808 MiB
 21:56:47 up 7 days,  5:47,  5 users,  load average: 1.00, 1.00, 0.83
2026-09-30T21:56:49-04:00
99 %, 21245 MiB, 2902 MHz, 13801 MHz, 241.17 W, 39
0 %, 20 MiB, 210 MHz, 405 MHz, 21.79 W, 31
1696167, /home/ndizazzo/dev/mesh/issue1393-q4-snapshot-20260930/target/release/xtask, 20808 MiB
 21:56:49 up 7 days,  5:47,  5 users,  load average: 1.00, 1.00, 0.84
2026-09-30T21:56:51-04:00
98 %, 21245 MiB, 2902 MHz, 13801 MHz, 198.39 W, 39
0 %, 20 MiB, 210 MHz, 405 MHz, 21.07 W, 31
1696167, /home/ndizazzo/dev/mesh/issue1393-q4-snapshot-20260930/target/release/xtask, 20808 MiB
 21:56:51 up 7 days,  5:47,  5 users,  load average: 1.00, 1.00, 0.84
2026-09-30T21:56:53-04:00
98 %, 21245 MiB, 2910 MHz, 13801 MHz, 226.39 W, 39
0 %, 20 MiB, 210 MHz, 405 MHz, 21.25 W, 31
1696167, /home/ndizazzo/dev/mesh/issue1393-q4-snapshot-20260930/target/release/xtask, 20808 MiB
 21:56:53 up 7 days,  5:47,  5 users,  load average: 1.00, 1.00, 0.84
2026-09-30T21:56:55-04:00
99 %, 21245 MiB, 2910 MHz, 13801 MHz, 234.80 W, 39
0 %, 20 MiB, 210 MHz, 405 MHz, 27.77 W, 31
1696167, /home/ndizazzo/dev/mesh/issue1393-q4-snapshot-20260930/target/release/xtask, 20808 MiB
 21:56:55 up 7 days,  5:47,  5 users,  load average: 1.00, 1.00, 0.84
2026-09-30T21:56:57-04:00
98 %, 21245 MiB, 2910 MHz, 13801 MHz, 222.19 W, 39
0 %, 20 MiB, 210 MHz, 405 MHz, 21.42 W, 31
1696167, /home/ndizazzo/dev/mesh/issue1393-q4-snapshot-20260930/target/release/xtask, 20808 MiB
 21:56:57 up 7 days,  5:48,  5 users,  load average: 1.08, 1.02, 0.84
2026-09-30T21:56:59-04:00
98 %, 21245 MiB, 2910 MHz, 13801 MHz, 226.39 W, 39
0 %, 20 MiB, 210 MHz, 405 MHz, 21.24 W, 31
1696167, /home/ndizazzo/dev/mesh/issue1393-q4-snapshot-20260930/target/release/xtask, 20808 MiB
 21:56:59 up 7 days,  5:48,  5 users,  load average: 1.08, 1.02, 0.84
2026-09-30T21:57:01-04:00
99 %, 21245 MiB, 2910 MHz, 13801 MHz, 240.95 W, 39
0 %, 20 MiB, 210 MHz, 405 MHz, 21.16 W, 31
1696167, /home/ndizazzo/dev/mesh/issue1393-q4-snapshot-20260930/target/release/xtask, 20808 MiB
 21:57:01 up 7 days,  5:48,  5 users,  load average: 1.08, 1.02, 0.84
2026-09-30T21:57:03-04:00
98 %, 21245 MiB, 2910 MHz, 13801 MHz, 224.40 W, 39
0 %, 20 MiB, 210 MHz, 405 MHz, 27.52 W, 31
1696167, /home/ndizazzo/dev/mesh/issue1393-q4-snapshot-20260930/target/release/xtask, 20808 MiB
 21:57:03 up 7 days,  5:48,  5 users,  load average: 1.07, 1.02, 0.84
2026-09-30T21:57:05-04:00
98 %, 21245 MiB, 2910 MHz, 13801 MHz, 227.13 W, 39
0 %, 20 MiB, 210 MHz, 405 MHz, 21.40 W, 31
1696167, /home/ndizazzo/dev/mesh/issue1393-q4-snapshot-20260930/target/release/xtask, 20808 MiB
 21:57:05 up 7 days,  5:48,  5 users,  load average: 1.07, 1.02, 0.84
2026-09-30T21:57:07-04:00
99 %, 21245 MiB, 2910 MHz, 13801 MHz, 239.21 W, 39
0 %, 20 MiB, 210 MHz, 405 MHz, 21.28 W, 31
1696167, /home/ndizazzo/dev/mesh/issue1393-q4-snapshot-20260930/target/release/xtask, 20808 MiB
 21:57:07 up 7 days,  5:48,  5 users,  load average: 1.07, 1.02, 0.85
2026-09-30T21:57:09-04:00
98 %, 21245 MiB, 2910 MHz, 13801 MHz, 223.77 W, 39
0 %, 20 MiB, 210 MHz, 405 MHz, 27.49 W, 31
1696167, /home/ndizazzo/dev/mesh/issue1393-q4-snapshot-20260930/target/release/xtask, 20808 MiB
 21:57:09 up 7 days,  5:48,  5 users,  load average: 1.07, 1.02, 0.85
2026-09-30T21:57:11-04:00
98 %, 21245 MiB, 2910 MHz, 13801 MHz, 227.31 W, 39
0 %, 20 MiB, 210 MHz, 405 MHz, 21.12 W, 31
1696167, /home/ndizazzo/dev/mesh/issue1393-q4-snapshot-20260930/target/release/xtask, 20808 MiB
 21:57:11 up 7 days,  5:48,  5 users,  load average: 1.07, 1.02, 0.85
2026-09-30T21:57:13-04:00
99 %, 21245 MiB, 2910 MHz, 13801 MHz, 237.85 W, 40
0 %, 20 MiB, 210 MHz, 405 MHz, 21.10 W, 31
1696167, /home/ndizazzo/dev/mesh/issue1393-q4-snapshot-20260930/target/release/xtask, 20808 MiB
 21:57:13 up 7 days,  5:48,  5 users,  load average: 1.06, 1.02, 0.85
2026-09-30T21:57:15-04:00
98 %, 21245 MiB, 2910 MHz, 13801 MHz, 223.74 W, 39
0 %, 20 MiB, 210 MHz, 405 MHz, 20.98 W, 31
1696167, /home/ndizazzo/dev/mesh/issue1393-q4-snapshot-20260930/target/release/xtask, 20808 MiB
 21:57:15 up 7 days,  5:48,  5 users,  load average: 1.06, 1.02, 0.85
2026-09-30T21:57:17-04:00
98 %, 21245 MiB, 2910 MHz, 13801 MHz, 226.88 W, 39
0 %, 20 MiB, 210 MHz, 405 MHz, 22.37 W, 31
1696167, /home/ndizazzo/dev/mesh/issue1393-q4-snapshot-20260930/target/release/xtask, 20808 MiB
 21:57:17 up 7 days,  5:48,  5 users,  load average: 1.06, 1.01, 0.85
2026-09-30T21:57:19-04:00
99 %, 21245 MiB, 2902 MHz, 13801 MHz, 244.61 W, 39
0 %, 20 MiB, 210 MHz, 405 MHz, 21.18 W, 31
1696167, /home/ndizazzo/dev/mesh/issue1393-q4-snapshot-20260930/target/release/xtask, 20808 MiB
 21:57:19 up 7 days,  5:48,  5 users,  load average: 1.06, 1.01, 0.85
2026-09-30T21:57:21-04:00
98 %, 21245 MiB, 2910 MHz, 13801 MHz, 226.47 W, 39
0 %, 20 MiB, 210 MHz, 405 MHz, 21.24 W, 31
1696167, /home/ndizazzo/dev/mesh/issue1393-q4-snapshot-20260930/target/release/xtask, 20808 MiB
 21:57:21 up 7 days,  5:48,  5 users,  load average: 1.06, 1.01, 0.85
2026-09-30T21:57:23-04:00
98 %, 21245 MiB, 2910 MHz, 13801 MHz, 228.83 W, 39
0 %, 20 MiB, 210 MHz, 405 MHz, 27.35 W, 31
1696167, /home/ndizazzo/dev/mesh/issue1393-q4-snapshot-20260930/target/release/xtask, 20808 MiB
 21:57:24 up 7 days,  5:48,  5 users,  load average: 1.05, 1.01, 0.85
2026-09-30T21:57:26-04:00
99 %, 21245 MiB, 2902 MHz, 13801 MHz, 241.57 W, 39
0 %, 20 MiB, 210 MHz, 405 MHz, 21.29 W, 31
1696167, /home/ndizazzo/dev/mesh/issue1393-q4-snapshot-20260930/target/release/xtask, 20808 MiB
 21:57:26 up 7 days,  5:48,  5 users,  load average: 1.05, 1.01, 0.85
2026-09-30T21:57:28-04:00
98 %, 20945 MiB, 2910 MHz, 13801 MHz, 199.54 W, 39
0 %, 20 MiB, 210 MHz, 405 MHz, 20.99 W, 31
1696167, /home/ndizazzo/dev/mesh/issue1393-q4-snapshot-20260930/target/release/xtask, 20508 MiB
 21:57:28 up 7 days,  5:48,  5 users,  load average: 1.05, 1.01, 0.85
2026-09-30T21:57:30-04:00
97 %, 20945 MiB, 2910 MHz, 13801 MHz, 233.90 W, 39
0 %, 20 MiB, 210 MHz, 405 MHz, 21.66 W, 31
1696167, /home/ndizazzo/dev/mesh/issue1393-q4-snapshot-20260930/target/release/xtask, 20508 MiB
 21:57:30 up 7 days,  5:48,  5 users,  load average: 1.05, 1.01, 0.85
2026-09-30T21:57:32-04:00
99 %, 20945 MiB, 2910 MHz, 13801 MHz, 247.13 W, 39
0 %, 20 MiB, 210 MHz, 405 MHz, 21.98 W, 31
1696167, /home/ndizazzo/dev/mesh/issue1393-q4-snapshot-20260930/target/release/xtask, 20508 MiB
 21:57:32 up 7 days,  5:48,  5 users,  load average: 1.05, 1.01, 0.85
2026-09-30T21:57:34-04:00
98 %, 20945 MiB, 2910 MHz, 13801 MHz, 227.54 W, 39
0 %, 20 MiB, 210 MHz, 405 MHz, 21.04 W, 31
1696167, /home/ndizazzo/dev/mesh/issue1393-q4-snapshot-20260930/target/release/xtask, 20508 MiB
 21:57:34 up 7 days,  5:48,  5 users,  load average: 1.04, 1.01, 0.85
2026-09-30T21:57:36-04:00
98 %, 20945 MiB, 2910 MHz, 13801 MHz, 234.31 W, 39
0 %, 20 MiB, 210 MHz, 405 MHz, 21.29 W, 31
1696167, /home/ndizazzo/dev/mesh/issue1393-q4-snapshot-20260930/target/release/xtask, 20508 MiB
 21:57:36 up 7 days,  5:48,  5 users,  load average: 1.04, 1.01, 0.85
2026-09-30T21:57:38-04:00
100 %, 20945 MiB, 2902 MHz, 13801 MHz, 254.09 W, 39
0 %, 20 MiB, 210 MHz, 405 MHz, 27.75 W, 31
1696167, /home/ndizazzo/dev/mesh/issue1393-q4-snapshot-20260930/target/release/xtask, 20508 MiB
 21:57:38 up 7 days,  5:48,  5 users,  load average: 1.04, 1.01, 0.85
2026-09-30T21:57:40-04:00
98 %, 20945 MiB, 2910 MHz, 13801 MHz, 233.66 W, 39
0 %, 20 MiB, 210 MHz, 405 MHz, 21.48 W, 31
1696167, /home/ndizazzo/dev/mesh/issue1393-q4-snapshot-20260930/target/release/xtask, 20508 MiB
 21:57:40 up 7 days,  5:48,  5 users,  load average: 1.04, 1.01, 0.85
2026-09-30T21:57:42-04:00
99 %, 20945 MiB, 2910 MHz, 13801 MHz, 233.72 W, 39
0 %, 20 MiB, 210 MHz, 405 MHz, 21.20 W, 31
1696167, /home/ndizazzo/dev/mesh/issue1393-q4-snapshot-20260930/target/release/xtask, 20508 MiB
 21:57:42 up 7 days,  5:48,  5 users,  load average: 1.04, 1.01, 0.85
2026-09-30T21:57:44-04:00
100 %, 20945 MiB, 2910 MHz, 13801 MHz, 250.55 W, 39
0 %, 20 MiB, 210 MHz, 405 MHz, 22.46 W, 31
1696167, /home/ndizazzo/dev/mesh/issue1393-q4-snapshot-20260930/target/release/xtask, 20508 MiB
 21:57:44 up 7 days,  5:48,  5 users,  load average: 1.04, 1.01, 0.85
2026-09-30T21:57:46-04:00
98 %, 20945 MiB, 2910 MHz, 13801 MHz, 234.23 W, 39
0 %, 20 MiB, 210 MHz, 405 MHz, 22.36 W, 31
1696167, /home/ndizazzo/dev/mesh/issue1393-q4-snapshot-20260930/target/release/xtask, 20508 MiB
 21:57:46 up 7 days,  5:48,  5 users,  load average: 1.04, 1.01, 0.85
2026-09-30T21:57:48-04:00
98 %, 20945 MiB, 2910 MHz, 13801 MHz, 233.67 W, 39
0 %, 20 MiB, 210 MHz, 405 MHz, 21.33 W, 31
1696167, /home/ndizazzo/dev/mesh/issue1393-q4-snapshot-20260930/target/release/xtask, 20508 MiB
 21:57:48 up 7 days,  5:48,  5 users,  load average: 1.03, 1.01, 0.85
2026-09-30T21:57:50-04:00
100 %, 20945 MiB, 2910 MHz, 13801 MHz, 242.81 W, 39
0 %, 20 MiB, 210 MHz, 405 MHz, 21.27 W, 31
1696167, /home/ndizazzo/dev/mesh/issue1393-q4-snapshot-20260930/target/release/xtask, 20508 MiB
 21:57:50 up 7 days,  5:48,  5 users,  load average: 1.03, 1.01, 0.85
2026-09-30T21:57:52-04:00
98 %, 20945 MiB, 2910 MHz, 13801 MHz, 233.42 W, 39
0 %, 20 MiB, 210 MHz, 405 MHz, 27.48 W, 31
1696167, /home/ndizazzo/dev/mesh/issue1393-q4-snapshot-20260930/target/release/xtask, 20508 MiB
 21:57:52 up 7 days,  5:48,  5 users,  load average: 1.03, 1.01, 0.85
2026-09-30T21:57:54-04:00
99 %, 20945 MiB, 2910 MHz, 13801 MHz, 235.60 W, 39
0 %, 20 MiB, 210 MHz, 405 MHz, 21.29 W, 31
1696167, /home/ndizazzo/dev/mesh/issue1393-q4-snapshot-20260930/target/release/xtask, 20508 MiB
 21:57:54 up 7 days,  5:48,  5 users,  load average: 1.03, 1.01, 0.85
2026-09-30T21:57:56-04:00
97 %, 20945 MiB, 2910 MHz, 13801 MHz, 224.74 W, 39
0 %, 20 MiB, 210 MHz, 405 MHz, 21.12 W, 31
1696167, /home/ndizazzo/dev/mesh/issue1393-q4-snapshot-20260930/target/release/xtask, 20508 MiB
 21:57:56 up 7 days,  5:48,  5 users,  load average: 1.03, 1.01, 0.85
2026-09-30T21:57:58-04:00
98 %, 20945 MiB, 2910 MHz, 13801 MHz, 233.46 W, 39
0 %, 20 MiB, 210 MHz, 405 MHz, 21.18 W, 31
1696167, /home/ndizazzo/dev/mesh/issue1393-q4-snapshot-20260930/target/release/xtask, 20508 MiB
 21:57:59 up 7 days,  5:49,  5 users,  load average: 1.03, 1.01, 0.85
2026-09-30T21:58:01-04:00
99 %, 20945 MiB, 2910 MHz, 13801 MHz, 238.77 W, 39
0 %, 20 MiB, 210 MHz, 405 MHz, 21.73 W, 31
1696167, /home/ndizazzo/dev/mesh/issue1393-q4-snapshot-20260930/target/release/xtask, 20508 MiB
 21:58:01 up 7 days,  5:49,  5 users,  load average: 1.03, 1.01, 0.85
2026-09-30T21:58:03-04:00
98 %, 20945 MiB, 2910 MHz, 13801 MHz, 224.32 W, 39
0 %, 20 MiB, 210 MHz, 405 MHz, 20.91 W, 31
1696167, /home/ndizazzo/dev/mesh/issue1393-q4-snapshot-20260930/target/release/xtask, 20508 MiB
 21:58:03 up 7 days,  5:49,  5 users,  load average: 1.02, 1.01, 0.86
2026-09-30T21:58:05-04:00
98 %, 20945 MiB, 2910 MHz, 13801 MHz, 232.29 W, 39
0 %, 20 MiB, 210 MHz, 405 MHz, 21.24 W, 31
1696167, /home/ndizazzo/dev/mesh/issue1393-q4-snapshot-20260930/target/release/xtask, 20508 MiB
 21:58:05 up 7 days,  5:49,  5 users,  load average: 1.02, 1.01, 0.86
2026-09-30T21:58:07-04:00
99 %, 20945 MiB, 2910 MHz, 13801 MHz, 240.97 W, 39
0 %, 20 MiB, 210 MHz, 405 MHz, 27.82 W, 31
1696167, /home/ndizazzo/dev/mesh/issue1393-q4-snapshot-20260930/target/release/xtask, 20508 MiB
 21:58:07 up 7 days,  5:49,  5 users,  load average: 1.02, 1.01, 0.86
2026-09-30T21:58:09-04:00
98 %, 20945 MiB, 2910 MHz, 13801 MHz, 225.80 W, 39
0 %, 20 MiB, 210 MHz, 405 MHz, 21.42 W, 31
1696167, /home/ndizazzo/dev/mesh/issue1393-q4-snapshot-20260930/target/release/xtask, 20508 MiB
 21:58:09 up 7 days,  5:49,  5 users,  load average: 1.02, 1.01, 0.86
2026-09-30T21:58:11-04:00
98 %, 20945 MiB, 2910 MHz, 13801 MHz, 232.63 W, 39
0 %, 20 MiB, 210 MHz, 405 MHz, 21.12 W, 31
1696167, /home/ndizazzo/dev/mesh/issue1393-q4-snapshot-20260930/target/release/xtask, 20508 MiB
 21:58:11 up 7 days,  5:49,  5 users,  load average: 1.02, 1.01, 0.86
2026-09-30T21:58:13-04:00
98 %, 20945 MiB, 2910 MHz, 13801 MHz, 258.10 W, 40
0 %, 20 MiB, 210 MHz, 405 MHz, 22.07 W, 31
1696167, /home/ndizazzo/dev/mesh/issue1393-q4-snapshot-20260930/target/release/xtask, 20508 MiB
 21:58:13 up 7 days,  5:49,  5 users,  load average: 1.02, 1.01, 0.86
2026-09-30T21:58:15-04:00
98 %, 20945 MiB, 2910 MHz, 13801 MHz, 232.81 W, 39
0 %, 20 MiB, 210 MHz, 405 MHz, 22.10 W, 31
1696167, /home/ndizazzo/dev/mesh/issue1393-q4-snapshot-20260930/target/release/xtask, 20508 MiB
 21:58:15 up 7 days,  5:49,  5 users,  load average: 1.02, 1.01, 0.86
2026-09-30T21:58:17-04:00
98 %, 20945 MiB, 2910 MHz, 13801 MHz, 233.77 W, 39
0 %, 20 MiB, 210 MHz, 405 MHz, 21.24 W, 31
1696167, /home/ndizazzo/dev/mesh/issue1393-q4-snapshot-20260930/target/release/xtask, 20508 MiB
 21:58:17 up 7 days,  5:49,  5 users,  load average: 1.02, 1.01, 0.86
2026-09-30T21:58:19-04:00
99 %, 20945 MiB, 2902 MHz, 13801 MHz, 258.51 W, 39
0 %, 20 MiB, 210 MHz, 405 MHz, 21.25 W, 31
1696167, /home/ndizazzo/dev/mesh/issue1393-q4-snapshot-20260930/target/release/xtask, 20508 MiB
 21:58:19 up 7 days,  5:49,  5 users,  load average: 1.02, 1.01, 0.86
2026-09-30T21:58:21-04:00
98 %, 20945 MiB, 2910 MHz, 13801 MHz, 232.40 W, 39
0 %, 20 MiB, 210 MHz, 405 MHz, 27.47 W, 31
1696167, /home/ndizazzo/dev/mesh/issue1393-q4-snapshot-20260930/target/release/xtask, 20508 MiB
 21:58:21 up 7 days,  5:49,  5 users,  load average: 1.02, 1.01, 0.86
2026-09-30T21:58:23-04:00
98 %, 20945 MiB, 2910 MHz, 13801 MHz, 231.80 W, 39
0 %, 20 MiB, 210 MHz, 405 MHz, 21.17 W, 31
1696167, /home/ndizazzo/dev/mesh/issue1393-q4-snapshot-20260930/target/release/xtask, 20508 MiB
 21:58:23 up 7 days,  5:49,  5 users,  load average: 1.02, 1.01, 0.86
2026-09-30T21:58:25-04:00
100 %, 20945 MiB, 2910 MHz, 13801 MHz, 253.40 W, 39
0 %, 20 MiB, 210 MHz, 405 MHz, 21.03 W, 31
1696167, /home/ndizazzo/dev/mesh/issue1393-q4-snapshot-20260930/target/release/xtask, 20508 MiB
 21:58:25 up 7 days,  5:49,  5 users,  load average: 1.02, 1.01, 0.86
2026-09-30T21:58:27-04:00
98 %, 20945 MiB, 2910 MHz, 13801 MHz, 232.17 W, 39
0 %, 20 MiB, 210 MHz, 405 MHz, 22.89 W, 31
1696167, /home/ndizazzo/dev/mesh/issue1393-q4-snapshot-20260930/target/release/xtask, 20508 MiB
 21:58:27 up 7 days,  5:49,  5 users,  load average: 1.02, 1.01, 0.86
2026-09-30T21:58:29-04:00
98 %, 20945 MiB, 2910 MHz, 13801 MHz, 232.30 W, 39
0 %, 20 MiB, 210 MHz, 405 MHz, 22.48 W, 31
1696167, /home/ndizazzo/dev/mesh/issue1393-q4-snapshot-20260930/target/release/xtask, 20508 MiB
 21:58:29 up 7 days,  5:49,  5 users,  load average: 1.02, 1.01, 0.86
2026-09-30T21:58:31-04:00
100 %, 20945 MiB, 2910 MHz, 13801 MHz, 231.96 W, 38
0 %, 20 MiB, 210 MHz, 405 MHz, 21.16 W, 31
1696167, /home/ndizazzo/dev/mesh/issue1393-q4-snapshot-20260930/target/release/xtask, 20508 MiB
 21:58:31 up 7 days,  5:49,  5 users,  load average: 1.02, 1.01, 0.86
2026-09-30T21:58:33-04:00
98 %, 20945 MiB, 2910 MHz, 13801 MHz, 232.31 W, 39
0 %, 20 MiB, 210 MHz, 405 MHz, 21.24 W, 31
1696167, /home/ndizazzo/dev/mesh/issue1393-q4-snapshot-20260930/target/release/xtask, 20508 MiB
 21:58:33 up 7 days,  5:49,  5 users,  load average: 1.01, 1.01, 0.86
2026-09-30T21:58:35-04:00
98 %, 20945 MiB, 2910 MHz, 13801 MHz, 232.28 W, 39
0 %, 20 MiB, 210 MHz, 405 MHz, 27.32 W, 31
1696167, /home/ndizazzo/dev/mesh/issue1393-q4-snapshot-20260930/target/release/xtask, 20508 MiB
 21:58:36 up 7 days,  5:49,  5 users,  load average: 1.01, 1.01, 0.86
2026-09-30T21:58:38-04:00
98 %, 20945 MiB, 2910 MHz, 13801 MHz, 231.03 W, 39
0 %, 20 MiB, 210 MHz, 405 MHz, 21.38 W, 31
1696167, /home/ndizazzo/dev/mesh/issue1393-q4-snapshot-20260930/target/release/xtask, 20508 MiB
 21:58:38 up 7 days,  5:49,  5 users,  load average: 1.01, 1.01, 0.86
2026-09-30T21:58:40-04:00
98 %, 20945 MiB, 2910 MHz, 13801 MHz, 231.82 W, 39
0 %, 20 MiB, 210 MHz, 405 MHz, 21.09 W, 31
1696167, /home/ndizazzo/dev/mesh/issue1393-q4-snapshot-20260930/target/release/xtask, 20508 MiB
 21:58:40 up 7 days,  5:49,  5 users,  load average: 1.01, 1.01, 0.86
2026-09-30T21:58:42-04:00
99 %, 20945 MiB, 2910 MHz, 13801 MHz, 231.56 W, 39
0 %, 20 MiB, 210 MHz, 405 MHz, 23.45 W, 31
1696167, /home/ndizazzo/dev/mesh/issue1393-q4-snapshot-20260930/target/release/xtask, 20508 MiB
 21:58:42 up 7 days,  5:49,  5 users,  load average: 1.01, 1.01, 0.86
2026-09-30T21:58:44-04:00
98 %, 20945 MiB, 2910 MHz, 13801 MHz, 225.77 W, 39
0 %, 20 MiB, 210 MHz, 405 MHz, 21.96 W, 31
1696167, /home/ndizazzo/dev/mesh/issue1393-q4-snapshot-20260930/target/release/xtask, 20508 MiB
 21:58:44 up 7 days,  5:49,  5 users,  load average: 1.01, 1.01, 0.86
2026-09-30T21:58:46-04:00
98 %, 20945 MiB, 2910 MHz, 13801 MHz, 231.28 W, 39
0 %, 20 MiB, 210 MHz, 405 MHz, 21.14 W, 31
1696167, /home/ndizazzo/dev/mesh/issue1393-q4-snapshot-20260930/target/release/xtask, 20508 MiB
 21:58:46 up 7 days,  5:49,  5 users,  load average: 1.01, 1.01, 0.86
2026-09-30T21:58:48-04:00
99 %, 20945 MiB, 2902 MHz, 13801 MHz, 242.68 W, 39
0 %, 20 MiB, 210 MHz, 405 MHz, 21.26 W, 31
1696167, /home/ndizazzo/dev/mesh/issue1393-q4-snapshot-20260930/target/release/xtask, 20508 MiB
 21:58:48 up 7 days,  5:49,  5 users,  load average: 1.01, 1.01, 0.86
2026-09-30T21:58:50-04:00
98 %, 20945 MiB, 2910 MHz, 13801 MHz, 227.58 W, 39
0 %, 20 MiB, 210 MHz, 405 MHz, 27.64 W, 31
1696167, /home/ndizazzo/dev/mesh/issue1393-q4-snapshot-20260930/target/release/xtask, 20508 MiB
 21:58:50 up 7 days,  5:49,  5 users,  load average: 1.01, 1.01, 0.86
2026-09-30T21:58:52-04:00
98 %, 20945 MiB, 2910 MHz, 13801 MHz, 230.87 W, 39
0 %, 20 MiB, 210 MHz, 405 MHz, 21.45 W, 31
1696167, /home/ndizazzo/dev/mesh/issue1393-q4-snapshot-20260930/target/release/xtask, 20508 MiB
 21:58:52 up 7 days,  5:49,  5 users,  load average: 1.01, 1.01, 0.87
2026-09-30T21:58:54-04:00
99 %, 20945 MiB, 2902 MHz, 13801 MHz, 246.32 W, 40
0 %, 20 MiB, 210 MHz, 405 MHz, 21.08 W, 31
1696167, /home/ndizazzo/dev/mesh/issue1393-q4-snapshot-20260930/target/release/xtask, 20508 MiB
 21:58:54 up 7 days,  5:49,  5 users,  load average: 1.01, 1.01, 0.87
2026-09-30T21:58:56-04:00
98 %, 20945 MiB, 2910 MHz, 13801 MHz, 228.38 W, 39
0 %, 20 MiB, 210 MHz, 405 MHz, 23.66 W, 31
1696167, /home/ndizazzo/dev/mesh/issue1393-q4-snapshot-20260930/target/release/xtask, 20508 MiB
 21:58:56 up 7 days,  5:49,  5 users,  load average: 1.01, 1.01, 0.87
2026-09-30T21:58:58-04:00
98 %, 20945 MiB, 2910 MHz, 13801 MHz, 231.71 W, 39
0 %, 20 MiB, 210 MHz, 405 MHz, 22.18 W, 31
1696167, /home/ndizazzo/dev/mesh/issue1393-q4-snapshot-20260930/target/release/xtask, 20508 MiB
 21:58:58 up 7 days,  5:50,  5 users,  load average: 1.01, 1.00, 0.87
2026-09-30T21:59:00-04:00
99 %, 20945 MiB, 2910 MHz, 13801 MHz, 246.91 W, 39
0 %, 20 MiB, 210 MHz, 405 MHz, 21.14 W, 31
1696167, /home/ndizazzo/dev/mesh/issue1393-q4-snapshot-20260930/target/release/xtask, 20508 MiB
 21:59:00 up 7 days,  5:50,  5 users,  load average: 1.01, 1.00, 0.87
2026-09-30T21:59:02-04:00
98 %, 20945 MiB, 2910 MHz, 13801 MHz, 228.52 W, 39
0 %, 20 MiB, 210 MHz, 405 MHz, 21.09 W, 31
1696167, /home/ndizazzo/dev/mesh/issue1393-q4-snapshot-20260930/target/release/xtask, 20508 MiB
 21:59:02 up 7 days,  5:50,  5 users,  load average: 1.01, 1.00, 0.87
2026-09-30T21:59:04-04:00
98 %, 20945 MiB, 2910 MHz, 13801 MHz, 231.15 W, 39
0 %, 20 MiB, 210 MHz, 405 MHz, 27.43 W, 31
1696167, /home/ndizazzo/dev/mesh/issue1393-q4-snapshot-20260930/target/release/xtask, 20508 MiB
 21:59:04 up 7 days,  5:50,  5 users,  load average: 1.01, 1.00, 0.87
2026-09-30T21:59:06-04:00
100 %, 20945 MiB, 2910 MHz, 13801 MHz, 253.19 W, 39
0 %, 20 MiB, 210 MHz, 405 MHz, 21.23 W, 31
1696167, /home/ndizazzo/dev/mesh/issue1393-q4-snapshot-20260930/target/release/xtask, 20508 MiB
 21:59:06 up 7 days,  5:50,  5 users,  load average: 1.01, 1.00, 0.87
2026-09-30T21:59:08-04:00
98 %, 20945 MiB, 2910 MHz, 13801 MHz, 231.68 W, 39
0 %, 20 MiB, 210 MHz, 405 MHz, 20.97 W, 31
1696167, /home/ndizazzo/dev/mesh/issue1393-q4-snapshot-20260930/target/release/xtask, 20508 MiB
 21:59:08 up 7 days,  5:50,  5 users,  load average: 1.09, 1.02, 0.87
2026-09-30T21:59:10-04:00
98 %, 20945 MiB, 2910 MHz, 13801 MHz, 231.49 W, 39
0 %, 20 MiB, 210 MHz, 405 MHz, 22.64 W, 31
1696167, /home/ndizazzo/dev/mesh/issue1393-q4-snapshot-20260930/target/release/xtask, 20508 MiB
 21:59:11 up 7 days,  5:50,  5 users,  load average: 1.09, 1.02, 0.87
2026-09-30T21:59:13-04:00
100 %, 20945 MiB, 2910 MHz, 13801 MHz, 251.32 W, 39
0 %, 20 MiB, 210 MHz, 405 MHz, 21.70 W, 31
1696167, /home/ndizazzo/dev/mesh/issue1393-q4-snapshot-20260930/target/release/xtask, 20508 MiB
 21:59:13 up 7 days,  5:50,  5 users,  load average: 1.08, 1.02, 0.87
2026-09-30T21:59:15-04:00
98 %, 20945 MiB, 2910 MHz, 13801 MHz, 231.12 W, 39
0 %, 20 MiB, 210 MHz, 405 MHz, 21.10 W, 31
1696167, /home/ndizazzo/dev/mesh/issue1393-q4-snapshot-20260930/target/release/xtask, 20508 MiB
 21:59:15 up 7 days,  5:50,  5 users,  load average: 1.08, 1.02, 0.87
2026-09-30T21:59:17-04:00
97 %, 20945 MiB, 2910 MHz, 13801 MHz, 230.69 W, 39
0 %, 20 MiB, 210 MHz, 405 MHz, 21.13 W, 31
1696167, /home/ndizazzo/dev/mesh/issue1393-q4-snapshot-20260930/target/release/xtask, 20508 MiB
 21:59:17 up 7 days,  5:50,  5 users,  load average: 1.08, 1.02, 0.87
2026-09-30T21:59:19-04:00
100 %, 20945 MiB, 2910 MHz, 13801 MHz, 249.14 W, 39
0 %, 20 MiB, 210 MHz, 405 MHz, 27.74 W, 31
1696167, /home/ndizazzo/dev/mesh/issue1393-q4-snapshot-20260930/target/release/xtask, 20508 MiB
 21:59:19 up 7 days,  5:50,  5 users,  load average: 1.07, 1.02, 0.88
2026-09-30T21:59:21-04:00
98 %, 20945 MiB, 2910 MHz, 13801 MHz, 230.16 W, 39
0 %, 20 MiB, 210 MHz, 405 MHz, 21.35 W, 31
1696167, /home/ndizazzo/dev/mesh/issue1393-q4-snapshot-20260930/target/release/xtask, 20508 MiB
 21:59:21 up 7 days,  5:50,  5 users,  load average: 1.07, 1.02, 0.88
2026-09-30T21:59:23-04:00
99 %, 20945 MiB, 2910 MHz, 13801 MHz, 230.80 W, 39
0 %, 20 MiB, 210 MHz, 405 MHz, 21.16 W, 31
1696167, /home/ndizazzo/dev/mesh/issue1393-q4-snapshot-20260930/target/release/xtask, 20508 MiB
 21:59:23 up 7 days,  5:50,  5 users,  load average: 1.07, 1.02, 0.88
2026-09-30T21:59:25-04:00
98 %, 20945 MiB, 2910 MHz, 13801 MHz, 228.79 W, 39
0 %, 20 MiB, 210 MHz, 405 MHz, 23.24 W, 31
1696167, /home/ndizazzo/dev/mesh/issue1393-q4-snapshot-20260930/target/release/xtask, 20508 MiB
 21:59:25 up 7 days,  5:50,  5 users,  load average: 1.07, 1.02, 0.88
2026-09-30T21:59:27-04:00
98 %, 20945 MiB, 2910 MHz, 13801 MHz, 230.61 W, 39
0 %, 20 MiB, 210 MHz, 405 MHz, 22.09 W, 31
1696167, /home/ndizazzo/dev/mesh/issue1393-q4-snapshot-20260930/target/release/xtask, 20508 MiB
 21:59:27 up 7 days,  5:50,  5 users,  load average: 1.06, 1.02, 0.88
2026-09-30T21:59:29-04:00
98 %, 20945 MiB, 2910 MHz, 13801 MHz, 230.82 W, 39
0 %, 20 MiB, 210 MHz, 405 MHz, 21.11 W, 31
1696167, /home/ndizazzo/dev/mesh/issue1393-q4-snapshot-20260930/target/release/xtask, 20508 MiB
 21:59:29 up 7 days,  5:50,  5 users,  load average: 1.06, 1.02, 0.88
2026-09-30T21:59:31-04:00
98 %, 20945 MiB, 2910 MHz, 13801 MHz, 231.66 W, 39
0 %, 20 MiB, 210 MHz, 405 MHz, 21.12 W, 31
1696167, /home/ndizazzo/dev/mesh/issue1393-q4-snapshot-20260930/target/release/xtask, 20508 MiB
 21:59:31 up 7 days,  5:50,  5 users,  load average: 1.06, 1.02, 0.88
2026-09-30T21:59:33-04:00
98 %, 20945 MiB, 2910 MHz, 13801 MHz, 230.24 W, 39
0 %, 20 MiB, 210 MHz, 405 MHz, 27.58 W, 31
1696167, /home/ndizazzo/dev/mesh/issue1393-q4-snapshot-20260930/target/release/xtask, 20508 MiB
 21:59:33 up 7 days,  5:50,  5 users,  load average: 1.06, 1.02, 0.88
2026-09-30T21:59:35-04:00
98 %, 20945 MiB, 2910 MHz, 13801 MHz, 230.54 W, 39
0 %, 20 MiB, 210 MHz, 405 MHz, 21.22 W, 31
1696167, /home/ndizazzo/dev/mesh/issue1393-q4-snapshot-20260930/target/release/xtask, 20508 MiB
 21:59:35 up 7 days,  5:50,  5 users,  load average: 1.06, 1.02, 0.88
2026-09-30T21:59:37-04:00
98 %, 20945 MiB, 2910 MHz, 13801 MHz, 227.23 W, 39
0 %, 20 MiB, 210 MHz, 405 MHz, 21.13 W, 31
1696167, /home/ndizazzo/dev/mesh/issue1393-q4-snapshot-20260930/target/release/xtask, 20508 MiB
 21:59:37 up 7 days,  5:50,  5 users,  load average: 1.05, 1.02, 0.88
2026-09-30T21:59:39-04:00
98 %, 20945 MiB, 2910 MHz, 13801 MHz, 230.72 W, 39
0 %, 20 MiB, 210 MHz, 405 MHz, 23.80 W, 31
1696167, /home/ndizazzo/dev/mesh/issue1393-q4-snapshot-20260930/target/release/xtask, 20508 MiB
 21:59:39 up 7 days,  5:50,  5 users,  load average: 1.05, 1.02, 0.88
2026-09-30T21:59:41-04:00
98 %, 20945 MiB, 2910 MHz, 13801 MHz, 230.50 W, 39
0 %, 20 MiB, 210 MHz, 405 MHz, 22.40 W, 31
1696167, /home/ndizazzo/dev/mesh/issue1393-q4-snapshot-20260930/target/release/xtask, 20508 MiB
 21:59:41 up 7 days,  5:50,  5 users,  load average: 1.05, 1.02, 0.88
2026-09-30T21:59:43-04:00
98 %, 20945 MiB, 2910 MHz, 13801 MHz, 225.37 W, 38
0 %, 20 MiB, 210 MHz, 405 MHz, 20.99 W, 31
1696167, /home/ndizazzo/dev/mesh/issue1393-q4-snapshot-20260930/target/release/xtask, 20508 MiB
 21:59:43 up 7 days,  5:50,  5 users,  load average: 1.05, 1.02, 0.88
2026-09-30T21:59:45-04:00
98 %, 20945 MiB, 2910 MHz, 13801 MHz, 229.40 W, 39
0 %, 20 MiB, 210 MHz, 405 MHz, 21.06 W, 31
1696167, /home/ndizazzo/dev/mesh/issue1393-q4-snapshot-20260930/target/release/xtask, 20508 MiB
 21:59:45 up 7 days,  5:50,  5 users,  load average: 1.05, 1.02, 0.88
2026-09-30T21:59:47-04:00
99 %, 20945 MiB, 2910 MHz, 13801 MHz, 243.92 W, 40
0 %, 20 MiB, 210 MHz, 405 MHz, 27.21 W, 31
1696167, /home/ndizazzo/dev/mesh/issue1393-q4-snapshot-20260930/target/release/xtask, 20508 MiB
 21:59:48 up 7 days,  5:50,  5 users,  load average: 1.04, 1.02, 0.88
2026-09-30T21:59:50-04:00
98 %, 429 MiB, 2910 MHz, 13801 MHz, 225.07 W, 39
0 %, 17 MiB, 210 MHz, 405 MHz, 21.41 W, 31
 21:59:50 up 7 days,  5:50,  5 users,  load average: 1.04, 1.02, 0.88
2026-09-30T21:59:52-04:00
0 %, 429 MiB, 2910 MHz, 7001 MHz, 68.02 W, 35
0 %, 17 MiB, 210 MHz, 405 MHz, 21.77 W, 31
 21:59:52 up 7 days,  5:50,  5 users,  load average: 1.04, 1.02, 0.88
2026-09-30T21:59:54-04:00
0 %, 429 MiB, 307 MHz, 7001 MHz, 25.62 W, 34
0 %, 17 MiB, 210 MHz, 405 MHz, 26.46 W, 31
 21:59:54 up 7 days,  5:50,  5 users,  load average: 1.04, 1.02, 0.88
2026-09-30T21:59:56-04:00
0 %, 429 MiB, 202 MHz, 7001 MHz, 25.08 W, 34
0 %, 17 MiB, 210 MHz, 405 MHz, 21.81 W, 31
 21:59:56 up 7 days,  5:50,  5 users,  load average: 1.04, 1.02, 0.88
2026-09-30T21:59:58-04:00
0 %, 429 MiB, 232 MHz, 810 MHz, 7.64 W, 34
0 %, 17 MiB, 210 MHz, 405 MHz, 20.93 W, 31
 21:59:58 up 7 days,  5:51,  5 users,  load average: 1.04, 1.02, 0.88
2026-09-30T22:00:00-04:00
0 %, 429 MiB, 232 MHz, 405 MHz, 6.12 W, 34
0 %, 17 MiB, 210 MHz, 405 MHz, 20.88 W, 31
 22:00:00 up 7 days,  5:51,  5 users,  load average: 1.04, 1.02, 0.88
2026-09-30T22:00:02-04:00
0 %, 429 MiB, 232 MHz, 405 MHz, 6.15 W, 34
0 %, 17 MiB, 210 MHz, 405 MHz, 27.55 W, 31
 22:00:02 up 7 days,  5:51,  5 users,  load average: 1.03, 1.02, 0.88
2026-09-30T22:00:04-04:00
0 %, 429 MiB, 240 MHz, 405 MHz, 5.72 W, 34
0 %, 17 MiB, 210 MHz, 405 MHz, 21.19 W, 31
 22:00:04 up 7 days,  5:51,  5 users,  load average: 1.03, 1.02, 0.88
2026-09-30T22:00:06-04:00
0 %, 429 MiB, 232 MHz, 405 MHz, 5.94 W, 34
0 %, 17 MiB, 210 MHz, 405 MHz, 20.87 W, 31
 22:00:06 up 7 days,  5:51,  5 users,  load average: 1.03, 1.02, 0.88
2026-09-30T22:00:08-04:00
0 %, 429 MiB, 232 MHz, 405 MHz, 5.86 W, 34
0 %, 17 MiB, 210 MHz, 405 MHz, 27.22 W, 31
 22:00:08 up 7 days,  5:51,  5 users,  load average: 1.03, 1.02, 0.89
2026-09-30T22:00:10-04:00
0 %, 429 MiB, 232 MHz, 405 MHz, 5.75 W, 34
0 %, 17 MiB, 210 MHz, 405 MHz, 21.26 W, 31
 22:00:10 up 7 days,  5:51,  5 users,  load average: 1.03, 1.02, 0.89
2026-09-30T22:00:12-04:00
0 %, 429 MiB, 232 MHz, 405 MHz, 5.62 W, 34
0 %, 17 MiB, 210 MHz, 405 MHz, 20.99 W, 31
 22:00:12 up 7 days,  5:51,  5 users,  load average: 1.03, 1.01, 0.89
2026-09-30T22:00:14-04:00
0 %, 429 MiB, 255 MHz, 405 MHz, 5.98 W, 34
0 %, 17 MiB, 210 MHz, 405 MHz, 20.97 W, 31
 22:00:14 up 7 days,  5:51,  5 users,  load average: 1.03, 1.01, 0.89
2026-09-30T22:00:16-04:00
0 %, 429 MiB, 232 MHz, 405 MHz, 6.16 W, 34
0 %, 17 MiB, 210 MHz, 405 MHz, 27.42 W, 31
 22:00:16 up 7 days,  5:51,  5 users,  load average: 1.03, 1.01, 0.89
2026-09-30T22:00:18-04:00
0 %, 429 MiB, 232 MHz, 405 MHz, 5.99 W, 34
0 %, 17 MiB, 210 MHz, 405 MHz, 21.10 W, 31
 22:00:19 up 7 days,  5:51,  5 users,  load average: 1.02, 1.01, 0.89
2026-09-30T22:00:21-04:00
0 %, 429 MiB, 232 MHz, 405 MHz, 5.81 W, 34
0 %, 17 MiB, 210 MHz, 405 MHz, 20.97 W, 31
 22:00:21 up 7 days,  5:51,  5 users,  load average: 1.02, 1.01, 0.89
2026-09-30T22:00:23-04:00
0 %, 429 MiB, 232 MHz, 405 MHz, 5.56 W, 34
0 %, 17 MiB, 210 MHz, 405 MHz, 27.68 W, 31
 22:00:23 up 7 days,  5:51,  5 users,  load average: 1.02, 1.01, 0.89
2026-09-30T22:00:25-04:00
0 %, 429 MiB, 232 MHz, 405 MHz, 5.74 W, 34
0 %, 17 MiB, 210 MHz, 405 MHz, 21.02 W, 31
 22:00:25 up 7 days,  5:51,  5 users,  load average: 1.02, 1.01, 0.89
2026-09-30T22:00:27-04:00
0 %, 429 MiB, 232 MHz, 405 MHz, 5.82 W, 34
0 %, 17 MiB, 210 MHz, 405 MHz, 20.92 W, 31
 22:00:27 up 7 days,  5:51,  5 users,  load average: 1.10, 1.03, 0.89
2026-09-30T22:00:29-04:00
0 %, 429 MiB, 255 MHz, 405 MHz, 5.84 W, 34
0 %, 17 MiB, 210 MHz, 405 MHz, 20.87 W, 31
 22:00:29 up 7 days,  5:51,  5 users,  load average: 1.10, 1.03, 0.89
2026-09-30T22:00:31-04:00
0 %, 429 MiB, 232 MHz, 405 MHz, 6.17 W, 34
0 %, 17 MiB, 210 MHz, 405 MHz, 22.15 W, 31
 22:00:31 up 7 days,  5:51,  5 users,  load average: 1.10, 1.03, 0.89
2026-09-30T22:00:33-04:00
0 %, 429 MiB, 232 MHz, 405 MHz, 5.88 W, 33
0 %, 17 MiB, 210 MHz, 405 MHz, 20.83 W, 31
 22:00:33 up 7 days,  5:51,  5 users,  load average: 1.09, 1.03, 0.90
2026-09-30T22:00:35-04:00
0 %, 429 MiB, 232 MHz, 405 MHz, 6.03 W, 34
0 %, 17 MiB, 210 MHz, 405 MHz, 20.89 W, 31
 22:00:35 up 7 days,  5:51,  5 users,  load average: 1.09, 1.03, 0.90
2026-09-30T22:00:37-04:00
0 %, 429 MiB, 232 MHz, 405 MHz, 6.09 W, 34
0 %, 17 MiB, 210 MHz, 405 MHz, 27.22 W, 31
 22:00:37 up 7 days,  5:51,  5 users,  load average: 1.08, 1.03, 0.90
2026-09-30T22:00:39-04:00
0 %, 429 MiB, 232 MHz, 405 MHz, 5.56 W, 33
0 %, 17 MiB, 210 MHz, 405 MHz, 21.07 W, 31
 22:00:39 up 7 days,  5:51,  5 users,  load average: 1.08, 1.03, 0.90
2026-09-30T22:00:41-04:00
0 %, 429 MiB, 232 MHz, 405 MHz, 6.17 W, 33
0 %, 17 MiB, 210 MHz, 405 MHz, 20.82 W, 31
 22:00:41 up 7 days,  5:51,  5 users,  load average: 1.08, 1.03, 0.90
2026-09-30T22:00:43-04:00
8 %, 20419 MiB, 2910 MHz, 13801 MHz, 82.34 W, 35
0 %, 20 MiB, 210 MHz, 405 MHz, 28.59 W, 31
1703167, /home/ndizazzo/dev/mesh/issue1393-q4-snapshot-20260930/target/release/xtask, 19982 MiB
 22:00:43 up 7 days,  5:51,  5 users,  load average: 1.08, 1.03, 0.90
2026-09-30T22:00:45-04:00
5 %, 20419 MiB, 2812 MHz, 13801 MHz, 71.94 W, 35
0 %, 20 MiB, 210 MHz, 405 MHz, 21.68 W, 31
1703167, /home/ndizazzo/dev/mesh/issue1393-q4-snapshot-20260930/target/release/xtask, 19982 MiB
 22:00:45 up 7 days,  5:51,  5 users,  load average: 1.08, 1.03, 0.90
2026-09-30T22:00:47-04:00
6 %, 20419 MiB, 2805 MHz, 13801 MHz, 72.92 W, 35
0 %, 20 MiB, 210 MHz, 405 MHz, 20.85 W, 31
1703167, /home/ndizazzo/dev/mesh/issue1393-q4-snapshot-20260930/target/release/xtask, 19982 MiB
 22:00:48 up 7 days,  5:51,  5 users,  load average: 1.07, 1.03, 0.90
2026-09-30T22:00:50-04:00
7 %, 20419 MiB, 2805 MHz, 13801 MHz, 73.80 W, 35
0 %, 20 MiB, 210 MHz, 405 MHz, 20.89 W, 31
1703167, /home/ndizazzo/dev/mesh/issue1393-q4-snapshot-20260930/target/release/xtask, 19982 MiB
 22:00:50 up 7 days,  5:51,  5 users,  load average: 1.07, 1.03, 0.90
2026-09-30T22:00:52-04:00
7 %, 20419 MiB, 2820 MHz, 13801 MHz, 73.06 W, 35
0 %, 20 MiB, 210 MHz, 405 MHz, 27.64 W, 31
1703167, /home/ndizazzo/dev/mesh/issue1393-q4-snapshot-20260930/target/release/xtask, 19982 MiB
 22:00:52 up 7 days,  5:51,  5 users,  load average: 1.07, 1.03, 0.90
2026-09-30T22:00:54-04:00
8 %, 20419 MiB, 2910 MHz, 13801 MHz, 79.60 W, 35
0 %, 20 MiB, 210 MHz, 405 MHz, 21.24 W, 31
1703167, /home/ndizazzo/dev/mesh/issue1393-q4-snapshot-20260930/target/release/xtask, 19982 MiB
 22:00:54 up 7 days,  5:51,  5 users,  load average: 1.07, 1.03, 0.90
2026-09-30T22:00:56-04:00
94 %, 20571 MiB, 2910 MHz, 13801 MHz, 94.75 W, 36
0 %, 20 MiB, 210 MHz, 405 MHz, 20.87 W, 31
1703167, /home/ndizazzo/dev/mesh/issue1393-q4-snapshot-20260930/target/release/xtask, 20134 MiB
 22:00:56 up 7 days,  5:51,  5 users,  load average: 1.07, 1.03, 0.90
2026-09-30T22:00:58-04:00
96 %, 20571 MiB, 2910 MHz, 13801 MHz, 94.82 W, 36
0 %, 20 MiB, 210 MHz, 405 MHz, 22.29 W, 31
1703167, /home/ndizazzo/dev/mesh/issue1393-q4-snapshot-20260930/target/release/xtask, 20134 MiB
 22:00:58 up 7 days,  5:52,  5 users,  load average: 1.14, 1.04, 0.91
2026-09-30T22:01:00-04:00
93 %, 20571 MiB, 2910 MHz, 13801 MHz, 94.66 W, 36
0 %, 20 MiB, 210 MHz, 405 MHz, 21.97 W, 31
1703167, /home/ndizazzo/dev/mesh/issue1393-q4-snapshot-20260930/target/release/xtask, 20134 MiB
 22:01:00 up 7 days,  5:52,  5 users,  load average: 1.14, 1.04, 0.91
2026-09-30T22:01:02-04:00
93 %, 20571 MiB, 2910 MHz, 13801 MHz, 94.88 W, 36
0 %, 20 MiB, 210 MHz, 405 MHz, 20.84 W, 30
1703167, /home/ndizazzo/dev/mesh/issue1393-q4-snapshot-20260930/target/release/xtask, 20134 MiB
 22:01:02 up 7 days,  5:52,  5 users,  load average: 1.13, 1.04, 0.91
2026-09-30T22:01:04-04:00
92 %, 20571 MiB, 2910 MHz, 13801 MHz, 94.68 W, 35
0 %, 20 MiB, 210 MHz, 405 MHz, 21.05 W, 30
1703167, /home/ndizazzo/dev/mesh/issue1393-q4-snapshot-20260930/target/release/xtask, 20134 MiB
 22:01:04 up 7 days,  5:52,  5 users,  load average: 1.13, 1.04, 0.91
2026-09-30T22:01:06-04:00
94 %, 20571 MiB, 2910 MHz, 13801 MHz, 94.43 W, 36
0 %, 20 MiB, 210 MHz, 405 MHz, 27.17 W, 31
1703167, /home/ndizazzo/dev/mesh/issue1393-q4-snapshot-20260930/target/release/xtask, 20134 MiB
 22:01:06 up 7 days,  5:52,  5 users,  load average: 1.13, 1.04, 0.91
2026-09-30T22:01:08-04:00
94 %, 20571 MiB, 2910 MHz, 13801 MHz, 95.56 W, 35
0 %, 20 MiB, 210 MHz, 405 MHz, 21.14 W, 30
1703167, /home/ndizazzo/dev/mesh/issue1393-q4-snapshot-20260930/target/release/xtask, 20134 MiB
 22:01:08 up 7 days,  5:52,  5 users,  load average: 1.12, 1.04, 0.91
2026-09-30T22:01:10-04:00
92 %, 20571 MiB, 2910 MHz, 13801 MHz, 94.94 W, 35
0 %, 20 MiB, 210 MHz, 405 MHz, 21.13 W, 30
1703167, /home/ndizazzo/dev/mesh/issue1393-q4-snapshot-20260930/target/release/xtask, 20134 MiB
 22:01:10 up 7 days,  5:52,  5 users,  load average: 1.12, 1.04, 0.91
2026-09-30T22:01:12-04:00
94 %, 20571 MiB, 2910 MHz, 13801 MHz, 94.26 W, 35
0 %, 20 MiB, 210 MHz, 405 MHz, 23.04 W, 31
1703167, /home/ndizazzo/dev/mesh/issue1393-q4-snapshot-20260930/target/release/xtask, 20134 MiB
 22:01:12 up 7 days,  5:52,  5 users,  load average: 1.11, 1.04, 0.91
2026-09-30T22:01:14-04:00
84 %, 20571 MiB, 2910 MHz, 13801 MHz, 94.94 W, 35
0 %, 20 MiB, 210 MHz, 405 MHz, 22.34 W, 31
1703167, /home/ndizazzo/dev/mesh/issue1393-q4-snapshot-20260930/target/release/xtask, 20134 MiB
 22:01:14 up 7 days,  5:52,  5 users,  load average: 1.11, 1.04, 0.91
2026-09-30T22:01:16-04:00
84 %, 20571 MiB, 2910 MHz, 13801 MHz, 94.91 W, 35
0 %, 20 MiB, 210 MHz, 405 MHz, 21.01 W, 30
1703167, /home/ndizazzo/dev/mesh/issue1393-q4-snapshot-20260930/target/release/xtask, 20134 MiB
 22:01:16 up 7 days,  5:52,  5 users,  load average: 1.11, 1.04, 0.91
2026-09-30T22:01:18-04:00
94 %, 20571 MiB, 2910 MHz, 13801 MHz, 95.03 W, 35
0 %, 20 MiB, 210 MHz, 405 MHz, 21.19 W, 30
1703167, /home/ndizazzo/dev/mesh/issue1393-q4-snapshot-20260930/target/release/xtask, 20134 MiB
 22:01:18 up 7 days,  5:52,  5 users,  load average: 1.18, 1.06, 0.91
2026-09-30T22:01:20-04:00
100 %, 20571 MiB, 2910 MHz, 13801 MHz, 97.02 W, 35
0 %, 20 MiB, 210 MHz, 405 MHz, 27.06 W, 30
1703167, /home/ndizazzo/dev/mesh/issue1393-q4-snapshot-20260930/target/release/xtask, 20134 MiB
 22:01:20 up 7 days,  5:52,  5 users,  load average: 1.18, 1.06, 0.91
2026-09-30T22:01:22-04:00
94 %, 20571 MiB, 2910 MHz, 13801 MHz, 94.18 W, 35
0 %, 20 MiB, 210 MHz, 405 MHz, 21.42 W, 30
1703167, /home/ndizazzo/dev/mesh/issue1393-q4-snapshot-20260930/target/release/xtask, 20134 MiB
 22:01:23 up 7 days,  5:52,  5 users,  load average: 1.25, 1.07, 0.92
2026-09-30T22:01:25-04:00
92 %, 20571 MiB, 2910 MHz, 13801 MHz, 94.45 W, 35
0 %, 20 MiB, 210 MHz, 405 MHz, 20.99 W, 30
1703167, /home/ndizazzo/dev/mesh/issue1393-q4-snapshot-20260930/target/release/xtask, 20134 MiB
 22:01:25 up 7 days,  5:52,  5 users,  load average: 1.25, 1.07, 0.92
2026-09-30T22:01:27-04:00
96 %, 20571 MiB, 2910 MHz, 13801 MHz, 94.99 W, 35
0 %, 20 MiB, 210 MHz, 405 MHz, 23.56 W, 30
1703167, /home/ndizazzo/dev/mesh/issue1393-q4-snapshot-20260930/target/release/xtask, 20134 MiB
 22:01:27 up 7 days,  5:52,  5 users,  load average: 1.25, 1.07, 0.92
2026-09-30T22:01:29-04:00
92 %, 20571 MiB, 2910 MHz, 13801 MHz, 93.96 W, 35
0 %, 20 MiB, 210 MHz, 405 MHz, 21.88 W, 30
1703167, /home/ndizazzo/dev/mesh/issue1393-q4-snapshot-20260930/target/release/xtask, 20134 MiB
 22:01:29 up 7 days,  5:52,  5 users,  load average: 1.31, 1.09, 0.93
2026-09-30T22:01:31-04:00
88 %, 20571 MiB, 2910 MHz, 13801 MHz, 94.90 W, 35
0 %, 20 MiB, 210 MHz, 405 MHz, 21.12 W, 30
1703167, /home/ndizazzo/dev/mesh/issue1393-q4-snapshot-20260930/target/release/xtask, 20134 MiB
 22:01:31 up 7 days,  5:52,  5 users,  load average: 1.31, 1.09, 0.93
2026-09-30T22:01:33-04:00
87 %, 20571 MiB, 2910 MHz, 13801 MHz, 94.42 W, 35
0 %, 20 MiB, 210 MHz, 405 MHz, 21.10 W, 30
1703167, /home/ndizazzo/dev/mesh/issue1393-q4-snapshot-20260930/target/release/xtask, 20134 MiB
 22:01:33 up 7 days,  5:52,  5 users,  load average: 1.28, 1.09, 0.93
2026-09-30T22:01:35-04:00
91 %, 20571 MiB, 2910 MHz, 13801 MHz, 94.17 W, 35
0 %, 20 MiB, 210 MHz, 405 MHz, 27.41 W, 30
1703167, /home/ndizazzo/dev/mesh/issue1393-q4-snapshot-20260930/target/release/xtask, 20134 MiB
 22:01:35 up 7 days,  5:52,  5 users,  load average: 1.28, 1.09, 0.93
2026-09-30T22:01:37-04:00
93 %, 20571 MiB, 2910 MHz, 13801 MHz, 94.68 W, 35
0 %, 20 MiB, 210 MHz, 405 MHz, 21.18 W, 30
1703167, /home/ndizazzo/dev/mesh/issue1393-q4-snapshot-20260930/target/release/xtask, 20134 MiB
 22:01:37 up 7 days,  5:52,  5 users,  load average: 1.34, 1.10, 0.93
2026-09-30T22:01:39-04:00
85 %, 20571 MiB, 2910 MHz, 13801 MHz, 94.30 W, 35
0 %, 20 MiB, 210 MHz, 405 MHz, 21.14 W, 30
1703167, /home/ndizazzo/dev/mesh/issue1393-q4-snapshot-20260930/target/release/xtask, 20134 MiB
 22:01:39 up 7 days,  5:52,  5 users,  load average: 1.34, 1.10, 0.93
2026-09-30T22:01:41-04:00
84 %, 20571 MiB, 2910 MHz, 13801 MHz, 93.84 W, 35
0 %, 20 MiB, 210 MHz, 405 MHz, 22.78 W, 30
1703167, /home/ndizazzo/dev/mesh/issue1393-q4-snapshot-20260930/target/release/xtask, 20134 MiB
 22:01:41 up 7 days,  5:52,  5 users,  load average: 1.34, 1.10, 0.93
2026-09-30T22:01:43-04:00
97 %, 20571 MiB, 2910 MHz, 13801 MHz, 94.32 W, 35
0 %, 20 MiB, 210 MHz, 405 MHz, 22.41 W, 30
1703167, /home/ndizazzo/dev/mesh/issue1393-q4-snapshot-20260930/target/release/xtask, 20134 MiB
 22:01:43 up 7 days,  5:52,  5 users,  load average: 1.39, 1.12, 0.94
2026-09-30T22:01:45-04:00
96 %, 20571 MiB, 2910 MHz, 13801 MHz, 94.76 W, 35
0 %, 20 MiB, 210 MHz, 405 MHz, 21.11 W, 30
1703167, /home/ndizazzo/dev/mesh/issue1393-q4-snapshot-20260930/target/release/xtask, 20134 MiB
 22:01:45 up 7 days,  5:52,  5 users,  load average: 1.39, 1.12, 0.94
2026-09-30T22:01:47-04:00
86 %, 20571 MiB, 2910 MHz, 13801 MHz, 94.44 W, 35
0 %, 20 MiB, 210 MHz, 405 MHz, 21.22 W, 30
1703167, /home/ndizazzo/dev/mesh/issue1393-q4-snapshot-20260930/target/release/xtask, 20134 MiB
 22:01:47 up 7 days,  5:52,  5 users,  load average: 1.36, 1.12, 0.94
2026-09-30T22:01:49-04:00
88 %, 20571 MiB, 2910 MHz, 13801 MHz, 94.79 W, 35
0 %, 20 MiB, 210 MHz, 405 MHz, 27.15 W, 30
1703167, /home/ndizazzo/dev/mesh/issue1393-q4-snapshot-20260930/target/release/xtask, 20134 MiB
 22:01:49 up 7 days,  5:52,  5 users,  load average: 1.36, 1.12, 0.94
2026-09-30T22:01:51-04:00
93 %, 20571 MiB, 2910 MHz, 13801 MHz, 94.45 W, 35
0 %, 20 MiB, 210 MHz, 405 MHz, 21.38 W, 30
1703167, /home/ndizazzo/dev/mesh/issue1393-q4-snapshot-20260930/target/release/xtask, 20134 MiB
 22:01:51 up 7 days,  5:52,  5 users,  load average: 1.36, 1.12, 0.94
2026-09-30T22:01:53-04:00
85 %, 20571 MiB, 2910 MHz, 13801 MHz, 94.89 W, 35
0 %, 20 MiB, 210 MHz, 405 MHz, 21.05 W, 30
1703167, /home/ndizazzo/dev/mesh/issue1393-q4-snapshot-20260930/target/release/xtask, 20134 MiB
 22:01:53 up 7 days,  5:52,  5 users,  load average: 1.33, 1.11, 0.94
2026-09-30T22:01:55-04:00
95 %, 20571 MiB, 2910 MHz, 13801 MHz, 94.61 W, 35
0 %, 20 MiB, 210 MHz, 405 MHz, 23.25 W, 30
1703167, /home/ndizazzo/dev/mesh/issue1393-q4-snapshot-20260930/target/release/xtask, 20134 MiB
 22:01:55 up 7 days,  5:52,  5 users,  load average: 1.33, 1.11, 0.94
2026-09-30T22:01:57-04:00
85 %, 20571 MiB, 2910 MHz, 13801 MHz, 94.84 W, 35
0 %, 20 MiB, 210 MHz, 405 MHz, 21.85 W, 30
1703167, /home/ndizazzo/dev/mesh/issue1393-q4-snapshot-20260930/target/release/xtask, 20134 MiB
 22:01:58 up 7 days,  5:53,  5 users,  load average: 1.39, 1.13, 0.95
2026-09-30T22:02:00-04:00
94 %, 20571 MiB, 2910 MHz, 13801 MHz, 94.50 W, 35
0 %, 20 MiB, 210 MHz, 405 MHz, 21.05 W, 30
1703167, /home/ndizazzo/dev/mesh/issue1393-q4-snapshot-20260930/target/release/xtask, 20134 MiB
 22:02:00 up 7 days,  5:53,  5 users,  load average: 1.39, 1.13, 0.95
2026-09-30T22:02:02-04:00
94 %, 20571 MiB, 2910 MHz, 13801 MHz, 94.31 W, 35
0 %, 20 MiB, 210 MHz, 405 MHz, 21.13 W, 30
1703167, /home/ndizazzo/dev/mesh/issue1393-q4-snapshot-20260930/target/release/xtask, 20134 MiB
 22:02:02 up 7 days,  5:53,  5 users,  load average: 1.39, 1.13, 0.95
2026-09-30T22:02:04-04:00
87 %, 20571 MiB, 2910 MHz, 13801 MHz, 94.77 W, 35
0 %, 20 MiB, 210 MHz, 405 MHz, 27.46 W, 30
1703167, /home/ndizazzo/dev/mesh/issue1393-q4-snapshot-20260930/target/release/xtask, 20134 MiB
 22:02:04 up 7 days,  5:53,  5 users,  load average: 1.35, 1.13, 0.95
2026-09-30T22:02:06-04:00
96 %, 20571 MiB, 2910 MHz, 13801 MHz, 94.87 W, 35
0 %, 20 MiB, 210 MHz, 405 MHz, 21.41 W, 30
1703167, /home/ndizazzo/dev/mesh/issue1393-q4-snapshot-20260930/target/release/xtask, 20134 MiB
 22:02:06 up 7 days,  5:53,  5 users,  load average: 1.35, 1.13, 0.95
2026-09-30T22:02:08-04:00
93 %, 20571 MiB, 2910 MHz, 13801 MHz, 94.42 W, 35
0 %, 20 MiB, 210 MHz, 405 MHz, 21.10 W, 30
1703167, /home/ndizazzo/dev/mesh/issue1393-q4-snapshot-20260930/target/release/xtask, 20134 MiB
 22:02:08 up 7 days,  5:53,  5 users,  load average: 1.41, 1.14, 0.95
2026-09-30T22:02:10-04:00
93 %, 20571 MiB, 2910 MHz, 13801 MHz, 95.33 W, 35
0 %, 20 MiB, 210 MHz, 405 MHz, 23.67 W, 30
1703167, /home/ndizazzo/dev/mesh/issue1393-q4-snapshot-20260930/target/release/xtask, 20134 MiB
 22:02:10 up 7 days,  5:53,  5 users,  load average: 1.41, 1.14, 0.95
2026-09-30T22:02:12-04:00
100 %, 20571 MiB, 2910 MHz, 13801 MHz, 95.98 W, 35
0 %, 20 MiB, 210 MHz, 405 MHz, 22.10 W, 30
1703167, /home/ndizazzo/dev/mesh/issue1393-q4-snapshot-20260930/target/release/xtask, 20134 MiB
 22:02:12 up 7 days,  5:53,  5 users,  load average: 1.45, 1.16, 0.96
2026-09-30T22:02:14-04:00
95 %, 20571 MiB, 2910 MHz, 13801 MHz, 93.74 W, 35
0 %, 20 MiB, 210 MHz, 405 MHz, 21.04 W, 30
1703167, /home/ndizazzo/dev/mesh/issue1393-q4-snapshot-20260930/target/release/xtask, 20134 MiB
 22:02:14 up 7 days,  5:53,  5 users,  load average: 1.45, 1.16, 0.96
2026-09-30T22:02:16-04:00
96 %, 20571 MiB, 2910 MHz, 13801 MHz, 93.58 W, 35
0 %, 20 MiB, 210 MHz, 405 MHz, 21.10 W, 30
1703167, /home/ndizazzo/dev/mesh/issue1393-q4-snapshot-20260930/target/release/xtask, 20134 MiB
 22:02:16 up 7 days,  5:53,  5 users,  load average: 1.45, 1.16, 0.96
2026-09-30T22:02:18-04:00
92 %, 20571 MiB, 2910 MHz, 13801 MHz, 94.09 W, 35
0 %, 20 MiB, 210 MHz, 405 MHz, 21.89 W, 30
1703167, /home/ndizazzo/dev/mesh/issue1393-q4-snapshot-20260930/target/release/xtask, 20134 MiB
 22:02:18 up 7 days,  5:53,  5 users,  load average: 1.42, 1.15, 0.96
2026-09-30T22:02:20-04:00
86 %, 20571 MiB, 2910 MHz, 13801 MHz, 93.99 W, 35
0 %, 20 MiB, 210 MHz, 405 MHz, 21.09 W, 30
1703167, /home/ndizazzo/dev/mesh/issue1393-q4-snapshot-20260930/target/release/xtask, 20134 MiB
 22:02:20 up 7 days,  5:53,  5 users,  load average: 1.42, 1.15, 0.96
2026-09-30T22:02:22-04:00
88 %, 20571 MiB, 2910 MHz, 13801 MHz, 94.31 W, 35
0 %, 20 MiB, 210 MHz, 405 MHz, 21.08 W, 30
1703167, /home/ndizazzo/dev/mesh/issue1393-q4-snapshot-20260930/target/release/xtask, 20134 MiB
 22:02:22 up 7 days,  5:53,  5 users,  load average: 1.38, 1.15, 0.96
2026-09-30T22:02:24-04:00
95 %, 20571 MiB, 2910 MHz, 13801 MHz, 94.44 W, 35
0 %, 20 MiB, 210 MHz, 405 MHz, 24.08 W, 30
1703167, /home/ndizazzo/dev/mesh/issue1393-q4-snapshot-20260930/target/release/xtask, 20134 MiB
 22:02:24 up 7 days,  5:53,  5 users,  load average: 1.38, 1.15, 0.96
2026-09-30T22:02:26-04:00
96 %, 20571 MiB, 2910 MHz, 13801 MHz, 93.55 W, 35
0 %, 20 MiB, 210 MHz, 405 MHz, 21.84 W, 30
1703167, /home/ndizazzo/dev/mesh/issue1393-q4-snapshot-20260930/target/release/xtask, 20134 MiB
 22:02:26 up 7 days,  5:53,  5 users,  load average: 1.38, 1.15, 0.96
2026-09-30T22:02:28-04:00
88 %, 20571 MiB, 2910 MHz, 13801 MHz, 94.51 W, 35
0 %, 20 MiB, 210 MHz, 405 MHz, 21.05 W, 30
1703167, /home/ndizazzo/dev/mesh/issue1393-q4-snapshot-20260930/target/release/xtask, 20134 MiB
 22:02:28 up 7 days,  5:53,  5 users,  load average: 1.35, 1.15, 0.96
2026-09-30T22:02:30-04:00
88 %, 20571 MiB, 2910 MHz, 13801 MHz, 94.30 W, 35
0 %, 20 MiB, 210 MHz, 405 MHz, 21.12 W, 30
1703167, /home/ndizazzo/dev/mesh/issue1393-q4-snapshot-20260930/target/release/xtask, 20134 MiB
 22:02:30 up 7 days,  5:53,  5 users,  load average: 1.35, 1.15, 0.96
2026-09-30T22:02:33-04:00
95 %, 20571 MiB, 2910 MHz, 13801 MHz, 94.03 W, 35
0 %, 20 MiB, 210 MHz, 405 MHz, 27.52 W, 30
1703167, /home/ndizazzo/dev/mesh/issue1393-q4-snapshot-20260930/target/release/xtask, 20134 MiB
 22:02:33 up 7 days,  5:53,  5 users,  load average: 1.32, 1.14, 0.96
2026-09-30T22:02:35-04:00
98 %, 20571 MiB, 2910 MHz, 13801 MHz, 94.83 W, 35
0 %, 20 MiB, 210 MHz, 405 MHz, 21.00 W, 30
1703167, /home/ndizazzo/dev/mesh/issue1393-q4-snapshot-20260930/target/release/xtask, 20134 MiB
 22:02:35 up 7 days,  5:53,  5 users,  load average: 1.32, 1.14, 0.96
2026-09-30T22:02:37-04:00
95 %, 20571 MiB, 2910 MHz, 13801 MHz, 95.38 W, 35
0 %, 20 MiB, 210 MHz, 405 MHz, 21.08 W, 30
1703167, /home/ndizazzo/dev/mesh/issue1393-q4-snapshot-20260930/target/release/xtask, 20134 MiB
 22:02:37 up 7 days,  5:53,  5 users,  load average: 1.32, 1.14, 0.96
2026-09-30T22:02:39-04:00
91 %, 20571 MiB, 2910 MHz, 13801 MHz, 95.52 W, 35
0 %, 20 MiB, 210 MHz, 405 MHz, 27.09 W, 30
1703167, /home/ndizazzo/dev/mesh/issue1393-q4-snapshot-20260930/target/release/xtask, 20134 MiB
 22:02:39 up 7 days,  5:53,  5 users,  load average: 1.38, 1.16, 0.97
2026-09-30T22:02:41-04:00
88 %, 20571 MiB, 2910 MHz, 13801 MHz, 94.32 W, 35
0 %, 20 MiB, 210 MHz, 405 MHz, 21.07 W, 30
1703167, /home/ndizazzo/dev/mesh/issue1393-q4-snapshot-20260930/target/release/xtask, 20134 MiB
 22:02:41 up 7 days,  5:53,  5 users,  load average: 1.38, 1.16, 0.97
2026-09-30T22:02:43-04:00
87 %, 20571 MiB, 2910 MHz, 13801 MHz, 93.70 W, 35
0 %, 20 MiB, 210 MHz, 405 MHz, 21.01 W, 30
1703167, /home/ndizazzo/dev/mesh/issue1393-q4-snapshot-20260930/target/release/xtask, 20134 MiB
 22:02:43 up 7 days,  5:53,  5 users,  load average: 1.35, 1.16, 0.97
2026-09-30T22:02:45-04:00
96 %, 20571 MiB, 2910 MHz, 13801 MHz, 93.51 W, 35
0 %, 20 MiB, 210 MHz, 405 MHz, 21.11 W, 30
1703167, /home/ndizazzo/dev/mesh/issue1393-q4-snapshot-20260930/target/release/xtask, 20134 MiB
 22:02:45 up 7 days,  5:53,  5 users,  load average: 1.35, 1.16, 0.97
2026-09-30T22:02:47-04:00
95 %, 20571 MiB, 2910 MHz, 13801 MHz, 93.85 W, 35
0 %, 20 MiB, 210 MHz, 405 MHz, 27.42 W, 30
1703167, /home/ndizazzo/dev/mesh/issue1393-q4-snapshot-20260930/target/release/xtask, 20134 MiB
 22:02:47 up 7 days,  5:53,  5 users,  load average: 1.32, 1.15, 0.97
2026-09-30T22:02:49-04:00
94 %, 20571 MiB, 2910 MHz, 13801 MHz, 93.85 W, 35
0 %, 20 MiB, 210 MHz, 405 MHz, 21.12 W, 30
1703167, /home/ndizazzo/dev/mesh/issue1393-q4-snapshot-20260930/target/release/xtask, 20134 MiB
 22:02:49 up 7 days,  5:53,  5 users,  load average: 1.32, 1.15, 0.97
2026-09-30T22:02:51-04:00
88 %, 20571 MiB, 2910 MHz, 13801 MHz, 94.36 W, 35
0 %, 20 MiB, 210 MHz, 405 MHz, 21.08 W, 30
1703167, /home/ndizazzo/dev/mesh/issue1393-q4-snapshot-20260930/target/release/xtask, 20134 MiB
 22:02:51 up 7 days,  5:53,  5 users,  load average: 1.32, 1.15, 0.97
2026-09-30T22:02:53-04:00
95 %, 20571 MiB, 2910 MHz, 13801 MHz, 94.31 W, 35
0 %, 20 MiB, 210 MHz, 405 MHz, 27.47 W, 30
1703167, /home/ndizazzo/dev/mesh/issue1393-q4-snapshot-20260930/target/release/xtask, 20134 MiB
 22:02:53 up 7 days,  5:53,  5 users,  load average: 1.37, 1.17, 0.97
2026-09-30T22:02:55-04:00
95 %, 20571 MiB, 2910 MHz, 13801 MHz, 93.93 W, 35
0 %, 20 MiB, 210 MHz, 405 MHz, 21.38 W, 30
1703167, /home/ndizazzo/dev/mesh/issue1393-q4-snapshot-20260930/target/release/xtask, 20134 MiB
 22:02:55 up 7 days,  5:53,  5 users,  load average: 1.37, 1.17, 0.97
2026-09-30T22:02:57-04:00
96 %, 20571 MiB, 2910 MHz, 13801 MHz, 94.16 W, 35
0 %, 20 MiB, 210 MHz, 405 MHz, 21.02 W, 30
1703167, /home/ndizazzo/dev/mesh/issue1393-q4-snapshot-20260930/target/release/xtask, 20134 MiB
 22:02:57 up 7 days,  5:54,  5 users,  load average: 1.42, 1.18, 0.98
2026-09-30T22:02:59-04:00
93 %, 20571 MiB, 2910 MHz, 13801 MHz, 94.28 W, 35
0 %, 20 MiB, 210 MHz, 405 MHz, 21.04 W, 30
1703167, /home/ndizazzo/dev/mesh/issue1393-q4-snapshot-20260930/target/release/xtask, 20134 MiB
 22:02:59 up 7 days,  5:54,  5 users,  load average: 1.42, 1.18, 0.98
2026-09-30T22:03:01-04:00
95 %, 20571 MiB, 2910 MHz, 13801 MHz, 94.50 W, 35
0 %, 20 MiB, 210 MHz, 405 MHz, 21.94 W, 30
1703167, /home/ndizazzo/dev/mesh/issue1393-q4-snapshot-20260930/target/release/xtask, 20134 MiB
 22:03:01 up 7 days,  5:54,  5 users,  load average: 1.42, 1.18, 0.98
2026-09-30T22:03:03-04:00
96 %, 20571 MiB, 2910 MHz, 13801 MHz, 96.33 W, 35
0 %, 20 MiB, 210 MHz, 405 MHz, 21.01 W, 30
1703167, /home/ndizazzo/dev/mesh/issue1393-q4-snapshot-20260930/target/release/xtask, 20134 MiB
 22:03:03 up 7 days,  5:54,  5 users,  load average: 1.39, 1.18, 0.98
2026-09-30T22:03:05-04:00
93 %, 20571 MiB, 2910 MHz, 13801 MHz, 94.31 W, 35
0 %, 20 MiB, 210 MHz, 405 MHz, 21.14 W, 30
1703167, /home/ndizazzo/dev/mesh/issue1393-q4-snapshot-20260930/target/release/xtask, 20134 MiB
 22:03:05 up 7 days,  5:54,  5 users,  load average: 1.39, 1.18, 0.98
2026-09-30T22:03:07-04:00
86 %, 20571 MiB, 2910 MHz, 13801 MHz, 94.75 W, 35
0 %, 20 MiB, 210 MHz, 405 MHz, 24.01 W, 30
1703167, /home/ndizazzo/dev/mesh/issue1393-q4-snapshot-20260930/target/release/xtask, 20134 MiB
 22:03:08 up 7 days,  5:54,  5 users,  load average: 1.44, 1.19, 0.98
2026-09-30T22:03:10-04:00
88 %, 20571 MiB, 2910 MHz, 13801 MHz, 93.74 W, 35
0 %, 20 MiB, 210 MHz, 405 MHz, 21.76 W, 30
1703167, /home/ndizazzo/dev/mesh/issue1393-q4-snapshot-20260930/target/release/xtask, 20134 MiB
 22:03:10 up 7 days,  5:54,  5 users,  load average: 1.44, 1.19, 0.98
2026-09-30T22:03:12-04:00
95 %, 20571 MiB, 2910 MHz, 13801 MHz, 93.91 W, 35
0 %, 20 MiB, 210 MHz, 405 MHz, 20.96 W, 30
1703167, /home/ndizazzo/dev/mesh/issue1393-q4-snapshot-20260930/target/release/xtask, 20134 MiB
 22:03:12 up 7 days,  5:54,  5 users,  load average: 1.44, 1.19, 0.98
2026-09-30T22:03:14-04:00
98 %, 20571 MiB, 2910 MHz, 13801 MHz, 94.19 W, 35
0 %, 20 MiB, 210 MHz, 405 MHz, 21.74 W, 30
1703167, /home/ndizazzo/dev/mesh/issue1393-q4-snapshot-20260930/target/release/xtask, 20134 MiB
 22:03:14 up 7 days,  5:54,  5 users,  load average: 1.48, 1.20, 0.99
2026-09-30T22:03:16-04:00
96 %, 20571 MiB, 2910 MHz, 13801 MHz, 94.29 W, 35
0 %, 20 MiB, 210 MHz, 405 MHz, 22.24 W, 30
1703167, /home/ndizazzo/dev/mesh/issue1393-q4-snapshot-20260930/target/release/xtask, 20134 MiB
 22:03:16 up 7 days,  5:54,  5 users,  load average: 1.48, 1.20, 0.99
2026-09-30T22:03:18-04:00
93 %, 20571 MiB, 2910 MHz, 13801 MHz, 93.84 W, 35
0 %, 20 MiB, 210 MHz, 405 MHz, 21.04 W, 30
1703167, /home/ndizazzo/dev/mesh/issue1393-q4-snapshot-20260930/target/release/xtask, 20134 MiB
 22:03:18 up 7 days,  5:54,  5 users,  load average: 1.53, 1.22, 1.00
2026-09-30T22:03:20-04:00
90 %, 20571 MiB, 2910 MHz, 13801 MHz, 94.74 W, 35
0 %, 20 MiB, 210 MHz, 405 MHz, 21.23 W, 30
1703167, /home/ndizazzo/dev/mesh/issue1393-q4-snapshot-20260930/target/release/xtask, 20134 MiB
 22:03:20 up 7 days,  5:54,  5 users,  load average: 1.53, 1.22, 1.00
2026-09-30T22:03:22-04:00
95 %, 20571 MiB, 2910 MHz, 13801 MHz, 94.28 W, 35
0 %, 20 MiB, 210 MHz, 405 MHz, 26.96 W, 30
1703167, /home/ndizazzo/dev/mesh/issue1393-q4-snapshot-20260930/target/release/xtask, 20134 MiB
 22:03:22 up 7 days,  5:54,  5 users,  load average: 1.56, 1.23, 1.00
2026-09-30T22:03:24-04:00
95 %, 20571 MiB, 2910 MHz, 13801 MHz, 93.89 W, 35
0 %, 20 MiB, 210 MHz, 405 MHz, 21.31 W, 30
1703167, /home/ndizazzo/dev/mesh/issue1393-q4-snapshot-20260930/target/release/xtask, 20134 MiB
 22:03:24 up 7 days,  5:54,  5 users,  load average: 1.56, 1.23, 1.00
2026-09-30T22:03:26-04:00
95 %, 20571 MiB, 2910 MHz, 13801 MHz, 94.85 W, 35
0 %, 20 MiB, 210 MHz, 405 MHz, 21.09 W, 30
1703167, /home/ndizazzo/dev/mesh/issue1393-q4-snapshot-20260930/target/release/xtask, 20134 MiB
 22:03:26 up 7 days,  5:54,  5 users,  load average: 1.56, 1.23, 1.00
2026-09-30T22:03:28-04:00
100 %, 20571 MiB, 2910 MHz, 13801 MHz, 95.29 W, 35
0 %, 20 MiB, 210 MHz, 405 MHz, 22.52 W, 30
1703167, /home/ndizazzo/dev/mesh/issue1393-q4-snapshot-20260930/target/release/xtask, 20134 MiB
 22:03:28 up 7 days,  5:54,  5 users,  load average: 1.60, 1.25, 1.01
2026-09-30T22:03:30-04:00
94 %, 20571 MiB, 2910 MHz, 13801 MHz, 94.85 W, 35
0 %, 20 MiB, 210 MHz, 405 MHz, 21.87 W, 30
1703167, /home/ndizazzo/dev/mesh/issue1393-q4-snapshot-20260930/target/release/xtask, 20134 MiB
 22:03:30 up 7 days,  5:54,  5 users,  load average: 1.60, 1.25, 1.01
2026-09-30T22:03:32-04:00
87 %, 20571 MiB, 2910 MHz, 13801 MHz, 94.45 W, 35
0 %, 20 MiB, 210 MHz, 405 MHz, 20.88 W, 30
1703167, /home/ndizazzo/dev/mesh/issue1393-q4-snapshot-20260930/target/release/xtask, 20134 MiB
 22:03:32 up 7 days,  5:54,  5 users,  load average: 1.55, 1.24, 1.01
2026-09-30T22:03:34-04:00
93 %, 20571 MiB, 2910 MHz, 13801 MHz, 94.42 W, 35
0 %, 20 MiB, 210 MHz, 405 MHz, 21.08 W, 30
1703167, /home/ndizazzo/dev/mesh/issue1393-q4-snapshot-20260930/target/release/xtask, 20134 MiB
 22:03:34 up 7 days,  5:54,  5 users,  load average: 1.55, 1.24, 1.01
2026-09-30T22:03:36-04:00
96 %, 20571 MiB, 2910 MHz, 13801 MHz, 94.08 W, 35
0 %, 20 MiB, 210 MHz, 405 MHz, 27.11 W, 30
1703167, /home/ndizazzo/dev/mesh/issue1393-q4-snapshot-20260930/target/release/xtask, 20134 MiB
 22:03:36 up 7 days,  5:54,  5 users,  load average: 1.55, 1.24, 1.01
2026-09-30T22:03:38-04:00
96 %, 20571 MiB, 2910 MHz, 13801 MHz, 94.07 W, 35
0 %, 20 MiB, 210 MHz, 405 MHz, 21.10 W, 30
1703167, /home/ndizazzo/dev/mesh/issue1393-q4-snapshot-20260930/target/release/xtask, 20134 MiB
 22:03:38 up 7 days,  5:54,  5 users,  load average: 1.59, 1.25, 1.01
2026-09-30T22:03:40-04:00
95 %, 20571 MiB, 2910 MHz, 13801 MHz, 94.00 W, 35
0 %, 20 MiB, 210 MHz, 405 MHz, 21.05 W, 30
1703167, /home/ndizazzo/dev/mesh/issue1393-q4-snapshot-20260930/target/release/xtask, 20134 MiB
 22:03:40 up 7 days,  5:54,  5 users,  load average: 1.59, 1.25, 1.01
2026-09-30T22:03:42-04:00
96 %, 20571 MiB, 2910 MHz, 13801 MHz, 94.56 W, 35
0 %, 20 MiB, 210 MHz, 405 MHz, 21.05 W, 30
1703167, /home/ndizazzo/dev/mesh/issue1393-q4-snapshot-20260930/target/release/xtask, 20134 MiB
 22:03:43 up 7 days,  5:54,  5 users,  load average: 1.54, 1.25, 1.01
2026-09-30T22:03:45-04:00
96 %, 20571 MiB, 2910 MHz, 13801 MHz, 94.71 W, 35
0 %, 20 MiB, 210 MHz, 405 MHz, 22.41 W, 30
1703167, /home/ndizazzo/dev/mesh/issue1393-q4-snapshot-20260930/target/release/xtask, 20134 MiB
 22:03:45 up 7 days,  5:54,  5 users,  load average: 1.54, 1.25, 1.01
2026-09-30T22:03:47-04:00
100 %, 20571 MiB, 2910 MHz, 13801 MHz, 94.31 W, 35
0 %, 20 MiB, 210 MHz, 405 MHz, 21.27 W, 30
1703167, /home/ndizazzo/dev/mesh/issue1393-q4-snapshot-20260930/target/release/xtask, 20134 MiB
 22:03:47 up 7 days,  5:54,  5 users,  load average: 1.54, 1.25, 1.01
2026-09-30T22:03:49-04:00
95 %, 20571 MiB, 2910 MHz, 13801 MHz, 94.27 W, 35
0 %, 20 MiB, 210 MHz, 405 MHz, 21.22 W, 30
1703167, /home/ndizazzo/dev/mesh/issue1393-q4-snapshot-20260930/target/release/xtask, 20134 MiB
 22:03:49 up 7 days,  5:54,  5 users,  load average: 1.50, 1.24, 1.01
2026-09-30T22:03:51-04:00
96 %, 20571 MiB, 2910 MHz, 13801 MHz, 94.35 W, 35
0 %, 20 MiB, 210 MHz, 405 MHz, 27.23 W, 30
1703167, /home/ndizazzo/dev/mesh/issue1393-q4-snapshot-20260930/target/release/xtask, 20134 MiB
 22:03:51 up 7 days,  5:54,  5 users,  load average: 1.50, 1.24, 1.01
2026-09-30T22:03:53-04:00
93 %, 20571 MiB, 2910 MHz, 13801 MHz, 94.97 W, 35
0 %, 20 MiB, 210 MHz, 405 MHz, 21.36 W, 30
1703167, /home/ndizazzo/dev/mesh/issue1393-q4-snapshot-20260930/target/release/xtask, 20134 MiB
 22:03:53 up 7 days,  5:54,  5 users,  load average: 1.54, 1.26, 1.02
2026-09-30T22:03:55-04:00
100 %, 20571 MiB, 2910 MHz, 13801 MHz, 96.36 W, 35
0 %, 20 MiB, 210 MHz, 405 MHz, 21.16 W, 30
1703167, /home/ndizazzo/dev/mesh/issue1393-q4-snapshot-20260930/target/release/xtask, 20134 MiB
 22:03:55 up 7 days,  5:54,  5 users,  load average: 1.54, 1.26, 1.02
2026-09-30T22:03:57-04:00
92 %, 20571 MiB, 2910 MHz, 13801 MHz, 95.05 W, 35
0 %, 20 MiB, 210 MHz, 405 MHz, 21.85 W, 30
1703167, /home/ndizazzo/dev/mesh/issue1393-q4-snapshot-20260930/target/release/xtask, 20134 MiB
 22:03:57 up 7 days,  5:55,  5 users,  load average: 1.57, 1.27, 1.02
2026-09-30T22:03:59-04:00
96 %, 20571 MiB, 2910 MHz, 13801 MHz, 94.61 W, 35
0 %, 20 MiB, 210 MHz, 405 MHz, 21.83 W, 30
1703167, /home/ndizazzo/dev/mesh/issue1393-q4-snapshot-20260930/target/release/xtask, 20134 MiB
 22:03:59 up 7 days,  5:55,  5 users,  load average: 1.57, 1.27, 1.02
2026-09-30T22:04:01-04:00
96 %, 20571 MiB, 2910 MHz, 13801 MHz, 94.83 W, 35
0 %, 20 MiB, 210 MHz, 405 MHz, 20.99 W, 30
1703167, /home/ndizazzo/dev/mesh/issue1393-q4-snapshot-20260930/target/release/xtask, 20134 MiB
 22:04:01 up 7 days,  5:55,  5 users,  load average: 1.57, 1.27, 1.02
2026-09-30T22:04:03-04:00
95 %, 20571 MiB, 2910 MHz, 13801 MHz, 94.37 W, 35
0 %, 20 MiB, 210 MHz, 405 MHz, 21.14 W, 30
1703167, /home/ndizazzo/dev/mesh/issue1393-q4-snapshot-20260930/target/release/xtask, 20134 MiB
 22:04:03 up 7 days,  5:55,  5 users,  load average: 1.61, 1.28, 1.03
2026-09-30T22:04:05-04:00
96 %, 20571 MiB, 2910 MHz, 13801 MHz, 94.70 W, 35
0 %, 20 MiB, 210 MHz, 405 MHz, 27.38 W, 30
1703167, /home/ndizazzo/dev/mesh/issue1393-q4-snapshot-20260930/target/release/xtask, 20134 MiB
 22:04:05 up 7 days,  5:55,  5 users,  load average: 1.61, 1.28, 1.03
2026-09-30T22:04:07-04:00
87 %, 20571 MiB, 2910 MHz, 13801 MHz, 94.56 W, 35
0 %, 20 MiB, 210 MHz, 405 MHz, 21.48 W, 30
1703167, /home/ndizazzo/dev/mesh/issue1393-q4-snapshot-20260930/target/release/xtask, 20134 MiB
 22:04:07 up 7 days,  5:55,  5 users,  load average: 1.56, 1.28, 1.03
2026-09-30T22:04:09-04:00
94 %, 20571 MiB, 2910 MHz, 13801 MHz, 94.60 W, 35
0 %, 20 MiB, 210 MHz, 405 MHz, 21.03 W, 30
1703167, /home/ndizazzo/dev/mesh/issue1393-q4-snapshot-20260930/target/release/xtask, 20134 MiB
 22:04:09 up 7 days,  5:55,  5 users,  load average: 1.56, 1.28, 1.03
2026-09-30T22:04:11-04:00
96 %, 20571 MiB, 2910 MHz, 13801 MHz, 94.15 W, 35
0 %, 20 MiB, 210 MHz, 405 MHz, 22.35 W, 30
1703167, /home/ndizazzo/dev/mesh/issue1393-q4-snapshot-20260930/target/release/xtask, 20134 MiB
 22:04:11 up 7 days,  5:55,  5 users,  load average: 1.56, 1.28, 1.03
2026-09-30T22:04:13-04:00
100 %, 20571 MiB, 2910 MHz, 13801 MHz, 94.14 W, 35
0 %, 20 MiB, 210 MHz, 405 MHz, 22.07 W, 30
1703167, /home/ndizazzo/dev/mesh/issue1393-q4-snapshot-20260930/target/release/xtask, 20134 MiB
 22:04:13 up 7 days,  5:55,  5 users,  load average: 1.51, 1.27, 1.03
2026-09-30T22:04:15-04:00
96 %, 20571 MiB, 2910 MHz, 13801 MHz, 94.16 W, 35
0 %, 20 MiB, 210 MHz, 405 MHz, 21.11 W, 30
1703167, /home/ndizazzo/dev/mesh/issue1393-q4-snapshot-20260930/target/release/xtask, 20134 MiB
 22:04:16 up 7 days,  5:55,  5 users,  load average: 1.51, 1.27, 1.03
2026-09-30T22:04:18-04:00
96 %, 20571 MiB, 2910 MHz, 13801 MHz, 94.40 W, 35
0 %, 20 MiB, 210 MHz, 405 MHz, 21.20 W, 30
1703167, /home/ndizazzo/dev/mesh/issue1393-q4-snapshot-20260930/target/release/xtask, 20134 MiB
 22:04:18 up 7 days,  5:55,  5 users,  load average: 1.47, 1.27, 1.03
2026-09-30T22:04:20-04:00
98 %, 20571 MiB, 2910 MHz, 13801 MHz, 95.16 W, 35
0 %, 20 MiB, 210 MHz, 405 MHz, 27.32 W, 30
1703167, /home/ndizazzo/dev/mesh/issue1393-q4-snapshot-20260930/target/release/xtask, 20134 MiB
 22:04:20 up 7 days,  5:55,  5 users,  load average: 1.47, 1.27, 1.03
2026-09-30T22:04:22-04:00
87 %, 20571 MiB, 2910 MHz, 13801 MHz, 94.99 W, 35
0 %, 20 MiB, 210 MHz, 405 MHz, 21.23 W, 30
1703167, /home/ndizazzo/dev/mesh/issue1393-q4-snapshot-20260930/target/release/xtask, 20134 MiB
 22:04:22 up 7 days,  5:55,  5 users,  load average: 1.47, 1.27, 1.03
2026-09-30T22:04:24-04:00
87 %, 20571 MiB, 2910 MHz, 13801 MHz, 94.44 W, 35
0 %, 20 MiB, 210 MHz, 405 MHz, 21.13 W, 30
1703167, /home/ndizazzo/dev/mesh/issue1393-q4-snapshot-20260930/target/release/xtask, 20134 MiB
 22:04:24 up 7 days,  5:55,  5 users,  load average: 1.43, 1.26, 1.03
2026-09-30T22:04:26-04:00
86 %, 20571 MiB, 2910 MHz, 13801 MHz, 94.41 W, 35
0 %, 20 MiB, 210 MHz, 405 MHz, 23.25 W, 30
1703167, /home/ndizazzo/dev/mesh/issue1393-q4-snapshot-20260930/target/release/xtask, 20134 MiB
 22:04:26 up 7 days,  5:55,  5 users,  load average: 1.43, 1.26, 1.03
2026-09-30T22:04:28-04:00
87 %, 20571 MiB, 2910 MHz, 13801 MHz, 94.39 W, 35
0 %, 20 MiB, 210 MHz, 405 MHz, 22.45 W, 30
1703167, /home/ndizazzo/dev/mesh/issue1393-q4-snapshot-20260930/target/release/xtask, 20134 MiB
 22:04:28 up 7 days,  5:55,  5 users,  load average: 1.40, 1.26, 1.03
2026-09-30T22:04:30-04:00
100 %, 20571 MiB, 2910 MHz, 13801 MHz, 94.20 W, 34
0 %, 20 MiB, 210 MHz, 405 MHz, 21.17 W, 29
1703167, /home/ndizazzo/dev/mesh/issue1393-q4-snapshot-20260930/target/release/xtask, 20134 MiB
 22:04:30 up 7 days,  5:55,  5 users,  load average: 1.40, 1.26, 1.03
2026-09-30T22:04:32-04:00
98 %, 20571 MiB, 2910 MHz, 13801 MHz, 94.26 W, 35
0 %, 20 MiB, 210 MHz, 405 MHz, 21.16 W, 29
1703167, /home/ndizazzo/dev/mesh/issue1393-q4-snapshot-20260930/target/release/xtask, 20134 MiB
 22:04:32 up 7 days,  5:55,  5 users,  load average: 1.45, 1.27, 1.03
2026-09-30T22:04:34-04:00
95 %, 20571 MiB, 2910 MHz, 13801 MHz, 94.68 W, 35
0 %, 20 MiB, 210 MHz, 405 MHz, 27.09 W, 30
1703167, /home/ndizazzo/dev/mesh/issue1393-q4-snapshot-20260930/target/release/xtask, 20134 MiB
 22:04:34 up 7 days,  5:55,  5 users,  load average: 1.45, 1.27, 1.03
2026-09-30T22:04:36-04:00
96 %, 20571 MiB, 2910 MHz, 13801 MHz, 94.67 W, 35
0 %, 20 MiB, 210 MHz, 405 MHz, 21.50 W, 29
1703167, /home/ndizazzo/dev/mesh/issue1393-q4-snapshot-20260930/target/release/xtask, 20134 MiB
 22:04:36 up 7 days,  5:55,  5 users,  load average: 1.45, 1.27, 1.03
2026-09-30T22:04:38-04:00
95 %, 20571 MiB, 2910 MHz, 13801 MHz, 94.74 W, 35
0 %, 20 MiB, 210 MHz, 405 MHz, 21.19 W, 30
1703167, /home/ndizazzo/dev/mesh/issue1393-q4-snapshot-20260930/target/release/xtask, 20134 MiB
 22:04:38 up 7 days,  5:55,  5 users,  load average: 1.49, 1.28, 1.04
2026-09-30T22:04:40-04:00
96 %, 20571 MiB, 2910 MHz, 13801 MHz, 94.24 W, 35
0 %, 20 MiB, 210 MHz, 405 MHz, 23.55 W, 30
1703167, /home/ndizazzo/dev/mesh/issue1393-q4-snapshot-20260930/target/release/xtask, 20134 MiB
 22:04:40 up 7 days,  5:55,  5 users,  load average: 1.49, 1.28, 1.04
2026-09-30T22:04:42-04:00
96 %, 20571 MiB, 2910 MHz, 13801 MHz, 94.04 W, 35
0 %, 20 MiB, 210 MHz, 405 MHz, 22.02 W, 30
1703167, /home/ndizazzo/dev/mesh/issue1393-q4-snapshot-20260930/target/release/xtask, 20134 MiB
 22:04:42 up 7 days,  5:55,  5 users,  load average: 1.45, 1.28, 1.04
2026-09-30T22:04:44-04:00
94 %, 20571 MiB, 2910 MHz, 13801 MHz, 94.44 W, 35
0 %, 20 MiB, 210 MHz, 405 MHz, 21.06 W, 29
1703167, /home/ndizazzo/dev/mesh/issue1393-q4-snapshot-20260930/target/release/xtask, 20134 MiB
 22:04:44 up 7 days,  5:55,  5 users,  load average: 1.45, 1.28, 1.04
2026-09-30T22:04:46-04:00
94 %, 20571 MiB, 2910 MHz, 13801 MHz, 94.90 W, 35
0 %, 20 MiB, 210 MHz, 405 MHz, 21.17 W, 29
1703167, /home/ndizazzo/dev/mesh/issue1393-q4-snapshot-20260930/target/release/xtask, 20134 MiB
 22:04:46 up 7 days,  5:55,  5 users,  load average: 1.45, 1.28, 1.04
2026-09-30T22:04:48-04:00
100 %, 20571 MiB, 2910 MHz, 13801 MHz, 98.30 W, 35
0 %, 20 MiB, 210 MHz, 405 MHz, 27.36 W, 30
1703167, /home/ndizazzo/dev/mesh/issue1393-q4-snapshot-20260930/target/release/xtask, 20134 MiB
 22:04:48 up 7 days,  5:55,  5 users,  load average: 1.42, 1.27, 1.04
2026-09-30T22:04:50-04:00
88 %, 20571 MiB, 2910 MHz, 13801 MHz, 94.33 W, 35
0 %, 20 MiB, 210 MHz, 405 MHz, 21.14 W, 29
1703167, /home/ndizazzo/dev/mesh/issue1393-q4-snapshot-20260930/target/release/xtask, 20134 MiB
 22:04:51 up 7 days,  5:55,  5 users,  load average: 1.42, 1.27, 1.04
2026-09-30T22:04:53-04:00
91 %, 20571 MiB, 2910 MHz, 13801 MHz, 94.11 W, 35
0 %, 20 MiB, 210 MHz, 405 MHz, 21.00 W, 29
1703167, /home/ndizazzo/dev/mesh/issue1393-q4-snapshot-20260930/target/release/xtask, 20134 MiB
 22:04:53 up 7 days,  5:55,  5 users,  load average: 1.38, 1.27, 1.03
2026-09-30T22:04:55-04:00
96 %, 20571 MiB, 2910 MHz, 13801 MHz, 94.22 W, 35
0 %, 20 MiB, 210 MHz, 405 MHz, 22.30 W, 30
1703167, /home/ndizazzo/dev/mesh/issue1393-q4-snapshot-20260930/target/release/xtask, 20134 MiB
 22:04:55 up 7 days,  5:55,  5 users,  load average: 1.38, 1.27, 1.03
2026-09-30T22:04:57-04:00
88 %, 20571 MiB, 2910 MHz, 13801 MHz, 94.29 W, 34
0 %, 20 MiB, 210 MHz, 405 MHz, 22.06 W, 30
1703167, /home/ndizazzo/dev/mesh/issue1393-q4-snapshot-20260930/target/release/xtask, 20134 MiB
 22:04:57 up 7 days,  5:56,  5 users,  load average: 1.38, 1.27, 1.03
2026-09-30T22:04:59-04:00
96 %, 20571 MiB, 2910 MHz, 13801 MHz, 94.15 W, 34
0 %, 20 MiB, 210 MHz, 405 MHz, 21.01 W, 30
1703167, /home/ndizazzo/dev/mesh/issue1393-q4-snapshot-20260930/target/release/xtask, 20134 MiB
 22:04:59 up 7 days,  5:56,  5 users,  load average: 1.35, 1.26, 1.03
2026-09-30T22:05:01-04:00
84 %, 20571 MiB, 2910 MHz, 13801 MHz, 94.28 W, 34
0 %, 20 MiB, 210 MHz, 405 MHz, 21.14 W, 29
1703167, /home/ndizazzo/dev/mesh/issue1393-q4-snapshot-20260930/target/release/xtask, 20134 MiB
 22:05:01 up 7 days,  5:56,  5 users,  load average: 1.35, 1.26, 1.03
2026-09-30T22:05:03-04:00
94 %, 20571 MiB, 2910 MHz, 13801 MHz, 93.75 W, 35
0 %, 20 MiB, 210 MHz, 405 MHz, 27.12 W, 30
1703167, /home/ndizazzo/dev/mesh/issue1393-q4-snapshot-20260930/target/release/xtask, 20134 MiB
 22:05:03 up 7 days,  5:56,  5 users,  load average: 1.40, 1.28, 1.04
2026-09-30T22:05:05-04:00
96 %, 20571 MiB, 2910 MHz, 13801 MHz, 94.63 W, 35
0 %, 20 MiB, 210 MHz, 405 MHz, 21.30 W, 29
1703167, /home/ndizazzo/dev/mesh/issue1393-q4-snapshot-20260930/target/release/xtask, 20134 MiB
 22:05:05 up 7 days,  5:56,  5 users,  load average: 1.40, 1.28, 1.04
2026-09-30T22:05:07-04:00
98 %, 20571 MiB, 2910 MHz, 13801 MHz, 94.33 W, 34
0 %, 20 MiB, 210 MHz, 405 MHz, 21.01 W, 29
1703167, /home/ndizazzo/dev/mesh/issue1393-q4-snapshot-20260930/target/release/xtask, 20134 MiB
 22:05:07 up 7 days,  5:56,  5 users,  load average: 1.45, 1.29, 1.04
2026-09-30T22:05:09-04:00
96 %, 20571 MiB, 2910 MHz, 13801 MHz, 94.47 W, 35
0 %, 20 MiB, 210 MHz, 405 MHz, 23.25 W, 30
1703167, /home/ndizazzo/dev/mesh/issue1393-q4-snapshot-20260930/target/release/xtask, 20134 MiB
 22:05:09 up 7 days,  5:56,  5 users,  load average: 1.45, 1.29, 1.04
2026-09-30T22:05:11-04:00
96 %, 20571 MiB, 2910 MHz, 13801 MHz, 94.06 W, 35
0 %, 20 MiB, 210 MHz, 405 MHz, 21.84 W, 30
1703167, /home/ndizazzo/dev/mesh/issue1393-q4-snapshot-20260930/target/release/xtask, 20134 MiB
 22:05:11 up 7 days,  5:56,  5 users,  load average: 1.45, 1.29, 1.04
2026-09-30T22:05:13-04:00
96 %, 20571 MiB, 2910 MHz, 13801 MHz, 94.95 W, 34
0 %, 20 MiB, 210 MHz, 405 MHz, 21.04 W, 29
1703167, /home/ndizazzo/dev/mesh/issue1393-q4-snapshot-20260930/target/release/xtask, 20134 MiB
 22:05:13 up 7 days,  5:56,  5 users,  load average: 1.50, 1.30, 1.05
2026-09-30T22:05:15-04:00
94 %, 20571 MiB, 2910 MHz, 13801 MHz, 94.94 W, 35
0 %, 20 MiB, 210 MHz, 405 MHz, 20.97 W, 30
1703167, /home/ndizazzo/dev/mesh/issue1393-q4-snapshot-20260930/target/release/xtask, 20134 MiB
 22:05:15 up 7 days,  5:56,  5 users,  load average: 1.50, 1.30, 1.05
2026-09-30T22:05:17-04:00
96 %, 20571 MiB, 2910 MHz, 13801 MHz, 94.92 W, 35
0 %, 20 MiB, 210 MHz, 405 MHz, 27.29 W, 30
1703167, /home/ndizazzo/dev/mesh/issue1393-q4-snapshot-20260930/target/release/xtask, 20134 MiB
 22:05:17 up 7 days,  5:56,  5 users,  load average: 1.54, 1.31, 1.06
2026-09-30T22:05:19-04:00
96 %, 20571 MiB, 2910 MHz, 13801 MHz, 94.18 W, 34
0 %, 20 MiB, 210 MHz, 405 MHz, 21.31 W, 29
1703167, /home/ndizazzo/dev/mesh/issue1393-q4-snapshot-20260930/target/release/xtask, 20134 MiB
 22:05:19 up 7 days,  5:56,  5 users,  load average: 1.54, 1.31, 1.06
2026-09-30T22:05:21-04:00
92 %, 20571 MiB, 2910 MHz, 13801 MHz, 94.79 W, 34
0 %, 20 MiB, 210 MHz, 405 MHz, 21.08 W, 29
1703167, /home/ndizazzo/dev/mesh/issue1393-q4-snapshot-20260930/target/release/xtask, 20134 MiB
 22:05:21 up 7 days,  5:56,  5 users,  load average: 1.54, 1.31, 1.06
2026-09-30T22:05:23-04:00
96 %, 20571 MiB, 2910 MHz, 13801 MHz, 94.45 W, 35
0 %, 20 MiB, 210 MHz, 405 MHz, 23.67 W, 30
1703167, /home/ndizazzo/dev/mesh/issue1393-q4-snapshot-20260930/target/release/xtask, 20134 MiB
 22:05:23 up 7 days,  5:56,  5 users,  load average: 1.57, 1.32, 1.06
2026-09-30T22:05:25-04:00
89 %, 20571 MiB, 2910 MHz, 13801 MHz, 94.16 W, 35
0 %, 20 MiB, 210 MHz, 405 MHz, 22.12 W, 30
1703167, /home/ndizazzo/dev/mesh/issue1393-q4-snapshot-20260930/target/release/xtask, 20134 MiB
 22:05:26 up 7 days,  5:56,  5 users,  load average: 1.57, 1.32, 1.06
2026-09-30T22:05:28-04:00
94 %, 20571 MiB, 2910 MHz, 13801 MHz, 93.67 W, 35
0 %, 20 MiB, 210 MHz, 405 MHz, 21.04 W, 29
1703167, /home/ndizazzo/dev/mesh/issue1393-q4-snapshot-20260930/target/release/xtask, 20134 MiB
 22:05:28 up 7 days,  5:56,  5 users,  load average: 1.53, 1.32, 1.06
2026-09-30T22:05:30-04:00
94 %, 20571 MiB, 2910 MHz, 13801 MHz, 93.87 W, 35
0 %, 20 MiB, 210 MHz, 405 MHz, 21.12 W, 30
1703167, /home/ndizazzo/dev/mesh/issue1393-q4-snapshot-20260930/target/release/xtask, 20134 MiB
 22:05:30 up 7 days,  5:56,  5 users,  load average: 1.53, 1.32, 1.06
2026-09-30T22:05:32-04:00
91 %, 20571 MiB, 2910 MHz, 13801 MHz, 94.26 W, 35
0 %, 20 MiB, 210 MHz, 405 MHz, 21.96 W, 30
1703167, /home/ndizazzo/dev/mesh/issue1393-q4-snapshot-20260930/target/release/xtask, 20134 MiB
 22:05:32 up 7 days,  5:56,  5 users,  load average: 1.53, 1.32, 1.06
2026-09-30T22:05:34-04:00
87 %, 20571 MiB, 2910 MHz, 13801 MHz, 94.90 W, 34
0 %, 20 MiB, 210 MHz, 405 MHz, 21.09 W, 29
1703167, /home/ndizazzo/dev/mesh/issue1393-q4-snapshot-20260930/target/release/xtask, 20134 MiB
 22:05:34 up 7 days,  5:56,  5 users,  load average: 1.57, 1.33, 1.07
2026-09-30T22:05:36-04:00
94 %, 20571 MiB, 2910 MHz, 13801 MHz, 93.69 W, 34
0 %, 20 MiB, 210 MHz, 405 MHz, 21.17 W, 29
1703167, /home/ndizazzo/dev/mesh/issue1393-q4-snapshot-20260930/target/release/xtask, 20134 MiB
 22:05:36 up 7 days,  5:56,  5 users,  load average: 1.57, 1.33, 1.07
2026-09-30T22:05:38-04:00
88 %, 20571 MiB, 2910 MHz, 13801 MHz, 93.83 W, 35
0 %, 20 MiB, 210 MHz, 405 MHz, 24.04 W, 30
1703167, /home/ndizazzo/dev/mesh/issue1393-q4-snapshot-20260930/target/release/xtask, 20134 MiB
 22:05:38 up 7 days,  5:56,  5 users,  load average: 1.60, 1.34, 1.07
2026-09-30T22:05:40-04:00
100 %, 20571 MiB, 2910 MHz, 13801 MHz, 94.22 W, 35
0 %, 20 MiB, 210 MHz, 405 MHz, 22.14 W, 30
1703167, /home/ndizazzo/dev/mesh/issue1393-q4-snapshot-20260930/target/release/xtask, 20134 MiB
 22:05:40 up 7 days,  5:56,  5 users,  load average: 1.60, 1.34, 1.07
2026-09-30T22:05:42-04:00
100 %, 20571 MiB, 2910 MHz, 13801 MHz, 94.99 W, 35
0 %, 20 MiB, 210 MHz, 405 MHz, 20.87 W, 29
1703167, /home/ndizazzo/dev/mesh/issue1393-q4-snapshot-20260930/target/release/xtask, 20134 MiB
 22:05:42 up 7 days,  5:56,  5 users,  load average: 1.55, 1.34, 1.07
2026-09-30T22:05:44-04:00
87 %, 20571 MiB, 2910 MHz, 13801 MHz, 94.48 W, 35
0 %, 20 MiB, 210 MHz, 405 MHz, 20.95 W, 29
1703167, /home/ndizazzo/dev/mesh/issue1393-q4-snapshot-20260930/target/release/xtask, 20134 MiB
 22:05:44 up 7 days,  5:56,  5 users,  load average: 1.55, 1.34, 1.07
2026-09-30T22:05:46-04:00
88 %, 20571 MiB, 2910 MHz, 13801 MHz, 94.40 W, 34
0 %, 20 MiB, 210 MHz, 405 MHz, 26.90 W, 30
1703167, /home/ndizazzo/dev/mesh/issue1393-q4-snapshot-20260930/target/release/xtask, 20134 MiB
 22:05:46 up 7 days,  5:56,  5 users,  load average: 1.55, 1.34, 1.07
2026-09-30T22:05:48-04:00
87 %, 20571 MiB, 2910 MHz, 13801 MHz, 94.18 W, 35
0 %, 20 MiB, 210 MHz, 405 MHz, 21.02 W, 29
1703167, /home/ndizazzo/dev/mesh/issue1393-q4-snapshot-20260930/target/release/xtask, 20134 MiB
 22:05:48 up 7 days,  5:56,  5 users,  load average: 1.51, 1.33, 1.07
2026-09-30T22:05:50-04:00
90 %, 20571 MiB, 2910 MHz, 13801 MHz, 94.93 W, 34
0 %, 20 MiB, 210 MHz, 405 MHz, 21.05 W, 29
1703167, /home/ndizazzo/dev/mesh/issue1393-q4-snapshot-20260930/target/release/xtask, 20134 MiB
 22:05:50 up 7 days,  5:56,  5 users,  load average: 1.51, 1.33, 1.07
2026-09-30T22:05:52-04:00
95 %, 20571 MiB, 2910 MHz, 13801 MHz, 93.99 W, 34
0 %, 20 MiB, 210 MHz, 405 MHz, 27.24 W, 30
1703167, /home/ndizazzo/dev/mesh/issue1393-q4-snapshot-20260930/target/release/xtask, 20134 MiB
 22:05:52 up 7 days,  5:56,  5 users,  load average: 1.55, 1.34, 1.08
2026-09-30T22:05:54-04:00
88 %, 20571 MiB, 2910 MHz, 13801 MHz, 93.49 W, 34
0 %, 20 MiB, 210 MHz, 405 MHz, 21.21 W, 30
1703167, /home/ndizazzo/dev/mesh/issue1393-q4-snapshot-20260930/target/release/xtask, 20134 MiB
 22:05:54 up 7 days,  5:56,  5 users,  load average: 1.55, 1.34, 1.08
2026-09-30T22:05:56-04:00
96 %, 20571 MiB, 2910 MHz, 13801 MHz, 93.64 W, 35
0 %, 20 MiB, 210 MHz, 405 MHz, 20.99 W, 29
1703167, /home/ndizazzo/dev/mesh/issue1393-q4-snapshot-20260930/target/release/xtask, 20134 MiB
 22:05:56 up 7 days,  5:56,  5 users,  load average: 1.55, 1.34, 1.08
2026-09-30T22:05:58-04:00
100 %, 20571 MiB, 2910 MHz, 13801 MHz, 92.95 W, 35
0 %, 20 MiB, 210 MHz, 405 MHz, 20.95 W, 29
1703167, /home/ndizazzo/dev/mesh/issue1393-q4-snapshot-20260930/target/release/xtask, 20134 MiB
 22:05:58 up 7 days,  5:57,  5 users,  load average: 1.50, 1.33, 1.08
2026-09-30T22:06:00-04:00
97 %, 20571 MiB, 2910 MHz, 13801 MHz, 92.52 W, 35
0 %, 20 MiB, 210 MHz, 405 MHz, 27.32 W, 30
1703167, /home/ndizazzo/dev/mesh/issue1393-q4-snapshot-20260930/target/release/xtask, 20134 MiB
 22:06:01 up 7 days,  5:57,  5 users,  load average: 1.50, 1.33, 1.08
2026-09-30T22:06:03-04:00
95 %, 20571 MiB, 2910 MHz, 13801 MHz, 93.01 W, 34
0 %, 20 MiB, 210 MHz, 405 MHz, 20.99 W, 29
1703167, /home/ndizazzo/dev/mesh/issue1393-q4-snapshot-20260930/target/release/xtask, 20134 MiB
 22:06:03 up 7 days,  5:57,  5 users,  load average: 1.46, 1.33, 1.07
2026-09-30T22:06:05-04:00
95 %, 20571 MiB, 2910 MHz, 13801 MHz, 94.06 W, 34
0 %, 20 MiB, 210 MHz, 405 MHz, 21.10 W, 29
1703167, /home/ndizazzo/dev/mesh/issue1393-q4-snapshot-20260930/target/release/xtask, 20134 MiB
 22:06:05 up 7 days,  5:57,  5 users,  load average: 1.46, 1.33, 1.07
2026-09-30T22:06:07-04:00
100 %, 20571 MiB, 2910 MHz, 13801 MHz, 94.58 W, 34
0 %, 20 MiB, 210 MHz, 405 MHz, 27.37 W, 30
1703167, /home/ndizazzo/dev/mesh/issue1393-q4-snapshot-20260930/target/release/xtask, 20134 MiB
 22:06:07 up 7 days,  5:57,  5 users,  load average: 1.46, 1.33, 1.07
2026-09-30T22:06:09-04:00
100 %, 20571 MiB, 2910 MHz, 13801 MHz, 94.94 W, 34
0 %, 20 MiB, 210 MHz, 405 MHz, 21.29 W, 29
1703167, /home/ndizazzo/dev/mesh/issue1393-q4-snapshot-20260930/target/release/xtask, 20134 MiB
 22:06:09 up 7 days,  5:57,  5 users,  load average: 1.51, 1.34, 1.08
2026-09-30T22:06:11-04:00
90 %, 20571 MiB, 2910 MHz, 13801 MHz, 94.31 W, 34
0 %, 20 MiB, 210 MHz, 405 MHz, 20.98 W, 29
1703167, /home/ndizazzo/dev/mesh/issue1393-q4-snapshot-20260930/target/release/xtask, 20134 MiB
 22:06:11 up 7 days,  5:57,  5 users,  load average: 1.51, 1.34, 1.08
2026-09-30T22:06:13-04:00
91 %, 20571 MiB, 2910 MHz, 13801 MHz, 93.72 W, 34
0 %, 20 MiB, 210 MHz, 405 MHz, 21.02 W, 29
1703167, /home/ndizazzo/dev/mesh/issue1393-q4-snapshot-20260930/target/release/xtask, 20134 MiB
 22:06:13 up 7 days,  5:57,  5 users,  load average: 1.55, 1.35, 1.09
2026-09-30T22:06:15-04:00
95 %, 20571 MiB, 2910 MHz, 13801 MHz, 94.05 W, 34
0 %, 20 MiB, 210 MHz, 405 MHz, 21.98 W, 30
1703167, /home/ndizazzo/dev/mesh/issue1393-q4-snapshot-20260930/target/release/xtask, 20134 MiB
 22:06:15 up 7 days,  5:57,  5 users,  load average: 1.55, 1.35, 1.09
2026-09-30T22:06:17-04:00
96 %, 20571 MiB, 2910 MHz, 13801 MHz, 93.61 W, 34
0 %, 20 MiB, 210 MHz, 405 MHz, 21.06 W, 29
1703167, /home/ndizazzo/dev/mesh/issue1393-q4-snapshot-20260930/target/release/xtask, 20134 MiB
 22:06:17 up 7 days,  5:57,  5 users,  load average: 1.50, 1.35, 1.08
2026-09-30T22:06:19-04:00
87 %, 20571 MiB, 2910 MHz, 13801 MHz, 93.20 W, 34
0 %, 20 MiB, 210 MHz, 405 MHz, 21.10 W, 29
1703167, /home/ndizazzo/dev/mesh/issue1393-q4-snapshot-20260930/target/release/xtask, 20134 MiB
 22:06:19 up 7 days,  5:57,  5 users,  load average: 1.50, 1.35, 1.08
2026-09-30T22:06:21-04:00
86 %, 20571 MiB, 2910 MHz, 13801 MHz, 93.30 W, 35
0 %, 20 MiB, 210 MHz, 405 MHz, 24.01 W, 30
1703167, /home/ndizazzo/dev/mesh/issue1393-q4-snapshot-20260930/target/release/xtask, 20134 MiB
 22:06:21 up 7 days,  5:57,  5 users,  load average: 1.50, 1.35, 1.08
2026-09-30T22:06:23-04:00
87 %, 20571 MiB, 2910 MHz, 13801 MHz, 93.75 W, 34
0 %, 20 MiB, 210 MHz, 405 MHz, 21.08 W, 29
1703167, /home/ndizazzo/dev/mesh/issue1393-q4-snapshot-20260930/target/release/xtask, 20134 MiB
 22:06:23 up 7 days,  5:57,  5 users,  load average: 1.54, 1.36, 1.09
2026-09-30T22:06:25-04:00
87 %, 20571 MiB, 2910 MHz, 13801 MHz, 94.48 W, 34
0 %, 20 MiB, 210 MHz, 405 MHz, 20.93 W, 29
1703167, /home/ndizazzo/dev/mesh/issue1393-q4-snapshot-20260930/target/release/xtask, 20134 MiB
 22:06:25 up 7 days,  5:57,  5 users,  load average: 1.54, 1.36, 1.09
2026-09-30T22:06:27-04:00
94 %, 20571 MiB, 2910 MHz, 13801 MHz, 93.48 W, 35
0 %, 20 MiB, 210 MHz, 405 MHz, 21.68 W, 30
1703167, /home/ndizazzo/dev/mesh/issue1393-q4-snapshot-20260930/target/release/xtask, 20134 MiB
 22:06:27 up 7 days,  5:57,  5 users,  load average: 1.50, 1.35, 1.09
2026-09-30T22:06:29-04:00
91 %, 20571 MiB, 2910 MHz, 13801 MHz, 93.75 W, 35
0 %, 20 MiB, 210 MHz, 405 MHz, 22.10 W, 30
1703167, /home/ndizazzo/dev/mesh/issue1393-q4-snapshot-20260930/target/release/xtask, 20134 MiB
 22:06:29 up 7 days,  5:57,  5 users,  load average: 1.50, 1.35, 1.09
2026-09-30T22:06:31-04:00
88 %, 20571 MiB, 2910 MHz, 13801 MHz, 93.81 W, 34
0 %, 20 MiB, 210 MHz, 405 MHz, 21.01 W, 29
1703167, /home/ndizazzo/dev/mesh/issue1393-q4-snapshot-20260930/target/release/xtask, 20134 MiB
 22:06:31 up 7 days,  5:57,  5 users,  load average: 1.50, 1.35, 1.09
2026-09-30T22:06:33-04:00
98 %, 20571 MiB, 2910 MHz, 13801 MHz, 94.16 W, 35
0 %, 20 MiB, 210 MHz, 405 MHz, 21.06 W, 29
1703167, /home/ndizazzo/dev/mesh/issue1393-q4-snapshot-20260930/target/release/xtask, 20134 MiB
 22:06:33 up 7 days,  5:57,  5 users,  load average: 1.54, 1.36, 1.10
2026-09-30T22:06:35-04:00
100 %, 20571 MiB, 2910 MHz, 13801 MHz, 95.68 W, 35
0 %, 20 MiB, 210 MHz, 405 MHz, 26.88 W, 30
1703167, /home/ndizazzo/dev/mesh/issue1393-q4-snapshot-20260930/target/release/xtask, 20134 MiB
 22:06:36 up 7 days,  5:57,  5 users,  load average: 1.54, 1.36, 1.10
2026-09-30T22:06:38-04:00
97 %, 20571 MiB, 2910 MHz, 13801 MHz, 93.33 W, 35
0 %, 20 MiB, 210 MHz, 405 MHz, 21.13 W, 29
1703167, /home/ndizazzo/dev/mesh/issue1393-q4-snapshot-20260930/target/release/xtask, 20134 MiB
 22:06:38 up 7 days,  5:57,  5 users,  load average: 1.50, 1.36, 1.09
2026-09-30T22:06:40-04:00
98 %, 20571 MiB, 2910 MHz, 13801 MHz, 93.55 W, 34
0 %, 20 MiB, 210 MHz, 405 MHz, 20.87 W, 29
1703167, /home/ndizazzo/dev/mesh/issue1393-q4-snapshot-20260930/target/release/xtask, 20134 MiB
 22:06:40 up 7 days,  5:57,  5 users,  load average: 1.50, 1.36, 1.09
2026-09-30T22:06:42-04:00
98 %, 20571 MiB, 2910 MHz, 13801 MHz, 93.95 W, 35
0 %, 20 MiB, 210 MHz, 405 MHz, 22.56 W, 30
1703167, /home/ndizazzo/dev/mesh/issue1393-q4-snapshot-20260930/target/release/xtask, 20134 MiB
 22:06:42 up 7 days,  5:57,  5 users,  load average: 1.50, 1.36, 1.09
2026-09-30T22:06:44-04:00
95 %, 20571 MiB, 2910 MHz, 13801 MHz, 94.50 W, 34
0 %, 20 MiB, 210 MHz, 405 MHz, 21.87 W, 30
1703167, /home/ndizazzo/dev/mesh/issue1393-q4-snapshot-20260930/target/release/xtask, 20134 MiB
 22:06:44 up 7 days,  5:57,  5 users,  load average: 1.54, 1.37, 1.10
2026-09-30T22:06:46-04:00
87 %, 20571 MiB, 2910 MHz, 13801 MHz, 93.44 W, 34
0 %, 20 MiB, 210 MHz, 405 MHz, 21.02 W, 29
1703167, /home/ndizazzo/dev/mesh/issue1393-q4-snapshot-20260930/target/release/xtask, 20134 MiB
 22:06:46 up 7 days,  5:57,  5 users,  load average: 1.54, 1.37, 1.10
2026-09-30T22:06:48-04:00
88 %, 20571 MiB, 2910 MHz, 13801 MHz, 93.84 W, 34
0 %, 20 MiB, 210 MHz, 405 MHz, 21.08 W, 29
1703167, /home/ndizazzo/dev/mesh/issue1393-q4-snapshot-20260930/target/release/xtask, 20134 MiB
 22:06:48 up 7 days,  5:57,  5 users,  load average: 1.57, 1.38, 1.10
2026-09-30T22:06:50-04:00
100 %, 20571 MiB, 2910 MHz, 13801 MHz, 93.90 W, 34
0 %, 20 MiB, 210 MHz, 405 MHz, 27.44 W, 30
1703167, /home/ndizazzo/dev/mesh/issue1393-q4-snapshot-20260930/target/release/xtask, 20134 MiB
 22:06:50 up 7 days,  5:57,  5 users,  load average: 1.57, 1.38, 1.10
2026-09-30T22:06:52-04:00
96 %, 20571 MiB, 2910 MHz, 13801 MHz, 94.04 W, 34
0 %, 20 MiB, 210 MHz, 405 MHz, 21.37 W, 29
1703167, /home/ndizazzo/dev/mesh/issue1393-q4-snapshot-20260930/target/release/xtask, 20134 MiB
 22:06:52 up 7 days,  5:57,  5 users,  load average: 1.61, 1.39, 1.11
2026-09-30T22:06:54-04:00
87 %, 20571 MiB, 2910 MHz, 13801 MHz, 93.81 W, 34
0 %, 20 MiB, 210 MHz, 405 MHz, 20.96 W, 29
1703167, /home/ndizazzo/dev/mesh/issue1393-q4-snapshot-20260930/target/release/xtask, 20134 MiB
 22:06:54 up 7 days,  5:57,  5 users,  load average: 1.61, 1.39, 1.11
2026-09-30T22:06:56-04:00
97 %, 20571 MiB, 2910 MHz, 13801 MHz, 94.00 W, 34
0 %, 20 MiB, 210 MHz, 405 MHz, 21.07 W, 29
1703167, /home/ndizazzo/dev/mesh/issue1393-q4-snapshot-20260930/target/release/xtask, 20134 MiB
 22:06:56 up 7 days,  5:57,  5 users,  load average: 1.61, 1.39, 1.11
2026-09-30T22:06:58-04:00
96 %, 20571 MiB, 2910 MHz, 13801 MHz, 93.75 W, 34
0 %, 20 MiB, 210 MHz, 405 MHz, 22.21 W, 30
1703167, /home/ndizazzo/dev/mesh/issue1393-q4-snapshot-20260930/target/release/xtask, 20134 MiB
 22:06:58 up 7 days,  5:58,  5 users,  load average: 1.64, 1.40, 1.11
2026-09-30T22:07:00-04:00
98 %, 20571 MiB, 2910 MHz, 13801 MHz, 93.82 W, 34
0 %, 20 MiB, 210 MHz, 405 MHz, 20.94 W, 29
1703167, /home/ndizazzo/dev/mesh/issue1393-q4-snapshot-20260930/target/release/xtask, 20134 MiB
 22:07:00 up 7 days,  5:58,  5 users,  load average: 1.64, 1.40, 1.11
2026-09-30T22:07:02-04:00
100 %, 20571 MiB, 2910 MHz, 13801 MHz, 94.24 W, 34
0 %, 20 MiB, 210 MHz, 405 MHz, 21.10 W, 29
1703167, /home/ndizazzo/dev/mesh/issue1393-q4-snapshot-20260930/target/release/xtask, 20134 MiB
 22:07:02 up 7 days,  5:58,  5 users,  load average: 1.67, 1.41, 1.12
2026-09-30T22:07:04-04:00
97 %, 20571 MiB, 2910 MHz, 13801 MHz, 93.38 W, 34
0 %, 20 MiB, 210 MHz, 405 MHz, 27.15 W, 30
1703167, /home/ndizazzo/dev/mesh/issue1393-q4-snapshot-20260930/target/release/xtask, 20134 MiB
 22:07:04 up 7 days,  5:58,  5 users,  load average: 1.67, 1.41, 1.12
2026-09-30T22:07:06-04:00
96 %, 20571 MiB, 2910 MHz, 13801 MHz, 93.12 W, 34
0 %, 20 MiB, 210 MHz, 405 MHz, 21.18 W, 29
1703167, /home/ndizazzo/dev/mesh/issue1393-q4-snapshot-20260930/target/release/xtask, 20134 MiB
 22:07:06 up 7 days,  5:58,  5 users,  load average: 1.67, 1.41, 1.12
2026-09-30T22:07:08-04:00
97 %, 20571 MiB, 2910 MHz, 13801 MHz, 93.23 W, 34
0 %, 20 MiB, 210 MHz, 405 MHz, 20.96 W, 29
1703167, /home/ndizazzo/dev/mesh/issue1393-q4-snapshot-20260930/target/release/xtask, 20134 MiB
 22:07:08 up 7 days,  5:58,  5 users,  load average: 1.62, 1.40, 1.12
2026-09-30T22:07:10-04:00
85 %, 20571 MiB, 2910 MHz, 13801 MHz, 94.27 W, 34
0 %, 20 MiB, 210 MHz, 405 MHz, 21.73 W, 30
1703167, /home/ndizazzo/dev/mesh/issue1393-q4-snapshot-20260930/target/release/xtask, 20134 MiB
 22:07:11 up 7 days,  5:58,  5 users,  load average: 1.62, 1.40, 1.12
2026-09-30T22:07:13-04:00
94 %, 20571 MiB, 2910 MHz, 13801 MHz, 93.76 W, 34
0 %, 20 MiB, 210 MHz, 405 MHz, 21.64 W, 30
1703167, /home/ndizazzo/dev/mesh/issue1393-q4-snapshot-20260930/target/release/xtask, 20134 MiB
 22:07:13 up 7 days,  5:58,  5 users,  load average: 1.65, 1.41, 1.12
2026-09-30T22:07:15-04:00
98 %, 20571 MiB, 2910 MHz, 13801 MHz, 93.43 W, 34
0 %, 20 MiB, 210 MHz, 405 MHz, 21.06 W, 29
1703167, /home/ndizazzo/dev/mesh/issue1393-q4-snapshot-20260930/target/release/xtask, 20134 MiB
 22:07:15 up 7 days,  5:58,  5 users,  load average: 1.65, 1.41, 1.12
2026-09-30T22:07:17-04:00
95 %, 20571 MiB, 2910 MHz, 13801 MHz, 93.59 W, 34
0 %, 20 MiB, 210 MHz, 405 MHz, 21.12 W, 29
1703167, /home/ndizazzo/dev/mesh/issue1393-q4-snapshot-20260930/target/release/xtask, 20134 MiB
 22:07:17 up 7 days,  5:58,  5 users,  load average: 1.65, 1.41, 1.12
2026-09-30T22:07:19-04:00
87 %, 20571 MiB, 2910 MHz, 13801 MHz, 93.35 W, 34
0 %, 20 MiB, 210 MHz, 405 MHz, 27.22 W, 30
1703167, /home/ndizazzo/dev/mesh/issue1393-q4-snapshot-20260930/target/release/xtask, 20134 MiB
 22:07:19 up 7 days,  5:58,  5 users,  load average: 1.59, 1.40, 1.12
2026-09-30T22:07:21-04:00
95 %, 20571 MiB, 2910 MHz, 13801 MHz, 93.80 W, 34
0 %, 20 MiB, 210 MHz, 405 MHz, 21.23 W, 29
1703167, /home/ndizazzo/dev/mesh/issue1393-q4-snapshot-20260930/target/release/xtask, 20134 MiB
 22:07:21 up 7 days,  5:58,  5 users,  load average: 1.59, 1.40, 1.12
2026-09-30T22:07:23-04:00
92 %, 20571 MiB, 2910 MHz, 13801 MHz, 94.15 W, 34
0 %, 20 MiB, 210 MHz, 405 MHz, 21.03 W, 29
1703167, /home/ndizazzo/dev/mesh/issue1393-q4-snapshot-20260930/target/release/xtask, 20134 MiB
 22:07:23 up 7 days,  5:58,  5 users,  load average: 1.55, 1.40, 1.12
2026-09-30T22:07:25-04:00
93 %, 20571 MiB, 2910 MHz, 13801 MHz, 94.01 W, 34
0 %, 20 MiB, 210 MHz, 405 MHz, 22.27 W, 30
1703167, /home/ndizazzo/dev/mesh/issue1393-q4-snapshot-20260930/target/release/xtask, 20134 MiB
 22:07:25 up 7 days,  5:58,  5 users,  load average: 1.55, 1.40, 1.12
2026-09-30T22:07:27-04:00
97 %, 20571 MiB, 2910 MHz, 13801 MHz, 94.51 W, 34
0 %, 20 MiB, 210 MHz, 405 MHz, 21.98 W, 30
1703167, /home/ndizazzo/dev/mesh/issue1393-q4-snapshot-20260930/target/release/xtask, 20134 MiB
 22:07:27 up 7 days,  5:58,  5 users,  load average: 1.58, 1.41, 1.13
2026-09-30T22:07:29-04:00
95 %, 20571 MiB, 2910 MHz, 13801 MHz, 95.09 W, 34
0 %, 20 MiB, 210 MHz, 405 MHz, 21.08 W, 29
1703167, /home/ndizazzo/dev/mesh/issue1393-q4-snapshot-20260930/target/release/xtask, 20134 MiB
 22:07:29 up 7 days,  5:58,  5 users,  load average: 1.58, 1.41, 1.13
2026-09-30T22:07:31-04:00
96 %, 20571 MiB, 2910 MHz, 13801 MHz, 95.77 W, 34
0 %, 20 MiB, 210 MHz, 405 MHz, 21.18 W, 29
1703167, /home/ndizazzo/dev/mesh/issue1393-q4-snapshot-20260930/target/release/xtask, 20134 MiB
 22:07:31 up 7 days,  5:58,  5 users,  load average: 1.58, 1.41, 1.13
2026-09-30T22:07:33-04:00
96 %, 20571 MiB, 2910 MHz, 13801 MHz, 95.22 W, 34
0 %, 20 MiB, 210 MHz, 405 MHz, 27.25 W, 30
1703167, /home/ndizazzo/dev/mesh/issue1393-q4-snapshot-20260930/target/release/xtask, 20134 MiB
 22:07:33 up 7 days,  5:58,  5 users,  load average: 2.02, 1.50, 1.16
2026-09-30T22:07:35-04:00
90 %, 20571 MiB, 2910 MHz, 13801 MHz, 94.80 W, 34
0 %, 20 MiB, 210 MHz, 405 MHz, 20.95 W, 29
1703167, /home/ndizazzo/dev/mesh/issue1393-q4-snapshot-20260930/target/release/xtask, 20134 MiB
 22:07:35 up 7 days,  5:58,  5 users,  load average: 2.02, 1.50, 1.16
2026-09-30T22:07:37-04:00
96 %, 20571 MiB, 2910 MHz, 13801 MHz, 93.52 W, 34
0 %, 20 MiB, 210 MHz, 405 MHz, 20.84 W, 29
1703167, /home/ndizazzo/dev/mesh/issue1393-q4-snapshot-20260930/target/release/xtask, 20134 MiB
 22:07:37 up 7 days,  5:58,  5 users,  load average: 2.02, 1.51, 1.16
2026-09-30T22:07:39-04:00
95 %, 20571 MiB, 2910 MHz, 13801 MHz, 93.41 W, 34
0 %, 20 MiB, 210 MHz, 405 MHz, 23.02 W, 30
1703167, /home/ndizazzo/dev/mesh/issue1393-q4-snapshot-20260930/target/release/xtask, 20134 MiB
 22:07:39 up 7 days,  5:58,  5 users,  load average: 2.02, 1.51, 1.16
2026-09-30T22:07:41-04:00
94 %, 20571 MiB, 2910 MHz, 13801 MHz, 94.07 W, 34
0 %, 20 MiB, 210 MHz, 405 MHz, 22.33 W, 30
1703167, /home/ndizazzo/dev/mesh/issue1393-q4-snapshot-20260930/target/release/xtask, 20134 MiB
 22:07:41 up 7 days,  5:58,  5 users,  load average: 2.02, 1.51, 1.16
2026-09-30T22:07:43-04:00
92 %, 20571 MiB, 2910 MHz, 13801 MHz, 94.60 W, 34
0 %, 20 MiB, 210 MHz, 405 MHz, 21.08 W, 29
1703167, /home/ndizazzo/dev/mesh/issue1393-q4-snapshot-20260930/target/release/xtask, 20134 MiB
 22:07:43 up 7 days,  5:58,  5 users,  load average: 1.93, 1.50, 1.16
2026-09-30T22:07:45-04:00
84 %, 20571 MiB, 2910 MHz, 13801 MHz, 94.42 W, 34
0 %, 20 MiB, 210 MHz, 405 MHz, 21.16 W, 29
1703167, /home/ndizazzo/dev/mesh/issue1393-q4-snapshot-20260930/target/release/xtask, 20134 MiB
 22:07:46 up 7 days,  5:58,  5 users,  load average: 1.93, 1.50, 1.16
2026-09-30T22:07:48-04:00
100 %, 20571 MiB, 2910 MHz, 13801 MHz, 93.73 W, 34
0 %, 20 MiB, 210 MHz, 405 MHz, 27.01 W, 30
1703167, /home/ndizazzo/dev/mesh/issue1393-q4-snapshot-20260930/target/release/xtask, 20134 MiB
 22:07:48 up 7 days,  5:58,  5 users,  load average: 1.94, 1.51, 1.17
2026-09-30T22:07:50-04:00
88 %, 20571 MiB, 2910 MHz, 13801 MHz, 94.16 W, 34
0 %, 20 MiB, 210 MHz, 405 MHz, 21.36 W, 29
1703167, /home/ndizazzo/dev/mesh/issue1393-q4-snapshot-20260930/target/release/xtask, 20134 MiB
 22:07:50 up 7 days,  5:58,  5 users,  load average: 1.94, 1.51, 1.17
2026-09-30T22:07:52-04:00
94 %, 20571 MiB, 2910 MHz, 13801 MHz, 93.92 W, 34
0 %, 20 MiB, 210 MHz, 405 MHz, 21.02 W, 29
1703167, /home/ndizazzo/dev/mesh/issue1393-q4-snapshot-20260930/target/release/xtask, 20134 MiB
 22:07:52 up 7 days,  5:58,  5 users,  load average: 1.94, 1.51, 1.17
2026-09-30T22:07:54-04:00
92 %, 20571 MiB, 2910 MHz, 13801 MHz, 92.87 W, 34
0 %, 20 MiB, 210 MHz, 405 MHz, 23.53 W, 30
1703167, /home/ndizazzo/dev/mesh/issue1393-q4-snapshot-20260930/target/release/xtask, 20134 MiB
 22:07:54 up 7 days,  5:58,  5 users,  load average: 1.86, 1.50, 1.16
2026-09-30T22:07:56-04:00
95 %, 20571 MiB, 2910 MHz, 13801 MHz, 94.45 W, 34
0 %, 20 MiB, 210 MHz, 405 MHz, 21.88 W, 30
1703167, /home/ndizazzo/dev/mesh/issue1393-q4-snapshot-20260930/target/release/xtask, 20134 MiB
 22:07:56 up 7 days,  5:58,  5 users,  load average: 1.86, 1.50, 1.16
2026-09-30T22:07:58-04:00
93 %, 20571 MiB, 2910 MHz, 13801 MHz, 94.09 W, 34
0 %, 20 MiB, 210 MHz, 405 MHz, 21.02 W, 29
1703167, /home/ndizazzo/dev/mesh/issue1393-q4-snapshot-20260930/target/release/xtask, 20134 MiB
 22:07:58 up 7 days,  5:59,  5 users,  load average: 1.79, 1.49, 1.16
2026-09-30T22:08:00-04:00
100 %, 20571 MiB, 2910 MHz, 13801 MHz, 93.03 W, 34
0 %, 20 MiB, 210 MHz, 405 MHz, 21.18 W, 29
1703167, /home/ndizazzo/dev/mesh/issue1393-q4-snapshot-20260930/target/release/xtask, 20134 MiB
 22:08:00 up 7 days,  5:59,  5 users,  load average: 1.79, 1.49, 1.16
2026-09-30T22:08:02-04:00
85 %, 20571 MiB, 2910 MHz, 13801 MHz, 92.99 W, 34
0 %, 20 MiB, 210 MHz, 405 MHz, 27.38 W, 30
1703167, /home/ndizazzo/dev/mesh/issue1393-q4-snapshot-20260930/target/release/xtask, 20134 MiB
 22:08:02 up 7 days,  5:59,  5 users,  load average: 1.81, 1.50, 1.17
2026-09-30T22:08:04-04:00
96 %, 20571 MiB, 2910 MHz, 13801 MHz, 93.65 W, 34
0 %, 20 MiB, 210 MHz, 405 MHz, 21.37 W, 29
1703167, /home/ndizazzo/dev/mesh/issue1393-q4-snapshot-20260930/target/release/xtask, 20134 MiB
 22:08:04 up 7 days,  5:59,  5 users,  load average: 1.81, 1.50, 1.17
2026-09-30T22:08:06-04:00
87 %, 20571 MiB, 2910 MHz, 13801 MHz, 93.63 W, 34
0 %, 20 MiB, 210 MHz, 405 MHz, 20.99 W, 29
1703167, /home/ndizazzo/dev/mesh/issue1393-q4-snapshot-20260930/target/release/xtask, 20134 MiB
 22:08:06 up 7 days,  5:59,  5 users,  load average: 1.81, 1.50, 1.17
2026-09-30T22:08:08-04:00
95 %, 20571 MiB, 2910 MHz, 13801 MHz, 93.93 W, 34
0 %, 20 MiB, 210 MHz, 405 MHz, 23.79 W, 30
1703167, /home/ndizazzo/dev/mesh/issue1393-q4-snapshot-20260930/target/release/xtask, 20134 MiB
 22:08:08 up 7 days,  5:59,  5 users,  load average: 1.83, 1.51, 1.17
2026-09-30T22:08:10-04:00
96 %, 20571 MiB, 2910 MHz, 13801 MHz, 93.99 W, 34
0 %, 20 MiB, 210 MHz, 405 MHz, 22.19 W, 30
1703167, /home/ndizazzo/dev/mesh/issue1393-q4-snapshot-20260930/target/release/xtask, 20134 MiB
 22:08:10 up 7 days,  5:59,  5 users,  load average: 1.83, 1.51, 1.17
2026-09-30T22:08:12-04:00
84 %, 20571 MiB, 2910 MHz, 13801 MHz, 94.84 W, 34
0 %, 20 MiB, 210 MHz, 405 MHz, 21.08 W, 29
1703167, /home/ndizazzo/dev/mesh/issue1393-q4-snapshot-20260930/target/release/xtask, 20134 MiB
 22:08:12 up 7 days,  5:59,  5 users,  load average: 1.84, 1.52, 1.18
2026-09-30T22:08:14-04:00
100 %, 20571 MiB, 2910 MHz, 13801 MHz, 94.08 W, 34
0 %, 20 MiB, 210 MHz, 405 MHz, 21.19 W, 29
1703167, /home/ndizazzo/dev/mesh/issue1393-q4-snapshot-20260930/target/release/xtask, 20134 MiB
 22:08:14 up 7 days,  5:59,  5 users,  load average: 1.84, 1.52, 1.18
2026-09-30T22:08:16-04:00
92 %, 20571 MiB, 2910 MHz, 13801 MHz, 93.97 W, 34
0 %, 20 MiB, 210 MHz, 405 MHz, 27.13 W, 30
1703167, /home/ndizazzo/dev/mesh/issue1393-q4-snapshot-20260930/target/release/xtask, 20134 MiB
 22:08:16 up 7 days,  5:59,  5 users,  load average: 1.84, 1.52, 1.18
2026-09-30T22:08:18-04:00
97 %, 20571 MiB, 2910 MHz, 13801 MHz, 93.87 W, 34
0 %, 20 MiB, 210 MHz, 405 MHz, 21.25 W, 29
1703167, /home/ndizazzo/dev/mesh/issue1393-q4-snapshot-20260930/target/release/xtask, 20134 MiB
 22:08:18 up 7 days,  5:59,  5 users,  load average: 1.77, 1.51, 1.18
2026-09-30T22:08:20-04:00
86 %, 20571 MiB, 2910 MHz, 13801 MHz, 94.20 W, 34
0 %, 20 MiB, 210 MHz, 405 MHz, 21.10 W, 29
1703167, /home/ndizazzo/dev/mesh/issue1393-q4-snapshot-20260930/target/release/xtask, 20134 MiB
 22:08:21 up 7 days,  5:59,  5 users,  load average: 1.77, 1.51, 1.18
2026-09-30T22:08:23-04:00
96 %, 20571 MiB, 2910 MHz, 13801 MHz, 93.93 W, 34
0 %, 20 MiB, 210 MHz, 405 MHz, 22.99 W, 30
1703167, /home/ndizazzo/dev/mesh/issue1393-q4-snapshot-20260930/target/release/xtask, 20134 MiB
 22:08:23 up 7 days,  5:59,  5 users,  load average: 1.79, 1.52, 1.18
2026-09-30T22:08:25-04:00
96 %, 20571 MiB, 2910 MHz, 13801 MHz, 94.57 W, 34
0 %, 20 MiB, 210 MHz, 405 MHz, 21.87 W, 30
1703167, /home/ndizazzo/dev/mesh/issue1393-q4-snapshot-20260930/target/release/xtask, 20134 MiB
 22:08:25 up 7 days,  5:59,  5 users,  load average: 1.79, 1.52, 1.18
2026-09-30T22:08:27-04:00
95 %, 20571 MiB, 2910 MHz, 13801 MHz, 94.25 W, 34
0 %, 20 MiB, 210 MHz, 405 MHz, 21.11 W, 29
1703167, /home/ndizazzo/dev/mesh/issue1393-q4-snapshot-20260930/target/release/xtask, 20134 MiB
 22:08:27 up 7 days,  5:59,  5 users,  load average: 1.79, 1.52, 1.18
2026-09-30T22:08:29-04:00
95 %, 20571 MiB, 2910 MHz, 13801 MHz, 94.36 W, 34
0 %, 20 MiB, 210 MHz, 405 MHz, 21.26 W, 29
1703167, /home/ndizazzo/dev/mesh/issue1393-q4-snapshot-20260930/target/release/xtask, 20134 MiB
 22:08:29 up 7 days,  5:59,  5 users,  load average: 1.81, 1.52, 1.19
2026-09-30T22:08:31-04:00
100 %, 20571 MiB, 2910 MHz, 13801 MHz, 93.65 W, 34
0 %, 20 MiB, 210 MHz, 405 MHz, 27.66 W, 30
1703167, /home/ndizazzo/dev/mesh/issue1393-q4-snapshot-20260930/target/release/xtask, 20134 MiB
 22:08:31 up 7 days,  5:59,  5 users,  load average: 1.81, 1.52, 1.19
2026-09-30T22:08:33-04:00
88 %, 20571 MiB, 2910 MHz, 13801 MHz, 93.68 W, 34
0 %, 20 MiB, 210 MHz, 405 MHz, 21.58 W, 29
1703167, /home/ndizazzo/dev/mesh/issue1393-q4-snapshot-20260930/target/release/xtask, 20134 MiB
 22:08:33 up 7 days,  5:59,  5 users,  load average: 1.82, 1.53, 1.19
2026-09-30T22:08:35-04:00
95 %, 20571 MiB, 2910 MHz, 13801 MHz, 93.89 W, 34
0 %, 20 MiB, 210 MHz, 405 MHz, 21.23 W, 29
1703167, /home/ndizazzo/dev/mesh/issue1393-q4-snapshot-20260930/target/release/xtask, 20134 MiB
 22:08:35 up 7 days,  5:59,  5 users,  load average: 1.82, 1.53, 1.19
2026-09-30T22:08:37-04:00
97 %, 20571 MiB, 2910 MHz, 13801 MHz, 94.17 W, 34
0 %, 20 MiB, 210 MHz, 405 MHz, 23.47 W, 30
1703167, /home/ndizazzo/dev/mesh/issue1393-q4-snapshot-20260930/target/release/xtask, 20134 MiB
 22:08:37 up 7 days,  5:59,  5 users,  load average: 1.84, 1.54, 1.20
2026-09-30T22:08:39-04:00
87 %, 20571 MiB, 2910 MHz, 13801 MHz, 93.94 W, 34
0 %, 20 MiB, 210 MHz, 405 MHz, 22.20 W, 30
1703167, /home/ndizazzo/dev/mesh/issue1393-q4-snapshot-20260930/target/release/xtask, 20134 MiB
 22:08:39 up 7 days,  5:59,  5 users,  load average: 1.84, 1.54, 1.20
2026-09-30T22:08:41-04:00
87 %, 20571 MiB, 2910 MHz, 13801 MHz, 93.36 W, 34
0 %, 20 MiB, 210 MHz, 405 MHz, 21.12 W, 29
1703167, /home/ndizazzo/dev/mesh/issue1393-q4-snapshot-20260930/target/release/xtask, 20134 MiB
 22:08:41 up 7 days,  5:59,  5 users,  load average: 1.84, 1.54, 1.20
2026-09-30T22:08:43-04:00
89 %, 20571 MiB, 2910 MHz, 13801 MHz, 93.53 W, 34
0 %, 20 MiB, 210 MHz, 405 MHz, 21.25 W, 29
1703167, /home/ndizazzo/dev/mesh/issue1393-q4-snapshot-20260930/target/release/xtask, 20134 MiB
 22:08:43 up 7 days,  5:59,  5 users,  load average: 1.85, 1.55, 1.20
2026-09-30T22:08:45-04:00
88 %, 20571 MiB, 2910 MHz, 13801 MHz, 93.87 W, 34
0 %, 20 MiB, 210 MHz, 405 MHz, 21.94 W, 30
1703167, /home/ndizazzo/dev/mesh/issue1393-q4-snapshot-20260930/target/release/xtask, 20134 MiB
 22:08:45 up 7 days,  5:59,  5 users,  load average: 1.85, 1.55, 1.20
2026-09-30T22:08:47-04:00
96 %, 20571 MiB, 2910 MHz, 13801 MHz, 92.96 W, 34
0 %, 20 MiB, 210 MHz, 405 MHz, 21.11 W, 29
1703167, /home/ndizazzo/dev/mesh/issue1393-q4-snapshot-20260930/target/release/xtask, 20134 MiB
 22:08:47 up 7 days,  5:59,  5 users,  load average: 1.86, 1.56, 1.20
2026-09-30T22:08:49-04:00
96 %, 20571 MiB, 2910 MHz, 13801 MHz, 93.14 W, 34
0 %, 20 MiB, 210 MHz, 405 MHz, 21.18 W, 29
1703167, /home/ndizazzo/dev/mesh/issue1393-q4-snapshot-20260930/target/release/xtask, 20134 MiB
 22:08:49 up 7 days,  5:59,  5 users,  load average: 1.86, 1.56, 1.20
2026-09-30T22:08:51-04:00
98 %, 20571 MiB, 2910 MHz, 13801 MHz, 93.83 W, 34
0 %, 20 MiB, 210 MHz, 405 MHz, 24.27 W, 30
1703167, /home/ndizazzo/dev/mesh/issue1393-q4-snapshot-20260930/target/release/xtask, 20134 MiB
 22:08:51 up 7 days,  5:59,  5 users,  load average: 1.86, 1.56, 1.20
2026-09-30T22:08:53-04:00
91 %, 20571 MiB, 2910 MHz, 13801 MHz, 94.26 W, 34
0 %, 20 MiB, 210 MHz, 405 MHz, 22.29 W, 30
1703167, /home/ndizazzo/dev/mesh/issue1393-q4-snapshot-20260930/target/release/xtask, 20134 MiB
 22:08:53 up 7 days,  5:59,  5 users,  load average: 1.79, 1.55, 1.20
2026-09-30T22:08:55-04:00
87 %, 20571 MiB, 2910 MHz, 13801 MHz, 93.84 W, 34
0 %, 20 MiB, 210 MHz, 405 MHz, 21.14 W, 29
1703167, /home/ndizazzo/dev/mesh/issue1393-q4-snapshot-20260930/target/release/xtask, 20134 MiB
 22:08:56 up 7 days,  5:59,  5 users,  load average: 1.79, 1.55, 1.20
2026-09-30T22:08:58-04:00
92 %, 20571 MiB, 2910 MHz, 13801 MHz, 93.21 W, 34
0 %, 20 MiB, 210 MHz, 405 MHz, 21.26 W, 29
1703167, /home/ndizazzo/dev/mesh/issue1393-q4-snapshot-20260930/target/release/xtask, 20134 MiB
 22:08:58 up 7 days,  6:00,  5 users,  load average: 1.81, 1.56, 1.21
2026-09-30T22:09:00-04:00
93 %, 20571 MiB, 2910 MHz, 13801 MHz, 93.39 W, 34
0 %, 20 MiB, 210 MHz, 405 MHz, 27.15 W, 30
1703167, /home/ndizazzo/dev/mesh/issue1393-q4-snapshot-20260930/target/release/xtask, 20134 MiB
 22:09:00 up 7 days,  6:00,  5 users,  load average: 1.81, 1.56, 1.21
2026-09-30T22:09:02-04:00
96 %, 20571 MiB, 2910 MHz, 13801 MHz, 93.19 W, 34
0 %, 20 MiB, 210 MHz, 405 MHz, 21.14 W, 29
1703167, /home/ndizazzo/dev/mesh/issue1393-q4-snapshot-20260930/target/release/xtask, 20134 MiB
 22:09:02 up 7 days,  6:00,  5 users,  load average: 1.81, 1.56, 1.21
2026-09-30T22:09:04-04:00
96 %, 20571 MiB, 2910 MHz, 13801 MHz, 94.01 W, 34
0 %, 20 MiB, 210 MHz, 405 MHz, 21.34 W, 29
1703167, /home/ndizazzo/dev/mesh/issue1393-q4-snapshot-20260930/target/release/xtask, 20134 MiB
 22:09:04 up 7 days,  6:00,  5 users,  load average: 1.83, 1.56, 1.21
2026-09-30T22:09:06-04:00
88 %, 20571 MiB, 2910 MHz, 13801 MHz, 94.00 W, 34
0 %, 20 MiB, 210 MHz, 405 MHz, 27.26 W, 30
1703167, /home/ndizazzo/dev/mesh/issue1393-q4-snapshot-20260930/target/release/xtask, 20134 MiB
 22:09:06 up 7 days,  6:00,  5 users,  load average: 1.83, 1.56, 1.21
2026-09-30T22:09:08-04:00
92 %, 20571 MiB, 2910 MHz, 13801 MHz, 93.20 W, 34
0 %, 20 MiB, 210 MHz, 405 MHz, 21.24 W, 30
1703167, /home/ndizazzo/dev/mesh/issue1393-q4-snapshot-20260930/target/release/xtask, 20134 MiB
 22:09:08 up 7 days,  6:00,  5 users,  load average: 1.84, 1.57, 1.22
2026-09-30T22:09:10-04:00
95 %, 20571 MiB, 2910 MHz, 13801 MHz, 93.16 W, 34
0 %, 20 MiB, 210 MHz, 405 MHz, 21.07 W, 29
1703167, /home/ndizazzo/dev/mesh/issue1393-q4-snapshot-20260930/target/release/xtask, 20134 MiB
 22:09:10 up 7 days,  6:00,  5 users,  load average: 1.84, 1.57, 1.22
2026-09-30T22:09:12-04:00
92 %, 20571 MiB, 2910 MHz, 13801 MHz, 94.39 W, 34
0 %, 20 MiB, 210 MHz, 405 MHz, 21.01 W, 29
1703167, /home/ndizazzo/dev/mesh/issue1393-q4-snapshot-20260930/target/release/xtask, 20134 MiB
 22:09:12 up 7 days,  6:00,  5 users,  load average: 1.93, 1.59, 1.23
2026-09-30T22:09:14-04:00
100 %, 20571 MiB, 2910 MHz, 13801 MHz, 93.42 W, 34
0 %, 20 MiB, 210 MHz, 405 MHz, 27.36 W, 30
1703167, /home/ndizazzo/dev/mesh/issue1393-q4-snapshot-20260930/target/release/xtask, 20134 MiB
 22:09:14 up 7 days,  6:00,  5 users,  load average: 1.93, 1.59, 1.23
2026-09-30T22:09:16-04:00
90 %, 20571 MiB, 2910 MHz, 13801 MHz, 93.89 W, 34
0 %, 20 MiB, 210 MHz, 405 MHz, 21.48 W, 29
1703167, /home/ndizazzo/dev/mesh/issue1393-q4-snapshot-20260930/target/release/xtask, 20134 MiB
 22:09:16 up 7 days,  6:00,  5 users,  load average: 1.93, 1.59, 1.23
2026-09-30T22:09:18-04:00
95 %, 20571 MiB, 2910 MHz, 13801 MHz, 93.76 W, 34
0 %, 20 MiB, 210 MHz, 405 MHz, 21.12 W, 29
1703167, /home/ndizazzo/dev/mesh/issue1393-q4-snapshot-20260930/target/release/xtask, 20134 MiB
 22:09:18 up 7 days,  6:00,  5 users,  load average: 1.94, 1.60, 1.23
2026-09-30T22:09:20-04:00
98 %, 20571 MiB, 2910 MHz, 13801 MHz, 94.79 W, 34
0 %, 20 MiB, 210 MHz, 405 MHz, 26.94 W, 30
1703167, /home/ndizazzo/dev/mesh/issue1393-q4-snapshot-20260930/target/release/xtask, 20134 MiB
 22:09:20 up 7 days,  6:00,  5 users,  load average: 1.94, 1.60, 1.23
2026-09-30T22:09:22-04:00
81 %, 20571 MiB, 2910 MHz, 13801 MHz, 95.62 W, 34
0 %, 20 MiB, 210 MHz, 405 MHz, 21.34 W, 29
1703167, /home/ndizazzo/dev/mesh/issue1393-q4-snapshot-20260930/target/release/xtask, 20134 MiB
 22:09:22 up 7 days,  6:00,  5 users,  load average: 1.94, 1.61, 1.23
2026-09-30T22:09:24-04:00
95 %, 20571 MiB, 2910 MHz, 13801 MHz, 93.87 W, 34
0 %, 20 MiB, 210 MHz, 405 MHz, 21.05 W, 29
1703167, /home/ndizazzo/dev/mesh/issue1393-q4-snapshot-20260930/target/release/xtask, 20134 MiB
 22:09:24 up 7 days,  6:00,  5 users,  load average: 1.94, 1.61, 1.23
2026-09-30T22:09:26-04:00
96 %, 20571 MiB, 2910 MHz, 13801 MHz, 94.18 W, 34
0 %, 20 MiB, 210 MHz, 405 MHz, 21.06 W, 29
1703167, /home/ndizazzo/dev/mesh/issue1393-q4-snapshot-20260930/target/release/xtask, 20134 MiB
 22:09:26 up 7 days,  6:00,  5 users,  load average: 1.94, 1.61, 1.23
2026-09-30T22:09:28-04:00
96 %, 20571 MiB, 2910 MHz, 13801 MHz, 93.53 W, 34
0 %, 20 MiB, 210 MHz, 405 MHz, 21.78 W, 30
1703167, /home/ndizazzo/dev/mesh/issue1393-q4-snapshot-20260930/target/release/xtask, 20134 MiB
 22:09:28 up 7 days,  6:00,  5 users,  load average: 1.87, 1.60, 1.23
2026-09-30T22:09:30-04:00
88 %, 20571 MiB, 2910 MHz, 13801 MHz, 93.49 W, 34
0 %, 20 MiB, 210 MHz, 405 MHz, 21.02 W, 29
1703167, /home/ndizazzo/dev/mesh/issue1393-q4-snapshot-20260930/target/release/xtask, 20134 MiB
 22:09:31 up 7 days,  6:00,  5 users,  load average: 1.87, 1.60, 1.23
2026-09-30T22:09:33-04:00
90 %, 20571 MiB, 2910 MHz, 13801 MHz, 94.26 W, 34
0 %, 20 MiB, 210 MHz, 405 MHz, 21.10 W, 29
1703167, /home/ndizazzo/dev/mesh/issue1393-q4-snapshot-20260930/target/release/xtask, 20134 MiB
 22:09:33 up 7 days,  6:00,  5 users,  load average: 1.80, 1.59, 1.23
2026-09-30T22:09:35-04:00
95 %, 20571 MiB, 2910 MHz, 13801 MHz, 95.05 W, 34
0 %, 20 MiB, 210 MHz, 405 MHz, 24.12 W, 30
1703167, /home/ndizazzo/dev/mesh/issue1393-q4-snapshot-20260930/target/release/xtask, 20134 MiB
 22:09:35 up 7 days,  6:00,  5 users,  load average: 1.80, 1.59, 1.23
2026-09-30T22:09:37-04:00
100 %, 20571 MiB, 2910 MHz, 13801 MHz, 94.56 W, 34
0 %, 20 MiB, 210 MHz, 405 MHz, 21.19 W, 29
1703167, /home/ndizazzo/dev/mesh/issue1393-q4-snapshot-20260930/target/release/xtask, 20134 MiB
 22:09:37 up 7 days,  6:00,  5 users,  load average: 1.80, 1.59, 1.23
2026-09-30T22:09:39-04:00
86 %, 20571 MiB, 2910 MHz, 13801 MHz, 94.05 W, 34
0 %, 20 MiB, 210 MHz, 405 MHz, 21.10 W, 29
1703167, /home/ndizazzo/dev/mesh/issue1393-q4-snapshot-20260930/target/release/xtask, 20134 MiB
 22:09:39 up 7 days,  6:00,  5 users,  load average: 1.73, 1.58, 1.23
2026-09-30T22:09:41-04:00
89 %, 20571 MiB, 2910 MHz, 13801 MHz, 93.71 W, 34
0 %, 20 MiB, 210 MHz, 405 MHz, 21.77 W, 30
1703167, /home/ndizazzo/dev/mesh/issue1393-q4-snapshot-20260930/target/release/xtask, 20134 MiB
 22:09:41 up 7 days,  6:00,  5 users,  load average: 1.73, 1.58, 1.23
2026-09-30T22:09:43-04:00
90 %, 20571 MiB, 2910 MHz, 13801 MHz, 94.62 W, 34
0 %, 20 MiB, 210 MHz, 405 MHz, 22.27 W, 30
1703167, /home/ndizazzo/dev/mesh/issue1393-q4-snapshot-20260930/target/release/xtask, 20134 MiB
 22:09:43 up 7 days,  6:00,  5 users,  load average: 1.76, 1.58, 1.23
2026-09-30T22:09:45-04:00
90 %, 20571 MiB, 2910 MHz, 13801 MHz, 93.77 W, 34
0 %, 20 MiB, 210 MHz, 405 MHz, 21.10 W, 29
1703167, /home/ndizazzo/dev/mesh/issue1393-q4-snapshot-20260930/target/release/xtask, 20134 MiB
 22:09:45 up 7 days,  6:00,  5 users,  load average: 1.76, 1.58, 1.23
2026-09-30T22:09:47-04:00
95 %, 20571 MiB, 2910 MHz, 13801 MHz, 94.01 W, 34
0 %, 20 MiB, 210 MHz, 405 MHz, 21.10 W, 29
1703167, /home/ndizazzo/dev/mesh/issue1393-q4-snapshot-20260930/target/release/xtask, 20134 MiB
 22:09:47 up 7 days,  6:00,  5 users,  load average: 1.78, 1.59, 1.24
2026-09-30T22:09:49-04:00
100 %, 20571 MiB, 2910 MHz, 13801 MHz, 97.00 W, 34
0 %, 20 MiB, 210 MHz, 405 MHz, 27.14 W, 30
1703167, /home/ndizazzo/dev/mesh/issue1393-q4-snapshot-20260930/target/release/xtask, 20134 MiB
 22:09:49 up 7 days,  6:00,  5 users,  load average: 1.78, 1.59, 1.24
2026-09-30T22:09:51-04:00
96 %, 20571 MiB, 2910 MHz, 13801 MHz, 93.63 W, 34
0 %, 20 MiB, 210 MHz, 405 MHz, 21.39 W, 29
1703167, /home/ndizazzo/dev/mesh/issue1393-q4-snapshot-20260930/target/release/xtask, 20134 MiB
 22:09:51 up 7 days,  6:00,  5 users,  load average: 1.78, 1.59, 1.24
2026-09-30T22:09:53-04:00
96 %, 20571 MiB, 2910 MHz, 13801 MHz, 93.49 W, 34
0 %, 20 MiB, 210 MHz, 405 MHz, 21.18 W, 29
1703167, /home/ndizazzo/dev/mesh/issue1393-q4-snapshot-20260930/target/release/xtask, 20134 MiB
 22:09:53 up 7 days,  6:00,  5 users,  load average: 1.79, 1.60, 1.24
2026-09-30T22:09:55-04:00
85 %, 20571 MiB, 2910 MHz, 13801 MHz, 93.97 W, 34
0 %, 20 MiB, 210 MHz, 405 MHz, 22.66 W, 30
1703167, /home/ndizazzo/dev/mesh/issue1393-q4-snapshot-20260930/target/release/xtask, 20134 MiB
 22:09:55 up 7 days,  6:00,  5 users,  load average: 1.79, 1.60, 1.24
2026-09-30T22:09:57-04:00
94 %, 20571 MiB, 2910 MHz, 13801 MHz, 94.01 W, 34
0 %, 20 MiB, 210 MHz, 405 MHz, 21.94 W, 30
1703167, /home/ndizazzo/dev/mesh/issue1393-q4-snapshot-20260930/target/release/xtask, 20134 MiB
 22:09:57 up 7 days,  6:01,  5 users,  load average: 1.73, 1.59, 1.24
2026-09-30T22:09:59-04:00
100 %, 20571 MiB, 2910 MHz, 13801 MHz, 93.56 W, 34
0 %, 20 MiB, 210 MHz, 405 MHz, 21.15 W, 29
1703167, /home/ndizazzo/dev/mesh/issue1393-q4-snapshot-20260930/target/release/xtask, 20134 MiB
 22:09:59 up 7 days,  6:01,  5 users,  load average: 1.73, 1.59, 1.24
2026-09-30T22:10:01-04:00
86 %, 20571 MiB, 2910 MHz, 13801 MHz, 93.71 W, 34
0 %, 20 MiB, 210 MHz, 405 MHz, 21.22 W, 29
1703167, /home/ndizazzo/dev/mesh/issue1393-q4-snapshot-20260930/target/release/xtask, 20134 MiB
 22:10:01 up 7 days,  6:01,  5 users,  load average: 1.73, 1.59, 1.24
2026-09-30T22:10:03-04:00
87 %, 20571 MiB, 2910 MHz, 13801 MHz, 94.38 W, 34
0 %, 20 MiB, 210 MHz, 405 MHz, 27.39 W, 30
1703167, /home/ndizazzo/dev/mesh/issue1393-q4-snapshot-20260930/target/release/xtask, 20134 MiB
 22:10:03 up 7 days,  6:01,  5 users,  load average: 1.75, 1.60, 1.25
2026-09-30T22:10:05-04:00
91 %, 20571 MiB, 2910 MHz, 13801 MHz, 94.70 W, 34
0 %, 20 MiB, 210 MHz, 405 MHz, 21.38 W, 29
1703167, /home/ndizazzo/dev/mesh/issue1393-q4-snapshot-20260930/target/release/xtask, 20134 MiB
 22:10:06 up 7 days,  6:01,  5 users,  load average: 1.75, 1.60, 1.25
2026-09-30T22:10:08-04:00
100 %, 20571 MiB, 2910 MHz, 13801 MHz, 93.46 W, 34
0 %, 20 MiB, 210 MHz, 405 MHz, 20.99 W, 29
1703167, /home/ndizazzo/dev/mesh/issue1393-q4-snapshot-20260930/target/release/xtask, 20134 MiB
 22:10:08 up 7 days,  6:01,  5 users,  load average: 1.77, 1.60, 1.25
2026-09-30T22:10:10-04:00
87 %, 20571 MiB, 2910 MHz, 13801 MHz, 93.44 W, 34
0 %, 20 MiB, 210 MHz, 405 MHz, 21.23 W, 29
1703167, /home/ndizazzo/dev/mesh/issue1393-q4-snapshot-20260930/target/release/xtask, 20134 MiB
 22:10:10 up 7 days,  6:01,  5 users,  load average: 1.77, 1.60, 1.25
2026-09-30T22:10:12-04:00
94 %, 20571 MiB, 2910 MHz, 13801 MHz, 93.79 W, 34
0 %, 20 MiB, 210 MHz, 405 MHz, 22.16 W, 30
1703167, /home/ndizazzo/dev/mesh/issue1393-q4-snapshot-20260930/target/release/xtask, 20134 MiB
 22:10:12 up 7 days,  6:01,  5 users,  load average: 1.77, 1.60, 1.25
2026-09-30T22:10:14-04:00
95 %, 20571 MiB, 2910 MHz, 13801 MHz, 94.11 W, 34
0 %, 20 MiB, 210 MHz, 405 MHz, 21.12 W, 29
1703167, /home/ndizazzo/dev/mesh/issue1393-q4-snapshot-20260930/target/release/xtask, 20134 MiB
 22:10:14 up 7 days,  6:01,  5 users,  load average: 1.79, 1.61, 1.26
2026-09-30T22:10:16-04:00
95 %, 20571 MiB, 2910 MHz, 13801 MHz, 95.62 W, 34
0 %, 20 MiB, 210 MHz, 405 MHz, 21.19 W, 29
1703167, /home/ndizazzo/dev/mesh/issue1393-q4-snapshot-20260930/target/release/xtask, 20134 MiB
 22:10:16 up 7 days,  6:01,  5 users,  load average: 1.79, 1.61, 1.26
2026-09-30T22:10:18-04:00
96 %, 20571 MiB, 2910 MHz, 13801 MHz, 96.15 W, 34
0 %, 20 MiB, 210 MHz, 405 MHz, 27.31 W, 30
1703167, /home/ndizazzo/dev/mesh/issue1393-q4-snapshot-20260930/target/release/xtask, 20134 MiB
 22:10:18 up 7 days,  6:01,  5 users,  load average: 1.73, 1.60, 1.25
2026-09-30T22:10:20-04:00
100 %, 20571 MiB, 2910 MHz, 13801 MHz, 94.10 W, 34
0 %, 20 MiB, 210 MHz, 405 MHz, 21.23 W, 29
1703167, /home/ndizazzo/dev/mesh/issue1393-q4-snapshot-20260930/target/release/xtask, 20134 MiB
 22:10:20 up 7 days,  6:01,  5 users,  load average: 1.73, 1.60, 1.25
2026-09-30T22:10:22-04:00
87 %, 20571 MiB, 2910 MHz, 13801 MHz, 93.56 W, 34
0 %, 20 MiB, 210 MHz, 405 MHz, 21.04 W, 29
1703167, /home/ndizazzo/dev/mesh/issue1393-q4-snapshot-20260930/target/release/xtask, 20134 MiB
 22:10:22 up 7 days,  6:01,  5 users,  load average: 1.67, 1.59, 1.25
2026-09-30T22:10:24-04:00
91 %, 20571 MiB, 2910 MHz, 13801 MHz, 94.16 W, 34
0 %, 20 MiB, 210 MHz, 405 MHz, 21.88 W, 30
1703167, /home/ndizazzo/dev/mesh/issue1393-q4-snapshot-20260930/target/release/xtask, 20134 MiB
 22:10:24 up 7 days,  6:01,  5 users,  load average: 1.67, 1.59, 1.25
2026-09-30T22:10:26-04:00
91 %, 20571 MiB, 2910 MHz, 13801 MHz, 94.12 W, 34
0 %, 20 MiB, 210 MHz, 405 MHz, 21.69 W, 30
1703167, /home/ndizazzo/dev/mesh/issue1393-q4-snapshot-20260930/target/release/xtask, 20134 MiB
 22:10:26 up 7 days,  6:01,  5 users,  load average: 1.67, 1.59, 1.25
2026-09-30T22:10:28-04:00
96 %, 20571 MiB, 2910 MHz, 13801 MHz, 93.83 W, 34
0 %, 20 MiB, 210 MHz, 405 MHz, 21.19 W, 29
1703167, /home/ndizazzo/dev/mesh/issue1393-q4-snapshot-20260930/target/release/xtask, 20134 MiB
 22:10:28 up 7 days,  6:01,  5 users,  load average: 1.61, 1.58, 1.25
2026-09-30T22:10:30-04:00
97 %, 20571 MiB, 2910 MHz, 13801 MHz, 93.97 W, 34
0 %, 20 MiB, 210 MHz, 405 MHz, 21.18 W, 29
1703167, /home/ndizazzo/dev/mesh/issue1393-q4-snapshot-20260930/target/release/xtask, 20134 MiB
 22:10:30 up 7 days,  6:01,  5 users,  load average: 1.61, 1.58, 1.25
2026-09-30T22:10:32-04:00
92 %, 20571 MiB, 2910 MHz, 13801 MHz, 92.93 W, 34
0 %, 20 MiB, 210 MHz, 405 MHz, 27.70 W, 30
1703167, /home/ndizazzo/dev/mesh/issue1393-q4-snapshot-20260930/target/release/xtask, 20134 MiB
 22:10:32 up 7 days,  6:01,  5 users,  load average: 1.57, 1.57, 1.25
2026-09-30T22:10:34-04:00
96 %, 20571 MiB, 2910 MHz, 13801 MHz, 93.19 W, 34
0 %, 20 MiB, 210 MHz, 405 MHz, 21.45 W, 29
1703167, /home/ndizazzo/dev/mesh/issue1393-q4-snapshot-20260930/target/release/xtask, 20134 MiB
 22:10:34 up 7 days,  6:01,  5 users,  load average: 1.57, 1.57, 1.25
2026-09-30T22:10:36-04:00
96 %, 20571 MiB, 2910 MHz, 13801 MHz, 93.15 W, 34
0 %, 20 MiB, 210 MHz, 405 MHz, 21.14 W, 29
1703167, /home/ndizazzo/dev/mesh/issue1393-q4-snapshot-20260930/target/release/xtask, 20134 MiB
 22:10:36 up 7 days,  6:01,  5 users,  load average: 1.57, 1.57, 1.25
2026-09-30T22:10:38-04:00
100 %, 20571 MiB, 2910 MHz, 13801 MHz, 93.57 W, 34
0 %, 20 MiB, 210 MHz, 405 MHz, 22.57 W, 29
1703167, /home/ndizazzo/dev/mesh/issue1393-q4-snapshot-20260930/target/release/xtask, 20134 MiB
 22:10:38 up 7 days,  6:01,  5 users,  load average: 1.60, 1.58, 1.25
2026-09-30T22:10:40-04:00
89 %, 20571 MiB, 2910 MHz, 13801 MHz, 93.77 W, 34
0 %, 20 MiB, 210 MHz, 405 MHz, 22.07 W, 30
1703167, /home/ndizazzo/dev/mesh/issue1393-q4-snapshot-20260930/target/release/xtask, 20134 MiB
 22:10:41 up 7 days,  6:01,  5 users,  load average: 1.60, 1.58, 1.25
2026-09-30T22:10:43-04:00
97 %, 20571 MiB, 2910 MHz, 13801 MHz, 94.83 W, 34
0 %, 20 MiB, 210 MHz, 405 MHz, 21.19 W, 29
1703167, /home/ndizazzo/dev/mesh/issue1393-q4-snapshot-20260930/target/release/xtask, 20134 MiB
 22:10:43 up 7 days,  6:01,  5 users,  load average: 1.55, 1.57, 1.25
2026-09-30T22:10:45-04:00
100 %, 20571 MiB, 2910 MHz, 13801 MHz, 95.96 W, 34
0 %, 20 MiB, 210 MHz, 405 MHz, 21.29 W, 29
1703167, /home/ndizazzo/dev/mesh/issue1393-q4-snapshot-20260930/target/release/xtask, 20134 MiB
 22:10:45 up 7 days,  6:01,  5 users,  load average: 1.55, 1.57, 1.25
2026-09-30T22:10:47-04:00
92 %, 20571 MiB, 2910 MHz, 13801 MHz, 93.80 W, 34
0 %, 20 MiB, 210 MHz, 405 MHz, 27.39 W, 29
1703167, /home/ndizazzo/dev/mesh/issue1393-q4-snapshot-20260930/target/release/xtask, 20134 MiB
 22:10:47 up 7 days,  6:01,  5 users,  load average: 1.55, 1.57, 1.25
2026-09-30T22:10:49-04:00
98 %, 20571 MiB, 2910 MHz, 13801 MHz, 93.69 W, 34
0 %, 20 MiB, 210 MHz, 405 MHz, 21.18 W, 29
1703167, /home/ndizazzo/dev/mesh/issue1393-q4-snapshot-20260930/target/release/xtask, 20134 MiB
 22:10:49 up 7 days,  6:01,  5 users,  load average: 1.59, 1.57, 1.26
2026-09-30T22:10:51-04:00
88 %, 20571 MiB, 2910 MHz, 13801 MHz, 94.20 W, 34
0 %, 20 MiB, 210 MHz, 405 MHz, 21.15 W, 29
1703167, /home/ndizazzo/dev/mesh/issue1393-q4-snapshot-20260930/target/release/xtask, 20134 MiB
 22:10:51 up 7 days,  6:01,  5 users,  load average: 1.59, 1.57, 1.26
2026-09-30T22:10:53-04:00
93 %, 20571 MiB, 2910 MHz, 13801 MHz, 94.91 W, 34
0 %, 20 MiB, 210 MHz, 405 MHz, 23.06 W, 29
1703167, /home/ndizazzo/dev/mesh/issue1393-q4-snapshot-20260930/target/release/xtask, 20134 MiB
 22:10:53 up 7 days,  6:01,  5 users,  load average: 1.62, 1.58, 1.26
2026-09-30T22:10:55-04:00
96 %, 20571 MiB, 2910 MHz, 13801 MHz, 93.63 W, 34
0 %, 20 MiB, 210 MHz, 405 MHz, 22.21 W, 30
1703167, /home/ndizazzo/dev/mesh/issue1393-q4-snapshot-20260930/target/release/xtask, 20134 MiB
 22:10:55 up 7 days,  6:01,  5 users,  load average: 1.62, 1.58, 1.26
2026-09-30T22:10:57-04:00
96 %, 20571 MiB, 2910 MHz, 13801 MHz, 93.01 W, 34
0 %, 20 MiB, 210 MHz, 405 MHz, 21.07 W, 29
1703167, /home/ndizazzo/dev/mesh/issue1393-q4-snapshot-20260930/target/release/xtask, 20134 MiB
 22:10:57 up 7 days,  6:02,  5 users,  load average: 1.65, 1.59, 1.27
2026-09-30T22:10:59-04:00
89 %, 20571 MiB, 2910 MHz, 13801 MHz, 92.96 W, 34
0 %, 20 MiB, 210 MHz, 405 MHz, 21.10 W, 29
1703167, /home/ndizazzo/dev/mesh/issue1393-q4-snapshot-20260930/target/release/xtask, 20134 MiB
 22:10:59 up 7 days,  6:02,  5 users,  load average: 1.65, 1.59, 1.27
2026-09-30T22:11:01-04:00
95 %, 20571 MiB, 2910 MHz, 13801 MHz, 93.39 W, 34
0 %, 20 MiB, 210 MHz, 405 MHz, 27.11 W, 30
1703167, /home/ndizazzo/dev/mesh/issue1393-q4-snapshot-20260930/target/release/xtask, 20134 MiB
 22:11:01 up 7 days,  6:02,  5 users,  load average: 1.65, 1.59, 1.27
2026-09-30T22:11:03-04:00
91 %, 20571 MiB, 2910 MHz, 13801 MHz, 94.32 W, 34
0 %, 20 MiB, 210 MHz, 405 MHz, 21.33 W, 29
1703167, /home/ndizazzo/dev/mesh/issue1393-q4-snapshot-20260930/target/release/xtask, 20134 MiB
 22:11:03 up 7 days,  6:02,  5 users,  load average: 1.68, 1.60, 1.27
2026-09-30T22:11:05-04:00
96 %, 20571 MiB, 2910 MHz, 13801 MHz, 93.99 W, 34
0 %, 20 MiB, 210 MHz, 405 MHz, 21.17 W, 29
1703167, /home/ndizazzo/dev/mesh/issue1393-q4-snapshot-20260930/target/release/xtask, 20134 MiB
 22:11:05 up 7 days,  6:02,  5 users,  load average: 1.68, 1.60, 1.27
2026-09-30T22:11:07-04:00
91 %, 20571 MiB, 2910 MHz, 13801 MHz, 94.11 W, 34
0 %, 20 MiB, 210 MHz, 405 MHz, 23.55 W, 30
1703167, /home/ndizazzo/dev/mesh/issue1393-q4-snapshot-20260930/target/release/xtask, 20134 MiB
 22:11:07 up 7 days,  6:02,  5 users,  load average: 1.63, 1.58, 1.27
2026-09-30T22:11:09-04:00
91 %, 20571 MiB, 2910 MHz, 13801 MHz, 94.01 W, 34
0 %, 20 MiB, 210 MHz, 405 MHz, 21.89 W, 30
1703167, /home/ndizazzo/dev/mesh/issue1393-q4-snapshot-20260930/target/release/xtask, 20134 MiB
 22:11:09 up 7 days,  6:02,  5 users,  load average: 1.63, 1.58, 1.27
2026-09-30T22:11:11-04:00
98 %, 20571 MiB, 2910 MHz, 13801 MHz, 94.05 W, 34
0 %, 20 MiB, 210 MHz, 405 MHz, 21.02 W, 29
1703167, /home/ndizazzo/dev/mesh/issue1393-q4-snapshot-20260930/target/release/xtask, 20134 MiB
 22:11:11 up 7 days,  6:02,  5 users,  load average: 1.63, 1.58, 1.27
2026-09-30T22:11:13-04:00
100 %, 20571 MiB, 2910 MHz, 13801 MHz, 95.36 W, 34
0 %, 20 MiB, 210 MHz, 405 MHz, 21.18 W, 29
1703167, /home/ndizazzo/dev/mesh/issue1393-q4-snapshot-20260930/target/release/xtask, 20134 MiB
 22:11:13 up 7 days,  6:02,  5 users,  load average: 1.66, 1.59, 1.27
2026-09-30T22:11:15-04:00
91 %, 20571 MiB, 2910 MHz, 13801 MHz, 93.41 W, 34
0 %, 20 MiB, 210 MHz, 405 MHz, 27.49 W, 30
1703167, /home/ndizazzo/dev/mesh/issue1393-q4-snapshot-20260930/target/release/xtask, 20134 MiB
 22:11:16 up 7 days,  6:02,  5 users,  load average: 1.66, 1.59, 1.27
2026-09-30T22:11:18-04:00
95 %, 20571 MiB, 2910 MHz, 13801 MHz, 93.08 W, 34
0 %, 20 MiB, 210 MHz, 405 MHz, 21.55 W, 29
1703167, /home/ndizazzo/dev/mesh/issue1393-q4-snapshot-20260930/target/release/xtask, 20134 MiB
 22:11:18 up 7 days,  6:02,  5 users,  load average: 1.60, 1.58, 1.27
2026-09-30T22:11:20-04:00
96 %, 20571 MiB, 2910 MHz, 13801 MHz, 93.35 W, 34
0 %, 20 MiB, 210 MHz, 405 MHz, 21.19 W, 29
1703167, /home/ndizazzo/dev/mesh/issue1393-q4-snapshot-20260930/target/release/xtask, 20134 MiB
 22:11:20 up 7 days,  6:02,  5 users,  load average: 1.60, 1.58, 1.27
2026-09-30T22:11:22-04:00
94 %, 20571 MiB, 2910 MHz, 13801 MHz, 94.26 W, 34
0 %, 20 MiB, 210 MHz, 405 MHz, 23.94 W, 30
1703167, /home/ndizazzo/dev/mesh/issue1393-q4-snapshot-20260930/target/release/xtask, 20134 MiB
 22:11:22 up 7 days,  6:02,  5 users,  load average: 1.60, 1.58, 1.27
2026-09-30T22:11:24-04:00
94 %, 20571 MiB, 2910 MHz, 13801 MHz, 94.83 W, 34
0 %, 20 MiB, 210 MHz, 405 MHz, 22.17 W, 30
1703167, /home/ndizazzo/dev/mesh/issue1393-q4-snapshot-20260930/target/release/xtask, 20134 MiB
 22:11:24 up 7 days,  6:02,  5 users,  load average: 1.64, 1.59, 1.28
2026-09-30T22:11:26-04:00
96 %, 20571 MiB, 2910 MHz, 13801 MHz, 95.06 W, 34
0 %, 20 MiB, 210 MHz, 405 MHz, 21.01 W, 29
1703167, /home/ndizazzo/dev/mesh/issue1393-q4-snapshot-20260930/target/release/xtask, 20134 MiB
 22:11:26 up 7 days,  6:02,  5 users,  load average: 1.64, 1.59, 1.28
2026-09-30T22:11:28-04:00
87 %, 20571 MiB, 2910 MHz, 13801 MHz, 94.50 W, 34
0 %, 20 MiB, 210 MHz, 405 MHz, 21.23 W, 29
1703167, /home/ndizazzo/dev/mesh/issue1393-q4-snapshot-20260930/target/release/xtask, 20134 MiB
 22:11:28 up 7 days,  6:02,  5 users,  load average: 1.58, 1.58, 1.27
2026-09-30T22:11:30-04:00
95 %, 20571 MiB, 2910 MHz, 13801 MHz, 93.14 W, 34
0 %, 20 MiB, 210 MHz, 405 MHz, 27.25 W, 30
1703167, /home/ndizazzo/dev/mesh/issue1393-q4-snapshot-20260930/target/release/xtask, 20134 MiB
 22:11:30 up 7 days,  6:02,  5 users,  load average: 1.58, 1.58, 1.27
2026-09-30T22:11:32-04:00
85 %, 20571 MiB, 2910 MHz, 13801 MHz, 93.25 W, 34
0 %, 20 MiB, 210 MHz, 405 MHz, 21.14 W, 29
1703167, /home/ndizazzo/dev/mesh/issue1393-q4-snapshot-20260930/target/release/xtask, 20134 MiB
 22:11:32 up 7 days,  6:02,  5 users,  load average: 1.70, 1.60, 1.28
2026-09-30T22:11:34-04:00
94 %, 20571 MiB, 2910 MHz, 13801 MHz, 94.51 W, 34
0 %, 20 MiB, 210 MHz, 405 MHz, 21.09 W, 29
1703167, /home/ndizazzo/dev/mesh/issue1393-q4-snapshot-20260930/target/release/xtask, 20134 MiB
 22:11:34 up 7 days,  6:02,  5 users,  load average: 1.70, 1.60, 1.28
2026-09-30T22:11:36-04:00
96 %, 20571 MiB, 2910 MHz, 13801 MHz, 94.74 W, 34
0 %, 20 MiB, 210 MHz, 405 MHz, 23.01 W, 30
1703167, /home/ndizazzo/dev/mesh/issue1393-q4-snapshot-20260930/target/release/xtask, 20134 MiB
 22:11:36 up 7 days,  6:02,  5 users,  load average: 1.70, 1.60, 1.28
2026-09-30T22:11:38-04:00
94 %, 20571 MiB, 2910 MHz, 13801 MHz, 94.52 W, 34
0 %, 20 MiB, 210 MHz, 405 MHz, 21.53 W, 30
1703167, /home/ndizazzo/dev/mesh/issue1393-q4-snapshot-20260930/target/release/xtask, 20134 MiB
 22:11:38 up 7 days,  6:02,  5 users,  load average: 1.64, 1.59, 1.28
2026-09-30T22:11:40-04:00
98 %, 20571 MiB, 2910 MHz, 13801 MHz, 94.16 W, 34
0 %, 20 MiB, 210 MHz, 405 MHz, 20.91 W, 29
1703167, /home/ndizazzo/dev/mesh/issue1393-q4-snapshot-20260930/target/release/xtask, 20134 MiB
 22:11:40 up 7 days,  6:02,  5 users,  load average: 1.64, 1.59, 1.28
2026-09-30T22:11:42-04:00
88 %, 20571 MiB, 2910 MHz, 13801 MHz, 94.62 W, 34
0 %, 20 MiB, 210 MHz, 405 MHz, 21.00 W, 29
1703167, /home/ndizazzo/dev/mesh/issue1393-q4-snapshot-20260930/target/release/xtask, 20134 MiB
 22:11:42 up 7 days,  6:02,  5 users,  load average: 1.67, 1.60, 1.28
2026-09-30T22:11:44-04:00
92 %, 20571 MiB, 2910 MHz, 13801 MHz, 95.30 W, 34
0 %, 20 MiB, 210 MHz, 405 MHz, 27.57 W, 29
1703167, /home/ndizazzo/dev/mesh/issue1393-q4-snapshot-20260930/target/release/xtask, 20134 MiB
 22:11:44 up 7 days,  6:02,  5 users,  load average: 1.67, 1.60, 1.28
2026-09-30T22:11:46-04:00
90 %, 20571 MiB, 2910 MHz, 13801 MHz, 95.11 W, 34
0 %, 20 MiB, 210 MHz, 405 MHz, 21.38 W, 29
1703167, /home/ndizazzo/dev/mesh/issue1393-q4-snapshot-20260930/target/release/xtask, 20134 MiB
 22:11:46 up 7 days,  6:02,  5 users,  load average: 1.67, 1.60, 1.28
2026-09-30T22:11:48-04:00
92 %, 20571 MiB, 2910 MHz, 13801 MHz, 93.47 W, 34
0 %, 20 MiB, 210 MHz, 405 MHz, 21.11 W, 29
1703167, /home/ndizazzo/dev/mesh/issue1393-q4-snapshot-20260930/target/release/xtask, 20134 MiB
 22:11:48 up 7 days,  6:02,  5 users,  load average: 1.62, 1.59, 1.28
2026-09-30T22:11:50-04:00
91 %, 20571 MiB, 2910 MHz, 13801 MHz, 92.43 W, 34
0 %, 20 MiB, 210 MHz, 405 MHz, 23.41 W, 29
1703167, /home/ndizazzo/dev/mesh/issue1393-q4-snapshot-20260930/target/release/xtask, 20134 MiB
 22:11:51 up 7 days,  6:02,  5 users,  load average: 1.62, 1.59, 1.28
2026-09-30T22:11:53-04:00
96 %, 20571 MiB, 2910 MHz, 13801 MHz, 93.12 W, 34
0 %, 20 MiB, 210 MHz, 405 MHz, 21.88 W, 30
1703167, /home/ndizazzo/dev/mesh/issue1393-q4-snapshot-20260930/target/release/xtask, 20134 MiB
 22:11:53 up 7 days,  6:02,  5 users,  load average: 1.65, 1.60, 1.29
2026-09-30T22:11:55-04:00
96 %, 20571 MiB, 2910 MHz, 13801 MHz, 93.48 W, 34
0 %, 20 MiB, 210 MHz, 405 MHz, 21.03 W, 29
1703167, /home/ndizazzo/dev/mesh/issue1393-q4-snapshot-20260930/target/release/xtask, 20134 MiB
 22:11:55 up 7 days,  6:02,  5 users,  load average: 1.65, 1.60, 1.29
2026-09-30T22:11:57-04:00
89 %, 20571 MiB, 2910 MHz, 13801 MHz, 94.09 W, 34
0 %, 20 MiB, 210 MHz, 405 MHz, 21.08 W, 29
1703167, /home/ndizazzo/dev/mesh/issue1393-q4-snapshot-20260930/target/release/xtask, 20134 MiB
 22:11:57 up 7 days,  6:03,  5 users,  load average: 1.65, 1.60, 1.29
2026-09-30T22:11:59-04:00
100 %, 20571 MiB, 2910 MHz, 13801 MHz, 92.96 W, 34
0 %, 20 MiB, 210 MHz, 405 MHz, 27.43 W, 29
1703167, /home/ndizazzo/dev/mesh/issue1393-q4-snapshot-20260930/target/release/xtask, 20134 MiB
 22:11:59 up 7 days,  6:03,  5 users,  load average: 1.60, 1.59, 1.28
2026-09-30T22:12:01-04:00
93 %, 20571 MiB, 2910 MHz, 13801 MHz, 93.06 W, 34
0 %, 20 MiB, 210 MHz, 405 MHz, 21.12 W, 29
1703167, /home/ndizazzo/dev/mesh/issue1393-q4-snapshot-20260930/target/release/xtask, 20134 MiB
 22:12:01 up 7 days,  6:03,  5 users,  load average: 1.60, 1.59, 1.28
2026-09-30T22:12:03-04:00
84 %, 20571 MiB, 2910 MHz, 13801 MHz, 93.02 W, 34
0 %, 20 MiB, 210 MHz, 405 MHz, 21.03 W, 29
1703167, /home/ndizazzo/dev/mesh/issue1393-q4-snapshot-20260930/target/release/xtask, 20134 MiB
 22:12:03 up 7 days,  6:03,  5 users,  load average: 1.63, 1.59, 1.29
2026-09-30T22:12:05-04:00
87 %, 20571 MiB, 2910 MHz, 13801 MHz, 94.63 W, 34
0 %, 20 MiB, 210 MHz, 405 MHz, 23.90 W, 30
1703167, /home/ndizazzo/dev/mesh/issue1393-q4-snapshot-20260930/target/release/xtask, 20134 MiB
 22:12:05 up 7 days,  6:03,  5 users,  load average: 1.63, 1.59, 1.29
2026-09-30T22:12:07-04:00
91 %, 20571 MiB, 2910 MHz, 13801 MHz, 94.33 W, 34
0 %, 20 MiB, 210 MHz, 405 MHz, 22.21 W, 29
1703167, /home/ndizazzo/dev/mesh/issue1393-q4-snapshot-20260930/target/release/xtask, 20134 MiB
 22:12:07 up 7 days,  6:03,  5 users,  load average: 1.74, 1.62, 1.30
2026-09-30T22:12:09-04:00
100 %, 20571 MiB, 2910 MHz, 13801 MHz, 93.54 W, 34
0 %, 20 MiB, 210 MHz, 405 MHz, 21.11 W, 29
1703167, /home/ndizazzo/dev/mesh/issue1393-q4-snapshot-20260930/target/release/xtask, 20134 MiB
 22:12:09 up 7 days,  6:03,  5 users,  load average: 1.74, 1.62, 1.30
2026-09-30T22:12:11-04:00
91 %, 20571 MiB, 2910 MHz, 13801 MHz, 93.76 W, 34
0 %, 20 MiB, 210 MHz, 405 MHz, 21.03 W, 29
1703167, /home/ndizazzo/dev/mesh/issue1393-q4-snapshot-20260930/target/release/xtask, 20134 MiB
 22:12:11 up 7 days,  6:03,  5 users,  load average: 1.74, 1.62, 1.30
2026-09-30T22:12:13-04:00
87 %, 20571 MiB, 2910 MHz, 13801 MHz, 94.24 W, 34
0 %, 20 MiB, 210 MHz, 405 MHz, 27.12 W, 29
1703167, /home/ndizazzo/dev/mesh/issue1393-q4-snapshot-20260930/target/release/xtask, 20134 MiB
 22:12:13 up 7 days,  6:03,  5 users,  load average: 1.76, 1.62, 1.30
2026-09-30T22:12:15-04:00
100 %, 20571 MiB, 2910 MHz, 13801 MHz, 92.57 W, 34
0 %, 20 MiB, 210 MHz, 405 MHz, 21.03 W, 29
1703167, /home/ndizazzo/dev/mesh/issue1393-q4-snapshot-20260930/target/release/xtask, 20134 MiB
 22:12:15 up 7 days,  6:03,  5 users,  load average: 1.76, 1.62, 1.30
2026-09-30T22:12:17-04:00
94 %, 20571 MiB, 2910 MHz, 13801 MHz, 92.11 W, 34
0 %, 20 MiB, 210 MHz, 405 MHz, 21.13 W, 29
1703167, /home/ndizazzo/dev/mesh/issue1393-q4-snapshot-20260930/target/release/xtask, 20134 MiB
 22:12:17 up 7 days,  6:03,  5 users,  load average: 1.70, 1.61, 1.30
2026-09-30T22:12:19-04:00
96 %, 20571 MiB, 2910 MHz, 13801 MHz, 92.69 W, 34
0 %, 20 MiB, 210 MHz, 405 MHz, 27.29 W, 30
1703167, /home/ndizazzo/dev/mesh/issue1393-q4-snapshot-20260930/target/release/xtask, 20134 MiB
 22:12:19 up 7 days,  6:03,  5 users,  load average: 1.70, 1.61, 1.30
2026-09-30T22:12:21-04:00
89 %, 20571 MiB, 2910 MHz, 13801 MHz, 93.25 W, 34
0 %, 20 MiB, 210 MHz, 405 MHz, 21.11 W, 29
1703167, /home/ndizazzo/dev/mesh/issue1393-q4-snapshot-20260930/target/release/xtask, 20134 MiB
 22:12:21 up 7 days,  6:03,  5 users,  load average: 1.70, 1.61, 1.30
2026-09-30T22:12:23-04:00
91 %, 20571 MiB, 2910 MHz, 13801 MHz, 94.78 W, 34
0 %, 20 MiB, 210 MHz, 405 MHz, 21.03 W, 29
1703167, /home/ndizazzo/dev/mesh/issue1393-q4-snapshot-20260930/target/release/xtask, 20134 MiB
 22:12:23 up 7 days,  6:03,  5 users,  load average: 1.64, 1.60, 1.30
2026-09-30T22:12:25-04:00
97 %, 20571 MiB, 2910 MHz, 13801 MHz, 93.67 W, 34
0 %, 20 MiB, 210 MHz, 405 MHz, 21.02 W, 29
1703167, /home/ndizazzo/dev/mesh/issue1393-q4-snapshot-20260930/target/release/xtask, 20134 MiB
 22:12:26 up 7 days,  6:03,  5 users,  load average: 1.64, 1.60, 1.30
2026-09-30T22:12:28-04:00
96 %, 20571 MiB, 2910 MHz, 13801 MHz, 93.77 W, 34
0 %, 20 MiB, 210 MHz, 405 MHz, 27.24 W, 30
1703167, /home/ndizazzo/dev/mesh/issue1393-q4-snapshot-20260930/target/release/xtask, 20134 MiB
 22:12:28 up 7 days,  6:03,  5 users,  load average: 1.67, 1.61, 1.30
2026-09-30T22:12:30-04:00
94 %, 20571 MiB, 2910 MHz, 13801 MHz, 92.67 W, 34
0 %, 20 MiB, 210 MHz, 405 MHz, 21.35 W, 29
1703167, /home/ndizazzo/dev/mesh/issue1393-q4-snapshot-20260930/target/release/xtask, 20134 MiB
 22:12:30 up 7 days,  6:03,  5 users,  load average: 1.67, 1.61, 1.30
2026-09-30T22:12:32-04:00
92 %, 20571 MiB, 2910 MHz, 13801 MHz, 92.64 W, 34
0 %, 20 MiB, 210 MHz, 405 MHz, 21.01 W, 29
1703167, /home/ndizazzo/dev/mesh/issue1393-q4-snapshot-20260930/target/release/xtask, 20134 MiB
 22:12:32 up 7 days,  6:03,  5 users,  load average: 1.67, 1.61, 1.30
2026-09-30T22:12:34-04:00
84 %, 20571 MiB, 2910 MHz, 13801 MHz, 93.35 W, 34
0 %, 20 MiB, 210 MHz, 405 MHz, 26.98 W, 29
1703167, /home/ndizazzo/dev/mesh/issue1393-q4-snapshot-20260930/target/release/xtask, 20134 MiB
 22:12:34 up 7 days,  6:03,  5 users,  load average: 1.70, 1.62, 1.31
2026-09-30T22:12:36-04:00
98 %, 20571 MiB, 2910 MHz, 13801 MHz, 94.35 W, 34
0 %, 20 MiB, 210 MHz, 405 MHz, 21.27 W, 29
1703167, /home/ndizazzo/dev/mesh/issue1393-q4-snapshot-20260930/target/release/xtask, 20134 MiB
 22:12:36 up 7 days,  6:03,  5 users,  load average: 1.70, 1.62, 1.31
2026-09-30T22:12:38-04:00
90 %, 20571 MiB, 2910 MHz, 13801 MHz, 95.13 W, 34
0 %, 20 MiB, 210 MHz, 405 MHz, 21.09 W, 29
1703167, /home/ndizazzo/dev/mesh/issue1393-q4-snapshot-20260930/target/release/xtask, 20134 MiB
 22:12:38 up 7 days,  6:03,  5 users,  load average: 1.72, 1.62, 1.31
2026-09-30T22:12:40-04:00
98 %, 20571 MiB, 2910 MHz, 13801 MHz, 94.37 W, 34
0 %, 20 MiB, 210 MHz, 405 MHz, 21.09 W, 29
1703167, /home/ndizazzo/dev/mesh/issue1393-q4-snapshot-20260930/target/release/xtask, 20134 MiB
 22:12:40 up 7 days,  6:03,  5 users,  load average: 1.72, 1.62, 1.31
2026-09-30T22:12:42-04:00
95 %, 20571 MiB, 2910 MHz, 13801 MHz, 94.71 W, 34
0 %, 20 MiB, 210 MHz, 405 MHz, 21.88 W, 29
1703167, /home/ndizazzo/dev/mesh/issue1393-q4-snapshot-20260930/target/release/xtask, 20134 MiB
 22:12:42 up 7 days,  6:03,  5 users,  load average: 1.74, 1.63, 1.31
2026-09-30T22:12:44-04:00
90 %, 20571 MiB, 2910 MHz, 13801 MHz, 93.73 W, 34
0 %, 20 MiB, 210 MHz, 405 MHz, 21.06 W, 29
1703167, /home/ndizazzo/dev/mesh/issue1393-q4-snapshot-20260930/target/release/xtask, 20134 MiB
 22:12:44 up 7 days,  6:03,  5 users,  load average: 1.74, 1.63, 1.31
2026-09-30T22:12:46-04:00
100 %, 20571 MiB, 2910 MHz, 13801 MHz, 92.54 W, 34
0 %, 20 MiB, 210 MHz, 405 MHz, 21.12 W, 29
1703167, /home/ndizazzo/dev/mesh/issue1393-q4-snapshot-20260930/target/release/xtask, 20134 MiB
 22:12:46 up 7 days,  6:03,  5 users,  load average: 1.74, 1.63, 1.31
2026-09-30T22:12:48-04:00
93 %, 20571 MiB, 2910 MHz, 13801 MHz, 92.98 W, 34
0 %, 20 MiB, 210 MHz, 405 MHz, 24.07 W, 29
1703167, /home/ndizazzo/dev/mesh/issue1393-q4-snapshot-20260930/target/release/xtask, 20134 MiB
 22:12:48 up 7 days,  6:03,  5 users,  load average: 1.68, 1.62, 1.31
2026-09-30T22:12:50-04:00
96 %, 20571 MiB, 2910 MHz, 13801 MHz, 92.89 W, 34
0 %, 20 MiB, 210 MHz, 405 MHz, 20.91 W, 29
1703167, /home/ndizazzo/dev/mesh/issue1393-q4-snapshot-20260930/target/release/xtask, 20134 MiB
 22:12:50 up 7 days,  6:03,  5 users,  load average: 1.68, 1.62, 1.31
2026-09-30T22:12:52-04:00
85 %, 20571 MiB, 2910 MHz, 13801 MHz, 92.79 W, 34
0 %, 20 MiB, 210 MHz, 405 MHz, 20.99 W, 29
1703167, /home/ndizazzo/dev/mesh/issue1393-q4-snapshot-20260930/target/release/xtask, 20134 MiB
 22:12:52 up 7 days,  6:03,  5 users,  load average: 1.63, 1.61, 1.31
2026-09-30T22:12:54-04:00
93 %, 20571 MiB, 2910 MHz, 13801 MHz, 93.97 W, 34
0 %, 20 MiB, 210 MHz, 405 MHz, 21.86 W, 29
1703167, /home/ndizazzo/dev/mesh/issue1393-q4-snapshot-20260930/target/release/xtask, 20134 MiB
 22:12:54 up 7 days,  6:03,  5 users,  load average: 1.63, 1.61, 1.31
2026-09-30T22:12:56-04:00
96 %, 20571 MiB, 2910 MHz, 13801 MHz, 93.55 W, 34
0 %, 20 MiB, 210 MHz, 405 MHz, 22.22 W, 29
1703167, /home/ndizazzo/dev/mesh/issue1393-q4-snapshot-20260930/target/release/xtask, 20134 MiB
 22:12:56 up 7 days,  6:03,  5 users,  load average: 1.63, 1.61, 1.31
2026-09-30T22:12:58-04:00
94 %, 20571 MiB, 2910 MHz, 13801 MHz, 92.78 W, 34
0 %, 20 MiB, 210 MHz, 405 MHz, 21.01 W, 29
1703167, /home/ndizazzo/dev/mesh/issue1393-q4-snapshot-20260930/target/release/xtask, 20134 MiB
 22:12:58 up 7 days,  6:04,  5 users,  load average: 1.58, 1.60, 1.31
2026-09-30T22:13:00-04:00
96 %, 20571 MiB, 2910 MHz, 13801 MHz, 93.32 W, 34
0 %, 20 MiB, 210 MHz, 405 MHz, 21.13 W, 29
1703167, /home/ndizazzo/dev/mesh/issue1393-q4-snapshot-20260930/target/release/xtask, 20134 MiB
 22:13:01 up 7 days,  6:04,  5 users,  load average: 1.58, 1.60, 1.31
2026-09-30T22:13:03-04:00
94 %, 20571 MiB, 2910 MHz, 13801 MHz, 93.21 W, 34
0 %, 20 MiB, 210 MHz, 405 MHz, 27.04 W, 30
1703167, /home/ndizazzo/dev/mesh/issue1393-q4-snapshot-20260930/target/release/xtask, 20134 MiB
 22:13:03 up 7 days,  6:04,  5 users,  load average: 1.61, 1.60, 1.31
2026-09-30T22:13:05-04:00
91 %, 20571 MiB, 2910 MHz, 13801 MHz, 94.35 W, 34
0 %, 20 MiB, 210 MHz, 405 MHz, 21.22 W, 29
1703167, /home/ndizazzo/dev/mesh/issue1393-q4-snapshot-20260930/target/release/xtask, 20134 MiB
 22:13:05 up 7 days,  6:04,  5 users,  load average: 1.61, 1.60, 1.31
2026-09-30T22:13:07-04:00
95 %, 20571 MiB, 2910 MHz, 13801 MHz, 95.10 W, 34
0 %, 20 MiB, 210 MHz, 405 MHz, 20.95 W, 29
1703167, /home/ndizazzo/dev/mesh/issue1393-q4-snapshot-20260930/target/release/xtask, 20134 MiB
 22:13:07 up 7 days,  6:04,  5 users,  load average: 1.61, 1.60, 1.31
2026-09-30T22:13:09-04:00
100 %, 20571 MiB, 2910 MHz, 13801 MHz, 93.47 W, 34
0 %, 20 MiB, 210 MHz, 405 MHz, 22.50 W, 30
1703167, /home/ndizazzo/dev/mesh/issue1393-q4-snapshot-20260930/target/release/xtask, 20134 MiB
 22:13:09 up 7 days,  6:04,  5 users,  load average: 1.56, 1.59, 1.31
2026-09-30T22:13:11-04:00
89 %, 20571 MiB, 2910 MHz, 13801 MHz, 93.88 W, 34
0 %, 20 MiB, 210 MHz, 405 MHz, 21.77 W, 30
1703167, /home/ndizazzo/dev/mesh/issue1393-q4-snapshot-20260930/target/release/xtask, 20134 MiB
 22:13:11 up 7 days,  6:04,  5 users,  load average: 1.56, 1.59, 1.31
2026-09-30T22:13:13-04:00
92 %, 20571 MiB, 2910 MHz, 13801 MHz, 94.48 W, 34
0 %, 20 MiB, 210 MHz, 405 MHz, 21.00 W, 29
1703167, /home/ndizazzo/dev/mesh/issue1393-q4-snapshot-20260930/target/release/xtask, 20134 MiB
 22:13:13 up 7 days,  6:04,  5 users,  load average: 1.52, 1.58, 1.31
2026-09-30T22:13:15-04:00
94 %, 20571 MiB, 2910 MHz, 13801 MHz, 93.70 W, 34
0 %, 20 MiB, 210 MHz, 405 MHz, 21.07 W, 29
1703167, /home/ndizazzo/dev/mesh/issue1393-q4-snapshot-20260930/target/release/xtask, 20134 MiB
 22:13:15 up 7 days,  6:04,  5 users,  load average: 1.52, 1.58, 1.31
2026-09-30T22:13:17-04:00
87 %, 20571 MiB, 2910 MHz, 13801 MHz, 93.30 W, 34
0 %, 20 MiB, 210 MHz, 405 MHz, 27.33 W, 29
1703167, /home/ndizazzo/dev/mesh/issue1393-q4-snapshot-20260930/target/release/xtask, 20134 MiB
 22:13:17 up 7 days,  6:04,  5 users,  load average: 1.64, 1.61, 1.32
2026-09-30T22:13:19-04:00
95 %, 20571 MiB, 2910 MHz, 13801 MHz, 92.96 W, 34
0 %, 20 MiB, 210 MHz, 405 MHz, 21.34 W, 29
1703167, /home/ndizazzo/dev/mesh/issue1393-q4-snapshot-20260930/target/release/xtask, 20134 MiB
 22:13:19 up 7 days,  6:04,  5 users,  load average: 1.64, 1.61, 1.32
2026-09-30T22:13:21-04:00
96 %, 20571 MiB, 2910 MHz, 13801 MHz, 92.96 W, 34
0 %, 20 MiB, 210 MHz, 405 MHz, 21.11 W, 29
1703167, /home/ndizazzo/dev/mesh/issue1393-q4-snapshot-20260930/target/release/xtask, 20134 MiB
 22:13:21 up 7 days,  6:04,  5 users,  load average: 1.64, 1.61, 1.32
2026-09-30T22:13:23-04:00
88 %, 20571 MiB, 2910 MHz, 13801 MHz, 92.92 W, 34
0 %, 20 MiB, 210 MHz, 405 MHz, 21.13 W, 29
1703167, /home/ndizazzo/dev/mesh/issue1393-q4-snapshot-20260930/target/release/xtask, 20134 MiB
 22:13:23 up 7 days,  6:04,  5 users,  load average: 1.67, 1.61, 1.32
2026-09-30T22:13:25-04:00
94 %, 20571 MiB, 2910 MHz, 13801 MHz, 93.32 W, 34
0 %, 20 MiB, 210 MHz, 405 MHz, 22.06 W, 30
1703167, /home/ndizazzo/dev/mesh/issue1393-q4-snapshot-20260930/target/release/xtask, 20134 MiB
 22:13:25 up 7 days,  6:04,  5 users,  load average: 1.67, 1.61, 1.32
2026-09-30T22:13:27-04:00
94 %, 20571 MiB, 2910 MHz, 13801 MHz, 95.02 W, 34
0 %, 20 MiB, 210 MHz, 405 MHz, 21.05 W, 29
1703167, /home/ndizazzo/dev/mesh/issue1393-q4-snapshot-20260930/target/release/xtask, 20134 MiB
 22:13:27 up 7 days,  6:04,  5 users,  load average: 1.69, 1.62, 1.32
2026-09-30T22:13:29-04:00
96 %, 20571 MiB, 2910 MHz, 13801 MHz, 94.74 W, 34
0 %, 20 MiB, 210 MHz, 405 MHz, 21.15 W, 29
1703167, /home/ndizazzo/dev/mesh/issue1393-q4-snapshot-20260930/target/release/xtask, 20134 MiB
 22:13:29 up 7 days,  6:04,  5 users,  load average: 1.69, 1.62, 1.32
2026-09-30T22:13:31-04:00
95 %, 20571 MiB, 2910 MHz, 13801 MHz, 94.56 W, 34
0 %, 20 MiB, 210 MHz, 405 MHz, 27.27 W, 29
1703167, /home/ndizazzo/dev/mesh/issue1393-q4-snapshot-20260930/target/release/xtask, 20134 MiB
 22:13:31 up 7 days,  6:04,  5 users,  load average: 1.69, 1.62, 1.32
2026-09-30T22:13:33-04:00
95 %, 20571 MiB, 2910 MHz, 13801 MHz, 93.58 W, 34
0 %, 20 MiB, 210 MHz, 405 MHz, 21.07 W, 29
1703167, /home/ndizazzo/dev/mesh/issue1393-q4-snapshot-20260930/target/release/xtask, 20134 MiB
 22:13:33 up 7 days,  6:04,  5 users,  load average: 1.64, 1.61, 1.32
2026-09-30T22:13:35-04:00
96 %, 20571 MiB, 2910 MHz, 13801 MHz, 93.47 W, 34
0 %, 20 MiB, 210 MHz, 405 MHz, 21.05 W, 29
1703167, /home/ndizazzo/dev/mesh/issue1393-q4-snapshot-20260930/target/release/xtask, 20134 MiB
 22:13:36 up 7 days,  6:04,  5 users,  load average: 1.64, 1.61, 1.32
2026-09-30T22:13:38-04:00
96 %, 20571 MiB, 2910 MHz, 13801 MHz, 95.05 W, 34
0 %, 20 MiB, 210 MHz, 405 MHz, 21.67 W, 29
1703167, /home/ndizazzo/dev/mesh/issue1393-q4-snapshot-20260930/target/release/xtask, 20134 MiB
 22:13:38 up 7 days,  6:04,  5 users,  load average: 1.59, 1.60, 1.32
2026-09-30T22:13:40-04:00
88 %, 20571 MiB, 2910 MHz, 13801 MHz, 96.04 W, 34
0 %, 20 MiB, 210 MHz, 405 MHz, 22.33 W, 30
1703167, /home/ndizazzo/dev/mesh/issue1393-q4-snapshot-20260930/target/release/xtask, 20134 MiB
 22:13:40 up 7 days,  6:04,  5 users,  load average: 1.59, 1.60, 1.32
2026-09-30T22:13:42-04:00
92 %, 20571 MiB, 2910 MHz, 13801 MHz, 93.08 W, 34
0 %, 20 MiB, 210 MHz, 405 MHz, 21.05 W, 29
1703167, /home/ndizazzo/dev/mesh/issue1393-q4-snapshot-20260930/target/release/xtask, 20134 MiB
 22:13:42 up 7 days,  6:04,  5 users,  load average: 1.59, 1.60, 1.32
2026-09-30T22:13:44-04:00
97 %, 20571 MiB, 2910 MHz, 13801 MHz, 93.11 W, 34
0 %, 20 MiB, 210 MHz, 405 MHz, 21.14 W, 29
1703167, /home/ndizazzo/dev/mesh/issue1393-q4-snapshot-20260930/target/release/xtask, 20134 MiB
 22:13:44 up 7 days,  6:04,  5 users,  load average: 1.62, 1.61, 1.32
2026-09-30T22:13:46-04:00
90 %, 20571 MiB, 2910 MHz, 13801 MHz, 93.89 W, 34
0 %, 20 MiB, 210 MHz, 405 MHz, 27.09 W, 30
1703167, /home/ndizazzo/dev/mesh/issue1393-q4-snapshot-20260930/target/release/xtask, 20134 MiB
 22:13:46 up 7 days,  6:04,  5 users,  load average: 1.62, 1.61, 1.32
2026-09-30T22:13:48-04:00
100 %, 20571 MiB, 2910 MHz, 13801 MHz, 93.02 W, 34
0 %, 20 MiB, 210 MHz, 405 MHz, 21.32 W, 29
1703167, /home/ndizazzo/dev/mesh/issue1393-q4-snapshot-20260930/target/release/xtask, 20134 MiB
 22:13:48 up 7 days,  6:04,  5 users,  load average: 1.65, 1.61, 1.33
2026-09-30T22:13:50-04:00
88 %, 20571 MiB, 2910 MHz, 13801 MHz, 93.39 W, 34
0 %, 20 MiB, 210 MHz, 405 MHz, 21.08 W, 29
1703167, /home/ndizazzo/dev/mesh/issue1393-q4-snapshot-20260930/target/release/xtask, 20134 MiB
 22:13:50 up 7 days,  6:04,  5 users,  load average: 1.65, 1.61, 1.33
2026-09-30T22:13:52-04:00
94 %, 20571 MiB, 2910 MHz, 13801 MHz, 93.84 W, 34
0 %, 20 MiB, 210 MHz, 405 MHz, 22.51 W, 29
1703167, /home/ndizazzo/dev/mesh/issue1393-q4-snapshot-20260930/target/release/xtask, 20134 MiB
 22:13:52 up 7 days,  6:04,  5 users,  load average: 1.76, 1.64, 1.34
2026-09-30T22:13:54-04:00
96 %, 20571 MiB, 2910 MHz, 13801 MHz, 93.94 W, 34
0 %, 20 MiB, 210 MHz, 405 MHz, 22.03 W, 30
1703167, /home/ndizazzo/dev/mesh/issue1393-q4-snapshot-20260930/target/release/xtask, 20134 MiB
 22:13:54 up 7 days,  6:04,  5 users,  load average: 1.76, 1.64, 1.34
2026-09-30T22:13:56-04:00
95 %, 20571 MiB, 2910 MHz, 13801 MHz, 93.88 W, 34
0 %, 20 MiB, 210 MHz, 405 MHz, 21.15 W, 29
1703167, /home/ndizazzo/dev/mesh/issue1393-q4-snapshot-20260930/target/release/xtask, 20134 MiB
 22:13:56 up 7 days,  6:04,  5 users,  load average: 1.76, 1.64, 1.34
2026-09-30T22:13:58-04:00
100 %, 20571 MiB, 2910 MHz, 13801 MHz, 92.92 W, 34
0 %, 20 MiB, 210 MHz, 405 MHz, 21.18 W, 29
1703167, /home/ndizazzo/dev/mesh/issue1393-q4-snapshot-20260930/target/release/xtask, 20134 MiB
 22:13:58 up 7 days,  6:05,  5 users,  load average: 1.78, 1.64, 1.34
2026-09-30T22:14:00-04:00
90 %, 20571 MiB, 2910 MHz, 13801 MHz, 92.84 W, 34
0 %, 20 MiB, 210 MHz, 405 MHz, 27.49 W, 30
1703167, /home/ndizazzo/dev/mesh/issue1393-q4-snapshot-20260930/target/release/xtask, 20134 MiB
 22:14:00 up 7 days,  6:05,  5 users,  load average: 1.78, 1.64, 1.34
2026-09-30T22:14:02-04:00
91 %, 20571 MiB, 2910 MHz, 13801 MHz, 92.62 W, 34
0 %, 20 MiB, 210 MHz, 405 MHz, 21.06 W, 29
1703167, /home/ndizazzo/dev/mesh/issue1393-q4-snapshot-20260930/target/release/xtask, 20134 MiB
 22:14:02 up 7 days,  6:05,  5 users,  load average: 1.80, 1.65, 1.35
2026-09-30T22:14:04-04:00
95 %, 20571 MiB, 2910 MHz, 13801 MHz, 93.68 W, 34
0 %, 20 MiB, 210 MHz, 405 MHz, 21.06 W, 29
1703167, /home/ndizazzo/dev/mesh/issue1393-q4-snapshot-20260930/target/release/xtask, 20134 MiB
 22:14:04 up 7 days,  6:05,  5 users,  load average: 1.80, 1.65, 1.35
2026-09-30T22:14:06-04:00
97 %, 20571 MiB, 2910 MHz, 13801 MHz, 95.19 W, 34
0 %, 20 MiB, 210 MHz, 405 MHz, 23.05 W, 30
1703167, /home/ndizazzo/dev/mesh/issue1393-q4-snapshot-20260930/target/release/xtask, 20134 MiB
 22:14:06 up 7 days,  6:05,  5 users,  load average: 1.80, 1.65, 1.35
2026-09-30T22:14:08-04:00
96 %, 20571 MiB, 2910 MHz, 13801 MHz, 94.58 W, 34
0 %, 20 MiB, 210 MHz, 405 MHz, 22.30 W, 30
1703167, /home/ndizazzo/dev/mesh/issue1393-q4-snapshot-20260930/target/release/xtask, 20134 MiB
 22:14:08 up 7 days,  6:05,  5 users,  load average: 1.81, 1.66, 1.35
2026-09-30T22:14:10-04:00
87 %, 20571 MiB, 2910 MHz, 13801 MHz, 94.72 W, 34
0 %, 20 MiB, 210 MHz, 405 MHz, 21.11 W, 29
1703167, /home/ndizazzo/dev/mesh/issue1393-q4-snapshot-20260930/target/release/xtask, 20134 MiB
 22:14:11 up 7 days,  6:05,  5 users,  load average: 1.81, 1.66, 1.35
2026-09-30T22:14:13-04:00
100 %, 20571 MiB, 2910 MHz, 13801 MHz, 92.79 W, 34
0 %, 20 MiB, 210 MHz, 405 MHz, 21.17 W, 29
1703167, /home/ndizazzo/dev/mesh/issue1393-q4-snapshot-20260930/target/release/xtask, 20134 MiB
 22:14:13 up 7 days,  6:05,  5 users,  load average: 1.83, 1.66, 1.35
2026-09-30T22:14:15-04:00
91 %, 20571 MiB, 2910 MHz, 13801 MHz, 93.42 W, 34
0 %, 20 MiB, 210 MHz, 405 MHz, 27.07 W, 30
1703167, /home/ndizazzo/dev/mesh/issue1393-q4-snapshot-20260930/target/release/xtask, 20134 MiB
 22:14:15 up 7 days,  6:05,  5 users,  load average: 1.83, 1.66, 1.35
2026-09-30T22:14:17-04:00
97 %, 20571 MiB, 2910 MHz, 13801 MHz, 93.06 W, 34
0 %, 20 MiB, 210 MHz, 405 MHz, 21.24 W, 29
1703167, /home/ndizazzo/dev/mesh/issue1393-q4-snapshot-20260930/target/release/xtask, 20134 MiB
 22:14:17 up 7 days,  6:05,  5 users,  load average: 1.83, 1.66, 1.35
2026-09-30T22:14:19-04:00
87 %, 20571 MiB, 2910 MHz, 13801 MHz, 93.16 W, 34
0 %, 20 MiB, 210 MHz, 405 MHz, 21.08 W, 29
1703167, /home/ndizazzo/dev/mesh/issue1393-q4-snapshot-20260930/target/release/xtask, 20134 MiB
 22:14:19 up 7 days,  6:05,  5 users,  load average: 1.76, 1.65, 1.35
2026-09-30T22:14:21-04:00
95 %, 20571 MiB, 2910 MHz, 13801 MHz, 94.10 W, 34
0 %, 20 MiB, 210 MHz, 405 MHz, 23.48 W, 30
1703167, /home/ndizazzo/dev/mesh/issue1393-q4-snapshot-20260930/target/release/xtask, 20134 MiB
 22:14:21 up 7 days,  6:05,  5 users,  load average: 1.76, 1.65, 1.35
2026-09-30T22:14:23-04:00
96 %, 20571 MiB, 2910 MHz, 13801 MHz, 94.35 W, 34
0 %, 20 MiB, 210 MHz, 405 MHz, 21.76 W, 30
1703167, /home/ndizazzo/dev/mesh/issue1393-q4-snapshot-20260930/target/release/xtask, 20134 MiB
 22:14:23 up 7 days,  6:05,  5 users,  load average: 1.78, 1.66, 1.36
2026-09-30T22:14:25-04:00
95 %, 20571 MiB, 2910 MHz, 13801 MHz, 93.15 W, 34
0 %, 20 MiB, 210 MHz, 405 MHz, 21.06 W, 29
1703167, /home/ndizazzo/dev/mesh/issue1393-q4-snapshot-20260930/target/release/xtask, 20134 MiB
 22:14:25 up 7 days,  6:05,  5 users,  load average: 1.78, 1.66, 1.36
2026-09-30T22:14:27-04:00
96 %, 20571 MiB, 2910 MHz, 13801 MHz, 92.76 W, 34
0 %, 20 MiB, 210 MHz, 405 MHz, 21.14 W, 29
1703167, /home/ndizazzo/dev/mesh/issue1393-q4-snapshot-20260930/target/release/xtask, 20134 MiB
 22:14:27 up 7 days,  6:05,  5 users,  load average: 1.78, 1.66, 1.36
2026-09-30T22:14:29-04:00
95 %, 20571 MiB, 2910 MHz, 13801 MHz, 92.85 W, 34
0 %, 20 MiB, 210 MHz, 405 MHz, 27.49 W, 30
1703167, /home/ndizazzo/dev/mesh/issue1393-q4-snapshot-20260930/target/release/xtask, 20134 MiB
 22:14:29 up 7 days,  6:05,  5 users,  load average: 1.80, 1.66, 1.36
2026-09-30T22:14:31-04:00
91 %, 20571 MiB, 2910 MHz, 13801 MHz, 94.07 W, 34
0 %, 20 MiB, 210 MHz, 405 MHz, 21.48 W, 29
1703167, /home/ndizazzo/dev/mesh/issue1393-q4-snapshot-20260930/target/release/xtask, 20134 MiB
 22:14:31 up 7 days,  6:05,  5 users,  load average: 1.80, 1.66, 1.36
2026-09-30T22:14:33-04:00
97 %, 20571 MiB, 2910 MHz, 13801 MHz, 94.83 W, 34
0 %, 20 MiB, 210 MHz, 405 MHz, 21.15 W, 29
1703167, /home/ndizazzo/dev/mesh/issue1393-q4-snapshot-20260930/target/release/xtask, 20134 MiB
 22:14:33 up 7 days,  6:05,  5 users,  load average: 1.81, 1.67, 1.36
2026-09-30T22:14:35-04:00
100 %, 20571 MiB, 2910 MHz, 13801 MHz, 92.99 W, 34
0 %, 20 MiB, 210 MHz, 405 MHz, 24.03 W, 30
1703167, /home/ndizazzo/dev/mesh/issue1393-q4-snapshot-20260930/target/release/xtask, 20134 MiB
 22:14:35 up 7 days,  6:05,  5 users,  load average: 1.81, 1.67, 1.36
2026-09-30T22:14:37-04:00
95 %, 20571 MiB, 2910 MHz, 13801 MHz, 94.31 W, 34
0 %, 20 MiB, 210 MHz, 405 MHz, 22.01 W, 29
1703167, /home/ndizazzo/dev/mesh/issue1393-q4-snapshot-20260930/target/release/xtask, 20134 MiB
 22:14:37 up 7 days,  6:05,  5 users,  load average: 1.75, 1.66, 1.36
2026-09-30T22:14:39-04:00
91 %, 20571 MiB, 2910 MHz, 13801 MHz, 93.61 W, 34
0 %, 20 MiB, 210 MHz, 405 MHz, 20.93 W, 29
1703167, /home/ndizazzo/dev/mesh/issue1393-q4-snapshot-20260930/target/release/xtask, 20134 MiB
 22:14:39 up 7 days,  6:05,  5 users,  load average: 1.75, 1.66, 1.36
2026-09-30T22:14:41-04:00
97 %, 20571 MiB, 2910 MHz, 13801 MHz, 93.94 W, 34
0 %, 20 MiB, 210 MHz, 405 MHz, 21.08 W, 29
1703167, /home/ndizazzo/dev/mesh/issue1393-q4-snapshot-20260930/target/release/xtask, 20134 MiB
 22:14:41 up 7 days,  6:05,  5 users,  load average: 1.75, 1.66, 1.36
2026-09-30T22:14:43-04:00
96 %, 20571 MiB, 2910 MHz, 13801 MHz, 92.24 W, 34
0 %, 20 MiB, 210 MHz, 405 MHz, 27.23 W, 29
1703167, /home/ndizazzo/dev/mesh/issue1393-q4-snapshot-20260930/target/release/xtask, 20134 MiB
 22:14:43 up 7 days,  6:05,  5 users,  load average: 1.77, 1.66, 1.37
2026-09-30T22:14:45-04:00
96 %, 20571 MiB, 2910 MHz, 13801 MHz, 92.54 W, 34
0 %, 20 MiB, 210 MHz, 405 MHz, 21.25 W, 29
1703167, /home/ndizazzo/dev/mesh/issue1393-q4-snapshot-20260930/target/release/xtask, 20134 MiB
 22:14:46 up 7 days,  6:05,  5 users,  load average: 1.77, 1.66, 1.37
2026-09-30T22:14:48-04:00
94 %, 20571 MiB, 2910 MHz, 13801 MHz, 93.71 W, 34
0 %, 20 MiB, 210 MHz, 405 MHz, 20.97 W, 29
1703167, /home/ndizazzo/dev/mesh/issue1393-q4-snapshot-20260930/target/release/xtask, 20134 MiB
 22:14:48 up 7 days,  6:05,  5 users,  load average: 1.79, 1.67, 1.37
2026-09-30T22:14:50-04:00
96 %, 20571 MiB, 2910 MHz, 13801 MHz, 93.78 W, 34
0 %, 20 MiB, 210 MHz, 405 MHz, 23.02 W, 29
1703167, /home/ndizazzo/dev/mesh/issue1393-q4-snapshot-20260930/target/release/xtask, 20134 MiB
 22:14:50 up 7 days,  6:05,  5 users,  load average: 1.79, 1.67, 1.37
2026-09-30T22:14:52-04:00
88 %, 20571 MiB, 2910 MHz, 13801 MHz, 94.65 W, 34
0 %, 20 MiB, 210 MHz, 405 MHz, 22.30 W, 30
1703167, /home/ndizazzo/dev/mesh/issue1393-q4-snapshot-20260930/target/release/xtask, 20134 MiB
 22:14:52 up 7 days,  6:05,  5 users,  load average: 1.79, 1.67, 1.37
2026-09-30T22:14:54-04:00
100 %, 20571 MiB, 2910 MHz, 13801 MHz, 92.66 W, 34
0 %, 20 MiB, 210 MHz, 405 MHz, 21.01 W, 29
1703167, /home/ndizazzo/dev/mesh/issue1393-q4-snapshot-20260930/target/release/xtask, 20134 MiB
 22:14:54 up 7 days,  6:05,  5 users,  load average: 1.72, 1.66, 1.37
2026-09-30T22:14:56-04:00
94 %, 20571 MiB, 2910 MHz, 13801 MHz, 92.80 W, 34
0 %, 20 MiB, 210 MHz, 405 MHz, 21.06 W, 29
1703167, /home/ndizazzo/dev/mesh/issue1393-q4-snapshot-20260930/target/release/xtask, 20134 MiB
 22:14:56 up 7 days,  6:05,  5 users,  load average: 1.72, 1.66, 1.37
2026-09-30T22:14:58-04:00
96 %, 20571 MiB, 2910 MHz, 13801 MHz, 92.39 W, 34
0 %, 20 MiB, 210 MHz, 405 MHz, 27.01 W, 29
1703167, /home/ndizazzo/dev/mesh/issue1393-q4-snapshot-20260930/target/release/xtask, 20134 MiB
 22:14:58 up 7 days,  6:06,  5 users,  load average: 1.67, 1.65, 1.36
2026-09-30T22:15:00-04:00
94 %, 20571 MiB, 2910 MHz, 13801 MHz, 94.52 W, 34
0 %, 20 MiB, 210 MHz, 405 MHz, 21.28 W, 29
1703167, /home/ndizazzo/dev/mesh/issue1393-q4-snapshot-20260930/target/release/xtask, 20134 MiB
 22:15:00 up 7 days,  6:06,  5 users,  load average: 1.67, 1.65, 1.36
2026-09-30T22:15:02-04:00
94 %, 20571 MiB, 2910 MHz, 13801 MHz, 94.77 W, 34
0 %, 20 MiB, 210 MHz, 405 MHz, 21.05 W, 29
1703167, /home/ndizazzo/dev/mesh/issue1393-q4-snapshot-20260930/target/release/xtask, 20134 MiB
 22:15:02 up 7 days,  6:06,  5 users,  load average: 1.67, 1.65, 1.36
2026-09-30T22:15:04-04:00
100 %, 20571 MiB, 2910 MHz, 13801 MHz, 94.21 W, 34
0 %, 20 MiB, 210 MHz, 405 MHz, 23.49 W, 29
1703167, /home/ndizazzo/dev/mesh/issue1393-q4-snapshot-20260930/target/release/xtask, 20134 MiB
 22:15:04 up 7 days,  6:06,  5 users,  load average: 1.69, 1.65, 1.37
2026-09-30T22:15:06-04:00
96 %, 20571 MiB, 2910 MHz, 13801 MHz, 95.12 W, 34
0 %, 20 MiB, 210 MHz, 405 MHz, 21.95 W, 30
1703167, /home/ndizazzo/dev/mesh/issue1393-q4-snapshot-20260930/target/release/xtask, 20134 MiB
 22:15:06 up 7 days,  6:06,  5 users,  load average: 1.69, 1.65, 1.37
2026-09-30T22:15:08-04:00
94 %, 20571 MiB, 2910 MHz, 13801 MHz, 93.86 W, 34
0 %, 20 MiB, 210 MHz, 405 MHz, 21.10 W, 29
1703167, /home/ndizazzo/dev/mesh/issue1393-q4-snapshot-20260930/target/release/xtask, 20134 MiB
 22:15:08 up 7 days,  6:06,  5 users,  load average: 1.64, 1.64, 1.36
2026-09-30T22:15:10-04:00
96 %, 20571 MiB, 2910 MHz, 13801 MHz, 93.42 W, 34
0 %, 20 MiB, 210 MHz, 405 MHz, 21.11 W, 29
1703167, /home/ndizazzo/dev/mesh/issue1393-q4-snapshot-20260930/target/release/xtask, 20134 MiB
 22:15:10 up 7 days,  6:06,  5 users,  load average: 1.64, 1.64, 1.36
2026-09-30T22:15:12-04:00
95 %, 20571 MiB, 2910 MHz, 13801 MHz, 93.97 W, 34
0 %, 20 MiB, 210 MHz, 405 MHz, 27.45 W, 29
1703167, /home/ndizazzo/dev/mesh/issue1393-q4-snapshot-20260930/target/release/xtask, 20134 MiB
 22:15:12 up 7 days,  6:06,  5 users,  load average: 1.75, 1.66, 1.37
2026-09-30T22:15:14-04:00
92 %, 20571 MiB, 2910 MHz, 13801 MHz, 94.03 W, 34
0 %, 20 MiB, 210 MHz, 405 MHz, 21.17 W, 29
1703167, /home/ndizazzo/dev/mesh/issue1393-q4-snapshot-20260930/target/release/xtask, 20134 MiB
 22:15:14 up 7 days,  6:06,  5 users,  load average: 1.75, 1.66, 1.37
2026-09-30T22:15:16-04:00
85 %, 20571 MiB, 2910 MHz, 13801 MHz, 93.94 W, 34
0 %, 20 MiB, 210 MHz, 405 MHz, 21.06 W, 29
1703167, /home/ndizazzo/dev/mesh/issue1393-q4-snapshot-20260930/target/release/xtask, 20134 MiB
 22:15:16 up 7 days,  6:06,  5 users,  load average: 1.75, 1.66, 1.37
2026-09-30T22:15:18-04:00
94 %, 20571 MiB, 2910 MHz, 13801 MHz, 92.66 W, 34
0 %, 20 MiB, 210 MHz, 405 MHz, 24.03 W, 29
1703167, /home/ndizazzo/dev/mesh/issue1393-q4-snapshot-20260930/target/release/xtask, 20134 MiB
 22:15:18 up 7 days,  6:06,  5 users,  load average: 1.77, 1.67, 1.38
2026-09-30T22:15:20-04:00
85 %, 20571 MiB, 2910 MHz, 13801 MHz, 92.79 W, 34
0 %, 20 MiB, 210 MHz, 405 MHz, 22.20 W, 30
1703167, /home/ndizazzo/dev/mesh/issue1393-q4-snapshot-20260930/target/release/xtask, 20134 MiB
 22:15:21 up 7 days,  6:06,  5 users,  load average: 1.77, 1.67, 1.38
2026-09-30T22:15:23-04:00
93 %, 20571 MiB, 2910 MHz, 13801 MHz, 93.28 W, 34
0 %, 20 MiB, 210 MHz, 405 MHz, 21.03 W, 29
1703167, /home/ndizazzo/dev/mesh/issue1393-q4-snapshot-20260930/target/release/xtask, 20134 MiB
 22:15:23 up 7 days,  6:06,  5 users,  load average: 1.79, 1.68, 1.38
2026-09-30T22:15:25-04:00
94 %, 20571 MiB, 2910 MHz, 13801 MHz, 92.94 W, 34
0 %, 20 MiB, 210 MHz, 405 MHz, 21.03 W, 29
1703167, /home/ndizazzo/dev/mesh/issue1393-q4-snapshot-20260930/target/release/xtask, 20134 MiB
 22:15:25 up 7 days,  6:06,  5 users,  load average: 1.79, 1.68, 1.38
2026-09-30T22:15:27-04:00
87 %, 20571 MiB, 2910 MHz, 13801 MHz, 92.65 W, 34
0 %, 20 MiB, 210 MHz, 405 MHz, 27.00 W, 30
1703167, /home/ndizazzo/dev/mesh/issue1393-q4-snapshot-20260930/target/release/xtask, 20134 MiB
 22:15:27 up 7 days,  6:06,  5 users,  load average: 1.79, 1.68, 1.38
2026-09-30T22:15:29-04:00
96 %, 20571 MiB, 2910 MHz, 13801 MHz, 93.05 W, 34
0 %, 20 MiB, 210 MHz, 405 MHz, 20.98 W, 29
1703167, /home/ndizazzo/dev/mesh/issue1393-q4-snapshot-20260930/target/release/xtask, 20134 MiB
 22:15:29 up 7 days,  6:06,  5 users,  load average: 1.72, 1.66, 1.38
2026-09-30T22:15:31-04:00
86 %, 20571 MiB, 2910 MHz, 13801 MHz, 94.16 W, 34
0 %, 20 MiB, 210 MHz, 405 MHz, 21.14 W, 29
1703167, /home/ndizazzo/dev/mesh/issue1393-q4-snapshot-20260930/target/release/xtask, 20134 MiB
 22:15:31 up 7 days,  6:06,  5 users,  load average: 1.72, 1.66, 1.38
2026-09-30T22:15:33-04:00
94 %, 20571 MiB, 2910 MHz, 13801 MHz, 94.86 W, 34
0 %, 20 MiB, 210 MHz, 405 MHz, 27.18 W, 30
1703167, /home/ndizazzo/dev/mesh/issue1393-q4-snapshot-20260930/target/release/xtask, 20134 MiB
 22:15:33 up 7 days,  6:06,  5 users,  load average: 1.75, 1.67, 1.38
2026-09-30T22:15:35-04:00
97 %, 20571 MiB, 2910 MHz, 13801 MHz, 93.42 W, 34
0 %, 20 MiB, 210 MHz, 405 MHz, 21.81 W, 29
1703167, /home/ndizazzo/dev/mesh/issue1393-q4-snapshot-20260930/target/release/xtask, 20134 MiB
 22:15:35 up 7 days,  6:06,  5 users,  load average: 1.75, 1.67, 1.38
2026-09-30T22:15:37-04:00
92 %, 20871 MiB, 2910 MHz, 13801 MHz, 94.31 W, 34
0 %, 20 MiB, 210 MHz, 405 MHz, 21.07 W, 29
1703167, /home/ndizazzo/dev/mesh/issue1393-q4-snapshot-20260930/target/release/xtask, 20434 MiB
 22:15:37 up 7 days,  6:06,  5 users,  load average: 1.75, 1.67, 1.38
2026-09-30T22:15:39-04:00
95 %, 20871 MiB, 2910 MHz, 13801 MHz, 93.86 W, 34
0 %, 20 MiB, 210 MHz, 405 MHz, 21.13 W, 29
1703167, /home/ndizazzo/dev/mesh/issue1393-q4-snapshot-20260930/target/release/xtask, 20434 MiB
 22:15:39 up 7 days,  6:06,  5 users,  load average: 1.69, 1.66, 1.38
2026-09-30T22:15:41-04:00
100 %, 20871 MiB, 2910 MHz, 13801 MHz, 92.99 W, 34
0 %, 20 MiB, 210 MHz, 405 MHz, 27.50 W, 29
1703167, /home/ndizazzo/dev/mesh/issue1393-q4-snapshot-20260930/target/release/xtask, 20434 MiB
 22:15:41 up 7 days,  6:06,  5 users,  load average: 1.69, 1.66, 1.38
2026-09-30T22:15:43-04:00
94 %, 20871 MiB, 2910 MHz, 13801 MHz, 92.35 W, 34
0 %, 20 MiB, 210 MHz, 405 MHz, 21.50 W, 29
1703167, /home/ndizazzo/dev/mesh/issue1393-q4-snapshot-20260930/target/release/xtask, 20434 MiB
 22:15:43 up 7 days,  6:06,  5 users,  load average: 1.71, 1.67, 1.38
2026-09-30T22:15:45-04:00
95 %, 20871 MiB, 2910 MHz, 13801 MHz, 92.82 W, 34
0 %, 20 MiB, 210 MHz, 405 MHz, 21.14 W, 29
1703167, /home/ndizazzo/dev/mesh/issue1393-q4-snapshot-20260930/target/release/xtask, 20434 MiB
 22:15:45 up 7 days,  6:06,  5 users,  load average: 1.71, 1.67, 1.38
2026-09-30T22:15:47-04:00
91 %, 20871 MiB, 2910 MHz, 13801 MHz, 93.05 W, 34
0 %, 20 MiB, 210 MHz, 405 MHz, 26.99 W, 30
1703167, /home/ndizazzo/dev/mesh/issue1393-q4-snapshot-20260930/target/release/xtask, 20434 MiB
 22:15:47 up 7 days,  6:06,  5 users,  load average: 1.73, 1.67, 1.39
2026-09-30T22:15:49-04:00
96 %, 20871 MiB, 2910 MHz, 13801 MHz, 92.98 W, 34
0 %, 20 MiB, 210 MHz, 405 MHz, 21.29 W, 29
1703167, /home/ndizazzo/dev/mesh/issue1393-q4-snapshot-20260930/target/release/xtask, 20434 MiB
 22:15:49 up 7 days,  6:06,  5 users,  load average: 1.73, 1.67, 1.39
2026-09-30T22:15:51-04:00
88 %, 20871 MiB, 2910 MHz, 13801 MHz, 94.17 W, 34
0 %, 20 MiB, 210 MHz, 405 MHz, 21.08 W, 29
1703167, /home/ndizazzo/dev/mesh/issue1393-q4-snapshot-20260930/target/release/xtask, 20434 MiB
 22:15:51 up 7 days,  6:06,  5 users,  load average: 1.73, 1.67, 1.39
2026-09-30T22:15:53-04:00
100 %, 20871 MiB, 2910 MHz, 13801 MHz, 93.71 W, 34
0 %, 20 MiB, 210 MHz, 405 MHz, 21.02 W, 29
1703167, /home/ndizazzo/dev/mesh/issue1393-q4-snapshot-20260930/target/release/xtask, 20434 MiB
 22:15:53 up 7 days,  6:06,  5 users,  load average: 1.68, 1.66, 1.38
2026-09-30T22:15:55-04:00
95 %, 20873 MiB, 2910 MHz, 13801 MHz, 93.22 W, 34
0 %, 20 MiB, 210 MHz, 405 MHz, 21.86 W, 30
1703167, /home/ndizazzo/dev/mesh/issue1393-q4-snapshot-20260930/target/release/xtask, 20436 MiB
 22:15:56 up 7 days,  6:06,  5 users,  load average: 1.68, 1.66, 1.38
2026-09-30T22:15:58-04:00
96 %, 20873 MiB, 2910 MHz, 13801 MHz, 92.66 W, 34
0 %, 20 MiB, 210 MHz, 405 MHz, 20.96 W, 29
1703167, /home/ndizazzo/dev/mesh/issue1393-q4-snapshot-20260930/target/release/xtask, 20436 MiB
 22:15:58 up 7 days,  6:07,  5 users,  load average: 1.62, 1.65, 1.38
2026-09-30T22:16:00-04:00
91 %, 20873 MiB, 2910 MHz, 13801 MHz, 92.37 W, 34
0 %, 20 MiB, 210 MHz, 405 MHz, 21.08 W, 29
1703167, /home/ndizazzo/dev/mesh/issue1393-q4-snapshot-20260930/target/release/xtask, 20436 MiB
 22:16:00 up 7 days,  6:07,  5 users,  load average: 1.62, 1.65, 1.38
2026-09-30T22:16:02-04:00
98 %, 20873 MiB, 2910 MHz, 13801 MHz, 93.58 W, 34
0 %, 20 MiB, 210 MHz, 405 MHz, 24.11 W, 29
1703167, /home/ndizazzo/dev/mesh/issue1393-q4-snapshot-20260930/target/release/xtask, 20436 MiB
 22:16:02 up 7 days,  6:07,  5 users,  load average: 1.62, 1.65, 1.38
2026-09-30T22:16:04-04:00
95 %, 20873 MiB, 2910 MHz, 13801 MHz, 94.60 W, 34
0 %, 20 MiB, 210 MHz, 405 MHz, 21.49 W, 29
1703167, /home/ndizazzo/dev/mesh/issue1393-q4-snapshot-20260930/target/release/xtask, 20436 MiB
 22:16:04 up 7 days,  6:07,  5 users,  load average: 1.65, 1.65, 1.38
2026-09-30T22:16:06-04:00
87 %, 20871 MiB, 2910 MHz, 13801 MHz, 96.40 W, 34
0 %, 20 MiB, 210 MHz, 405 MHz, 21.01 W, 29
1703167, /home/ndizazzo/dev/mesh/issue1393-q4-snapshot-20260930/target/release/xtask, 20434 MiB
 22:16:06 up 7 days,  6:07,  5 users,  load average: 1.65, 1.65, 1.38
2026-09-30T22:16:08-04:00
95 %, 20871 MiB, 2910 MHz, 13801 MHz, 92.60 W, 34
0 %, 20 MiB, 210 MHz, 405 MHz, 21.74 W, 29
1703167, /home/ndizazzo/dev/mesh/issue1393-q4-snapshot-20260930/target/release/xtask, 20434 MiB
 22:16:08 up 7 days,  6:07,  5 users,  load average: 1.68, 1.66, 1.39
2026-09-30T22:16:10-04:00
97 %, 20871 MiB, 2910 MHz, 13801 MHz, 93.57 W, 34
0 %, 20 MiB, 210 MHz, 405 MHz, 22.15 W, 30
1703167, /home/ndizazzo/dev/mesh/issue1393-q4-snapshot-20260930/target/release/xtask, 20434 MiB
 22:16:10 up 7 days,  6:07,  5 users,  load average: 1.68, 1.66, 1.39
2026-09-30T22:16:12-04:00
100 %, 20871 MiB, 2910 MHz, 13801 MHz, 92.74 W, 34
0 %, 20 MiB, 210 MHz, 405 MHz, 21.05 W, 29
1703167, /home/ndizazzo/dev/mesh/issue1393-q4-snapshot-20260930/target/release/xtask, 20434 MiB
 22:16:12 up 7 days,  6:07,  5 users,  load average: 1.68, 1.66, 1.39
2026-09-30T22:16:14-04:00
94 %, 20871 MiB, 2910 MHz, 13801 MHz, 92.58 W, 34
0 %, 20 MiB, 210 MHz, 405 MHz, 21.02 W, 29
1703167, /home/ndizazzo/dev/mesh/issue1393-q4-snapshot-20260930/target/release/xtask, 20434 MiB
 22:16:14 up 7 days,  6:07,  5 users,  load average: 1.71, 1.67, 1.39
2026-09-30T22:16:16-04:00
96 %, 20871 MiB, 2910 MHz, 13801 MHz, 92.75 W, 34
0 %, 20 MiB, 210 MHz, 405 MHz, 27.21 W, 30
1703167, /home/ndizazzo/dev/mesh/issue1393-q4-snapshot-20260930/target/release/xtask, 20434 MiB
 22:16:16 up 7 days,  6:07,  5 users,  load average: 1.71, 1.67, 1.39
2026-09-30T22:16:18-04:00
92 %, 20871 MiB, 2910 MHz, 13801 MHz, 92.43 W, 34
0 %, 20 MiB, 210 MHz, 405 MHz, 21.14 W, 30
1703167, /home/ndizazzo/dev/mesh/issue1393-q4-snapshot-20260930/target/release/xtask, 20434 MiB
 22:16:18 up 7 days,  6:07,  5 users,  load average: 1.65, 1.66, 1.39
2026-09-30T22:16:20-04:00
95 %, 20871 MiB, 2910 MHz, 13801 MHz, 92.41 W, 34
0 %, 20 MiB, 210 MHz, 405 MHz, 21.00 W, 29
1703167, /home/ndizazzo/dev/mesh/issue1393-q4-snapshot-20260930/target/release/xtask, 20434 MiB
 22:16:20 up 7 days,  6:07,  5 users,  load average: 1.65, 1.66, 1.39
2026-09-30T22:16:22-04:00
89 %, 20871 MiB, 2910 MHz, 13801 MHz, 93.11 W, 34
0 %, 20 MiB, 210 MHz, 405 MHz, 22.61 W, 29
1703167, /home/ndizazzo/dev/mesh/issue1393-q4-snapshot-20260930/target/release/xtask, 20434 MiB
 22:16:22 up 7 days,  6:07,  5 users,  load average: 1.60, 1.64, 1.39
2026-09-30T22:16:24-04:00
96 %, 20871 MiB, 2910 MHz, 13801 MHz, 93.56 W, 34
0 %, 20 MiB, 210 MHz, 405 MHz, 21.82 W, 29
1703167, /home/ndizazzo/dev/mesh/issue1393-q4-snapshot-20260930/target/release/xtask, 20434 MiB
 22:16:24 up 7 days,  6:07,  5 users,  load average: 1.60, 1.64, 1.39
2026-09-30T22:16:26-04:00
87 %, 20871 MiB, 2910 MHz, 13801 MHz, 93.99 W, 34
0 %, 20 MiB, 210 MHz, 405 MHz, 21.05 W, 29
1703167, /home/ndizazzo/dev/mesh/issue1393-q4-snapshot-20260930/target/release/xtask, 20434 MiB
 22:16:26 up 7 days,  6:07,  5 users,  load average: 1.60, 1.64, 1.39
2026-09-30T22:16:28-04:00
94 %, 20871 MiB, 2910 MHz, 13801 MHz, 92.60 W, 34
0 %, 20 MiB, 210 MHz, 405 MHz, 21.02 W, 29
1703167, /home/ndizazzo/dev/mesh/issue1393-q4-snapshot-20260930/target/release/xtask, 20434 MiB
 22:16:28 up 7 days,  6:07,  5 users,  load average: 1.55, 1.63, 1.38
2026-09-30T22:16:30-04:00
97 %, 20871 MiB, 2910 MHz, 13801 MHz, 92.29 W, 34
0 %, 20 MiB, 210 MHz, 405 MHz, 27.60 W, 29
1703167, /home/ndizazzo/dev/mesh/issue1393-q4-snapshot-20260930/target/release/xtask, 20434 MiB
 22:16:31 up 7 days,  6:07,  5 users,  load average: 1.55, 1.63, 1.38
2026-09-30T22:16:33-04:00
97 %, 20871 MiB, 2910 MHz, 13801 MHz, 93.25 W, 34
0 %, 20 MiB, 210 MHz, 405 MHz, 21.47 W, 29
1703167, /home/ndizazzo/dev/mesh/issue1393-q4-snapshot-20260930/target/release/xtask, 20434 MiB
 22:16:33 up 7 days,  6:07,  5 users,  load average: 1.50, 1.62, 1.38
2026-09-30T22:16:35-04:00
3 %, 20871 MiB, 2910 MHz, 13801 MHz, 94.53 W, 34
0 %, 20 MiB, 210 MHz, 405 MHz, 21.13 W, 29
1703167, /home/ndizazzo/dev/mesh/issue1393-q4-snapshot-20260930/target/release/xtask, 20434 MiB
 22:16:35 up 7 days,  6:07,  5 users,  load average: 1.50, 1.62, 1.38
2026-09-30T22:16:37-04:00
96 %, 20871 MiB, 2925 MHz, 13801 MHz, 92.41 W, 34
0 %, 20 MiB, 210 MHz, 405 MHz, 21.11 W, 29
1703167, /home/ndizazzo/dev/mesh/issue1393-q4-snapshot-20260930/target/release/xtask, 20434 MiB
 22:16:37 up 7 days,  6:07,  5 users,  load average: 1.50, 1.62, 1.38
2026-09-30T22:16:39-04:00
89 %, 20871 MiB, 2925 MHz, 13801 MHz, 92.38 W, 34
0 %, 20 MiB, 210 MHz, 405 MHz, 22.06 W, 29
1703167, /home/ndizazzo/dev/mesh/issue1393-q4-snapshot-20260930/target/release/xtask, 20434 MiB
 22:16:39 up 7 days,  6:07,  5 users,  load average: 1.46, 1.61, 1.38
2026-09-30T22:16:41-04:00
96 %, 20871 MiB, 2925 MHz, 13801 MHz, 92.65 W, 34
0 %, 20 MiB, 210 MHz, 405 MHz, 21.16 W, 29
1703167, /home/ndizazzo/dev/mesh/issue1393-q4-snapshot-20260930/target/release/xtask, 20434 MiB
 22:16:41 up 7 days,  6:07,  5 users,  load average: 1.46, 1.61, 1.38
2026-09-30T22:16:43-04:00
94 %, 20871 MiB, 2925 MHz, 13801 MHz, 93.86 W, 34
0 %, 20 MiB, 210 MHz, 405 MHz, 21.23 W, 29
1703167, /home/ndizazzo/dev/mesh/issue1393-q4-snapshot-20260930/target/release/xtask, 20434 MiB
 22:16:43 up 7 days,  6:07,  5 users,  load average: 1.43, 1.60, 1.38
2026-09-30T22:16:45-04:00
96 %, 20871 MiB, 2925 MHz, 13801 MHz, 92.69 W, 34
0 %, 20 MiB, 210 MHz, 405 MHz, 27.29 W, 30
1703167, /home/ndizazzo/dev/mesh/issue1393-q4-snapshot-20260930/target/release/xtask, 20434 MiB
 22:16:45 up 7 days,  6:07,  5 users,  load average: 1.43, 1.60, 1.38
2026-09-30T22:16:47-04:00
95 %, 20871 MiB, 2925 MHz, 13801 MHz, 92.25 W, 34
0 %, 20 MiB, 210 MHz, 405 MHz, 21.03 W, 29
1703167, /home/ndizazzo/dev/mesh/issue1393-q4-snapshot-20260930/target/release/xtask, 20434 MiB
 22:16:47 up 7 days,  6:07,  5 users,  load average: 1.43, 1.60, 1.38
2026-09-30T22:16:49-04:00
93 %, 20871 MiB, 2925 MHz, 13801 MHz, 93.01 W, 34
0 %, 20 MiB, 210 MHz, 405 MHz, 21.08 W, 29
1703167, /home/ndizazzo/dev/mesh/issue1393-q4-snapshot-20260930/target/release/xtask, 20434 MiB
 22:16:49 up 7 days,  6:07,  5 users,  load average: 1.47, 1.61, 1.38
2026-09-30T22:16:51-04:00
96 %, 20871 MiB, 2925 MHz, 13801 MHz, 92.27 W, 34
0 %, 20 MiB, 210 MHz, 405 MHz, 21.75 W, 29
1703167, /home/ndizazzo/dev/mesh/issue1393-q4-snapshot-20260930/target/release/xtask, 20434 MiB
 22:16:51 up 7 days,  6:07,  5 users,  load average: 1.47, 1.61, 1.38
2026-09-30T22:16:53-04:00
87 %, 20871 MiB, 2925 MHz, 13801 MHz, 94.13 W, 34
0 %, 20 MiB, 210 MHz, 405 MHz, 22.40 W, 30
1703167, /home/ndizazzo/dev/mesh/issue1393-q4-snapshot-20260930/target/release/xtask, 20434 MiB
 22:16:53 up 7 days,  6:07,  5 users,  load average: 1.52, 1.62, 1.38
2026-09-30T22:16:55-04:00
96 %, 20871 MiB, 2925 MHz, 13801 MHz, 93.56 W, 34
0 %, 20 MiB, 210 MHz, 405 MHz, 21.17 W, 29
1703167, /home/ndizazzo/dev/mesh/issue1393-q4-snapshot-20260930/target/release/xtask, 20434 MiB
 22:16:55 up 7 days,  6:07,  5 users,  load average: 1.52, 1.62, 1.38
2026-09-30T22:16:57-04:00
95 %, 20871 MiB, 2925 MHz, 13801 MHz, 93.89 W, 34
0 %, 20 MiB, 210 MHz, 405 MHz, 21.12 W, 29
1703167, /home/ndizazzo/dev/mesh/issue1393-q4-snapshot-20260930/target/release/xtask, 20434 MiB
 22:16:57 up 7 days,  6:08,  5 users,  load average: 1.55, 1.62, 1.39
2026-09-30T22:16:59-04:00
100 %, 20871 MiB, 2925 MHz, 13801 MHz, 92.58 W, 34
0 %, 20 MiB, 210 MHz, 405 MHz, 27.14 W, 29
1703167, /home/ndizazzo/dev/mesh/issue1393-q4-snapshot-20260930/target/release/xtask, 20434 MiB
 22:16:59 up 7 days,  6:08,  5 users,  load average: 1.55, 1.62, 1.39
2026-09-30T22:17:01-04:00
95 %, 20871 MiB, 2925 MHz, 13801 MHz, 92.80 W, 34
0 %, 20 MiB, 210 MHz, 405 MHz, 21.34 W, 29
1703167, /home/ndizazzo/dev/mesh/issue1393-q4-snapshot-20260930/target/release/xtask, 20434 MiB
 22:17:01 up 7 days,  6:08,  5 users,  load average: 1.55, 1.62, 1.39
2026-09-30T22:17:03-04:00
100 %, 20871 MiB, 2925 MHz, 13801 MHz, 96.84 W, 34
0 %, 20 MiB, 210 MHz, 405 MHz, 21.17 W, 29
1703167, /home/ndizazzo/dev/mesh/issue1393-q4-snapshot-20260930/target/release/xtask, 20434 MiB
 22:17:03 up 7 days,  6:08,  5 users,  load average: 1.51, 1.61, 1.38
2026-09-30T22:17:05-04:00
98 %, 20871 MiB, 2925 MHz, 13801 MHz, 92.28 W, 34
0 %, 20 MiB, 210 MHz, 405 MHz, 22.46 W, 29
1703167, /home/ndizazzo/dev/mesh/issue1393-q4-snapshot-20260930/target/release/xtask, 20434 MiB
 22:17:06 up 7 days,  6:08,  5 users,  load average: 1.51, 1.61, 1.38
2026-09-30T22:17:08-04:00
88 %, 20871 MiB, 2925 MHz, 13801 MHz, 92.89 W, 34
0 %, 20 MiB, 210 MHz, 405 MHz, 21.97 W, 30
1703167, /home/ndizazzo/dev/mesh/issue1393-q4-snapshot-20260930/target/release/xtask, 20434 MiB
 22:17:08 up 7 days,  6:08,  5 users,  load average: 1.47, 1.60, 1.38
2026-09-30T22:17:10-04:00
95 %, 20871 MiB, 2925 MHz, 13801 MHz, 93.04 W, 34
0 %, 20 MiB, 210 MHz, 405 MHz, 21.10 W, 29
1703167, /home/ndizazzo/dev/mesh/issue1393-q4-snapshot-20260930/target/release/xtask, 20434 MiB
 22:17:10 up 7 days,  6:08,  5 users,  load average: 1.47, 1.60, 1.38
2026-09-30T22:17:12-04:00
87 %, 20871 MiB, 2925 MHz, 13801 MHz, 93.91 W, 34
0 %, 20 MiB, 210 MHz, 405 MHz, 21.11 W, 29
1703167, /home/ndizazzo/dev/mesh/issue1393-q4-snapshot-20260930/target/release/xtask, 20434 MiB
 22:17:12 up 7 days,  6:08,  5 users,  load average: 1.47, 1.60, 1.38
2026-09-30T22:17:14-04:00
96 %, 20871 MiB, 2925 MHz, 13801 MHz, 94.23 W, 34
0 %, 20 MiB, 210 MHz, 405 MHz, 27.35 W, 29
1703167, /home/ndizazzo/dev/mesh/issue1393-q4-snapshot-20260930/target/release/xtask, 20434 MiB
 22:17:14 up 7 days,  6:08,  5 users,  load average: 1.51, 1.61, 1.39
2026-09-30T22:17:16-04:00
87 %, 20871 MiB, 2925 MHz, 13801 MHz, 94.21 W, 34
0 %, 20 MiB, 210 MHz, 405 MHz, 21.39 W, 29
1703167, /home/ndizazzo/dev/mesh/issue1393-q4-snapshot-20260930/target/release/xtask, 20434 MiB
 22:17:16 up 7 days,  6:08,  5 users,  load average: 1.51, 1.61, 1.39
2026-09-30T22:17:18-04:00
100 %, 20871 MiB, 2925 MHz, 13801 MHz, 94.04 W, 34
0 %, 20 MiB, 210 MHz, 405 MHz, 20.97 W, 29
1703167, /home/ndizazzo/dev/mesh/issue1393-q4-snapshot-20260930/target/release/xtask, 20434 MiB
 22:17:18 up 7 days,  6:08,  5 users,  load average: 1.55, 1.61, 1.39
2026-09-30T22:17:20-04:00
96 %, 20871 MiB, 2925 MHz, 13801 MHz, 92.61 W, 34
0 %, 20 MiB, 210 MHz, 405 MHz, 23.02 W, 29
1703167, /home/ndizazzo/dev/mesh/issue1393-q4-snapshot-20260930/target/release/xtask, 20434 MiB
 22:17:20 up 7 days,  6:08,  5 users,  load average: 1.55, 1.61, 1.39
2026-09-30T22:17:22-04:00
90 %, 20871 MiB, 2925 MHz, 13801 MHz, 92.58 W, 34
0 %, 20 MiB, 210 MHz, 405 MHz, 22.18 W, 29
1703167, /home/ndizazzo/dev/mesh/issue1393-q4-snapshot-20260930/target/release/xtask, 20434 MiB
 22:17:22 up 7 days,  6:08,  5 users,  load average: 1.55, 1.61, 1.39
2026-09-30T22:17:24-04:00
93 %, 20871 MiB, 2925 MHz, 13801 MHz, 92.93 W, 34
0 %, 20 MiB, 210 MHz, 405 MHz, 21.10 W, 29
1703167, /home/ndizazzo/dev/mesh/issue1393-q4-snapshot-20260930/target/release/xtask, 20434 MiB
 22:17:24 up 7 days,  6:08,  5 users,  load average: 1.59, 1.62, 1.39
2026-09-30T22:17:26-04:00
90 %, 20871 MiB, 2925 MHz, 13801 MHz, 94.28 W, 34
0 %, 20 MiB, 210 MHz, 405 MHz, 21.18 W, 29
1703167, /home/ndizazzo/dev/mesh/issue1393-q4-snapshot-20260930/target/release/xtask, 20434 MiB
 22:17:26 up 7 days,  6:08,  5 users,  load average: 1.59, 1.62, 1.39
2026-09-30T22:17:28-04:00
94 %, 20871 MiB, 2925 MHz, 13801 MHz, 93.59 W, 34
0 %, 20 MiB, 210 MHz, 405 MHz, 27.27 W, 29
1703167, /home/ndizazzo/dev/mesh/issue1393-q4-snapshot-20260930/target/release/xtask, 20434 MiB
 22:17:28 up 7 days,  6:08,  5 users,  load average: 1.62, 1.63, 1.40
2026-09-30T22:17:30-04:00
100 %, 20871 MiB, 2925 MHz, 13801 MHz, 94.32 W, 34
0 %, 20 MiB, 210 MHz, 405 MHz, 21.22 W, 29
1703167, /home/ndizazzo/dev/mesh/issue1393-q4-snapshot-20260930/target/release/xtask, 20434 MiB
 22:17:30 up 7 days,  6:08,  5 users,  load average: 1.62, 1.63, 1.40
2026-09-30T22:17:32-04:00
94 %, 20871 MiB, 2925 MHz, 13801 MHz, 93.62 W, 34
0 %, 20 MiB, 210 MHz, 405 MHz, 21.05 W, 29
1703167, /home/ndizazzo/dev/mesh/issue1393-q4-snapshot-20260930/target/release/xtask, 20434 MiB
 22:17:32 up 7 days,  6:08,  5 users,  load average: 1.65, 1.63, 1.40
2026-09-30T22:17:34-04:00
94 %, 20871 MiB, 2925 MHz, 13801 MHz, 93.85 W, 34
0 %, 20 MiB, 210 MHz, 405 MHz, 23.55 W, 29
1703167, /home/ndizazzo/dev/mesh/issue1393-q4-snapshot-20260930/target/release/xtask, 20434 MiB
 22:17:34 up 7 days,  6:08,  5 users,  load average: 1.65, 1.63, 1.40
2026-09-30T22:17:36-04:00
98 %, 20871 MiB, 2925 MHz, 13801 MHz, 93.06 W, 34
0 %, 20 MiB, 210 MHz, 405 MHz, 21.83 W, 29
1703167, /home/ndizazzo/dev/mesh/issue1393-q4-snapshot-20260930/target/release/xtask, 20434 MiB
 22:17:36 up 7 days,  6:08,  5 users,  load average: 1.65, 1.63, 1.40
2026-09-30T22:17:38-04:00
96 %, 20871 MiB, 2925 MHz, 13801 MHz, 92.46 W, 34
0 %, 20 MiB, 210 MHz, 405 MHz, 21.10 W, 29
1703167, /home/ndizazzo/dev/mesh/issue1393-q4-snapshot-20260930/target/release/xtask, 20434 MiB
 22:17:38 up 7 days,  6:08,  5 users,  load average: 1.60, 1.62, 1.40
2026-09-30T22:17:40-04:00
92 %, 20871 MiB, 2925 MHz, 13801 MHz, 92.78 W, 34
0 %, 20 MiB, 210 MHz, 405 MHz, 21.13 W, 29
1703167, /home/ndizazzo/dev/mesh/issue1393-q4-snapshot-20260930/target/release/xtask, 20434 MiB
 22:17:41 up 7 days,  6:08,  5 users,  load average: 1.60, 1.62, 1.40
2026-09-30T22:17:43-04:00
94 %, 20871 MiB, 2925 MHz, 13801 MHz, 93.40 W, 34
0 %, 20 MiB, 210 MHz, 405 MHz, 27.57 W, 29
1703167, /home/ndizazzo/dev/mesh/issue1393-q4-snapshot-20260930/target/release/xtask, 20434 MiB
 22:17:43 up 7 days,  6:08,  5 users,  load average: 1.63, 1.63, 1.40
2026-09-30T22:17:45-04:00
96 %, 20871 MiB, 2925 MHz, 13801 MHz, 94.66 W, 34
0 %, 20 MiB, 210 MHz, 405 MHz, 21.43 W, 29
1703167, /home/ndizazzo/dev/mesh/issue1393-q4-snapshot-20260930/target/release/xtask, 20434 MiB
 22:17:45 up 7 days,  6:08,  5 users,  load average: 1.63, 1.63, 1.40
2026-09-30T22:17:47-04:00
89 %, 20871 MiB, 2925 MHz, 13801 MHz, 94.41 W, 34
0 %, 20 MiB, 210 MHz, 405 MHz, 21.07 W, 29
1703167, /home/ndizazzo/dev/mesh/issue1393-q4-snapshot-20260930/target/release/xtask, 20434 MiB
 22:17:47 up 7 days,  6:08,  5 users,  load average: 1.63, 1.63, 1.40
2026-09-30T22:17:49-04:00
100 %, 20871 MiB, 2925 MHz, 13801 MHz, 94.18 W, 34
0 %, 20 MiB, 210 MHz, 405 MHz, 23.99 W, 30
1703167, /home/ndizazzo/dev/mesh/issue1393-q4-snapshot-20260930/target/release/xtask, 20434 MiB
 22:17:49 up 7 days,  6:08,  5 users,  load average: 1.66, 1.64, 1.40
2026-09-30T22:17:51-04:00
100 %, 20871 MiB, 2925 MHz, 13801 MHz, 92.85 W, 34
0 %, 20 MiB, 210 MHz, 405 MHz, 21.98 W, 29
1703167, /home/ndizazzo/dev/mesh/issue1393-q4-snapshot-20260930/target/release/xtask, 20434 MiB
 22:17:51 up 7 days,  6:08,  5 users,  load average: 1.66, 1.64, 1.40
2026-09-30T22:17:53-04:00
89 %, 20871 MiB, 2925 MHz, 13801 MHz, 93.28 W, 34
0 %, 20 MiB, 210 MHz, 405 MHz, 21.02 W, 29
1703167, /home/ndizazzo/dev/mesh/issue1393-q4-snapshot-20260930/target/release/xtask, 20434 MiB
 22:17:53 up 7 days,  6:08,  5 users,  load average: 1.69, 1.64, 1.41
2026-09-30T22:17:55-04:00
91 %, 20871 MiB, 2925 MHz, 13801 MHz, 94.30 W, 34
0 %, 20 MiB, 210 MHz, 405 MHz, 21.04 W, 29
1703167, /home/ndizazzo/dev/mesh/issue1393-q4-snapshot-20260930/target/release/xtask, 20434 MiB
 22:17:55 up 7 days,  6:08,  5 users,  load average: 1.69, 1.64, 1.41
2026-09-30T22:17:57-04:00
96 %, 20871 MiB, 2925 MHz, 13801 MHz, 94.61 W, 34
0 %, 20 MiB, 210 MHz, 405 MHz, 27.39 W, 30
1703167, /home/ndizazzo/dev/mesh/issue1393-q4-snapshot-20260930/target/release/xtask, 20434 MiB
 22:17:57 up 7 days,  6:09,  5 users,  load average: 1.69, 1.64, 1.41
2026-09-30T22:17:59-04:00
96 %, 20871 MiB, 2925 MHz, 13801 MHz, 94.99 W, 34
0 %, 20 MiB, 210 MHz, 405 MHz, 21.12 W, 29
1703167, /home/ndizazzo/dev/mesh/issue1393-q4-snapshot-20260930/target/release/xtask, 20434 MiB
 22:17:59 up 7 days,  6:09,  5 users,  load average: 1.63, 1.63, 1.40
2026-09-30T22:18:01-04:00
98 %, 20871 MiB, 2925 MHz, 13801 MHz, 93.42 W, 34
0 %, 20 MiB, 210 MHz, 405 MHz, 21.04 W, 29
1703167, /home/ndizazzo/dev/mesh/issue1393-q4-snapshot-20260930/target/release/xtask, 20434 MiB
 22:18:01 up 7 days,  6:09,  5 users,  load average: 1.63, 1.63, 1.40
2026-09-30T22:18:03-04:00
96 %, 20871 MiB, 2925 MHz, 13801 MHz, 94.12 W, 34
0 %, 20 MiB, 210 MHz, 405 MHz, 23.09 W, 29
1703167, /home/ndizazzo/dev/mesh/issue1393-q4-snapshot-20260930/target/release/xtask, 20434 MiB
 22:18:03 up 7 days,  6:09,  5 users,  load average: 1.58, 1.62, 1.40
2026-09-30T22:18:05-04:00
94 %, 20871 MiB, 2925 MHz, 13801 MHz, 95.05 W, 34
0 %, 20 MiB, 210 MHz, 405 MHz, 21.42 W, 29
1703167, /home/ndizazzo/dev/mesh/issue1393-q4-snapshot-20260930/target/release/xtask, 20434 MiB
 22:18:05 up 7 days,  6:09,  5 users,  load average: 1.58, 1.62, 1.40
2026-09-30T22:18:07-04:00
100 %, 20871 MiB, 2925 MHz, 13801 MHz, 93.66 W, 34
0 %, 20 MiB, 210 MHz, 405 MHz, 20.98 W, 29
1703167, /home/ndizazzo/dev/mesh/issue1393-q4-snapshot-20260930/target/release/xtask, 20434 MiB
 22:18:07 up 7 days,  6:09,  5 users,  load average: 1.62, 1.63, 1.41
2026-09-30T22:18:09-04:00
96 %, 20871 MiB, 2925 MHz, 13801 MHz, 93.45 W, 34
0 %, 20 MiB, 210 MHz, 405 MHz, 20.93 W, 29
1703167, /home/ndizazzo/dev/mesh/issue1393-q4-snapshot-20260930/target/release/xtask, 20434 MiB
 22:18:09 up 7 days,  6:09,  5 users,  load average: 1.62, 1.63, 1.41
2026-09-30T22:18:11-04:00
88 %, 20871 MiB, 2925 MHz, 13801 MHz, 93.00 W, 34
0 %, 20 MiB, 210 MHz, 405 MHz, 27.04 W, 30
1703167, /home/ndizazzo/dev/mesh/issue1393-q4-snapshot-20260930/target/release/xtask, 20434 MiB
 22:18:11 up 7 days,  6:09,  5 users,  load average: 1.62, 1.63, 1.41
2026-09-30T22:18:13-04:00
87 %, 20871 MiB, 2925 MHz, 13801 MHz, 94.96 W, 34
0 %, 20 MiB, 210 MHz, 405 MHz, 21.28 W, 29
1703167, /home/ndizazzo/dev/mesh/issue1393-q4-snapshot-20260930/target/release/xtask, 20434 MiB
 22:18:13 up 7 days,  6:09,  5 users,  load average: 1.65, 1.63, 1.41
2026-09-30T22:18:16-04:00
95 %, 20871 MiB, 2925 MHz, 13801 MHz, 94.02 W, 34
0 %, 20 MiB, 210 MHz, 405 MHz, 21.00 W, 29
1703167, /home/ndizazzo/dev/mesh/issue1393-q4-snapshot-20260930/target/release/xtask, 20434 MiB
 22:18:16 up 7 days,  6:09,  5 users,  load average: 1.65, 1.63, 1.41
2026-09-30T22:18:18-04:00
87 %, 20871 MiB, 2925 MHz, 13801 MHz, 94.54 W, 34
0 %, 20 MiB, 210 MHz, 405 MHz, 23.57 W, 30
1703167, /home/ndizazzo/dev/mesh/issue1393-q4-snapshot-20260930/target/release/xtask, 20434 MiB
 22:18:18 up 7 days,  6:09,  5 users,  load average: 1.68, 1.64, 1.41
2026-09-30T22:18:20-04:00
100 %, 20871 MiB, 2925 MHz, 13801 MHz, 93.65 W, 34
0 %, 20 MiB, 210 MHz, 405 MHz, 21.97 W, 29
1703167, /home/ndizazzo/dev/mesh/issue1393-q4-snapshot-20260930/target/release/xtask, 20434 MiB
 22:18:20 up 7 days,  6:09,  5 users,  load average: 1.68, 1.64, 1.41
2026-09-30T22:18:22-04:00
98 %, 20871 MiB, 2925 MHz, 13801 MHz, 92.62 W, 34
0 %, 20 MiB, 210 MHz, 405 MHz, 21.05 W, 29
1703167, /home/ndizazzo/dev/mesh/issue1393-q4-snapshot-20260930/target/release/xtask, 20434 MiB
 22:18:22 up 7 days,  6:09,  5 users,  load average: 1.68, 1.64, 1.41
2026-09-30T22:18:24-04:00
89 %, 20871 MiB, 2925 MHz, 13801 MHz, 93.04 W, 34
0 %, 20 MiB, 210 MHz, 405 MHz, 21.15 W, 29
1703167, /home/ndizazzo/dev/mesh/issue1393-q4-snapshot-20260930/target/release/xtask, 20434 MiB
 22:18:24 up 7 days,  6:09,  5 users,  load average: 1.62, 1.63, 1.41
2026-09-30T22:18:26-04:00
96 %, 20871 MiB, 2925 MHz, 13801 MHz, 92.24 W, 34
0 %, 20 MiB, 210 MHz, 405 MHz, 22.55 W, 29
1703167, /home/ndizazzo/dev/mesh/issue1393-q4-snapshot-20260930/target/release/xtask, 20434 MiB
 22:18:26 up 7 days,  6:09,  5 users,  load average: 1.62, 1.63, 1.41
2026-09-30T22:18:28-04:00
95 %, 20871 MiB, 2925 MHz, 13801 MHz, 92.93 W, 34
0 %, 20 MiB, 210 MHz, 405 MHz, 21.16 W, 29
1703167, /home/ndizazzo/dev/mesh/issue1393-q4-snapshot-20260930/target/release/xtask, 20434 MiB
 22:18:28 up 7 days,  6:09,  5 users,  load average: 1.57, 1.62, 1.41
2026-09-30T22:18:30-04:00
100 %, 20871 MiB, 2925 MHz, 13801 MHz, 94.09 W, 34
0 %, 20 MiB, 210 MHz, 405 MHz, 21.11 W, 29
1703167, /home/ndizazzo/dev/mesh/issue1393-q4-snapshot-20260930/target/release/xtask, 20434 MiB
 22:18:30 up 7 days,  6:09,  5 users,  load average: 1.57, 1.62, 1.41
2026-09-30T22:18:32-04:00
95 %, 20871 MiB, 2925 MHz, 13801 MHz, 95.14 W, 34
0 %, 20 MiB, 210 MHz, 405 MHz, 23.94 W, 29
1703167, /home/ndizazzo/dev/mesh/issue1393-q4-snapshot-20260930/target/release/xtask, 20434 MiB
 22:18:32 up 7 days,  6:09,  5 users,  load average: 1.57, 1.62, 1.41
2026-09-30T22:18:34-04:00
96 %, 20871 MiB, 2925 MHz, 13801 MHz, 95.24 W, 34
0 %, 20 MiB, 210 MHz, 405 MHz, 22.15 W, 29
1703167, /home/ndizazzo/dev/mesh/issue1393-q4-snapshot-20260930/target/release/xtask, 20434 MiB
 22:18:34 up 7 days,  6:09,  5 users,  load average: 1.61, 1.62, 1.41
2026-09-30T22:18:36-04:00
92 %, 20871 MiB, 2925 MHz, 13801 MHz, 93.76 W, 34
0 %, 20 MiB, 210 MHz, 405 MHz, 21.17 W, 29
1703167, /home/ndizazzo/dev/mesh/issue1393-q4-snapshot-20260930/target/release/xtask, 20434 MiB
 22:18:36 up 7 days,  6:09,  5 users,  load average: 1.61, 1.62, 1.41
2026-09-30T22:18:38-04:00
99 %, 20871 MiB, 2925 MHz, 13801 MHz, 93.77 W, 34
0 %, 20 MiB, 210 MHz, 405 MHz, 21.19 W, 29
1703167, /home/ndizazzo/dev/mesh/issue1393-q4-snapshot-20260930/target/release/xtask, 20434 MiB
 22:18:38 up 7 days,  6:09,  5 users,  load average: 1.56, 1.61, 1.41
2026-09-30T22:18:40-04:00
100 %, 20871 MiB, 2925 MHz, 13801 MHz, 92.58 W, 34
0 %, 20 MiB, 210 MHz, 405 MHz, 27.24 W, 30
1703167, /home/ndizazzo/dev/mesh/issue1393-q4-snapshot-20260930/target/release/xtask, 20434 MiB
 22:18:40 up 7 days,  6:09,  5 users,  load average: 1.56, 1.61, 1.41
2026-09-30T22:18:42-04:00
92 %, 20871 MiB, 2925 MHz, 13801 MHz, 92.38 W, 34
0 %, 20 MiB, 210 MHz, 405 MHz, 21.02 W, 29
1703167, /home/ndizazzo/dev/mesh/issue1393-q4-snapshot-20260930/target/release/xtask, 20434 MiB
 22:18:42 up 7 days,  6:09,  5 users,  load average: 1.59, 1.62, 1.41
2026-09-30T22:18:44-04:00
94 %, 20871 MiB, 2925 MHz, 13801 MHz, 92.76 W, 34
0 %, 20 MiB, 210 MHz, 405 MHz, 21.07 W, 29
1703167, /home/ndizazzo/dev/mesh/issue1393-q4-snapshot-20260930/target/release/xtask, 20434 MiB
 22:18:44 up 7 days,  6:09,  5 users,  load average: 1.59, 1.62, 1.41
2026-09-30T22:18:46-04:00
95 %, 20871 MiB, 2925 MHz, 13801 MHz, 92.57 W, 34
0 %, 20 MiB, 210 MHz, 405 MHz, 27.35 W, 30
1703167, /home/ndizazzo/dev/mesh/issue1393-q4-snapshot-20260930/target/release/xtask, 20434 MiB
 22:18:46 up 7 days,  6:09,  5 users,  load average: 1.59, 1.62, 1.41
2026-09-30T22:18:48-04:00
96 %, 20871 MiB, 2925 MHz, 13801 MHz, 94.14 W, 34
0 %, 20 MiB, 210 MHz, 405 MHz, 21.92 W, 29
1703167, /home/ndizazzo/dev/mesh/issue1393-q4-snapshot-20260930/target/release/xtask, 20434 MiB
 22:18:48 up 7 days,  6:09,  5 users,  load average: 1.63, 1.63, 1.41
2026-09-30T22:18:50-04:00
90 %, 20871 MiB, 2925 MHz, 13801 MHz, 94.31 W, 34
0 %, 20 MiB, 210 MHz, 405 MHz, 21.12 W, 29
1703167, /home/ndizazzo/dev/mesh/issue1393-q4-snapshot-20260930/target/release/xtask, 20434 MiB
 22:18:51 up 7 days,  6:09,  5 users,  load average: 1.63, 1.63, 1.41
2026-09-30T22:18:53-04:00
100 %, 20871 MiB, 2925 MHz, 13801 MHz, 93.63 W, 34
0 %, 20 MiB, 210 MHz, 405 MHz, 21.19 W, 29
1703167, /home/ndizazzo/dev/mesh/issue1393-q4-snapshot-20260930/target/release/xtask, 20434 MiB
 22:18:53 up 7 days,  6:09,  5 users,  load average: 1.66, 1.63, 1.42
2026-09-30T22:18:55-04:00
96 %, 20871 MiB, 2925 MHz, 13801 MHz, 92.39 W, 34
0 %, 20 MiB, 210 MHz, 405 MHz, 27.53 W, 29
1703167, /home/ndizazzo/dev/mesh/issue1393-q4-snapshot-20260930/target/release/xtask, 20434 MiB
 22:18:55 up 7 days,  6:09,  5 users,  load average: 1.66, 1.63, 1.42
2026-09-30T22:18:57-04:00
89 %, 20871 MiB, 2925 MHz, 13801 MHz, 92.84 W, 34
0 %, 20 MiB, 210 MHz, 405 MHz, 21.42 W, 29
1703167, /home/ndizazzo/dev/mesh/issue1393-q4-snapshot-20260930/target/release/xtask, 20434 MiB
 22:18:57 up 7 days,  6:10,  5 users,  load average: 1.66, 1.63, 1.42
2026-09-30T22:18:59-04:00
94 %, 20871 MiB, 2925 MHz, 13801 MHz, 93.69 W, 34
0 %, 20 MiB, 210 MHz, 405 MHz, 21.20 W, 29
1703167, /home/ndizazzo/dev/mesh/issue1393-q4-snapshot-20260930/target/release/xtask, 20434 MiB
 22:18:59 up 7 days,  6:10,  5 users,  load average: 1.68, 1.64, 1.42
2026-09-30T22:19:01-04:00
100 %, 20871 MiB, 2925 MHz, 13801 MHz, 95.70 W, 34
0 %, 20 MiB, 210 MHz, 405 MHz, 26.97 W, 29
1703167, /home/ndizazzo/dev/mesh/issue1393-q4-snapshot-20260930/target/release/xtask, 20434 MiB
 22:19:01 up 7 days,  6:10,  5 users,  load average: 1.68, 1.64, 1.42
2026-09-30T22:19:03-04:00
93 %, 20871 MiB, 2925 MHz, 13801 MHz, 92.42 W, 34
0 %, 20 MiB, 210 MHz, 405 MHz, 21.38 W, 29
1703167, /home/ndizazzo/dev/mesh/issue1393-q4-snapshot-20260930/target/release/xtask, 20434 MiB
 22:19:03 up 7 days,  6:10,  5 users,  load average: 1.71, 1.65, 1.43
2026-09-30T22:19:05-04:00
95 %, 20871 MiB, 2925 MHz, 13801 MHz, 92.76 W, 34
0 %, 20 MiB, 210 MHz, 405 MHz, 21.20 W, 29
1703167, /home/ndizazzo/dev/mesh/issue1393-q4-snapshot-20260930/target/release/xtask, 20434 MiB
 22:19:05 up 7 days,  6:10,  5 users,  load average: 1.71, 1.65, 1.43
2026-09-30T22:19:07-04:00
94 %, 20871 MiB, 2925 MHz, 13801 MHz, 94.07 W, 34
0 %, 20 MiB, 210 MHz, 405 MHz, 21.12 W, 29
1703167, /home/ndizazzo/dev/mesh/issue1393-q4-snapshot-20260930/target/release/xtask, 20434 MiB
 22:19:07 up 7 days,  6:10,  5 users,  load average: 1.71, 1.65, 1.43
2026-09-30T22:19:09-04:00
92 %, 20871 MiB, 2925 MHz, 13801 MHz, 94.28 W, 34
0 %, 20 MiB, 210 MHz, 405 MHz, 27.55 W, 30
1703167, /home/ndizazzo/dev/mesh/issue1393-q4-snapshot-20260930/target/release/xtask, 20434 MiB
 22:19:09 up 7 days,  6:10,  5 users,  load average: 1.65, 1.64, 1.42
2026-09-30T22:19:11-04:00
95 %, 20871 MiB, 2925 MHz, 13801 MHz, 94.38 W, 34
0 %, 20 MiB, 210 MHz, 405 MHz, 21.21 W, 29
1703167, /home/ndizazzo/dev/mesh/issue1393-q4-snapshot-20260930/target/release/xtask, 20434 MiB
 22:19:11 up 7 days,  6:10,  5 users,  load average: 1.65, 1.64, 1.42
2026-09-30T22:19:13-04:00
100 %, 20871 MiB, 2925 MHz, 13801 MHz, 93.10 W, 34
0 %, 20 MiB, 210 MHz, 405 MHz, 21.11 W, 29
1703167, /home/ndizazzo/dev/mesh/issue1393-q4-snapshot-20260930/target/release/xtask, 20434 MiB
 22:19:13 up 7 days,  6:10,  5 users,  load average: 1.60, 1.62, 1.42
2026-09-30T22:19:15-04:00
96 %, 20871 MiB, 2925 MHz, 13801 MHz, 92.43 W, 34
0 %, 20 MiB, 210 MHz, 405 MHz, 24.06 W, 29
1703167, /home/ndizazzo/dev/mesh/issue1393-q4-snapshot-20260930/target/release/xtask, 20434 MiB
 22:19:15 up 7 days,  6:10,  5 users,  load average: 1.60, 1.62, 1.42
2026-09-30T22:19:17-04:00
89 %, 20871 MiB, 2925 MHz, 13801 MHz, 92.42 W, 34
0 %, 20 MiB, 210 MHz, 405 MHz, 21.50 W, 29
1703167, /home/ndizazzo/dev/mesh/issue1393-q4-snapshot-20260930/target/release/xtask, 20434 MiB
 22:19:17 up 7 days,  6:10,  5 users,  load average: 1.63, 1.63, 1.42
2026-09-30T22:19:19-04:00
96 %, 20871 MiB, 2925 MHz, 13801 MHz, 92.17 W, 34
0 %, 20 MiB, 210 MHz, 405 MHz, 21.14 W, 29
1703167, /home/ndizazzo/dev/mesh/issue1393-q4-snapshot-20260930/target/release/xtask, 20434 MiB
 22:19:19 up 7 days,  6:10,  5 users,  load average: 1.63, 1.63, 1.42
2026-09-30T22:19:21-04:00
89 %, 20871 MiB, 2925 MHz, 13801 MHz, 92.53 W, 34
0 %, 20 MiB, 210 MHz, 405 MHz, 21.55 W, 29
1703167, /home/ndizazzo/dev/mesh/issue1393-q4-snapshot-20260930/target/release/xtask, 20434 MiB
 22:19:21 up 7 days,  6:10,  5 users,  load average: 1.63, 1.63, 1.42
2026-09-30T22:19:23-04:00
92 %, 20871 MiB, 2925 MHz, 13801 MHz, 94.42 W, 34
0 %, 20 MiB, 210 MHz, 405 MHz, 22.35 W, 29
1703167, /home/ndizazzo/dev/mesh/issue1393-q4-snapshot-20260930/target/release/xtask, 20434 MiB
 22:19:23 up 7 days,  6:10,  5 users,  load average: 1.66, 1.64, 1.43
2026-09-30T22:19:25-04:00
88 %, 20871 MiB, 2925 MHz, 13801 MHz, 94.94 W, 34
0 %, 20 MiB, 210 MHz, 405 MHz, 21.10 W, 29
1703167, /home/ndizazzo/dev/mesh/issue1393-q4-snapshot-20260930/target/release/xtask, 20434 MiB
 22:19:26 up 7 days,  6:10,  5 users,  load average: 1.66, 1.64, 1.43
2026-09-30T22:19:28-04:00
100 %, 20871 MiB, 2925 MHz, 13801 MHz, 93.77 W, 34
0 %, 20 MiB, 210 MHz, 405 MHz, 21.25 W, 29
1703167, /home/ndizazzo/dev/mesh/issue1393-q4-snapshot-20260930/target/release/xtask, 20434 MiB
 22:19:28 up 7 days,  6:10,  5 users,  load average: 1.69, 1.64, 1.43
2026-09-30T22:19:30-04:00
90 %, 20871 MiB, 2925 MHz, 13801 MHz, 93.73 W, 34
0 %, 20 MiB, 210 MHz, 405 MHz, 27.27 W, 29
1703167, /home/ndizazzo/dev/mesh/issue1393-q4-snapshot-20260930/target/release/xtask, 20434 MiB
 22:19:30 up 7 days,  6:10,  5 users,  load average: 1.69, 1.64, 1.43
2026-09-30T22:19:32-04:00
96 %, 20571 MiB, 2925 MHz, 13801 MHz, 93.76 W, 34
0 %, 20 MiB, 210 MHz, 405 MHz, 21.26 W, 30
1703167, /home/ndizazzo/dev/mesh/issue1393-q4-snapshot-20260930/target/release/xtask, 20134 MiB
 22:19:32 up 7 days,  6:10,  5 users,  load average: 1.69, 1.64, 1.43
2026-09-30T22:19:34-04:00
94 %, 20571 MiB, 2925 MHz, 13801 MHz, 94.94 W, 34
0 %, 20 MiB, 210 MHz, 405 MHz, 21.30 W, 29
1703167, /home/ndizazzo/dev/mesh/issue1393-q4-snapshot-20260930/target/release/xtask, 20134 MiB
 22:19:34 up 7 days,  6:10,  5 users,  load average: 1.63, 1.63, 1.43
2026-09-30T22:19:36-04:00
87 %, 20571 MiB, 2925 MHz, 13801 MHz, 94.78 W, 34
0 %, 20 MiB, 210 MHz, 405 MHz, 22.89 W, 29
1703167, /home/ndizazzo/dev/mesh/issue1393-q4-snapshot-20260930/target/release/xtask, 20134 MiB
 22:19:36 up 7 days,  6:10,  5 users,  load average: 1.63, 1.63, 1.43
2026-09-30T22:19:38-04:00
93 %, 20571 MiB, 2925 MHz, 13801 MHz, 94.32 W, 34
0 %, 20 MiB, 210 MHz, 405 MHz, 21.90 W, 29
1703167, /home/ndizazzo/dev/mesh/issue1393-q4-snapshot-20260930/target/release/xtask, 20134 MiB
 22:19:38 up 7 days,  6:10,  5 users,  load average: 1.58, 1.62, 1.43
2026-09-30T22:19:40-04:00
96 %, 20571 MiB, 2925 MHz, 13801 MHz, 93.91 W, 34
0 %, 20 MiB, 210 MHz, 405 MHz, 21.29 W, 29
1703167, /home/ndizazzo/dev/mesh/issue1393-q4-snapshot-20260930/target/release/xtask, 20134 MiB
 22:19:40 up 7 days,  6:10,  5 users,  load average: 1.58, 1.62, 1.43
2026-09-30T22:19:42-04:00
87 %, 20571 MiB, 2925 MHz, 13801 MHz, 94.55 W, 34
0 %, 20 MiB, 210 MHz, 405 MHz, 21.38 W, 29
1703167, /home/ndizazzo/dev/mesh/issue1393-q4-snapshot-20260930/target/release/xtask, 20134 MiB
 22:19:42 up 7 days,  6:10,  5 users,  load average: 1.58, 1.62, 1.43
2026-09-30T22:19:44-04:00
95 %, 20571 MiB, 2925 MHz, 13801 MHz, 95.02 W, 34
0 %, 20 MiB, 210 MHz, 405 MHz, 27.63 W, 29
1703167, /home/ndizazzo/dev/mesh/issue1393-q4-snapshot-20260930/target/release/xtask, 20134 MiB
 22:19:44 up 7 days,  6:10,  5 users,  load average: 1.62, 1.63, 1.43
2026-09-30T22:19:46-04:00
96 %, 20571 MiB, 2925 MHz, 13801 MHz, 94.52 W, 34
0 %, 20 MiB, 210 MHz, 405 MHz, 21.60 W, 29
1703167, /home/ndizazzo/dev/mesh/issue1393-q4-snapshot-20260930/target/release/xtask, 20134 MiB
 22:19:46 up 7 days,  6:10,  5 users,  load average: 1.62, 1.63, 1.43
2026-09-30T22:19:48-04:00
92 %, 20571 MiB, 2925 MHz, 13801 MHz, 94.56 W, 34
0 %, 20 MiB, 210 MHz, 405 MHz, 21.18 W, 29
1703167, /home/ndizazzo/dev/mesh/issue1393-q4-snapshot-20260930/target/release/xtask, 20134 MiB
 22:19:48 up 7 days,  6:10,  5 users,  load average: 1.65, 1.64, 1.43
2026-09-30T22:19:50-04:00
87 %, 20571 MiB, 2925 MHz, 13801 MHz, 94.16 W, 34
0 %, 20 MiB, 210 MHz, 405 MHz, 21.16 W, 29
1703167, /home/ndizazzo/dev/mesh/issue1393-q4-snapshot-20260930/target/release/xtask, 20134 MiB
 22:19:50 up 7 days,  6:10,  5 users,  load average: 1.65, 1.64, 1.43
2026-09-30T22:19:52-04:00
96 %, 20571 MiB, 2925 MHz, 13801 MHz, 94.29 W, 34
0 %, 20 MiB, 210 MHz, 405 MHz, 22.17 W, 29
1703167, /home/ndizazzo/dev/mesh/issue1393-q4-snapshot-20260930/target/release/xtask, 20134 MiB
 22:19:52 up 7 days,  6:10,  5 users,  load average: 1.68, 1.64, 1.44
2026-09-30T22:19:54-04:00
95 %, 20571 MiB, 2925 MHz, 13801 MHz, 94.57 W, 34
0 %, 20 MiB, 210 MHz, 405 MHz, 21.20 W, 29
1703167, /home/ndizazzo/dev/mesh/issue1393-q4-snapshot-20260930/target/release/xtask, 20134 MiB
 22:19:54 up 7 days,  6:10,  5 users,  load average: 1.68, 1.64, 1.44
2026-09-30T22:19:56-04:00
87 %, 20571 MiB, 2925 MHz, 13801 MHz, 96.23 W, 34
0 %, 20 MiB, 210 MHz, 405 MHz, 21.34 W, 29
1703167, /home/ndizazzo/dev/mesh/issue1393-q4-snapshot-20260930/target/release/xtask, 20134 MiB
 22:19:56 up 7 days,  6:10,  5 users,  load average: 1.68, 1.64, 1.44
2026-09-30T22:19:58-04:00
96 %, 20571 MiB, 2925 MHz, 13801 MHz, 94.14 W, 34
0 %, 20 MiB, 210 MHz, 405 MHz, 27.45 W, 30
1703167, /home/ndizazzo/dev/mesh/issue1393-q4-snapshot-20260930/target/release/xtask, 20134 MiB
 22:19:58 up 7 days,  6:11,  5 users,  load average: 1.70, 1.65, 1.44
2026-09-30T22:20:00-04:00
0 %, 429 MiB, 2925 MHz, 14001 MHz, 86.01 W, 33
0 %, 17 MiB, 210 MHz, 405 MHz, 23.41 W, 29
 22:20:01 up 7 days,  6:11,  5 users,  load average: 1.70, 1.65, 1.44
2026-09-30T22:20:03-04:00
0 %, 429 MiB, 525 MHz, 7001 MHz, 46.54 W, 32
0 %, 17 MiB, 210 MHz, 405 MHz, 22.27 W, 30
 22:20:03 up 7 days,  6:11,  5 users,  load average: 1.65, 1.64, 1.44
2026-09-30T22:20:05-04:00
0 %, 429 MiB, 210 MHz, 810 MHz, 17.52 W, 32
0 %, 17 MiB, 210 MHz, 405 MHz, 21.68 W, 29
 22:20:05 up 7 days,  6:11,  5 users,  load average: 1.65, 1.64, 1.44
2026-09-30T22:20:07-04:00
0 %, 429 MiB, 195 MHz, 405 MHz, 5.65 W, 32
0 %, 17 MiB, 210 MHz, 405 MHz, 22.31 W, 29
 22:20:07 up 7 days,  6:11,  5 users,  load average: 1.65, 1.64, 1.44
2026-09-30T22:20:09-04:00
0 %, 429 MiB, 195 MHz, 405 MHz, 5.23 W, 32
0 %, 17 MiB, 210 MHz, 405 MHz, 20.86 W, 29
 22:20:09 up 7 days,  6:11,  5 users,  load average: 1.59, 1.63, 1.43
2026-09-30T22:20:11-04:00
0 %, 429 MiB, 195 MHz, 405 MHz, 5.68 W, 32
0 %, 17 MiB, 210 MHz, 405 MHz, 20.95 W, 29
 22:20:11 up 7 days,  6:11,  5 users,  load average: 1.59, 1.63, 1.43
2026-09-30T22:20:13-04:00
0 %, 429 MiB, 195 MHz, 405 MHz, 5.51 W, 32
0 %, 17 MiB, 210 MHz, 405 MHz, 27.36 W, 29
 22:20:13 up 7 days,  6:11,  5 users,  load average: 1.55, 1.62, 1.43
2026-09-30T22:20:15-04:00
0 %, 429 MiB, 195 MHz, 405 MHz, 5.30 W, 32
0 %, 17 MiB, 210 MHz, 405 MHz, 21.13 W, 29
 22:20:15 up 7 days,  6:11,  5 users,  load average: 1.55, 1.62, 1.43
2026-09-30T22:20:17-04:00
0 %, 429 MiB, 195 MHz, 405 MHz, 5.61 W, 32
0 %, 17 MiB, 210 MHz, 405 MHz, 20.85 W, 29
 22:20:17 up 7 days,  6:11,  5 users,  load average: 1.58, 1.62, 1.44
2026-09-30T22:20:19-04:00
0 %, 429 MiB, 195 MHz, 405 MHz, 5.92 W, 32
0 %, 17 MiB, 210 MHz, 405 MHz, 22.52 W, 29
 22:20:19 up 7 days,  6:11,  5 users,  load average: 1.58, 1.62, 1.44
2026-09-30T22:20:21-04:00
0 %, 429 MiB, 195 MHz, 405 MHz, 4.97 W, 32
0 %, 17 MiB, 210 MHz, 405 MHz, 21.86 W, 29
 22:20:21 up 7 days,  6:11,  5 users,  load average: 1.58, 1.62, 1.44
2026-09-30T22:20:23-04:00
0 %, 429 MiB, 195 MHz, 405 MHz, 5.25 W, 32
0 %, 17 MiB, 210 MHz, 405 MHz, 21.07 W, 29
 22:20:23 up 7 days,  6:11,  5 users,  load average: 1.62, 1.63, 1.44
2026-09-30T22:20:25-04:00
0 %, 429 MiB, 195 MHz, 405 MHz, 5.66 W, 32
0 %, 17 MiB, 210 MHz, 405 MHz, 21.02 W, 29
 22:20:25 up 7 days,  6:11,  5 users,  load average: 1.62, 1.63, 1.44
2026-09-30T22:20:27-04:00
0 %, 429 MiB, 195 MHz, 405 MHz, 5.43 W, 32
0 %, 17 MiB, 210 MHz, 405 MHz, 27.72 W, 30
 22:20:27 up 7 days,  6:11,  5 users,  load average: 1.57, 1.62, 1.44
2026-09-30T22:20:29-04:00
0 %, 429 MiB, 195 MHz, 405 MHz, 5.77 W, 32
0 %, 17 MiB, 210 MHz, 405 MHz, 21.33 W, 29
 22:20:30 up 7 days,  6:11,  5 users,  load average: 1.57, 1.62, 1.44
2026-09-30T22:20:32-04:00
0 %, 429 MiB, 195 MHz, 405 MHz, 5.74 W, 32
0 %, 17 MiB, 210 MHz, 405 MHz, 20.93 W, 29
 22:20:32 up 7 days,  6:11,  5 users,  load average: 1.57, 1.62, 1.44
2026-09-30T22:20:34-04:00
0 %, 429 MiB, 195 MHz, 405 MHz, 5.49 W, 32
0 %, 17 MiB, 210 MHz, 405 MHz, 23.05 W, 29
 22:20:34 up 7 days,  6:11,  5 users,  load average: 1.52, 1.61, 1.43
2026-09-30T22:20:36-04:00
0 %, 429 MiB, 195 MHz, 405 MHz, 5.28 W, 32
0 %, 17 MiB, 210 MHz, 405 MHz, 22.12 W, 29
 22:20:36 up 7 days,  6:11,  5 users,  load average: 1.52, 1.61, 1.43
2026-09-30T22:20:38-04:00
0 %, 429 MiB, 195 MHz, 405 MHz, 5.47 W, 32
0 %, 17 MiB, 210 MHz, 405 MHz, 21.01 W, 29
 22:20:38 up 7 days,  6:11,  5 users,  load average: 1.48, 1.60, 1.43
2026-09-30T22:20:40-04:00
0 %, 429 MiB, 187 MHz, 405 MHz, 5.38 W, 32
0 %, 17 MiB, 210 MHz, 405 MHz, 20.94 W, 29
 22:20:40 up 7 days,  6:11,  5 users,  load average: 1.48, 1.60, 1.43
2026-09-30T22:20:42-04:00
0 %, 429 MiB, 195 MHz, 405 MHz, 5.82 W, 32
0 %, 17 MiB, 210 MHz, 405 MHz, 27.52 W, 29
 22:20:42 up 7 days,  6:11,  5 users,  load average: 1.48, 1.60, 1.43
2026-09-30T22:20:44-04:00
0 %, 429 MiB, 195 MHz, 405 MHz, 5.47 W, 32
0 %, 17 MiB, 210 MHz, 405 MHz, 21.13 W, 29
 22:20:44 up 7 days,  6:11,  5 users,  load average: 1.44, 1.59, 1.43
2026-09-30T22:20:46-04:00
0 %, 429 MiB, 195 MHz, 405 MHz, 5.60 W, 32
0 %, 17 MiB, 210 MHz, 405 MHz, 20.96 W, 29
 22:20:46 up 7 days,  6:11,  5 users,  load average: 1.44, 1.59, 1.43
2026-09-30T22:20:48-04:00
0 %, 429 MiB, 195 MHz, 405 MHz, 5.86 W, 32
0 %, 17 MiB, 210 MHz, 405 MHz, 23.60 W, 29
 22:20:48 up 7 days,  6:11,  5 users,  load average: 1.40, 1.58, 1.43
2026-09-30T22:20:50-04:00
0 %, 429 MiB, 195 MHz, 405 MHz, 5.50 W, 32
0 %, 17 MiB, 210 MHz, 405 MHz, 21.61 W, 29
 22:20:50 up 7 days,  6:11,  5 users,  load average: 1.40, 1.58, 1.43
2026-09-30T22:20:52-04:00
0 %, 431 MiB, 202 MHz, 405 MHz, 6.78 W, 32
0 %, 17 MiB, 210 MHz, 405 MHz, 20.97 W, 29
 22:20:53 up 7 days,  6:11,  5 users,  load average: 1.37, 1.57, 1.42
2026-09-30T22:20:55-04:00
5 %, 20453 MiB, 2812 MHz, 13801 MHz, 77.36 W, 33
0 %, 20 MiB, 690 MHz, 810 MHz, 31.01 W, 30
1710322, /home/ndizazzo/dev/mesh/issue1393-q4-snapshot-20260930/target/release/xtask, 20016 MiB
 22:20:55 up 7 days,  6:11,  5 users,  load average: 1.37, 1.57, 1.42
2026-09-30T22:20:57-04:00
6 %, 20453 MiB, 2850 MHz, 13801 MHz, 73.15 W, 33
0 %, 20 MiB, 210 MHz, 405 MHz, 22.19 W, 29
1710322, /home/ndizazzo/dev/mesh/issue1393-q4-snapshot-20260930/target/release/xtask, 20016 MiB
 22:20:57 up 7 days,  6:12,  5 users,  load average: 1.37, 1.57, 1.42
2026-09-30T22:20:59-04:00
6 %, 20453 MiB, 2820 MHz, 13801 MHz, 71.98 W, 33
0 %, 20 MiB, 210 MHz, 405 MHz, 20.96 W, 29
1710322, /home/ndizazzo/dev/mesh/issue1393-q4-snapshot-20260930/target/release/xtask, 20016 MiB
 22:20:59 up 7 days,  6:12,  5 users,  load average: 1.34, 1.56, 1.42
2026-09-30T22:21:01-04:00
7 %, 20453 MiB, 2850 MHz, 13801 MHz, 73.00 W, 33
0 %, 20 MiB, 210 MHz, 405 MHz, 21.09 W, 29
1710322, /home/ndizazzo/dev/mesh/issue1393-q4-snapshot-20260930/target/release/xtask, 20016 MiB
 22:21:01 up 7 days,  6:12,  5 users,  load average: 1.34, 1.56, 1.42
2026-09-30T22:21:03-04:00
8 %, 20453 MiB, 2827 MHz, 13801 MHz, 72.64 W, 33
0 %, 20 MiB, 210 MHz, 405 MHz, 27.37 W, 29
1710322, /home/ndizazzo/dev/mesh/issue1393-q4-snapshot-20260930/target/release/xtask, 20016 MiB
 22:21:03 up 7 days,  6:12,  5 users,  load average: 1.31, 1.55, 1.42
2026-09-30T22:21:05-04:00
31 %, 20605 MiB, 2820 MHz, 13801 MHz, 78.83 W, 35
0 %, 20 MiB, 210 MHz, 405 MHz, 21.22 W, 29
1710322, /home/ndizazzo/dev/mesh/issue1393-q4-snapshot-20260930/target/release/xtask, 20168 MiB
 22:21:05 up 7 days,  6:12,  5 users,  load average: 1.31, 1.55, 1.42
2026-09-30T22:21:07-04:00
63 %, 20605 MiB, 2865 MHz, 13801 MHz, 191.91 W, 36
0 %, 20 MiB, 210 MHz, 405 MHz, 22.84 W, 29
1710322, /home/ndizazzo/dev/mesh/issue1393-q4-snapshot-20260930/target/release/xtask, 20168 MiB
 22:21:07 up 7 days,  6:12,  5 users,  load average: 1.31, 1.55, 1.42
2026-09-30T22:21:09-04:00
63 %, 20905 MiB, 2887 MHz, 13801 MHz, 165.27 W, 36
0 %, 20 MiB, 210 MHz, 405 MHz, 23.06 W, 29
1710322, /home/ndizazzo/dev/mesh/issue1393-q4-snapshot-20260930/target/release/xtask, 20468 MiB
 22:21:09 up 7 days,  6:12,  5 users,  load average: 1.37, 1.56, 1.42
2026-09-30T22:21:11-04:00
62 %, 20605 MiB, 2865 MHz, 13801 MHz, 192.99 W, 36
0 %, 20 MiB, 210 MHz, 405 MHz, 23.25 W, 29
1710322, /home/ndizazzo/dev/mesh/issue1393-q4-snapshot-20260930/target/release/xtask, 20168 MiB
 22:21:11 up 7 days,  6:12,  5 users,  load average: 1.37, 1.56, 1.42
2026-09-30T22:21:13-04:00
63 %, 20605 MiB, 2865 MHz, 13801 MHz, 188.36 W, 36
0 %, 20 MiB, 210 MHz, 405 MHz, 22.67 W, 29
1710322, /home/ndizazzo/dev/mesh/issue1393-q4-snapshot-20260930/target/release/xtask, 20168 MiB
 22:21:13 up 7 days,  6:12,  5 users,  load average: 1.34, 1.55, 1.42
2026-09-30T22:21:15-04:00
64 %, 20903 MiB, 2865 MHz, 13801 MHz, 165.29 W, 36
0 %, 20 MiB, 210 MHz, 405 MHz, 22.73 W, 29
1710322, /home/ndizazzo/dev/mesh/issue1393-q4-snapshot-20260930/target/release/xtask, 20168 MiB
 22:21:15 up 7 days,  6:12,  5 users,  load average: 1.34, 1.55, 1.42
2026-09-30T22:21:17-04:00
62 %, 20605 MiB, 2865 MHz, 13801 MHz, 192.21 W, 36
0 %, 20 MiB, 210 MHz, 405 MHz, 28.50 W, 29
1710322, /home/ndizazzo/dev/mesh/issue1393-q4-snapshot-20260930/target/release/xtask, 20168 MiB
 22:21:17 up 7 days,  6:12,  5 users,  load average: 1.31, 1.54, 1.42
2026-09-30T22:21:19-04:00
64 %, 20905 MiB, 2865 MHz, 13801 MHz, 187.72 W, 37
0 %, 20 MiB, 210 MHz, 405 MHz, 23.18 W, 29
1710322, /home/ndizazzo/dev/mesh/issue1393-q4-snapshot-20260930/target/release/xtask, 20468 MiB
 22:21:19 up 7 days,  6:12,  5 users,  load average: 1.31, 1.54, 1.42
2026-09-30T22:21:21-04:00
61 %, 20605 MiB, 2895 MHz, 13801 MHz, 164.90 W, 36
0 %, 20 MiB, 210 MHz, 405 MHz, 22.61 W, 29
1710322, /home/ndizazzo/dev/mesh/issue1393-q4-snapshot-20260930/target/release/xtask, 20168 MiB
 22:21:21 up 7 days,  6:12,  5 users,  load average: 1.31, 1.54, 1.42
2026-09-30T22:21:23-04:00
63 %, 20605 MiB, 2865 MHz, 13801 MHz, 192.12 W, 36
0 %, 20 MiB, 210 MHz, 405 MHz, 24.09 W, 29
1710322, /home/ndizazzo/dev/mesh/issue1393-q4-snapshot-20260930/target/release/xtask, 20168 MiB
 22:21:23 up 7 days,  6:12,  5 users,  load average: 1.29, 1.53, 1.42
2026-09-30T22:21:25-04:00
64 %, 20903 MiB, 2880 MHz, 13801 MHz, 190.42 W, 36
0 %, 20 MiB, 210 MHz, 405 MHz, 23.65 W, 29
1710322, /home/ndizazzo/dev/mesh/issue1393-q4-snapshot-20260930/target/release/xtask, 20466 MiB
 22:21:25 up 7 days,  6:12,  5 users,  load average: 1.29, 1.53, 1.42
2026-09-30T22:21:27-04:00
61 %, 20605 MiB, 2865 MHz, 13801 MHz, 179.03 W, 36
0 %, 20 MiB, 210 MHz, 405 MHz, 22.45 W, 29
1710322, /home/ndizazzo/dev/mesh/issue1393-q4-snapshot-20260930/target/release/xtask, 20168 MiB
 22:21:28 up 7 days,  6:12,  5 users,  load average: 1.26, 1.52, 1.41
2026-09-30T22:21:30-04:00
63 %, 20605 MiB, 2865 MHz, 13801 MHz, 188.72 W, 36
0 %, 20 MiB, 210 MHz, 405 MHz, 22.95 W, 29
1710322, /home/ndizazzo/dev/mesh/issue1393-q4-snapshot-20260930/target/release/xtask, 20168 MiB
 22:21:30 up 7 days,  6:12,  5 users,  load average: 1.26, 1.52, 1.41
2026-09-30T22:21:32-04:00
3 %, 20905 MiB, 2880 MHz, 13801 MHz, 182.32 W, 34
0 %, 20 MiB, 210 MHz, 405 MHz, 28.50 W, 29
1710322, /home/ndizazzo/dev/mesh/issue1393-q4-snapshot-20260930/target/release/xtask, 20468 MiB
 22:21:32 up 7 days,  6:12,  5 users,  load average: 1.26, 1.52, 1.41
